series_id,date,realtime_end,value,realtime_start
CPIAUCSL,1947-01-01,2026-07-31,21.48,1994-02-17
CPIAUCSL,1947-02-01,2026-07-31,21.62,1994-02-17
CPIAUCSL,1947-03-01,2026-07-31,22.0,1994-02-17
CPIAUCSL,1947-04-01,2026-07-31,22.0,1994-02-17
CPIAUCSL,1947-05-01,2026-07-31,21.95,1994-02-17
CPIAUCSL,1947-06-01,2026-07-31,22.08,1994-02-17
CPIAUCSL,1947-07-01,2026-07-31,22.23,1994-02-17
CPIAUCSL,1947-08-01,2026-07-31,22.4,1994-02-17
CPIAUCSL,1947-09-01,2026-07-31,22.84,1994-02-17
CPIAUCSL,1947-10-01,2026-07-31,22.91,1994-02-17
CPIAUCSL,1947-11-01,2026-07-31,23.06,1994-02-17
CPIAUCSL,1947-12-01,2026-07-31,23.41,1994-02-17
CPIAUCSL,1948-01-01,2026-07-31,23.68,1994-02-17
CPIAUCSL,1948-02-01,2026-07-31,23.67,1994-02-17
CPIAUCSL,1948-03-01,2026-07-31,23.5,1994-02-17
CPIAUCSL,1948-04-01,2026-07-31,23.82,1994-02-17
CPIAUCSL,1948-05-01,2026-07-31,24.01,1994-02-17
CPIAUCSL,1948-06-01,2026-07-31,24.15,1994-02-17
CPIAUCSL,1948-07-01,2026-07-31,24.4,1994-02-17
CPIAUCSL,1948-08-01,2026-07-31,24.43,1994-02-17
CPIAUCSL,1948-09-01,2026-07-31,24.36,1994-02-17
CPIAUCSL,1948-10-01,2026-07-31,24.31,1994-02-17
CPIAUCSL,1948-11-01,2026-07-31,24.16,1994-02-17
CPIAUCSL,1948-12-01,2026-07-31,24.05,1994-02-17
CPIAUCSL,1949-01-01,2026-07-31,24.01,1994-02-17
CPIAUCSL,1949-02-01,2026-07-31,23.91,1994-02-17
CPIAUCSL,1949-03-01,2026-07-31,23.91,1994-02-17
CPIAUCSL,1949-04-01,2026-07-31,23.92,1994-02-17
CPIAUCSL,1949-05-01,2026-07-31,23.91,1994-02-17
CPIAUCSL,1949-06-01,2026-07-31,23.92,1994-02-17
CPIAUCSL,1949-07-01,2026-07-31,23.7,1994-02-17
CPIAUCSL,1949-08-01,2026-07-31,23.7,1994-02-17
CPIAUCSL,1949-09-01,2026-07-31,23.75,1994-02-17
CPIAUCSL,1949-10-01,2026-07-31,23.67,1994-02-17
CPIAUCSL,1949-11-01,2026-07-31,23.7,1994-02-17
CPIAUCSL,1949-12-01,2026-07-31,23.61,1994-02-17
CPIAUCSL,1950-01-01,2026-07-31,23.51,1994-02-17
CPIAUCSL,1950-02-01,2026-07-31,23.61,1994-02-17
CPIAUCSL,1950-03-01,2026-07-31,23.64,1994-02-17
CPIAUCSL,1950-04-01,2026-07-31,23.65,1994-02-17
CPIAUCSL,1950-05-01,2026-07-31,23.77,1994-02-17
CPIAUCSL,1950-06-01,2026-07-31,23.88,1994-02-17
CPIAUCSL,1950-07-01,2026-07-31,24.07,1994-02-17
CPIAUCSL,1950-08-01,2026-07-31,24.2,1994-02-17
CPIAUCSL,1950-09-01,2026-07-31,24.34,1994-02-17
CPIAUCSL,1950-10-01,2026-07-31,24.5,1994-02-17
CPIAUCSL,1950-11-01,2026-07-31,24.6,1994-02-17
CPIAUCSL,1950-12-01,2026-07-31,24.98,1994-02-17
CPIAUCSL,1951-01-01,2026-07-31,25.38,1994-02-17
CPIAUCSL,1951-02-01,2026-07-31,25.83,1994-02-17
CPIAUCSL,1951-03-01,2026-07-31,25.88,1994-02-17
CPIAUCSL,1951-04-01,2026-07-31,25.92,1994-02-17
CPIAUCSL,1951-05-01,2026-07-31,25.99,1994-02-17
CPIAUCSL,1951-06-01,2026-07-31,25.93,1994-02-17
CPIAUCSL,1951-07-01,2026-07-31,25.91,1994-02-17
CPIAUCSL,1951-08-01,2026-07-31,25.86,1994-02-17
CPIAUCSL,1951-09-01,2026-07-31,26.03,1994-02-17
CPIAUCSL,1951-10-01,2026-07-31,26.16,1994-02-17
CPIAUCSL,1951-11-01,2026-07-31,26.32,1994-02-17
CPIAUCSL,1951-12-01,2026-07-31,26.47,1994-02-17
CPIAUCSL,1952-01-01,2026-07-31,26.45,1994-02-17
CPIAUCSL,1952-02-01,2026-07-31,26.41,1994-02-17
CPIAUCSL,1952-03-01,2026-07-31,26.39,1994-02-17
CPIAUCSL,1952-04-01,2026-07-31,26.46,1994-02-17
CPIAUCSL,1952-05-01,2026-07-31,26.47,1994-02-17
CPIAUCSL,1952-06-01,2026-07-31,26.53,1994-02-17
CPIAUCSL,1952-07-01,2026-07-31,26.68,1994-02-17
CPIAUCSL,1952-08-01,2026-07-31,26.69,1994-02-17
CPIAUCSL,1952-09-01,2026-07-31,26.63,1994-02-17
CPIAUCSL,1952-10-01,2026-07-31,26.69,1994-02-17
CPIAUCSL,1952-11-01,2026-07-31,26.69,1994-02-17
CPIAUCSL,1952-12-01,2026-07-31,26.71,1994-02-17
CPIAUCSL,1953-01-01,2026-07-31,26.64,1994-02-17
CPIAUCSL,1953-02-01,2026-07-31,26.59,1994-02-17
CPIAUCSL,1953-03-01,2026-07-31,26.63,1994-02-17
CPIAUCSL,1953-04-01,2026-07-31,26.69,1994-02-17
CPIAUCSL,1953-05-01,2026-07-31,26.7,1994-02-17
CPIAUCSL,1953-06-01,2026-07-31,26.77,1994-02-17
CPIAUCSL,1953-07-01,2026-07-31,26.79,1994-02-17
CPIAUCSL,1953-08-01,2026-07-31,26.85,1994-02-17
CPIAUCSL,1953-09-01,2026-07-31,26.89,1994-02-17
CPIAUCSL,1953-10-01,2026-07-31,26.95,1994-02-17
CPIAUCSL,1953-11-01,2026-07-31,26.85,1994-02-17
CPIAUCSL,1953-12-01,2026-07-31,26.87,1994-02-17
CPIAUCSL,1954-01-01,2026-07-31,26.94,1994-02-17
CPIAUCSL,1954-02-01,2026-07-31,26.99,1994-02-17
CPIAUCSL,1954-03-01,2026-07-31,26.93,1994-02-17
CPIAUCSL,1954-04-01,2026-07-31,26.86,1994-02-17
CPIAUCSL,1954-05-01,2026-07-31,26.93,1994-02-17
CPIAUCSL,1954-06-01,2026-07-31,26.94,1994-02-17
CPIAUCSL,1954-07-01,2026-07-31,26.86,1994-02-17
CPIAUCSL,1954-08-01,2026-07-31,26.85,1994-02-17
CPIAUCSL,1954-09-01,2026-07-31,26.81,1994-02-17
CPIAUCSL,1954-10-01,2026-07-31,26.72,1994-02-17
CPIAUCSL,1954-11-01,2026-07-31,26.78,1994-02-17
CPIAUCSL,1954-12-01,2026-07-31,26.77,1994-02-17
CPIAUCSL,1955-01-01,2026-07-31,26.77,1994-02-17
CPIAUCSL,1955-02-01,2026-07-31,26.82,1994-02-17
CPIAUCSL,1955-03-01,2026-07-31,26.79,1994-02-17
CPIAUCSL,1955-04-01,2026-07-31,26.79,1994-02-17
CPIAUCSL,1955-05-01,2026-07-31,26.77,1994-02-17
CPIAUCSL,1955-06-01,2026-07-31,26.71,1994-02-17
CPIAUCSL,1955-07-01,2026-07-31,26.76,1994-02-17
CPIAUCSL,1955-08-01,2026-07-31,26.72,1994-02-17
CPIAUCSL,1955-09-01,2026-07-31,26.85,1994-02-17
CPIAUCSL,1955-10-01,2026-07-31,26.82,1994-02-17
CPIAUCSL,1955-11-01,2026-07-31,26.88,1994-02-17
CPIAUCSL,1955-12-01,2026-07-31,26.87,1994-02-17
CPIAUCSL,1956-01-01,2026-07-31,26.83,1994-02-17
CPIAUCSL,1956-02-01,2026-07-31,26.86,1994-02-17
CPIAUCSL,1956-03-01,2026-07-31,26.89,1994-02-17
CPIAUCSL,1956-04-01,2026-07-31,26.93,1994-02-17
CPIAUCSL,1956-05-01,2026-07-31,27.03,1994-02-17
CPIAUCSL,1956-06-01,2026-07-31,27.15,1994-02-17
CPIAUCSL,1956-07-01,2026-07-31,27.29,1994-02-17
CPIAUCSL,1956-08-01,2026-07-31,27.31,1994-02-17
CPIAUCSL,1956-09-01,2026-07-31,27.35,1994-02-17
CPIAUCSL,1956-10-01,2026-07-31,27.51,1994-02-17
CPIAUCSL,1956-11-01,2026-07-31,27.51,1994-02-17
CPIAUCSL,1956-12-01,2026-07-31,27.63,1994-02-17
CPIAUCSL,1957-01-01,2026-07-31,27.67,1994-02-17
CPIAUCSL,1957-02-01,2026-07-31,27.8,1994-02-17
CPIAUCSL,1957-03-01,2026-07-31,27.86,1994-02-17
CPIAUCSL,1957-04-01,2026-07-31,27.93,1994-02-17
CPIAUCSL,1957-05-01,2026-07-31,28.0,1994-02-17
CPIAUCSL,1957-06-01,2026-07-31,28.11,1994-02-17
CPIAUCSL,1957-07-01,2026-07-31,28.19,1994-02-17
CPIAUCSL,1957-08-01,2026-07-31,28.28,1994-02-17
CPIAUCSL,1957-09-01,2026-07-31,28.32,1994-02-17
CPIAUCSL,1957-10-01,2026-07-31,28.32,1994-02-17
CPIAUCSL,1957-11-01,2026-07-31,28.41,1994-02-17
CPIAUCSL,1957-12-01,2026-07-31,28.47,1994-02-17
CPIAUCSL,1958-01-01,2026-07-31,28.64,1994-02-17
CPIAUCSL,1958-02-01,2026-07-31,28.7,1994-02-17
CPIAUCSL,1958-03-01,2026-07-31,28.87,1994-02-17
CPIAUCSL,1958-04-01,2026-07-31,28.94,1994-02-17
CPIAUCSL,1958-05-01,2026-07-31,28.94,1994-02-17
CPIAUCSL,1958-06-01,2026-07-31,28.91,1994-02-17
CPIAUCSL,1958-07-01,2026-07-31,28.89,1994-02-17
CPIAUCSL,1958-08-01,2026-07-31,28.94,1994-02-17
CPIAUCSL,1958-09-01,2026-07-31,28.91,1994-02-17
CPIAUCSL,1958-10-01,2026-07-31,28.91,1994-02-17
CPIAUCSL,1958-11-01,2026-07-31,28.95,1994-02-17
CPIAUCSL,1958-12-01,2026-07-31,28.97,1994-02-17
CPIAUCSL,1959-01-01,2026-07-31,29.01,1994-02-17
CPIAUCSL,1959-02-01,2026-07-31,29.0,1994-02-17
CPIAUCSL,1959-03-01,2026-07-31,28.97,1994-02-17
CPIAUCSL,1959-04-01,2026-07-31,28.98,1994-02-17
CPIAUCSL,1959-05-01,2026-07-31,29.04,1994-02-17
CPIAUCSL,1959-06-01,2026-07-31,29.11,1994-02-17
CPIAUCSL,1959-07-01,2026-07-31,29.15,1994-02-17
CPIAUCSL,1959-08-01,2026-07-31,29.18,1994-02-17
CPIAUCSL,1959-09-01,2026-07-31,29.25,1994-02-17
CPIAUCSL,1959-10-01,2026-07-31,29.35,1994-02-17
CPIAUCSL,1959-11-01,2026-07-31,29.35,1994-02-17
CPIAUCSL,1959-12-01,2026-07-31,29.41,1994-02-17
CPIAUCSL,1960-01-01,2026-07-31,29.37,1994-02-17
CPIAUCSL,1960-02-01,2026-07-31,29.41,1994-02-17
CPIAUCSL,1960-03-01,2026-07-31,29.41,1994-02-17
CPIAUCSL,1960-04-01,2026-07-31,29.54,1994-02-17
CPIAUCSL,1960-05-01,2026-07-31,29.57,1994-02-17
CPIAUCSL,1960-06-01,2026-07-31,29.61,1994-02-17
CPIAUCSL,1960-07-01,2026-07-31,29.55,1994-02-17
CPIAUCSL,1960-08-01,2026-07-31,29.61,1994-02-17
CPIAUCSL,1960-09-01,2026-07-31,29.61,1994-02-17
CPIAUCSL,1960-10-01,2026-07-31,29.75,1994-02-17
CPIAUCSL,1960-11-01,2026-07-31,29.78,1994-02-17
CPIAUCSL,1960-12-01,2026-07-31,29.81,1994-02-17
CPIAUCSL,1961-01-01,2026-07-31,29.84,1994-02-17
CPIAUCSL,1961-02-01,2026-07-31,29.84,1994-02-17
CPIAUCSL,1961-03-01,2026-07-31,29.84,1994-02-17
CPIAUCSL,1961-04-01,2026-07-31,29.81,1994-02-17
CPIAUCSL,1961-05-01,2026-07-31,29.84,1994-02-17
CPIAUCSL,1961-06-01,2026-07-31,29.84,1994-02-17
CPIAUCSL,1961-07-01,2026-07-31,29.92,1994-02-17
CPIAUCSL,1961-08-01,2026-07-31,29.94,1994-02-17
CPIAUCSL,1961-09-01,2026-07-31,29.98,1994-02-17
CPIAUCSL,1961-10-01,2026-07-31,29.98,1994-02-17
CPIAUCSL,1961-11-01,2026-07-31,29.98,1994-02-17
CPIAUCSL,1961-12-01,2026-07-31,30.01,1994-02-17
CPIAUCSL,1962-01-01,2026-07-31,30.04,1994-02-17
CPIAUCSL,1962-02-01,2026-07-31,30.11,1994-02-17
CPIAUCSL,1962-03-01,2026-07-31,30.17,1994-02-17
CPIAUCSL,1962-04-01,2026-07-31,30.21,1994-02-17
CPIAUCSL,1962-05-01,2026-07-31,30.24,1994-02-17
CPIAUCSL,1962-06-01,2026-07-31,30.21,1994-02-17
CPIAUCSL,1962-07-01,2026-07-31,30.22,1994-02-17
CPIAUCSL,1962-08-01,2026-07-31,30.28,1994-02-17
CPIAUCSL,1962-09-01,2026-07-31,30.42,1994-02-17
CPIAUCSL,1962-10-01,2026-07-31,30.38,1994-02-17
CPIAUCSL,1962-11-01,2026-07-31,30.38,1994-02-17
CPIAUCSL,1962-12-01,2026-07-31,30.38,1994-02-17
CPIAUCSL,1963-01-01,2026-07-31,30.44,1994-02-17
CPIAUCSL,1963-02-01,2026-07-31,30.48,1994-02-17
CPIAUCSL,1963-03-01,2026-07-31,30.51,1994-02-17
CPIAUCSL,1963-04-01,2026-07-31,30.48,1994-02-17
CPIAUCSL,1963-05-01,2026-07-31,30.51,1994-02-17
CPIAUCSL,1963-06-01,2026-07-31,30.61,1994-02-17
CPIAUCSL,1963-07-01,2026-07-31,30.69,1994-02-17
CPIAUCSL,1963-08-01,2026-07-31,30.75,1994-02-17
CPIAUCSL,1963-09-01,2026-07-31,30.72,1994-02-17
CPIAUCSL,1963-10-01,2026-07-31,30.75,1994-02-17
CPIAUCSL,1963-11-01,2026-07-31,30.78,1994-02-17
CPIAUCSL,1963-12-01,2026-07-31,30.88,1994-02-17
CPIAUCSL,1964-01-01,2026-07-31,30.94,1994-02-17
CPIAUCSL,1964-02-01,2026-07-31,30.91,1994-02-17
CPIAUCSL,1964-03-01,2026-07-31,30.94,1994-02-17
CPIAUCSL,1964-04-01,2026-07-31,30.95,1994-02-17
CPIAUCSL,1964-05-01,2026-07-31,30.98,1994-02-17
CPIAUCSL,1964-06-01,2026-07-31,31.01,1994-02-17
CPIAUCSL,1964-07-01,2026-07-31,31.02,1994-02-17
CPIAUCSL,1964-08-01,2026-07-31,31.05,1994-02-17
CPIAUCSL,1964-09-01,2026-07-31,31.08,1994-02-17
CPIAUCSL,1964-10-01,2026-07-31,31.12,1994-02-17
CPIAUCSL,1964-11-01,2026-07-31,31.21,1994-02-17
CPIAUCSL,1964-12-01,2026-07-31,31.25,1994-02-17
CPIAUCSL,1965-01-01,2026-07-31,31.28,1994-02-17
CPIAUCSL,1965-02-01,2026-07-31,31.28,1994-02-17
CPIAUCSL,1965-03-01,2026-07-31,31.31,1994-02-17
CPIAUCSL,1965-04-01,2026-07-31,31.38,1994-02-17
CPIAUCSL,1965-05-01,2026-07-31,31.48,1994-02-17
CPIAUCSL,1965-06-01,2026-07-31,31.61,1994-02-17
CPIAUCSL,1965-07-01,2026-07-31,31.58,1994-02-17
CPIAUCSL,1965-08-01,2026-07-31,31.55,1994-02-17
CPIAUCSL,1965-09-01,2026-07-31,31.62,1994-02-17
CPIAUCSL,1965-10-01,2026-07-31,31.65,1994-02-17
CPIAUCSL,1965-11-01,2026-07-31,31.75,1994-02-17
CPIAUCSL,1965-12-01,2026-07-31,31.85,1994-02-17
CPIAUCSL,1966-01-01,2026-07-31,31.88,1994-02-17
CPIAUCSL,1966-02-01,2026-07-31,32.08,1994-02-17
CPIAUCSL,1966-03-01,2026-07-31,32.18,1994-02-17
CPIAUCSL,1966-04-01,2026-07-31,32.28,1994-02-17
CPIAUCSL,1966-05-01,2026-07-31,32.35,1994-02-17
CPIAUCSL,1966-06-01,2026-07-31,32.38,1994-02-17
CPIAUCSL,1966-07-01,2026-07-31,32.45,1994-02-17
CPIAUCSL,1966-08-01,2026-07-31,32.65,1994-02-17
CPIAUCSL,1966-09-01,2026-07-31,32.75,1994-02-17
CPIAUCSL,1966-10-01,2026-07-31,32.85,1994-02-17
CPIAUCSL,1966-11-01,2026-07-31,32.88,1994-02-17
CPIAUCSL,1966-12-01,2026-07-31,32.92,1994-02-17
CPIAUCSL,1967-01-01,2026-07-31,32.9,1994-02-17
CPIAUCSL,1967-02-01,2026-07-31,33.0,1994-02-17
CPIAUCSL,1967-03-01,2026-07-31,33.0,1994-02-17
CPIAUCSL,1967-04-01,2026-07-31,33.1,1994-02-17
CPIAUCSL,1967-05-01,2026-07-31,33.1,1994-02-17
CPIAUCSL,1967-06-01,2026-07-31,33.3,1994-02-17
CPIAUCSL,1967-07-01,2026-07-31,33.4,1994-02-17
CPIAUCSL,1967-08-01,2026-07-31,33.5,1994-02-17
CPIAUCSL,1967-09-01,2026-07-31,33.6,1994-02-17
CPIAUCSL,1967-10-01,2026-07-31,33.7,1994-02-17
CPIAUCSL,1967-11-01,2026-07-31,33.9,1994-02-17
CPIAUCSL,1967-12-01,2026-07-31,34.0,1994-02-17
CPIAUCSL,1968-01-01,2026-07-31,34.1,1994-02-17
CPIAUCSL,1968-02-01,2026-07-31,34.2,1994-02-17
CPIAUCSL,1968-03-01,2026-07-31,34.3,1994-02-17
CPIAUCSL,1968-04-01,2026-07-31,34.4,1994-02-17
CPIAUCSL,1968-05-01,2026-07-31,34.5,1994-02-17
CPIAUCSL,1968-06-01,2026-07-31,34.7,1994-02-17
CPIAUCSL,1968-07-01,2026-07-31,34.9,1994-02-17
CPIAUCSL,1968-08-01,2026-07-31,35.0,1994-02-17
CPIAUCSL,1968-09-01,2026-07-31,35.1,1994-02-17
CPIAUCSL,1968-10-01,2026-07-31,35.3,1994-02-17
CPIAUCSL,1968-11-01,2026-07-31,35.4,1994-02-17
CPIAUCSL,1968-12-01,2026-07-31,35.6,1994-02-17
CPIAUCSL,1969-01-01,2026-07-31,35.7,1994-02-17
CPIAUCSL,1969-02-01,2026-07-31,35.8,1994-02-17
CPIAUCSL,1969-03-01,2026-07-31,36.1,1994-02-17
CPIAUCSL,1969-04-01,2026-07-31,36.3,1994-02-17
CPIAUCSL,1969-05-01,2026-07-31,36.4,1994-02-17
CPIAUCSL,1969-06-01,2026-07-31,36.6,1994-02-17
CPIAUCSL,1969-07-01,2026-07-31,36.8,1994-02-17
CPIAUCSL,1969-08-01,2026-07-31,36.9,1994-02-17
CPIAUCSL,1969-09-01,2026-07-31,37.1,1994-02-17
CPIAUCSL,1969-10-01,2026-07-31,37.3,1994-02-17
CPIAUCSL,1969-11-01,2026-07-31,37.5,1994-02-17
CPIAUCSL,1969-12-01,2026-07-31,37.7,1994-02-17
CPIAUCSL,1970-01-01,2026-07-31,37.9,1994-02-17
CPIAUCSL,1970-02-01,2026-07-31,38.1,1994-02-17
CPIAUCSL,1970-03-01,2026-07-31,38.3,1994-02-17
CPIAUCSL,1970-04-01,2026-07-31,38.5,1994-02-17
CPIAUCSL,1970-05-01,2026-07-31,38.6,1994-02-17
CPIAUCSL,1970-06-01,2026-07-31,38.8,1994-02-17
CPIAUCSL,1970-07-01,2026-07-31,38.9,1994-02-17
CPIAUCSL,1970-08-01,2026-07-31,39.0,1994-02-17
CPIAUCSL,1970-09-01,2026-07-31,39.2,1994-02-17
CPIAUCSL,1970-10-01,2026-07-31,39.4,1994-02-17
CPIAUCSL,1970-11-01,2026-07-31,39.6,1994-02-17
CPIAUCSL,1970-12-01,1972-08-21,119.03,1972-07-21
CPIAUCSL,1970-12-01,2026-07-31,39.8,1994-02-17
CPIAUCSL,1971-01-01,1972-09-21,119.36,1972-07-21
CPIAUCSL,1971-01-01,2026-07-31,39.9,1994-02-17
CPIAUCSL,1971-02-01,1972-10-19,119.65,1972-07-21
CPIAUCSL,1971-02-01,2026-07-31,39.9,1994-02-17
CPIAUCSL,1971-03-01,1972-11-20,119.9,1972-07-21
CPIAUCSL,1971-03-01,2026-07-31,40.0,1994-02-17
CPIAUCSL,1971-04-01,1972-12-21,120.21,1972-07-21
CPIAUCSL,1971-04-01,2026-07-31,40.1,1994-02-17
CPIAUCSL,1971-05-01,1973-01-22,120.82,1972-07-21
CPIAUCSL,1971-05-01,2026-07-31,40.3,1994-02-17
CPIAUCSL,1971-06-01,1973-02-21,121.29,1972-07-21
CPIAUCSL,1971-06-01,2026-07-31,40.5,1994-02-17
CPIAUCSL,1971-07-01,1973-03-20,121.62,1972-07-21
CPIAUCSL,1971-07-01,2026-07-31,40.6,1994-02-17
CPIAUCSL,1971-08-01,1973-04-19,122.03,1972-07-21
CPIAUCSL,1971-08-01,2026-07-31,40.7,1994-02-17
CPIAUCSL,1971-09-01,1973-05-21,122.2,1972-07-21
CPIAUCSL,1971-09-01,2026-07-31,40.8,1994-02-17
CPIAUCSL,1971-10-01,1973-05-21,122.39,1972-07-21
CPIAUCSL,1971-10-01,1973-06-20,122.4,1973-05-22
CPIAUCSL,1971-10-01,2026-07-31,40.9,1994-02-17
CPIAUCSL,1971-11-01,1973-05-21,122.62,1972-07-21
CPIAUCSL,1971-11-01,1973-07-19,122.65,1973-05-22
CPIAUCSL,1971-11-01,2026-07-31,41.0,1994-02-17
CPIAUCSL,1971-12-01,1973-05-21,123.0,1972-07-21
CPIAUCSL,1971-12-01,1973-08-20,123.06,1973-05-22
CPIAUCSL,1971-12-01,2026-07-31,41.1,1994-02-17
CPIAUCSL,1972-01-01,1973-09-20,123.36,1972-07-21
CPIAUCSL,1972-01-01,2026-07-31,41.2,1994-02-17
CPIAUCSL,1972-02-01,1973-05-21,124.06,1972-07-21
CPIAUCSL,1972-02-01,1973-10-18,123.95,1973-05-22
CPIAUCSL,1972-02-01,2026-07-31,41.4,1994-02-17
CPIAUCSL,1972-03-01,1973-05-21,124.1,1972-07-21
CPIAUCSL,1972-03-01,1973-11-20,124.07,1973-05-22
CPIAUCSL,1972-03-01,2026-07-31,41.4,1994-02-17
CPIAUCSL,1972-04-01,1973-05-21,124.31,1972-07-21
CPIAUCSL,1972-04-01,1973-12-20,124.3,1973-05-22
CPIAUCSL,1972-04-01,2026-07-31,41.5,1994-02-17
CPIAUCSL,1972-05-01,1973-05-21,124.72,1972-07-21
CPIAUCSL,1972-05-01,1974-01-21,124.68,1973-05-22
CPIAUCSL,1972-05-01,2026-07-31,41.6,1994-02-17
CPIAUCSL,1972-06-01,1973-05-21,124.79,1972-07-21
CPIAUCSL,1972-06-01,1974-02-21,124.83,1973-05-22
CPIAUCSL,1972-06-01,2026-07-31,41.7,1994-02-17
CPIAUCSL,1972-07-01,1973-05-21,125.31,1972-08-22
CPIAUCSL,1972-07-01,1974-03-20,125.32,1973-05-22
CPIAUCSL,1972-07-01,2026-07-31,41.8,1994-02-17
CPIAUCSL,1972-08-01,1973-05-21,125.62,1972-09-22
CPIAUCSL,1972-08-01,1974-04-18,125.66,1973-05-22
CPIAUCSL,1972-08-01,2026-07-31,41.9,1994-02-17
CPIAUCSL,1972-09-01,1973-05-21,126.2,1972-10-20
CPIAUCSL,1972-09-01,1974-05-20,126.19,1973-05-22
CPIAUCSL,1972-09-01,2026-07-31,42.1,1994-02-17
CPIAUCSL,1972-10-01,1973-05-21,126.59,1972-11-21
CPIAUCSL,1972-10-01,1974-06-20,126.61,1973-05-22
CPIAUCSL,1972-10-01,2026-07-31,42.2,1994-02-17
CPIAUCSL,1972-11-01,1973-05-21,126.93,1972-12-22
CPIAUCSL,1972-11-01,1974-05-20,126.98,1973-05-22
CPIAUCSL,1972-11-01,1974-07-18,126.96,1974-05-21
CPIAUCSL,1972-11-01,2026-07-31,42.4,1994-02-17
CPIAUCSL,1972-12-01,1973-05-21,127.2,1973-01-23
CPIAUCSL,1972-12-01,1974-05-20,127.24,1973-05-22
CPIAUCSL,1972-12-01,1974-08-20,127.29,1974-05-21
CPIAUCSL,1972-12-01,2026-07-31,42.5,1994-02-17
CPIAUCSL,1973-01-01,1974-05-20,127.87,1973-02-22
CPIAUCSL,1973-01-01,1974-09-19,127.94,1974-05-21
CPIAUCSL,1973-01-01,2026-07-31,42.7,1994-02-17
CPIAUCSL,1973-02-01,1973-05-21,128.87,1973-03-21
CPIAUCSL,1973-02-01,1974-05-20,128.75,1973-05-22
CPIAUCSL,1973-02-01,1974-10-21,128.77,1974-05-21
CPIAUCSL,1973-02-01,2026-07-31,43.0,1994-02-17
CPIAUCSL,1973-03-01,1973-05-21,129.9,1973-04-20
CPIAUCSL,1973-03-01,1974-11-20,129.88,1973-05-22
CPIAUCSL,1973-03-01,2026-07-31,43.4,1994-02-17
CPIAUCSL,1973-04-01,1974-05-20,130.7,1973-05-22
CPIAUCSL,1973-04-01,1974-12-19,130.71,1974-05-21
CPIAUCSL,1973-04-01,2026-07-31,43.7,1994-02-17
CPIAUCSL,1973-05-01,1974-05-20,131.47,1973-06-21
CPIAUCSL,1973-05-01,1975-01-20,131.45,1974-05-21
CPIAUCSL,1973-05-01,2026-07-31,43.9,1994-02-17
CPIAUCSL,1973-06-01,1974-05-20,132.21,1973-07-20
CPIAUCSL,1973-06-01,1975-02-20,132.25,1974-05-21
CPIAUCSL,1973-06-01,2026-07-31,44.2,1994-02-17
CPIAUCSL,1973-07-01,1974-05-20,132.51,1973-08-21
CPIAUCSL,1973-07-01,1975-03-19,132.47,1974-05-21
CPIAUCSL,1973-07-01,2026-07-31,44.2,1994-02-17
CPIAUCSL,1973-08-01,1974-05-20,135.06,1973-09-21
CPIAUCSL,1973-08-01,1975-04-21,134.95,1974-05-21
CPIAUCSL,1973-08-01,2026-07-31,45.0,1994-02-17
CPIAUCSL,1973-09-01,1974-05-20,135.49,1973-10-19
CPIAUCSL,1973-09-01,1975-05-20,135.5,1974-05-21
CPIAUCSL,1973-09-01,2026-07-31,45.2,1994-02-17
CPIAUCSL,1973-10-01,1974-05-20,136.61,1973-11-21
CPIAUCSL,1973-10-01,1975-05-20,136.6,1974-05-21
CPIAUCSL,1973-10-01,1975-06-19,136.48,1975-05-21
CPIAUCSL,1973-10-01,2026-07-31,45.6,1994-02-17
CPIAUCSL,1973-11-01,1974-05-20,137.68,1973-12-21
CPIAUCSL,1973-11-01,1975-05-20,137.67,1974-05-21
CPIAUCSL,1973-11-01,1975-07-21,137.6,1975-05-21
CPIAUCSL,1973-11-01,2026-07-31,45.9,1994-02-17
CPIAUCSL,1973-12-01,1974-05-20,138.43,1974-01-22
CPIAUCSL,1973-12-01,1975-05-20,138.5,1974-05-21
CPIAUCSL,1973-12-01,1975-08-20,138.54,1975-05-21
CPIAUCSL,1973-12-01,2026-07-31,46.3,1994-02-17
CPIAUCSL,1974-01-01,1974-05-20,139.88,1974-02-22
CPIAUCSL,1974-01-01,1975-05-20,139.97,1974-05-21
CPIAUCSL,1974-01-01,1975-09-18,140.04,1975-05-21
CPIAUCSL,1974-01-01,2026-07-31,46.8,1994-02-17
CPIAUCSL,1974-02-01,1974-05-20,141.67,1974-03-21
CPIAUCSL,1974-02-01,1975-05-20,141.68,1974-05-21
CPIAUCSL,1974-02-01,1975-10-21,141.63,1975-05-21
CPIAUCSL,1974-02-01,2026-07-31,47.3,1994-02-17
CPIAUCSL,1974-03-01,1975-05-20,143.19,1974-04-19
CPIAUCSL,1974-03-01,1975-11-19,143.07,1975-05-21
CPIAUCSL,1974-03-01,2026-07-31,47.8,1994-02-17
CPIAUCSL,1974-04-01,1974-12-19,144.01,1974-05-21
CPIAUCSL,1974-04-01,1975-05-20,143.91,1974-12-20
CPIAUCSL,1974-04-01,1975-12-18,144.0,1975-05-21
CPIAUCSL,1974-04-01,2026-07-31,48.1,1994-02-17
CPIAUCSL,1974-05-01,1974-12-19,145.54,1974-06-21
CPIAUCSL,1974-05-01,1975-05-20,145.44,1974-12-20
CPIAUCSL,1974-05-01,1976-01-20,145.47,1975-05-21
CPIAUCSL,1974-05-01,2026-07-31,48.6,1994-02-17
CPIAUCSL,1974-06-01,1974-12-19,146.94,1974-07-19
CPIAUCSL,1974-06-01,1975-05-20,146.74,1974-12-20
CPIAUCSL,1974-06-01,1976-02-19,146.81,1975-05-21
CPIAUCSL,1974-06-01,2026-07-31,49.0,1994-02-17
CPIAUCSL,1974-07-01,1974-12-19,148.05,1974-08-21
CPIAUCSL,1974-07-01,1975-05-20,147.75,1974-12-20
CPIAUCSL,1974-07-01,1976-02-19,148.04,1975-05-21
CPIAUCSL,1974-07-01,1976-03-18,147.9,1976-02-20
CPIAUCSL,1974-07-01,2026-07-31,49.3,1994-02-17
CPIAUCSL,1974-08-01,1974-10-21,150.04,1974-09-20
CPIAUCSL,1974-08-01,1974-12-19,150.03,1974-10-22
CPIAUCSL,1974-08-01,1976-02-19,149.74,1974-12-20
CPIAUCSL,1974-08-01,1976-04-20,149.8,1976-02-20
CPIAUCSL,1974-08-01,2026-07-31,49.9,1994-02-17
CPIAUCSL,1974-09-01,1974-12-19,151.9,1974-10-22
CPIAUCSL,1974-09-01,1975-05-20,151.7,1974-12-20
CPIAUCSL,1974-09-01,1976-02-19,151.49,1975-05-21
CPIAUCSL,1974-09-01,1976-05-20,151.5,1976-02-20
CPIAUCSL,1974-09-01,2026-07-31,50.6,1994-02-17
CPIAUCSL,1974-10-01,1974-12-19,153.2,1974-11-21
CPIAUCSL,1974-10-01,1975-05-20,153.0,1974-12-20
CPIAUCSL,1974-10-01,1976-02-19,152.85,1975-05-21
CPIAUCSL,1974-10-01,1976-06-21,152.8,1976-02-20
CPIAUCSL,1974-10-01,2026-07-31,51.0,1994-02-17
CPIAUCSL,1974-11-01,1975-05-20,154.38,1974-12-20
CPIAUCSL,1974-11-01,1976-02-19,154.27,1975-05-21
CPIAUCSL,1974-11-01,1976-07-20,154.2,1976-02-20
CPIAUCSL,1974-11-01,2026-07-31,51.5,1994-02-17
CPIAUCSL,1974-12-01,1975-05-20,155.4,1975-01-21
CPIAUCSL,1974-12-01,1976-02-19,155.48,1975-05-21
CPIAUCSL,1974-12-01,1976-08-19,155.4,1976-02-20
CPIAUCSL,1974-12-01,2026-07-31,51.9,1994-02-17
CPIAUCSL,1975-01-01,1975-05-20,156.4,1975-02-21
CPIAUCSL,1975-01-01,1976-02-19,156.48,1975-05-21
CPIAUCSL,1975-01-01,1976-09-20,156.5,1976-02-20
CPIAUCSL,1975-01-01,2026-07-31,52.3,1994-02-17
CPIAUCSL,1975-02-01,1975-05-20,157.4,1975-03-20
CPIAUCSL,1975-02-01,1976-02-19,157.34,1975-05-21
CPIAUCSL,1975-02-01,1976-10-20,157.3,1976-02-20
CPIAUCSL,1975-02-01,2026-07-31,52.6,1994-02-17
CPIAUCSL,1975-03-01,1975-05-20,157.89,1975-04-22
CPIAUCSL,1975-03-01,1976-02-19,157.77,1975-05-21
CPIAUCSL,1975-03-01,1976-11-18,157.9,1976-02-20
CPIAUCSL,1975-03-01,2026-07-31,52.8,1994-02-17
CPIAUCSL,1975-04-01,1976-02-19,158.71,1975-05-21
CPIAUCSL,1975-04-01,1976-12-20,158.7,1976-02-20
CPIAUCSL,1975-04-01,2026-07-31,53.0,1994-02-17
CPIAUCSL,1975-05-01,1976-02-19,159.27,1975-06-20
CPIAUCSL,1975-05-01,1977-01-18,159.5,1976-02-20
CPIAUCSL,1975-05-01,2026-07-31,53.1,1994-02-17
CPIAUCSL,1975-06-01,1976-02-19,160.5,1975-07-22
CPIAUCSL,1975-06-01,1977-02-17,160.6,1976-02-20
CPIAUCSL,1975-06-01,2026-07-31,53.5,1994-02-17
CPIAUCSL,1975-07-01,1976-02-19,162.35,1975-08-21
CPIAUCSL,1975-07-01,1977-03-17,162.2,1976-02-20
CPIAUCSL,1975-07-01,2026-07-31,54.0,1994-02-17
CPIAUCSL,1975-08-01,1976-02-19,162.62,1975-09-19
CPIAUCSL,1975-08-01,1977-02-17,162.8,1976-02-20
CPIAUCSL,1975-08-01,1977-04-20,162.7,1977-02-18
CPIAUCSL,1975-08-01,2026-07-31,54.2,1994-02-17
CPIAUCSL,1975-09-01,1976-02-19,163.37,1975-10-22
CPIAUCSL,1975-09-01,1977-02-17,163.5,1976-02-20
CPIAUCSL,1975-09-01,1977-05-19,163.4,1977-02-18
CPIAUCSL,1975-09-01,2026-07-31,54.6,1994-02-17
CPIAUCSL,1975-10-01,1976-02-19,164.44,1975-11-20
CPIAUCSL,1975-10-01,1977-02-17,164.5,1976-02-20
CPIAUCSL,1975-10-01,1977-06-20,164.4,1977-02-18
CPIAUCSL,1975-10-01,2026-07-31,54.9,1994-02-17
CPIAUCSL,1975-11-01,1976-02-19,165.57,1975-12-19
CPIAUCSL,1975-11-01,1977-02-17,165.5,1976-02-20
CPIAUCSL,1975-11-01,1977-07-20,165.3,1977-02-18
CPIAUCSL,1975-11-01,2026-07-31,55.3,1994-02-17
CPIAUCSL,1975-12-01,1976-02-19,166.38,1976-01-21
CPIAUCSL,1975-12-01,1977-02-17,166.4,1976-02-20
CPIAUCSL,1975-12-01,1977-08-18,166.1,1977-02-18
CPIAUCSL,1975-12-01,2026-07-31,55.6,1994-02-17
CPIAUCSL,1976-01-01,1977-09-20,167.1,1976-02-20
CPIAUCSL,1976-01-01,2026-07-31,55.8,1994-02-17
CPIAUCSL,1976-02-01,1977-10-20,167.3,1976-03-19
CPIAUCSL,1976-02-01,2026-07-31,55.9,1994-02-17
CPIAUCSL,1976-03-01,1977-02-17,167.6,1976-04-21
CPIAUCSL,1976-03-01,1977-11-21,167.7,1977-02-18
CPIAUCSL,1976-03-01,2026-07-31,56.0,1994-02-17
CPIAUCSL,1976-04-01,1977-02-17,168.3,1976-05-21
CPIAUCSL,1976-04-01,1977-12-20,168.4,1977-02-18
CPIAUCSL,1976-04-01,2026-07-31,56.1,1994-02-17
CPIAUCSL,1976-05-01,1977-02-17,169.3,1976-06-22
CPIAUCSL,1976-05-01,1978-01-19,169.5,1977-02-18
CPIAUCSL,1976-05-01,2026-07-31,56.4,1994-02-17
CPIAUCSL,1976-06-01,1977-02-17,170.1,1976-07-21
CPIAUCSL,1976-06-01,1978-02-26,170.2,1977-02-18
CPIAUCSL,1976-06-01,2026-07-31,56.7,1994-02-17
CPIAUCSL,1976-07-01,1977-02-17,170.9,1976-08-20
CPIAUCSL,1976-07-01,1978-02-26,171.0,1977-02-18
CPIAUCSL,1976-07-01,1978-03-27,170.9,1978-02-27
CPIAUCSL,1976-07-01,2026-07-31,57.0,1994-02-17
CPIAUCSL,1976-08-01,1978-02-26,171.8,1976-09-21
CPIAUCSL,1976-08-01,1978-04-27,171.7,1978-02-27
CPIAUCSL,1976-08-01,2026-07-31,57.3,1994-02-17
CPIAUCSL,1976-09-01,1977-02-17,172.5,1976-10-21
CPIAUCSL,1976-09-01,1978-05-30,172.4,1977-02-18
CPIAUCSL,1976-09-01,2026-07-31,57.6,1994-02-17
CPIAUCSL,1976-10-01,1977-02-17,173.1,1976-11-19
CPIAUCSL,1976-10-01,1978-02-26,173.0,1977-02-18
CPIAUCSL,1976-10-01,1978-06-29,173.1,1978-02-27
CPIAUCSL,1976-10-01,2026-07-31,57.9,1994-02-17
CPIAUCSL,1976-11-01,1977-02-17,173.6,1976-12-21
CPIAUCSL,1976-11-01,1978-07-27,173.5,1977-02-18
CPIAUCSL,1976-11-01,2026-07-31,58.1,1994-02-17
CPIAUCSL,1976-12-01,1977-02-17,174.3,1977-01-19
CPIAUCSL,1976-12-01,1978-08-28,174.2,1977-02-18
CPIAUCSL,1976-12-01,2026-07-31,58.4,1994-02-17
CPIAUCSL,1977-01-01,1978-09-25,175.6,1977-02-18
CPIAUCSL,1977-01-01,2026-07-31,58.7,1994-02-17
CPIAUCSL,1977-02-01,1978-10-25,177.3,1977-03-18
CPIAUCSL,1977-02-01,2026-07-31,59.3,1994-02-17
CPIAUCSL,1977-03-01,1978-11-27,178.4,1977-04-21
CPIAUCSL,1977-03-01,2026-07-31,59.6,1994-02-17
CPIAUCSL,1977-04-01,1978-02-26,179.8,1977-05-20
CPIAUCSL,1977-04-01,1978-12-21,179.9,1978-02-27
CPIAUCSL,1977-04-01,2026-07-31,60.0,1994-02-17
CPIAUCSL,1977-05-01,1979-01-23,180.9,1977-06-21
CPIAUCSL,1977-05-01,2026-07-31,60.2,1994-02-17
CPIAUCSL,1977-06-01,1978-02-26,181.9,1977-07-21
CPIAUCSL,1977-06-01,1979-02-22,181.8,1978-02-27
CPIAUCSL,1977-06-01,2026-07-31,60.5,1994-02-17
CPIAUCSL,1977-07-01,1978-02-26,182.6,1977-08-19
CPIAUCSL,1977-07-01,1979-02-22,182.4,1978-02-27
CPIAUCSL,1977-07-01,1979-03-22,182.2,1979-02-23
CPIAUCSL,1977-07-01,2026-07-31,60.8,1994-02-17
CPIAUCSL,1977-08-01,1978-02-26,183.2,1977-09-21
CPIAUCSL,1977-08-01,1979-02-22,183.1,1978-02-27
CPIAUCSL,1977-08-01,1979-04-25,183.0,1979-02-23
CPIAUCSL,1977-08-01,2026-07-31,61.1,1994-02-17
CPIAUCSL,1977-09-01,1979-02-22,183.8,1977-10-21
CPIAUCSL,1977-09-01,1979-05-24,183.7,1979-02-23
CPIAUCSL,1977-09-01,2026-07-31,61.3,1994-02-17
CPIAUCSL,1977-10-01,1978-02-26,184.3,1977-11-22
CPIAUCSL,1977-10-01,1979-02-22,184.4,1978-02-27
CPIAUCSL,1977-10-01,1979-06-25,184.3,1979-02-23
CPIAUCSL,1977-10-01,2026-07-31,61.6,1994-02-17
CPIAUCSL,1977-11-01,1979-02-22,185.2,1977-12-21
CPIAUCSL,1977-11-01,1979-07-25,185.4,1979-02-23
CPIAUCSL,1977-11-01,2026-07-31,62.0,1994-02-17
CPIAUCSL,1977-12-01,1978-02-26,185.9,1978-01-20
CPIAUCSL,1977-12-01,1979-02-22,186.0,1978-02-27
CPIAUCSL,1977-12-01,1979-08-23,186.3,1979-02-23
CPIAUCSL,1977-12-01,2026-07-31,62.3,1994-02-17
CPIAUCSL,1978-01-01,1979-02-22,187.5,1978-02-27
CPIAUCSL,1978-01-01,1979-09-24,187.6,1979-02-23
CPIAUCSL,1978-01-01,2026-07-31,62.7,1994-02-17
CPIAUCSL,1978-02-01,1979-02-22,188.7,1978-03-28
CPIAUCSL,1978-02-01,1979-10-25,188.8,1979-02-23
CPIAUCSL,1978-02-01,2026-07-31,63.0,1994-02-17
CPIAUCSL,1978-03-01,1979-11-26,190.2,1978-04-28
CPIAUCSL,1978-03-01,2026-07-31,63.4,1994-02-17
CPIAUCSL,1978-04-01,1979-12-20,191.8,1978-05-31
CPIAUCSL,1978-04-01,2026-07-31,63.9,1994-02-17
CPIAUCSL,1978-05-01,1979-02-22,193.6,1978-06-30
CPIAUCSL,1978-05-01,1980-01-24,193.4,1979-02-23
CPIAUCSL,1978-05-01,2026-07-31,64.5,1994-02-17
CPIAUCSL,1978-06-01,1979-02-22,195.3,1978-07-28
CPIAUCSL,1978-06-01,1980-02-21,195.0,1979-02-23
CPIAUCSL,1978-06-01,2026-07-31,65.0,1994-02-17
CPIAUCSL,1978-07-01,1979-02-22,196.3,1978-08-29
CPIAUCSL,1978-07-01,1980-02-21,196.2,1979-02-23
CPIAUCSL,1978-07-01,1980-03-24,196.1,1980-02-22
CPIAUCSL,1978-07-01,2026-07-31,65.5,1994-02-17
CPIAUCSL,1978-08-01,1979-02-22,197.4,1978-09-26
CPIAUCSL,1978-08-01,1980-04-21,197.3,1979-02-23
CPIAUCSL,1978-08-01,2026-07-31,65.9,1994-02-17
CPIAUCSL,1978-09-01,1979-02-22,198.8,1978-10-26
CPIAUCSL,1978-09-01,1980-05-22,198.9,1979-02-23
CPIAUCSL,1978-09-01,2026-07-31,66.5,1994-02-17
CPIAUCSL,1978-10-01,1979-02-22,200.4,1978-11-28
CPIAUCSL,1978-10-01,1980-02-21,200.6,1979-02-23
CPIAUCSL,1978-10-01,1980-06-23,200.7,1980-02-22
CPIAUCSL,1978-10-01,2026-07-31,67.1,1994-02-17
CPIAUCSL,1978-11-01,1979-02-22,201.5,1978-12-22
CPIAUCSL,1978-11-01,1980-02-21,201.8,1979-02-23
CPIAUCSL,1978-11-01,1980-07-22,202.0,1980-02-22
CPIAUCSL,1978-11-01,2026-07-31,67.5,1994-02-17
CPIAUCSL,1978-12-01,1979-02-22,202.8,1979-01-24
CPIAUCSL,1978-12-01,1980-02-21,203.2,1979-02-23
CPIAUCSL,1978-12-01,1980-08-21,203.5,1980-02-22
CPIAUCSL,1978-12-01,2026-07-31,67.9,1994-02-17
CPIAUCSL,1979-01-01,1980-02-21,205.2,1979-02-23
CPIAUCSL,1979-01-01,1980-09-22,205.4,1980-02-22
CPIAUCSL,1979-01-01,2026-07-31,68.5,1994-02-17
CPIAUCSL,1979-02-01,1980-10-23,207.7,1979-03-23
CPIAUCSL,1979-02-01,2026-07-31,69.2,1994-02-17
CPIAUCSL,1979-03-01,1980-11-24,209.9,1979-04-26
CPIAUCSL,1979-03-01,2026-07-31,69.9,1994-02-17
CPIAUCSL,1979-04-01,1980-02-21,212.2,1979-05-25
CPIAUCSL,1979-04-01,1980-12-22,212.0,1980-02-22
CPIAUCSL,1979-04-01,2026-07-31,70.6,1994-02-17
CPIAUCSL,1979-05-01,1980-02-21,214.4,1979-06-26
CPIAUCSL,1979-05-01,1981-01-22,214.1,1980-02-22
CPIAUCSL,1979-05-01,2026-07-31,71.4,1994-02-17
CPIAUCSL,1979-06-01,1980-02-21,216.6,1979-07-26
CPIAUCSL,1979-06-01,1981-02-24,216.4,1980-02-22
CPIAUCSL,1979-06-01,2026-07-31,72.2,1994-02-17
CPIAUCSL,1979-07-01,1981-02-24,218.7,1979-08-24
CPIAUCSL,1979-07-01,1981-03-23,218.4,1981-02-25
CPIAUCSL,1979-07-01,2026-07-31,73.0,1994-02-17
CPIAUCSL,1979-08-01,1981-02-24,220.9,1979-09-25
CPIAUCSL,1979-08-01,1981-04-22,220.7,1981-02-25
CPIAUCSL,1979-08-01,2026-07-31,73.7,1994-02-17
CPIAUCSL,1979-09-01,1981-02-24,223.4,1979-10-26
CPIAUCSL,1979-09-01,1981-05-21,223.3,1981-02-25
CPIAUCSL,1979-09-01,2026-07-31,74.4,1994-02-17
CPIAUCSL,1979-10-01,1980-02-21,225.4,1979-11-27
CPIAUCSL,1979-10-01,1981-02-24,225.6,1980-02-22
CPIAUCSL,1979-10-01,1981-06-22,225.7,1981-02-25
CPIAUCSL,1979-10-01,2026-07-31,75.2,1994-02-17
CPIAUCSL,1979-11-01,1980-02-21,227.7,1979-12-21
CPIAUCSL,1979-11-01,1981-02-24,227.9,1980-02-22
CPIAUCSL,1979-11-01,1981-07-22,228.2,1981-02-25
CPIAUCSL,1979-11-01,2026-07-31,76.0,1994-02-17
CPIAUCSL,1979-12-01,1980-02-21,230.3,1980-01-25
CPIAUCSL,1979-12-01,1981-02-24,230.7,1980-02-22
CPIAUCSL,1979-12-01,1981-08-24,230.9,1981-02-25
CPIAUCSL,1979-12-01,2026-07-31,76.9,1994-02-17
CPIAUCSL,1980-01-01,1981-02-24,234.0,1980-02-22
CPIAUCSL,1980-01-01,1981-09-23,234.1,1981-02-25
CPIAUCSL,1980-01-01,2026-07-31,78.0,1994-02-17
CPIAUCSL,1980-02-01,1981-02-24,237.2,1980-03-25
CPIAUCSL,1980-02-01,1981-10-22,237.1,1981-02-25
CPIAUCSL,1980-02-01,2026-07-31,79.0,1994-02-17
CPIAUCSL,1980-03-01,1981-02-24,240.5,1980-04-22
CPIAUCSL,1980-03-01,1981-11-23,240.3,1981-02-25
CPIAUCSL,1980-03-01,2026-07-31,80.1,1994-02-17
CPIAUCSL,1980-04-01,1981-02-24,242.8,1980-05-23
CPIAUCSL,1980-04-01,1981-12-21,242.4,1981-02-25
CPIAUCSL,1980-04-01,2026-07-31,80.9,1994-02-17
CPIAUCSL,1980-05-01,1981-02-24,244.9,1980-06-24
CPIAUCSL,1980-05-01,1982-01-21,244.5,1981-02-25
CPIAUCSL,1980-05-01,2026-07-31,81.7,1994-02-17
CPIAUCSL,1980-06-01,1981-02-24,247.1,1980-07-23
CPIAUCSL,1980-06-01,1982-02-24,246.9,1981-02-25
CPIAUCSL,1980-06-01,2026-07-31,82.5,1994-02-17
CPIAUCSL,1980-07-01,1981-02-24,247.2,1980-08-22
CPIAUCSL,1980-07-01,1982-02-24,247.1,1981-02-25
CPIAUCSL,1980-07-01,1982-03-22,247.2,1982-02-25
CPIAUCSL,1980-07-01,2026-07-31,82.6,1994-02-17
CPIAUCSL,1980-08-01,1981-02-24,248.9,1980-09-23
CPIAUCSL,1980-08-01,1982-02-24,249.0,1981-02-25
CPIAUCSL,1980-08-01,1982-04-22,248.9,1982-02-25
CPIAUCSL,1980-08-01,2026-07-31,83.2,1994-02-17
CPIAUCSL,1980-09-01,1981-02-24,251.5,1980-10-24
CPIAUCSL,1980-09-01,1982-02-24,251.6,1981-02-25
CPIAUCSL,1980-09-01,1982-05-20,251.4,1982-02-25
CPIAUCSL,1980-09-01,2026-07-31,83.9,1994-02-17
CPIAUCSL,1980-10-01,1981-02-24,254.0,1980-11-25
CPIAUCSL,1980-10-01,1982-02-24,254.2,1981-02-25
CPIAUCSL,1980-10-01,1982-06-21,254.1,1982-02-25
CPIAUCSL,1980-10-01,2026-07-31,84.7,1994-02-17
CPIAUCSL,1980-11-01,1981-02-24,256.6,1980-12-23
CPIAUCSL,1980-11-01,1982-02-24,257.0,1981-02-25
CPIAUCSL,1980-11-01,1982-07-22,256.9,1982-02-25
CPIAUCSL,1980-11-01,2026-07-31,85.6,1994-02-17
CPIAUCSL,1980-12-01,1981-02-24,259.4,1981-01-23
CPIAUCSL,1980-12-01,1982-02-24,259.5,1981-02-25
CPIAUCSL,1980-12-01,1982-08-23,259.4,1982-02-25
CPIAUCSL,1980-12-01,2026-07-31,86.4,1994-02-17
CPIAUCSL,1981-01-01,1982-09-22,261.4,1981-02-25
CPIAUCSL,1981-01-01,2026-07-31,87.2,1994-02-17
CPIAUCSL,1981-02-01,1982-10-25,263.9,1981-03-24
CPIAUCSL,1981-02-01,2026-07-31,88.0,1994-02-17
CPIAUCSL,1981-03-01,1982-02-24,265.5,1981-04-23
CPIAUCSL,1981-03-01,1982-11-22,265.4,1982-02-25
CPIAUCSL,1981-03-01,2026-07-31,88.6,1994-02-17
CPIAUCSL,1981-04-01,1982-02-24,266.6,1981-05-22
CPIAUCSL,1981-04-01,1982-12-20,266.5,1982-02-25
CPIAUCSL,1981-04-01,2026-07-31,89.1,1994-02-17
CPIAUCSL,1981-05-01,1982-02-24,268.4,1981-06-23
CPIAUCSL,1981-05-01,1983-01-20,268.6,1982-02-25
CPIAUCSL,1981-05-01,2026-07-31,89.7,1994-02-17
CPIAUCSL,1981-06-01,1982-02-24,270.3,1981-07-23
CPIAUCSL,1981-06-01,1983-02-24,270.6,1982-02-25
CPIAUCSL,1981-06-01,2026-07-31,90.5,1994-02-17
CPIAUCSL,1981-07-01,1982-02-24,273.5,1981-08-25
CPIAUCSL,1981-07-01,1983-02-24,273.7,1982-02-25
CPIAUCSL,1981-07-01,1983-03-22,273.9,1983-02-25
CPIAUCSL,1981-07-01,2026-07-31,91.5,1994-02-17
CPIAUCSL,1981-08-01,1982-02-24,275.8,1981-09-24
CPIAUCSL,1981-08-01,1983-02-24,275.9,1982-02-25
CPIAUCSL,1981-08-01,1983-04-21,276.2,1983-02-25
CPIAUCSL,1981-08-01,2026-07-31,92.2,1994-02-17
CPIAUCSL,1981-09-01,1982-02-24,279.0,1981-10-23
CPIAUCSL,1981-09-01,1983-02-24,278.9,1982-02-25
CPIAUCSL,1981-09-01,1983-05-23,279.0,1983-02-25
CPIAUCSL,1981-09-01,2026-07-31,93.1,1994-02-17
CPIAUCSL,1981-10-01,1982-02-24,280.0,1981-11-24
CPIAUCSL,1981-10-01,1983-02-24,280.1,1982-02-25
CPIAUCSL,1981-10-01,1983-06-21,280.0,1983-02-25
CPIAUCSL,1981-10-01,2026-07-31,93.4,1994-02-17
CPIAUCSL,1981-11-01,1982-02-24,281.4,1981-12-22
CPIAUCSL,1981-11-01,1983-02-24,281.5,1982-02-25
CPIAUCSL,1981-11-01,1983-07-21,281.3,1983-02-25
CPIAUCSL,1981-11-01,2026-07-31,93.8,1994-02-17
CPIAUCSL,1981-12-01,1983-02-24,282.6,1982-01-22
CPIAUCSL,1981-12-01,1983-08-22,282.4,1983-02-25
CPIAUCSL,1981-12-01,2026-07-31,94.1,1994-02-17
CPIAUCSL,1982-01-01,1983-02-24,283.4,1982-02-25
CPIAUCSL,1982-01-01,1983-09-22,283.2,1983-02-25
CPIAUCSL,1982-01-01,2026-07-31,94.4,1994-02-17
CPIAUCSL,1982-02-01,1983-02-24,284.1,1982-03-23
CPIAUCSL,1982-02-01,1983-10-24,283.4,1983-02-25
CPIAUCSL,1982-02-01,2026-07-31,94.7,1994-02-17
CPIAUCSL,1982-03-01,1983-11-22,283.3,1982-04-23
CPIAUCSL,1982-03-01,2026-07-31,94.7,1994-02-17
CPIAUCSL,1982-04-01,1983-12-20,284.0,1982-05-21
CPIAUCSL,1982-04-01,2026-07-31,95.0,1994-02-17
CPIAUCSL,1982-05-01,1983-02-24,286.7,1982-06-22
CPIAUCSL,1982-05-01,1984-01-23,286.9,1983-02-25
CPIAUCSL,1982-05-01,2026-07-31,95.9,1994-02-17
CPIAUCSL,1982-06-01,1983-02-24,289.7,1982-07-23
CPIAUCSL,1982-06-01,1984-02-23,290.0,1983-02-25
CPIAUCSL,1982-06-01,2026-07-31,97.0,1994-02-17
CPIAUCSL,1982-07-01,1983-02-24,291.4,1982-08-24
CPIAUCSL,1982-07-01,1984-03-22,291.7,1983-02-25
CPIAUCSL,1982-07-01,2026-07-31,97.5,1994-02-17
CPIAUCSL,1982-08-01,1983-02-24,292.2,1982-09-23
CPIAUCSL,1982-08-01,1984-02-23,292.6,1983-02-25
CPIAUCSL,1982-08-01,1984-04-23,292.5,1984-02-24
CPIAUCSL,1982-08-01,2026-07-31,97.7,1994-02-17
CPIAUCSL,1982-09-01,1983-02-24,292.7,1982-10-26
CPIAUCSL,1982-09-01,1984-02-23,292.9,1983-02-25
CPIAUCSL,1982-09-01,1984-05-21,292.6,1984-02-24
CPIAUCSL,1982-09-01,2026-07-31,97.7,1994-02-17
CPIAUCSL,1982-10-01,1984-02-23,294.1,1982-11-23
CPIAUCSL,1982-10-01,1984-06-21,293.7,1984-02-24
CPIAUCSL,1982-10-01,2026-07-31,98.1,1994-02-17
CPIAUCSL,1982-11-01,1983-02-24,294.3,1982-12-21
CPIAUCSL,1982-11-01,1984-02-23,294.1,1983-02-25
CPIAUCSL,1982-11-01,1984-07-23,293.7,1984-02-24
CPIAUCSL,1982-11-01,2026-07-31,98.0,1994-02-17
CPIAUCSL,1982-12-01,1983-02-24,293.5,1983-01-21
CPIAUCSL,1982-12-01,1984-02-23,293.3,1983-02-25
CPIAUCSL,1982-12-01,1984-08-21,292.8,1984-02-24
CPIAUCSL,1982-12-01,2026-07-31,97.7,1994-02-17
CPIAUCSL,1983-01-01,1984-02-23,293.8,1983-02-25
CPIAUCSL,1983-01-01,1984-09-20,293.7,1984-02-24
CPIAUCSL,1983-01-01,2026-07-31,97.9,1994-02-17
CPIAUCSL,1983-02-01,1984-02-23,293.2,1983-03-23
CPIAUCSL,1983-02-01,1984-10-23,293.5,1984-02-24
CPIAUCSL,1983-02-01,2026-07-31,98.0,1994-02-17
CPIAUCSL,1983-03-01,1984-02-23,293.6,1983-04-22
CPIAUCSL,1983-03-01,1984-11-20,293.7,1984-02-24
CPIAUCSL,1983-03-01,2026-07-31,98.1,1994-02-17
CPIAUCSL,1983-04-01,1984-02-23,295.3,1983-05-24
CPIAUCSL,1983-04-01,1984-12-19,295.7,1984-02-24
CPIAUCSL,1983-04-01,2026-07-31,98.8,1994-02-17
CPIAUCSL,1983-05-01,1984-02-23,296.9,1983-06-22
CPIAUCSL,1983-05-01,1985-01-22,297.0,1984-02-24
CPIAUCSL,1983-05-01,2026-07-31,99.2,1994-02-17
CPIAUCSL,1983-06-01,1984-02-23,297.5,1983-07-22
CPIAUCSL,1983-06-01,1985-02-25,297.6,1984-02-24
CPIAUCSL,1983-06-01,2026-07-31,99.4,1994-02-17
CPIAUCSL,1983-07-01,1985-02-25,298.7,1983-08-23
CPIAUCSL,1983-07-01,1985-03-21,298.9,1985-02-26
CPIAUCSL,1983-07-01,2026-07-31,99.8,1994-02-17
CPIAUCSL,1983-08-01,1984-02-23,300.0,1983-09-23
CPIAUCSL,1983-08-01,1985-02-25,299.8,1984-02-24
CPIAUCSL,1983-08-01,1985-04-22,299.9,1985-02-26
CPIAUCSL,1983-08-01,2026-07-31,100.1,1994-02-17
CPIAUCSL,1983-09-01,1984-02-23,301.4,1983-10-25
CPIAUCSL,1983-09-01,1985-02-25,300.9,1984-02-24
CPIAUCSL,1983-09-01,1985-05-20,301.0,1985-02-26
CPIAUCSL,1983-09-01,2026-07-31,100.4,1994-02-17
CPIAUCSL,1983-10-01,1984-02-23,302.7,1983-11-23
CPIAUCSL,1983-10-01,1985-02-25,302.1,1984-02-24
CPIAUCSL,1983-10-01,1985-06-19,302.0,1985-02-26
CPIAUCSL,1983-10-01,2026-07-31,100.8,1994-02-17
CPIAUCSL,1983-11-01,1984-02-23,303.6,1983-12-21
CPIAUCSL,1983-11-01,1985-02-25,303.2,1984-02-24
CPIAUCSL,1983-11-01,1985-07-22,303.0,1985-02-26
CPIAUCSL,1983-11-01,2026-07-31,101.1,1994-02-17
CPIAUCSL,1983-12-01,1984-02-23,304.4,1984-01-24
CPIAUCSL,1983-12-01,1985-08-21,303.9,1984-02-24
CPIAUCSL,1983-12-01,2026-07-31,101.4,1994-02-17
CPIAUCSL,1984-01-01,1985-09-23,305.8,1984-02-24
CPIAUCSL,1984-01-01,2026-07-31,102.1,1994-02-17
CPIAUCSL,1984-02-01,1985-02-25,306.9,1984-03-23
CPIAUCSL,1984-02-01,1985-10-22,307.0,1985-02-26
CPIAUCSL,1984-02-01,2026-07-31,102.6,1994-02-17
CPIAUCSL,1984-03-01,1985-02-25,307.6,1984-04-24
CPIAUCSL,1984-03-01,1985-11-21,307.9,1985-02-26
CPIAUCSL,1984-03-01,2026-07-31,102.9,1994-02-17
CPIAUCSL,1984-04-01,1985-02-25,309.0,1984-05-22
CPIAUCSL,1984-04-01,1985-12-19,309.2,1985-02-26
CPIAUCSL,1984-04-01,2026-07-31,103.3,1994-02-17
CPIAUCSL,1984-05-01,1985-02-25,309.6,1984-06-22
CPIAUCSL,1984-05-01,1986-01-21,309.7,1985-02-26
CPIAUCSL,1984-05-01,2026-07-31,103.5,1994-02-17
CPIAUCSL,1984-06-01,1985-02-25,310.1,1984-07-24
CPIAUCSL,1984-06-01,1986-02-24,310.3,1985-02-26
CPIAUCSL,1984-06-01,2026-07-31,103.7,1994-02-17
CPIAUCSL,1984-07-01,1985-02-25,311.0,1984-08-22
CPIAUCSL,1984-07-01,1986-03-24,311.3,1985-02-26
CPIAUCSL,1984-07-01,2026-07-31,104.1,1994-02-17
CPIAUCSL,1984-08-01,1985-02-25,312.4,1984-09-21
CPIAUCSL,1984-08-01,1986-04-21,312.6,1985-02-26
CPIAUCSL,1984-08-01,2026-07-31,104.4,1994-02-17
CPIAUCSL,1984-09-01,1985-02-25,313.5,1984-10-24
CPIAUCSL,1984-09-01,1986-05-20,313.7,1985-02-26
CPIAUCSL,1984-09-01,2026-07-31,104.7,1994-02-17
CPIAUCSL,1984-10-01,1986-02-24,314.6,1984-11-21
CPIAUCSL,1984-10-01,1986-06-19,314.7,1986-02-25
CPIAUCSL,1984-10-01,2026-07-31,105.1,1994-02-17
CPIAUCSL,1984-11-01,1985-02-25,315.3,1984-12-20
CPIAUCSL,1984-11-01,1986-02-24,315.2,1985-02-26
CPIAUCSL,1984-11-01,1986-07-22,315.3,1986-02-25
CPIAUCSL,1984-11-01,2026-07-31,105.3,1994-02-17
CPIAUCSL,1984-12-01,1985-02-25,315.9,1985-01-23
CPIAUCSL,1984-12-01,1986-02-24,316.0,1985-02-26
CPIAUCSL,1984-12-01,1986-08-20,316.1,1986-02-25
CPIAUCSL,1984-12-01,2026-07-31,105.5,1994-02-17
CPIAUCSL,1985-01-01,1986-02-24,316.6,1985-02-26
CPIAUCSL,1985-01-01,1986-09-22,316.7,1986-02-25
CPIAUCSL,1985-01-01,2026-07-31,105.7,1994-02-17
CPIAUCSL,1985-02-01,1986-10-22,317.7,1985-03-22
CPIAUCSL,1985-02-01,2026-07-31,106.3,1994-02-17
CPIAUCSL,1985-03-01,1986-11-24,319.2,1985-04-23
CPIAUCSL,1985-03-01,2026-07-31,106.8,1994-02-17
CPIAUCSL,1985-04-01,1986-02-24,320.4,1985-05-21
CPIAUCSL,1985-04-01,1986-12-18,320.3,1986-02-25
CPIAUCSL,1985-04-01,2026-07-31,107.0,1994-02-17
CPIAUCSL,1985-05-01,1986-02-24,321.1,1985-06-20
CPIAUCSL,1985-05-01,1987-01-20,321.0,1986-02-25
CPIAUCSL,1985-05-01,2026-07-31,107.2,1994-02-17
CPIAUCSL,1985-06-01,1987-02-26,321.8,1985-07-23
CPIAUCSL,1985-06-01,2026-07-31,107.5,1994-02-17
CPIAUCSL,1985-07-01,1987-02-26,322.4,1985-08-22
CPIAUCSL,1985-07-01,1987-03-26,322.8,1987-02-27
CPIAUCSL,1985-07-01,2026-07-31,107.7,1994-02-17
CPIAUCSL,1985-08-01,1986-02-24,323.0,1985-09-24
CPIAUCSL,1985-08-01,1987-02-26,323.1,1986-02-25
CPIAUCSL,1985-08-01,1987-04-23,323.3,1987-02-27
CPIAUCSL,1985-08-01,2026-07-31,107.9,1994-02-17
CPIAUCSL,1985-09-01,1986-02-24,323.6,1985-10-23
CPIAUCSL,1985-09-01,1987-05-21,323.7,1986-02-25
CPIAUCSL,1985-09-01,2026-07-31,108.1,1994-02-17
CPIAUCSL,1985-10-01,1986-02-24,324.6,1985-11-22
CPIAUCSL,1985-10-01,1987-06-22,324.9,1986-02-25
CPIAUCSL,1985-10-01,2026-07-31,108.5,1994-02-17
CPIAUCSL,1985-11-01,1986-02-24,326.4,1985-12-20
CPIAUCSL,1985-11-01,1987-02-26,326.7,1986-02-25
CPIAUCSL,1985-11-01,1987-07-21,326.6,1987-02-27
CPIAUCSL,1985-11-01,2026-07-31,109.0,1994-02-17
CPIAUCSL,1985-12-01,1986-02-24,327.8,1986-01-22
CPIAUCSL,1985-12-01,1987-02-26,327.9,1986-02-25
CPIAUCSL,1985-12-01,1987-08-20,327.6,1987-02-27
CPIAUCSL,1985-12-01,2026-07-31,109.5,1994-02-17
CPIAUCSL,1986-01-01,1987-02-26,329.0,1986-02-25
CPIAUCSL,1986-01-01,1987-09-22,328.7,1987-02-27
CPIAUCSL,1986-01-01,2026-07-31,109.9,1994-02-17
CPIAUCSL,1986-02-01,1987-02-26,327.7,1986-03-25
CPIAUCSL,1986-02-01,1987-10-22,327.8,1987-02-27
CPIAUCSL,1986-02-01,2026-07-31,109.7,1994-02-17
CPIAUCSL,1986-03-01,1987-02-26,326.3,1986-04-22
CPIAUCSL,1986-03-01,1987-11-19,326.5,1987-02-27
CPIAUCSL,1986-03-01,2026-07-31,109.1,1994-02-17
CPIAUCSL,1986-04-01,1987-02-26,325.4,1986-05-21
CPIAUCSL,1986-04-01,1987-12-17,325.6,1987-02-27
CPIAUCSL,1986-04-01,2026-07-31,108.7,1994-02-17
CPIAUCSL,1986-05-01,1987-02-26,326.0,1986-06-20
CPIAUCSL,1986-05-01,1988-01-19,326.4,1987-02-27
CPIAUCSL,1986-05-01,2026-07-31,109.0,1994-02-17
CPIAUCSL,1986-06-01,1987-02-26,327.5,1986-07-23
CPIAUCSL,1986-06-01,1988-02-25,327.8,1987-02-27
CPIAUCSL,1986-06-01,2026-07-31,109.4,1994-02-17
CPIAUCSL,1986-07-01,1987-02-26,327.6,1986-08-21
CPIAUCSL,1986-07-01,1988-02-25,327.9,1987-02-27
CPIAUCSL,1986-07-01,1988-03-22,109.4,1988-02-26
CPIAUCSL,1986-07-01,2026-07-31,109.5,1994-02-17
CPIAUCSL,1986-08-01,1987-02-26,328.2,1986-09-23
CPIAUCSL,1986-08-01,1988-02-25,328.4,1987-02-27
CPIAUCSL,1986-08-01,1988-04-19,109.6,1988-02-26
CPIAUCSL,1986-08-01,2026-07-31,109.6,1994-02-17
CPIAUCSL,1986-09-01,1987-02-26,329.3,1986-10-23
CPIAUCSL,1986-09-01,1988-02-25,329.4,1987-02-27
CPIAUCSL,1986-09-01,1988-05-19,109.9,1988-02-26
CPIAUCSL,1986-09-01,2026-07-31,110.0,1994-02-17
CPIAUCSL,1986-10-01,1987-02-26,329.8,1986-11-25
CPIAUCSL,1986-10-01,1988-02-25,330.0,1987-02-27
CPIAUCSL,1986-10-01,1988-06-20,110.1,1988-02-26
CPIAUCSL,1986-10-01,2026-07-31,110.2,1994-02-17
CPIAUCSL,1986-11-01,1987-02-26,330.7,1986-12-19
CPIAUCSL,1986-11-01,1988-02-25,330.8,1987-02-27
CPIAUCSL,1986-11-01,1988-07-21,110.4,1988-02-26
CPIAUCSL,1986-11-01,2026-07-31,110.4,1994-02-17
CPIAUCSL,1986-12-01,1987-02-26,331.5,1987-01-21
CPIAUCSL,1986-12-01,1988-02-25,331.4,1987-02-27
CPIAUCSL,1986-12-01,1988-08-22,110.6,1988-02-26
CPIAUCSL,1986-12-01,2026-07-31,110.8,1994-02-17
CPIAUCSL,1987-01-01,1988-02-25,333.6,1987-02-27
CPIAUCSL,1987-01-01,1988-09-20,111.4,1988-02-26
CPIAUCSL,1987-01-01,2002-02-19,111.5,1994-02-17
CPIAUCSL,1987-01-01,2026-07-31,111.4,2002-02-20
CPIAUCSL,1987-02-01,1988-02-25,335.0,1987-03-27
CPIAUCSL,1987-02-01,1988-10-20,111.8,1988-02-26
CPIAUCSL,1987-02-01,2002-02-19,111.9,1994-02-17
CPIAUCSL,1987-02-01,2026-07-31,111.8,2002-02-20
CPIAUCSL,1987-03-01,1988-02-25,336.4,1987-04-24
CPIAUCSL,1987-03-01,1988-11-21,112.3,1988-02-26
CPIAUCSL,1987-03-01,2002-02-19,112.3,1994-02-17
CPIAUCSL,1987-03-01,2026-07-31,112.2,2002-02-20
CPIAUCSL,1987-04-01,1988-02-25,337.9,1987-05-22
CPIAUCSL,1987-04-01,1988-12-19,112.8,1988-02-26
CPIAUCSL,1987-04-01,2002-02-19,112.8,1994-02-17
CPIAUCSL,1987-04-01,2026-07-31,112.7,2002-02-20
CPIAUCSL,1987-05-01,1988-02-25,339.0,1987-06-23
CPIAUCSL,1987-05-01,1989-01-18,113.2,1988-02-26
CPIAUCSL,1987-05-01,2002-02-19,113.1,1994-02-17
CPIAUCSL,1987-05-01,2026-07-31,113.0,2002-02-20
CPIAUCSL,1987-06-01,1988-02-25,340.2,1987-07-22
CPIAUCSL,1987-06-01,1989-02-21,113.5,1988-02-26
CPIAUCSL,1987-06-01,2002-02-19,113.6,1994-02-17
CPIAUCSL,1987-06-01,2026-07-31,113.5,2002-02-20
CPIAUCSL,1987-07-01,1988-02-25,341.0,1987-08-21
CPIAUCSL,1987-07-01,1989-02-21,113.8,1988-02-26
CPIAUCSL,1987-07-01,1989-03-20,113.9,1989-02-22
CPIAUCSL,1987-07-01,2002-02-19,113.9,1994-02-17
CPIAUCSL,1987-07-01,2026-07-31,113.8,2002-02-20
CPIAUCSL,1987-08-01,1988-02-25,342.6,1987-09-23
CPIAUCSL,1987-08-01,1989-02-21,114.3,1988-02-26
CPIAUCSL,1987-08-01,1989-04-17,114.4,1989-02-22
CPIAUCSL,1987-08-01,2002-02-19,114.4,1994-02-17
CPIAUCSL,1987-08-01,2026-07-31,114.3,2002-02-20
CPIAUCSL,1987-09-01,1988-02-25,343.2,1987-10-23
CPIAUCSL,1987-09-01,1989-05-17,114.6,1988-02-26
CPIAUCSL,1987-09-01,2002-02-19,114.8,1994-02-17
CPIAUCSL,1987-09-01,2026-07-31,114.7,2002-02-20
CPIAUCSL,1987-10-01,1988-02-25,344.5,1987-11-20
CPIAUCSL,1987-10-01,1989-06-15,115.0,1988-02-26
CPIAUCSL,1987-10-01,2002-02-19,115.1,1994-02-17
CPIAUCSL,1987-10-01,2026-07-31,115.0,2002-02-20
CPIAUCSL,1987-11-01,1988-02-25,345.5,1987-12-18
CPIAUCSL,1987-11-01,1989-02-21,115.3,1988-02-26
CPIAUCSL,1987-11-01,1989-07-18,115.4,1989-02-22
CPIAUCSL,1987-11-01,2002-02-19,115.5,1994-02-17
CPIAUCSL,1987-11-01,2026-07-31,115.4,2002-02-20
CPIAUCSL,1987-12-01,1988-02-25,345.9,1988-01-20
CPIAUCSL,1987-12-01,1989-02-21,115.5,1988-02-26
CPIAUCSL,1987-12-01,1989-08-17,115.6,1989-02-22
CPIAUCSL,1987-12-01,2002-02-19,115.7,1994-02-17
CPIAUCSL,1987-12-01,2026-07-31,115.6,2002-02-20
CPIAUCSL,1988-01-01,1989-02-21,115.9,1988-02-26
CPIAUCSL,1988-01-01,1989-09-18,116.1,1989-02-22
CPIAUCSL,1988-01-01,2002-02-19,116.1,1994-02-17
CPIAUCSL,1988-01-01,2026-07-31,116.0,2002-02-20
CPIAUCSL,1988-02-01,1989-02-21,116.1,1988-03-23
CPIAUCSL,1988-02-01,1989-10-18,116.3,1989-02-22
CPIAUCSL,1988-02-01,2026-07-31,116.2,1994-02-17
CPIAUCSL,1988-03-01,1989-11-20,116.7,1988-04-20
CPIAUCSL,1988-03-01,2002-02-19,116.6,1994-02-17
CPIAUCSL,1988-03-01,2026-07-31,116.5,2002-02-20
CPIAUCSL,1988-04-01,1989-12-18,117.2,1988-05-20
CPIAUCSL,1988-04-01,2026-07-31,117.2,1994-02-17
CPIAUCSL,1988-05-01,1989-02-21,117.6,1988-06-21
CPIAUCSL,1988-05-01,1990-01-17,117.7,1989-02-22
CPIAUCSL,1988-05-01,2002-02-19,117.6,1994-02-17
CPIAUCSL,1988-05-01,2026-07-31,117.5,2002-02-20
CPIAUCSL,1988-06-01,1989-02-21,118.0,1988-07-22
CPIAUCSL,1988-06-01,1990-02-20,118.1,1989-02-22
CPIAUCSL,1988-06-01,2002-02-19,118.1,1994-02-17
CPIAUCSL,1988-06-01,2026-07-31,118.0,2002-02-20
CPIAUCSL,1988-07-01,1989-02-21,118.5,1988-08-23
CPIAUCSL,1988-07-01,1990-02-20,118.6,1989-02-22
CPIAUCSL,1988-07-01,2002-02-19,118.6,1994-02-17
CPIAUCSL,1988-07-01,2026-07-31,118.5,2002-02-20
CPIAUCSL,1988-08-01,1990-02-20,119.0,1988-09-21
CPIAUCSL,1988-08-01,2026-07-31,119.0,1994-02-17
CPIAUCSL,1988-09-01,1989-02-21,119.4,1988-10-21
CPIAUCSL,1988-09-01,1990-02-20,119.5,1989-02-22
CPIAUCSL,1988-09-01,2002-02-19,119.6,1994-02-17
CPIAUCSL,1988-09-01,2026-07-31,119.5,2002-02-20
CPIAUCSL,1988-10-01,1989-02-21,119.9,1988-11-22
CPIAUCSL,1988-10-01,1990-06-14,120.0,1989-02-22
CPIAUCSL,1988-10-01,2002-02-19,120.0,1994-02-17
CPIAUCSL,1988-10-01,2026-07-31,119.9,2002-02-20
CPIAUCSL,1988-11-01,1989-02-21,120.2,1988-12-20
CPIAUCSL,1988-11-01,1990-07-17,120.3,1989-02-22
CPIAUCSL,1988-11-01,2002-02-19,120.4,1994-02-17
CPIAUCSL,1988-11-01,2026-07-31,120.3,2002-02-20
CPIAUCSL,1988-12-01,1989-02-21,120.6,1989-01-19
CPIAUCSL,1988-12-01,1990-08-15,120.7,1989-02-22
CPIAUCSL,1988-12-01,2002-02-19,120.8,1994-02-17
CPIAUCSL,1988-12-01,2026-07-31,120.7,2002-02-20
CPIAUCSL,1989-01-01,1990-09-17,121.4,1989-02-22
CPIAUCSL,1989-01-01,2002-02-19,121.3,1994-02-17
CPIAUCSL,1989-01-01,2026-07-31,121.2,2002-02-20
CPIAUCSL,1989-02-01,1990-10-17,121.9,1989-03-21
CPIAUCSL,1989-02-01,2002-02-19,121.7,1994-02-17
CPIAUCSL,1989-02-01,2026-07-31,121.6,2002-02-20
CPIAUCSL,1989-03-01,1990-11-15,122.5,1989-04-18
CPIAUCSL,1989-03-01,2002-02-19,122.3,1994-02-17
CPIAUCSL,1989-03-01,2026-07-31,122.2,2002-02-20
CPIAUCSL,1989-04-01,1990-12-17,123.3,1989-05-18
CPIAUCSL,1989-04-01,2002-02-19,123.2,1994-02-17
CPIAUCSL,1989-04-01,2026-07-31,123.1,2002-02-20
CPIAUCSL,1989-05-01,1990-02-20,124.0,1989-06-16
CPIAUCSL,1989-05-01,1991-01-15,123.8,1990-02-21
CPIAUCSL,1989-05-01,2002-02-19,123.8,1994-02-17
CPIAUCSL,1989-05-01,2026-07-31,123.7,2002-02-20
CPIAUCSL,1989-06-01,1990-02-20,124.2,1989-07-19
CPIAUCSL,1989-06-01,1991-02-19,124.1,1990-02-21
CPIAUCSL,1989-06-01,2026-07-31,124.1,1994-02-17
CPIAUCSL,1989-07-01,1991-03-18,124.5,1989-08-18
CPIAUCSL,1989-07-01,2002-02-19,124.6,1994-02-17
CPIAUCSL,1989-07-01,2026-07-31,124.5,2002-02-20
CPIAUCSL,1989-08-01,1991-02-19,124.5,1989-09-19
CPIAUCSL,1989-08-01,1991-04-11,124.6,1991-02-20
CPIAUCSL,1989-08-01,2002-02-19,124.6,1994-02-17
CPIAUCSL,1989-08-01,2026-07-31,124.5,2002-02-20
CPIAUCSL,1989-09-01,1990-02-20,124.7,1989-10-19
CPIAUCSL,1989-09-01,1991-02-19,124.8,1990-02-21
CPIAUCSL,1989-09-01,1991-05-13,124.9,1991-02-20
CPIAUCSL,1989-09-01,2002-02-19,124.9,1994-02-17
CPIAUCSL,1989-09-01,2026-07-31,124.8,2002-02-20
CPIAUCSL,1989-10-01,1990-02-20,125.3,1989-11-21
CPIAUCSL,1989-10-01,1991-06-13,125.4,1990-02-21
CPIAUCSL,1989-10-01,2002-02-19,125.5,1994-02-17
CPIAUCSL,1989-10-01,2026-07-31,125.4,2002-02-20
CPIAUCSL,1989-11-01,1991-02-19,125.8,1989-12-19
CPIAUCSL,1989-11-01,1991-07-16,125.9,1991-02-20
CPIAUCSL,1989-11-01,2026-07-31,125.9,1994-02-17
CPIAUCSL,1989-12-01,1991-02-19,126.3,1990-01-18
CPIAUCSL,1989-12-01,1991-08-13,126.4,1991-02-20
CPIAUCSL,1989-12-01,2002-02-19,126.4,1994-02-17
CPIAUCSL,1989-12-01,2026-07-31,126.3,2002-02-20
CPIAUCSL,1990-01-01,1991-02-19,127.7,1990-02-21
CPIAUCSL,1990-01-01,1991-09-12,127.6,1991-02-20
CPIAUCSL,1990-01-01,1995-02-14,127.5,1994-02-17
CPIAUCSL,1990-01-01,2002-02-19,127.6,1995-02-15
CPIAUCSL,1990-01-01,2026-07-31,127.5,2002-02-20
CPIAUCSL,1990-02-01,1991-02-19,128.3,1990-03-20
CPIAUCSL,1990-02-01,1991-10-16,128.2,1991-02-20
CPIAUCSL,1990-02-01,1995-02-14,128.0,1994-02-17
CPIAUCSL,1990-02-01,2002-02-19,128.1,1995-02-15
CPIAUCSL,1990-02-01,2026-07-31,128.0,2002-02-20
CPIAUCSL,1990-03-01,1991-02-19,128.9,1990-04-17
CPIAUCSL,1990-03-01,1991-11-13,128.7,1991-02-20
CPIAUCSL,1990-03-01,1995-02-14,128.7,1994-02-17
CPIAUCSL,1990-03-01,2026-07-31,128.6,1995-02-15
CPIAUCSL,1990-04-01,1991-02-19,129.1,1990-05-16
CPIAUCSL,1990-04-01,1991-12-12,129.0,1991-02-20
CPIAUCSL,1990-04-01,2002-02-19,129.0,1994-02-17
CPIAUCSL,1990-04-01,2026-07-31,128.9,2002-02-20
CPIAUCSL,1990-05-01,1991-02-19,129.3,1990-06-15
CPIAUCSL,1990-05-01,1992-01-15,129.2,1991-02-20
CPIAUCSL,1990-05-01,2002-02-19,129.2,1994-02-17
CPIAUCSL,1990-05-01,2026-07-31,129.1,2002-02-20
CPIAUCSL,1990-06-01,1992-02-18,130.0,1990-07-18
CPIAUCSL,1990-06-01,2002-02-19,130.0,1994-02-17
CPIAUCSL,1990-06-01,2026-07-31,129.9,2002-02-20
CPIAUCSL,1990-07-01,1992-02-18,130.5,1990-08-16
CPIAUCSL,1990-07-01,1992-03-16,130.6,1992-02-19
CPIAUCSL,1990-07-01,2002-02-19,130.6,1994-02-17
CPIAUCSL,1990-07-01,2026-07-31,130.5,2002-02-20
CPIAUCSL,1990-08-01,1991-02-19,131.5,1990-09-18
CPIAUCSL,1990-08-01,1992-02-18,131.6,1991-02-20
CPIAUCSL,1990-08-01,1992-04-09,131.7,1992-02-19
CPIAUCSL,1990-08-01,2002-02-19,131.7,1994-02-17
CPIAUCSL,1990-08-01,2026-07-31,131.6,2002-02-20
CPIAUCSL,1990-09-01,1991-02-19,132.5,1990-10-18
CPIAUCSL,1990-09-01,1992-05-12,132.6,1991-02-20
CPIAUCSL,1990-09-01,2002-02-19,132.6,1994-02-17
CPIAUCSL,1990-09-01,2026-07-31,132.5,2002-02-20
CPIAUCSL,1990-10-01,1991-02-19,133.3,1990-11-16
CPIAUCSL,1990-10-01,1992-02-18,133.4,1991-02-20
CPIAUCSL,1990-10-01,1992-06-11,133.5,1992-02-19
CPIAUCSL,1990-10-01,1995-02-14,133.4,1994-02-17
CPIAUCSL,1990-10-01,2002-02-19,133.5,1995-02-15
CPIAUCSL,1990-10-01,2026-07-31,133.4,2002-02-20
CPIAUCSL,1990-11-01,1991-02-19,133.7,1990-12-18
CPIAUCSL,1990-11-01,1992-07-13,133.8,1991-02-20
CPIAUCSL,1990-11-01,1995-02-14,133.9,1994-02-17
CPIAUCSL,1990-11-01,2002-02-19,133.8,1995-02-15
CPIAUCSL,1990-11-01,2026-07-31,133.7,2002-02-20
CPIAUCSL,1990-12-01,1991-02-19,134.1,1991-01-16
CPIAUCSL,1990-12-01,1992-08-12,134.2,1991-02-20
CPIAUCSL,1990-12-01,2002-02-19,134.3,1994-02-17
CPIAUCSL,1990-12-01,2026-07-31,134.2,2002-02-20
CPIAUCSL,1991-01-01,1992-02-18,134.8,1991-02-20
CPIAUCSL,1991-01-01,1992-09-14,134.7,1992-02-19
CPIAUCSL,1991-01-01,2002-02-19,134.8,1994-02-17
CPIAUCSL,1991-01-01,2026-07-31,134.7,2002-02-20
CPIAUCSL,1991-02-01,1992-02-18,135.1,1991-03-19
CPIAUCSL,1991-02-01,1992-10-14,134.9,1992-02-19
CPIAUCSL,1991-02-01,2002-02-19,134.9,1994-02-17
CPIAUCSL,1991-02-01,2026-07-31,134.8,2002-02-20
CPIAUCSL,1991-03-01,1992-02-18,135.0,1991-04-12
CPIAUCSL,1991-03-01,1992-11-12,135.1,1992-02-19
CPIAUCSL,1991-03-01,1996-02-27,135.0,1994-02-17
CPIAUCSL,1991-03-01,2002-02-19,134.9,1996-02-28
CPIAUCSL,1991-03-01,2026-07-31,134.8,2002-02-20
CPIAUCSL,1991-04-01,1992-02-18,135.3,1991-05-14
CPIAUCSL,1991-04-01,1992-12-12,135.4,1992-02-19
CPIAUCSL,1991-04-01,1996-02-27,135.3,1994-02-17
CPIAUCSL,1991-04-01,2002-02-19,135.2,1996-02-28
CPIAUCSL,1991-04-01,2026-07-31,135.1,2002-02-20
CPIAUCSL,1991-05-01,1993-01-14,135.7,1991-06-14
CPIAUCSL,1991-05-01,2002-02-19,135.7,1994-02-17
CPIAUCSL,1991-05-01,2026-07-31,135.6,2002-02-20
CPIAUCSL,1991-06-01,1992-02-18,136.0,1991-07-17
CPIAUCSL,1991-06-01,1993-02-17,136.1,1992-02-19
CPIAUCSL,1991-06-01,1996-02-27,136.0,1994-02-17
CPIAUCSL,1991-06-01,2002-02-19,136.1,1996-02-28
CPIAUCSL,1991-06-01,2026-07-31,136.0,2002-02-20
CPIAUCSL,1991-07-01,1992-02-18,136.3,1991-08-14
CPIAUCSL,1991-07-01,1993-02-17,136.2,1992-02-19
CPIAUCSL,1991-07-01,1993-03-16,136.3,1993-02-18
CPIAUCSL,1991-07-01,1996-02-27,136.4,1994-02-17
CPIAUCSL,1991-07-01,2002-02-19,136.3,1996-02-28
CPIAUCSL,1991-07-01,2026-07-31,136.2,2002-02-20
CPIAUCSL,1991-08-01,1993-04-08,136.6,1991-09-13
CPIAUCSL,1991-08-01,2002-02-19,136.7,1994-02-17
CPIAUCSL,1991-08-01,2026-07-31,136.6,2002-02-20
CPIAUCSL,1991-09-01,1993-02-17,137.1,1991-10-17
CPIAUCSL,1991-09-01,1993-05-12,137.0,1993-02-18
CPIAUCSL,1991-09-01,2002-02-19,137.1,1994-02-17
CPIAUCSL,1991-09-01,2026-07-31,137.0,2002-02-20
CPIAUCSL,1991-10-01,1992-02-18,137.2,1991-11-14
CPIAUCSL,1991-10-01,1993-02-17,137.4,1992-02-19
CPIAUCSL,1991-10-01,1993-06-14,137.3,1993-02-18
CPIAUCSL,1991-10-01,2002-02-19,137.3,1994-02-17
CPIAUCSL,1991-10-01,2026-07-31,137.2,2002-02-20
CPIAUCSL,1991-11-01,1992-02-18,137.8,1991-12-13
CPIAUCSL,1991-11-01,1993-02-17,137.9,1992-02-19
CPIAUCSL,1991-11-01,1993-07-13,137.8,1993-02-18
CPIAUCSL,1991-11-01,2002-02-19,137.9,1994-02-17
CPIAUCSL,1991-11-01,2026-07-31,137.8,2002-02-20
CPIAUCSL,1991-12-01,1993-02-17,138.2,1992-01-16
CPIAUCSL,1991-12-01,1993-08-12,138.1,1993-02-18
CPIAUCSL,1991-12-01,2002-02-19,138.3,1994-02-17
CPIAUCSL,1991-12-01,2026-07-31,138.2,2002-02-20
CPIAUCSL,1992-01-01,1993-02-17,138.3,1992-02-19
CPIAUCSL,1992-01-01,1993-09-13,138.5,1993-02-18
CPIAUCSL,1992-01-01,2002-02-19,138.4,1994-02-17
CPIAUCSL,1992-01-01,2026-07-31,138.3,2002-02-20
CPIAUCSL,1992-02-01,1993-02-17,138.7,1992-03-17
CPIAUCSL,1992-02-01,1993-10-14,138.8,1993-02-18
CPIAUCSL,1992-02-01,1997-02-18,138.6,1994-02-17
CPIAUCSL,1992-02-01,2002-02-19,138.7,1997-02-19
CPIAUCSL,1992-02-01,2026-07-31,138.6,2002-02-20
CPIAUCSL,1992-03-01,1993-02-17,139.4,1992-04-10
CPIAUCSL,1992-03-01,1993-11-09,139.3,1993-02-18
CPIAUCSL,1992-03-01,2002-02-19,139.2,1994-02-17
CPIAUCSL,1992-03-01,2026-07-31,139.1,2002-02-20
CPIAUCSL,1992-04-01,1993-12-09,139.7,1992-05-13
CPIAUCSL,1992-04-01,2002-02-19,139.5,1994-02-17
CPIAUCSL,1992-04-01,2026-07-31,139.4,2002-02-20
CPIAUCSL,1992-05-01,1994-01-12,139.9,1992-06-12
CPIAUCSL,1992-05-01,2002-02-19,139.8,1994-02-17
CPIAUCSL,1992-05-01,2026-07-31,139.7,2002-02-20
CPIAUCSL,1992-06-01,1993-02-17,140.3,1992-07-14
CPIAUCSL,1992-06-01,1994-02-16,140.2,1993-02-18
CPIAUCSL,1992-06-01,1997-02-18,140.3,1994-02-17
CPIAUCSL,1992-06-01,2002-02-19,140.2,1997-02-19
CPIAUCSL,1992-06-01,2026-07-31,140.1,2002-02-20
CPIAUCSL,1992-07-01,1993-02-17,140.5,1992-08-13
CPIAUCSL,1992-07-01,2002-02-19,140.6,1993-02-18
CPIAUCSL,1992-07-01,2026-07-31,140.5,2002-02-20
CPIAUCSL,1992-08-01,1994-02-16,140.9,1992-09-15
CPIAUCSL,1992-08-01,1996-02-27,141.0,1994-02-17
CPIAUCSL,1992-08-01,2002-02-19,140.9,1996-02-28
CPIAUCSL,1992-08-01,2026-07-31,140.8,2002-02-20
CPIAUCSL,1992-09-01,1993-02-17,141.2,1992-10-15
CPIAUCSL,1992-09-01,1994-02-16,141.1,1993-02-18
CPIAUCSL,1992-09-01,2002-02-19,141.2,1994-02-17
CPIAUCSL,1992-09-01,2026-07-31,141.1,2002-02-20
CPIAUCSL,1992-10-01,1993-02-17,141.8,1992-11-13
CPIAUCSL,1992-10-01,1996-02-27,141.7,1993-02-18
CPIAUCSL,1992-10-01,2002-02-19,141.8,1996-02-28
CPIAUCSL,1992-10-01,2026-07-31,141.7,2002-02-20
CPIAUCSL,1992-11-01,1993-02-17,142.1,1992-12-13
CPIAUCSL,1992-11-01,1994-02-16,142.0,1993-02-18
CPIAUCSL,1992-11-01,1996-02-27,142.1,1994-02-17
CPIAUCSL,1992-11-01,2002-02-19,142.2,1996-02-28
CPIAUCSL,1992-11-01,2026-07-31,142.1,2002-02-20
CPIAUCSL,1992-12-01,1994-02-16,142.2,1993-01-15
CPIAUCSL,1992-12-01,2002-02-19,142.4,1994-02-17
CPIAUCSL,1992-12-01,2026-07-31,142.3,2002-02-20
CPIAUCSL,1993-01-01,1994-02-16,142.9,1993-02-18
CPIAUCSL,1993-01-01,1996-02-27,142.7,1994-02-17
CPIAUCSL,1993-01-01,2026-07-31,142.8,1996-02-28
CPIAUCSL,1993-02-01,1994-02-16,143.4,1993-03-17
CPIAUCSL,1993-02-01,2002-02-19,143.2,1994-02-17
CPIAUCSL,1993-02-01,2026-07-31,143.1,2002-02-20
CPIAUCSL,1993-03-01,1994-02-16,143.6,1993-04-09
CPIAUCSL,1993-03-01,1998-02-23,143.5,1994-02-17
CPIAUCSL,1993-03-01,2002-02-19,143.4,1998-02-24
CPIAUCSL,1993-03-01,2026-07-31,143.3,2002-02-20
CPIAUCSL,1993-04-01,1994-02-16,144.2,1993-05-13
CPIAUCSL,1993-04-01,1996-02-27,144.0,1994-02-17
CPIAUCSL,1993-04-01,2002-02-19,143.9,1996-02-28
CPIAUCSL,1993-04-01,2026-07-31,143.8,2002-02-20
CPIAUCSL,1993-05-01,1994-02-16,144.4,1993-06-15
CPIAUCSL,1993-05-01,2002-02-19,144.3,1994-02-17
CPIAUCSL,1993-05-01,2026-07-31,144.2,2002-02-20
CPIAUCSL,1993-06-01,2002-02-19,144.4,1993-07-14
CPIAUCSL,1993-06-01,2026-07-31,144.3,2002-02-20
CPIAUCSL,1993-07-01,1994-02-16,144.5,1993-08-13
CPIAUCSL,1993-07-01,2002-02-19,144.6,1994-02-17
CPIAUCSL,1993-07-01,2026-07-31,144.5,2002-02-20
CPIAUCSL,1993-08-01,1994-02-16,144.9,1993-09-14
CPIAUCSL,1993-08-01,1995-02-14,145.0,1994-02-17
CPIAUCSL,1993-08-01,2002-02-19,144.9,1995-02-15
CPIAUCSL,1993-08-01,2026-07-31,144.8,2002-02-20
CPIAUCSL,1993-09-01,1994-02-16,144.9,1993-10-15
CPIAUCSL,1993-09-01,1995-02-14,145.1,1994-02-17
CPIAUCSL,1993-09-01,1996-02-27,145.0,1995-02-15
CPIAUCSL,1993-09-01,2002-02-19,145.1,1996-02-28
CPIAUCSL,1993-09-01,2026-07-31,145.0,2002-02-20
CPIAUCSL,1993-10-01,1994-02-16,145.5,1993-11-10
CPIAUCSL,1993-10-01,1995-02-14,145.6,1994-02-17
CPIAUCSL,1993-10-01,2002-02-19,145.7,1995-02-15
CPIAUCSL,1993-10-01,2026-07-31,145.6,2002-02-20
CPIAUCSL,1993-11-01,1994-02-16,145.8,1993-12-10
CPIAUCSL,1993-11-01,2026-07-31,146.0,1994-02-17
CPIAUCSL,1993-12-01,1994-02-16,146.1,1994-01-13
CPIAUCSL,1993-12-01,1997-02-18,146.3,1994-02-17
CPIAUCSL,1993-12-01,2002-02-19,146.4,1997-02-19
CPIAUCSL,1993-12-01,2026-07-31,146.3,2002-02-20
CPIAUCSL,1994-01-01,1995-02-14,146.3,1994-02-17
CPIAUCSL,1994-01-01,2002-02-19,146.4,1995-02-15
CPIAUCSL,1994-01-01,2026-07-31,146.3,2002-02-20
CPIAUCSL,1994-02-01,1995-02-14,146.7,1994-03-16
CPIAUCSL,1994-02-01,1996-02-27,146.8,1995-02-15
CPIAUCSL,1994-02-01,1997-02-18,146.7,1996-02-28
CPIAUCSL,1994-02-01,1998-02-23,146.8,1997-02-19
CPIAUCSL,1994-02-01,1999-02-18,146.7,1998-02-24
CPIAUCSL,1994-02-01,2002-02-19,146.8,1999-02-19
CPIAUCSL,1994-02-01,2026-07-31,146.7,2002-02-20
CPIAUCSL,1994-03-01,1995-02-14,147.2,1994-04-13
CPIAUCSL,1994-03-01,1999-02-18,147.1,1995-02-15
CPIAUCSL,1994-03-01,2002-02-19,147.2,1999-02-19
CPIAUCSL,1994-03-01,2026-07-31,147.1,2002-02-20
CPIAUCSL,1994-04-01,1996-02-27,147.4,1994-05-13
CPIAUCSL,1994-04-01,2002-02-19,147.3,1996-02-28
CPIAUCSL,1994-04-01,2026-07-31,147.2,2002-02-20
CPIAUCSL,1994-05-01,1995-02-14,147.7,1994-06-14
CPIAUCSL,1994-05-01,2002-02-19,147.6,1995-02-15
CPIAUCSL,1994-05-01,2026-07-31,147.5,2002-02-20
CPIAUCSL,1994-06-01,1997-02-18,148.1,1994-07-13
CPIAUCSL,1994-06-01,1998-02-23,148.0,1997-02-19
CPIAUCSL,1994-06-01,1999-02-18,148.1,1998-02-24
CPIAUCSL,1994-06-01,2002-02-19,148.0,1999-02-19
CPIAUCSL,1994-06-01,2026-07-31,147.9,2002-02-20
CPIAUCSL,1994-07-01,1995-02-14,148.6,1994-08-12
CPIAUCSL,1994-07-01,1996-02-27,148.5,1995-02-15
CPIAUCSL,1994-07-01,1997-02-18,148.6,1996-02-28
CPIAUCSL,1994-07-01,2002-02-19,148.5,1997-02-19
CPIAUCSL,1994-07-01,2026-07-31,148.4,2002-02-20
CPIAUCSL,1994-08-01,1998-02-23,149.1,1994-09-13
CPIAUCSL,1994-08-01,1999-02-18,149.2,1998-02-24
CPIAUCSL,1994-08-01,2002-02-19,149.1,1999-02-19
CPIAUCSL,1994-08-01,2026-07-31,149.0,2002-02-20
CPIAUCSL,1994-09-01,2002-02-19,149.4,1994-10-14
CPIAUCSL,1994-09-01,2026-07-31,149.3,2002-02-20
CPIAUCSL,1994-10-01,1995-02-14,149.5,1994-11-16
CPIAUCSL,1994-10-01,1996-02-27,149.6,1995-02-15
CPIAUCSL,1994-10-01,1997-02-18,149.5,1996-02-28
CPIAUCSL,1994-10-01,1999-02-18,149.6,1997-02-19
CPIAUCSL,1994-10-01,2002-02-19,149.5,1999-02-19
CPIAUCSL,1994-10-01,2026-07-31,149.4,2002-02-20
CPIAUCSL,1994-11-01,1995-02-14,149.9,1994-12-14
CPIAUCSL,1994-11-01,1996-02-27,149.8,1995-02-15
CPIAUCSL,1994-11-01,1998-02-23,149.9,1996-02-28
CPIAUCSL,1994-11-01,1999-02-18,150.0,1998-02-24
CPIAUCSL,1994-11-01,2002-02-19,149.9,1999-02-19
CPIAUCSL,1994-11-01,2026-07-31,149.8,2002-02-20
CPIAUCSL,1994-12-01,1995-02-14,150.2,1995-01-11
CPIAUCSL,1994-12-01,1996-02-27,150.1,1995-02-15
CPIAUCSL,1994-12-01,1997-02-18,150.2,1996-02-28
CPIAUCSL,1994-12-01,1998-02-23,150.3,1997-02-19
CPIAUCSL,1994-12-01,2002-02-19,150.2,1998-02-24
CPIAUCSL,1994-12-01,2026-07-31,150.1,2002-02-20
CPIAUCSL,1995-01-01,2002-02-19,150.6,1995-02-15
CPIAUCSL,1995-01-01,2026-07-31,150.5,2002-02-20
CPIAUCSL,1995-02-01,1996-02-27,151.0,1995-03-16
CPIAUCSL,1995-02-01,1997-02-18,150.9,1996-02-28
CPIAUCSL,1995-02-01,1998-02-23,151.0,1997-02-19
CPIAUCSL,1995-02-01,1999-02-18,150.9,1998-02-24
CPIAUCSL,1995-02-01,2002-02-19,151.0,1999-02-19
CPIAUCSL,1995-02-01,2026-07-31,150.9,2002-02-20
CPIAUCSL,1995-03-01,1998-02-23,151.3,1995-04-12
CPIAUCSL,1995-03-01,1999-02-18,151.2,1998-02-24
CPIAUCSL,1995-03-01,2002-02-19,151.3,1999-02-19
CPIAUCSL,1995-03-01,2026-07-31,151.2,2002-02-20
CPIAUCSL,1995-04-01,1996-02-27,151.9,1995-05-12
CPIAUCSL,1995-04-01,2000-02-17,151.8,1996-02-28
CPIAUCSL,1995-04-01,2002-02-19,151.9,2000-02-18
CPIAUCSL,1995-04-01,2026-07-31,151.8,2002-02-20
CPIAUCSL,1995-05-01,1996-02-27,152.3,1995-06-13
CPIAUCSL,1995-05-01,1997-02-18,152.2,1996-02-28
CPIAUCSL,1995-05-01,1998-02-23,152.1,1997-02-19
CPIAUCSL,1995-05-01,2002-02-19,152.2,1998-02-24
CPIAUCSL,1995-05-01,2026-07-31,152.1,2002-02-20
CPIAUCSL,1995-06-01,1996-02-27,152.5,1995-07-14
CPIAUCSL,1995-06-01,1997-02-18,152.6,1996-02-28
CPIAUCSL,1995-06-01,2002-02-19,152.5,1997-02-19
CPIAUCSL,1995-06-01,2026-07-31,152.4,2002-02-20
CPIAUCSL,1995-07-01,1996-02-27,152.8,1995-08-11
CPIAUCSL,1995-07-01,1997-02-18,152.7,1996-02-28
CPIAUCSL,1995-07-01,1998-02-23,152.6,1997-02-19
CPIAUCSL,1995-07-01,2002-02-19,152.7,1998-02-24
CPIAUCSL,1995-07-01,2026-07-31,152.6,2002-02-20
CPIAUCSL,1995-08-01,2002-02-19,153.0,1995-09-13
CPIAUCSL,1995-08-01,2026-07-31,152.9,2002-02-20
CPIAUCSL,1995-09-01,2002-02-19,153.2,1995-10-13
CPIAUCSL,1995-09-01,2026-07-31,153.1,2002-02-20
CPIAUCSL,1995-10-01,2002-02-19,153.7,1995-11-15
CPIAUCSL,1995-10-01,2026-07-31,153.5,2002-02-20
CPIAUCSL,1995-11-01,1996-02-27,153.7,1995-12-14
CPIAUCSL,1995-11-01,1998-02-23,153.8,1996-02-28
CPIAUCSL,1995-11-01,1999-02-18,153.9,1998-02-24
CPIAUCSL,1995-11-01,2002-02-19,153.8,1999-02-19
CPIAUCSL,1995-11-01,2026-07-31,153.7,2002-02-20
CPIAUCSL,1995-12-01,1996-02-27,154.0,1996-02-01
CPIAUCSL,1995-12-01,2002-02-19,154.1,1996-02-28
CPIAUCSL,1995-12-01,2026-07-31,153.9,2002-02-20
CPIAUCSL,1996-01-01,2001-02-20,154.7,1996-02-28
CPIAUCSL,1996-01-01,2002-02-19,154.8,2001-02-21
CPIAUCSL,1996-01-01,2026-07-31,154.7,2002-02-20
CPIAUCSL,1996-02-01,1997-02-18,155.0,1996-03-15
CPIAUCSL,1996-02-01,1998-02-23,155.1,1997-02-19
CPIAUCSL,1996-02-01,1999-02-18,155.0,1998-02-24
CPIAUCSL,1996-02-01,2002-02-19,155.1,1999-02-19
CPIAUCSL,1996-02-01,2026-07-31,155.0,2002-02-20
CPIAUCSL,1996-03-01,2000-02-17,155.6,1996-04-12
CPIAUCSL,1996-03-01,2001-02-20,155.7,2000-02-18
CPIAUCSL,1996-03-01,2002-02-19,155.6,2001-02-21
CPIAUCSL,1996-03-01,2026-07-31,155.5,2002-02-20
CPIAUCSL,1996-04-01,1997-02-18,156.2,1996-05-14
CPIAUCSL,1996-04-01,1998-02-23,156.1,1997-02-19
CPIAUCSL,1996-04-01,2002-02-19,156.2,1998-02-24
CPIAUCSL,1996-04-01,2026-07-31,156.1,2002-02-20
CPIAUCSL,1996-05-01,1997-02-18,156.7,1996-06-12
CPIAUCSL,1996-05-01,1998-02-23,156.5,1997-02-19
CPIAUCSL,1996-05-01,2001-02-20,156.6,1998-02-24
CPIAUCSL,1996-05-01,2002-02-19,156.5,2001-02-21
CPIAUCSL,1996-05-01,2026-07-31,156.4,2002-02-20
CPIAUCSL,1996-06-01,1997-02-18,156.8,1996-07-16
CPIAUCSL,1996-06-01,1998-02-23,156.7,1997-02-19
CPIAUCSL,1996-06-01,2002-02-19,156.8,1998-02-24
CPIAUCSL,1996-06-01,2026-07-31,156.7,2002-02-20
CPIAUCSL,1996-07-01,1997-02-18,157.2,1996-08-13
CPIAUCSL,1996-07-01,1998-02-23,157.1,1997-02-19
CPIAUCSL,1996-07-01,2001-02-20,157.2,1998-02-24
CPIAUCSL,1996-07-01,2002-02-19,157.1,2001-02-21
CPIAUCSL,1996-07-01,2026-07-31,157.0,2002-02-20
CPIAUCSL,1996-08-01,1999-02-18,157.4,1996-09-13
CPIAUCSL,1996-08-01,2002-02-19,157.3,1999-02-19
CPIAUCSL,1996-08-01,2026-07-31,157.2,2002-02-20
CPIAUCSL,1996-09-01,1997-02-18,157.8,1996-10-16
CPIAUCSL,1996-09-01,1998-02-23,157.9,1997-02-19
CPIAUCSL,1996-09-01,2002-02-19,157.8,1998-02-24
CPIAUCSL,1996-09-01,2026-07-31,157.7,2002-02-20
CPIAUCSL,1996-10-01,2002-02-19,158.3,1996-11-14
CPIAUCSL,1996-10-01,2026-07-31,158.2,2002-02-20
CPIAUCSL,1996-11-01,1997-02-18,158.7,1996-12-12
CPIAUCSL,1996-11-01,1999-02-18,158.8,1997-02-19
CPIAUCSL,1996-11-01,2001-02-20,158.7,1999-02-19
CPIAUCSL,1996-11-01,2002-02-19,158.8,2001-02-21
CPIAUCSL,1996-11-01,2026-07-31,158.7,2002-02-20
CPIAUCSL,1996-12-01,1997-02-18,159.1,1997-01-14
CPIAUCSL,1996-12-01,1999-02-18,159.2,1997-02-19
CPIAUCSL,1996-12-01,2001-02-20,159.1,1999-02-19
CPIAUCSL,1996-12-01,2002-02-19,159.2,2001-02-21
CPIAUCSL,1996-12-01,2026-07-31,159.1,2002-02-20
CPIAUCSL,1997-01-01,2001-02-20,159.4,1997-02-19
CPIAUCSL,1997-01-01,2002-02-19,159.5,2001-02-21
CPIAUCSL,1997-01-01,2026-07-31,159.4,2002-02-20
CPIAUCSL,1997-02-01,1998-02-23,159.8,1997-03-19
CPIAUCSL,1997-02-01,1999-02-18,159.7,1998-02-24
CPIAUCSL,1997-02-01,2001-02-20,159.8,1999-02-19
CPIAUCSL,1997-02-01,2002-02-19,159.9,2001-02-21
CPIAUCSL,1997-02-01,2026-07-31,159.7,2002-02-20
CPIAUCSL,1997-03-01,1998-02-23,159.9,1997-04-15
CPIAUCSL,1997-03-01,1999-02-18,159.8,1998-02-24
CPIAUCSL,1997-03-01,2000-02-17,159.9,1999-02-19
CPIAUCSL,1997-03-01,2001-02-20,160.0,2000-02-18
CPIAUCSL,1997-03-01,2002-02-19,159.9,2001-02-21
CPIAUCSL,1997-03-01,2026-07-31,159.8,2002-02-20
CPIAUCSL,1997-04-01,1999-02-18,160.0,1997-05-15
CPIAUCSL,1997-04-01,2001-02-20,160.1,1999-02-19
CPIAUCSL,1997-04-01,2002-02-19,160.0,2001-02-21
CPIAUCSL,1997-04-01,2026-07-31,159.9,2002-02-20
CPIAUCSL,1997-05-01,2002-02-19,160.1,1997-06-17
CPIAUCSL,1997-05-01,2026-07-31,159.9,2002-02-20
CPIAUCSL,1997-06-01,1998-02-23,160.3,1997-07-16
CPIAUCSL,1997-06-01,1999-02-18,160.4,1998-02-24
CPIAUCSL,1997-06-01,2000-02-17,160.3,1999-02-19
CPIAUCSL,1997-06-01,2001-02-20,160.4,2000-02-18
CPIAUCSL,1997-06-01,2002-02-19,160.3,2001-02-21
CPIAUCSL,1997-06-01,2026-07-31,160.2,2002-02-20
CPIAUCSL,1997-07-01,2001-02-20,160.6,1997-08-14
CPIAUCSL,1997-07-01,2002-02-19,160.5,2001-02-21
CPIAUCSL,1997-07-01,2026-07-31,160.4,2002-02-20
CPIAUCSL,1997-08-01,2000-02-17,160.9,1997-09-16
CPIAUCSL,1997-08-01,2026-07-31,160.8,2000-02-18
CPIAUCSL,1997-09-01,2002-02-19,161.3,1997-10-16
CPIAUCSL,1997-09-01,2026-07-31,161.2,2002-02-20
CPIAUCSL,1997-10-01,1999-02-18,161.6,1997-11-18
CPIAUCSL,1997-10-01,2000-02-17,161.5,1999-02-19
CPIAUCSL,1997-10-01,2002-02-19,161.6,2000-02-18
CPIAUCSL,1997-10-01,2026-07-31,161.5,2002-02-20
CPIAUCSL,1997-11-01,1999-02-18,161.8,1997-12-16
CPIAUCSL,1997-11-01,2001-02-20,161.7,1999-02-19
CPIAUCSL,1997-11-01,2002-02-19,161.8,2001-02-21
CPIAUCSL,1997-11-01,2026-07-31,161.7,2002-02-20
CPIAUCSL,1997-12-01,1999-02-18,161.9,1998-01-13
CPIAUCSL,1997-12-01,2001-02-20,161.8,1999-02-19
CPIAUCSL,1997-12-01,2002-02-19,161.9,2001-02-21
CPIAUCSL,1997-12-01,2026-07-31,161.8,2002-02-20
CPIAUCSL,1998-01-01,1999-02-18,161.9,1998-02-24
CPIAUCSL,1998-01-01,2001-02-20,162.0,1999-02-19
CPIAUCSL,1998-01-01,2002-02-19,162.1,2001-02-21
CPIAUCSL,1998-01-01,2026-07-31,162.0,2002-02-20
CPIAUCSL,1998-02-01,1999-02-18,162.0,1998-03-19
CPIAUCSL,1998-02-01,2001-02-20,162.1,1999-02-19
CPIAUCSL,1998-02-01,2002-02-19,162.2,2001-02-21
CPIAUCSL,1998-02-01,2026-07-31,162.0,2002-02-20
CPIAUCSL,1998-03-01,1999-02-18,162.0,1998-04-14
CPIAUCSL,1998-03-01,2000-02-17,162.1,1999-02-19
CPIAUCSL,1998-03-01,2002-02-19,162.2,2000-02-18
CPIAUCSL,1998-03-01,2026-07-31,162.0,2002-02-20
CPIAUCSL,1998-04-01,1999-02-18,162.4,1998-05-14
CPIAUCSL,1998-04-01,2001-02-20,162.5,1999-02-19
CPIAUCSL,1998-04-01,2002-02-19,162.4,2001-02-21
CPIAUCSL,1998-04-01,2026-07-31,162.2,2002-02-20
CPIAUCSL,1998-05-01,2000-02-17,162.9,1998-06-16
CPIAUCSL,1998-05-01,2001-02-20,162.8,2000-02-18
CPIAUCSL,1998-05-01,2002-02-19,162.7,2001-02-21
CPIAUCSL,1998-05-01,2026-07-31,162.6,2002-02-20
CPIAUCSL,1998-06-01,2001-02-20,163.0,1998-07-14
CPIAUCSL,1998-06-01,2002-02-19,162.9,2001-02-21
CPIAUCSL,1998-06-01,2026-07-31,162.8,2002-02-20
CPIAUCSL,1998-07-01,2001-02-20,163.3,1998-08-18
CPIAUCSL,1998-07-01,2002-02-19,163.2,2001-02-21
CPIAUCSL,1998-07-01,2003-02-20,163.1,2002-02-20
CPIAUCSL,1998-07-01,2026-07-31,163.2,2003-02-21
CPIAUCSL,1998-08-01,1999-02-18,163.6,1998-09-17
CPIAUCSL,1998-08-01,2002-02-19,163.5,1999-02-19
CPIAUCSL,1998-08-01,2026-07-31,163.4,2002-02-20
CPIAUCSL,1998-09-01,2001-02-20,163.6,1998-10-16
CPIAUCSL,1998-09-01,2026-07-31,163.5,2001-02-21
CPIAUCSL,1998-10-01,1999-02-18,164.0,1998-11-17
CPIAUCSL,1998-10-01,2026-07-31,163.9,1999-02-19
CPIAUCSL,1998-11-01,1999-02-18,164.3,1998-12-15
CPIAUCSL,1998-11-01,2002-02-19,164.2,1999-02-19
CPIAUCSL,1998-11-01,2026-07-31,164.1,2002-02-20
CPIAUCSL,1998-12-01,1999-02-18,164.5,1999-01-14
CPIAUCSL,1998-12-01,2001-02-20,164.4,1999-02-19
CPIAUCSL,1998-12-01,2003-02-20,164.5,2001-02-21
CPIAUCSL,1998-12-01,2026-07-31,164.4,2003-02-21
CPIAUCSL,1999-01-01,2000-02-17,164.6,1999-02-19
CPIAUCSL,1999-01-01,2001-02-20,164.7,2000-02-18
CPIAUCSL,1999-01-01,2003-02-20,164.8,2001-02-21
CPIAUCSL,1999-01-01,2026-07-31,164.7,2003-02-21
CPIAUCSL,1999-02-01,2000-02-17,164.7,1999-03-18
CPIAUCSL,1999-02-01,2002-02-19,164.8,2000-02-18
CPIAUCSL,1999-02-01,2003-02-20,164.7,2002-02-20
CPIAUCSL,1999-02-01,2004-02-19,164.6,2003-02-21
CPIAUCSL,1999-02-01,2026-07-31,164.7,2004-02-20
CPIAUCSL,1999-03-01,2000-02-17,165.0,1999-04-13
CPIAUCSL,1999-03-01,2001-02-20,165.1,2000-02-18
CPIAUCSL,1999-03-01,2002-02-19,165.0,2001-02-21
CPIAUCSL,1999-03-01,2003-02-20,164.9,2002-02-20
CPIAUCSL,1999-03-01,2026-07-31,164.8,2003-02-21
CPIAUCSL,1999-04-01,2001-02-20,166.2,1999-05-14
CPIAUCSL,1999-04-01,2002-02-19,166.0,2001-02-21
CPIAUCSL,1999-04-01,2003-02-20,165.9,2002-02-20
CPIAUCSL,1999-04-01,2004-02-19,165.8,2003-02-21
CPIAUCSL,1999-04-01,2026-07-31,165.9,2004-02-20
CPIAUCSL,1999-05-01,2001-02-20,166.2,1999-06-16
CPIAUCSL,1999-05-01,2026-07-31,166.0,2001-02-21
CPIAUCSL,1999-06-01,2001-02-20,166.2,1999-07-15
CPIAUCSL,1999-06-01,2002-02-19,166.1,2001-02-21
CPIAUCSL,1999-06-01,2003-02-20,166.0,2002-02-20
CPIAUCSL,1999-06-01,2004-02-19,166.1,2003-02-21
CPIAUCSL,1999-06-01,2026-07-31,166.0,2004-02-20
CPIAUCSL,1999-07-01,2002-02-19,166.7,1999-08-17
CPIAUCSL,1999-07-01,2003-02-20,166.6,2002-02-20
CPIAUCSL,1999-07-01,2026-07-31,166.7,2003-02-21
CPIAUCSL,1999-08-01,2001-02-20,167.2,1999-09-15
CPIAUCSL,1999-08-01,2026-07-31,167.1,2001-02-21
CPIAUCSL,1999-09-01,2000-02-17,167.9,1999-10-19
CPIAUCSL,1999-09-01,2002-02-19,167.8,2000-02-18
CPIAUCSL,1999-09-01,2003-02-20,167.7,2002-02-20
CPIAUCSL,1999-09-01,2026-07-31,167.8,2003-02-21
CPIAUCSL,1999-10-01,2000-02-17,168.2,1999-11-17
CPIAUCSL,1999-10-01,2001-02-20,168.1,2000-02-18
CPIAUCSL,1999-10-01,2002-02-19,168.2,2001-02-21
CPIAUCSL,1999-10-01,2026-07-31,168.1,2002-02-20
CPIAUCSL,1999-11-01,2001-02-20,168.4,1999-12-14
CPIAUCSL,1999-11-01,2002-02-19,168.5,2001-02-21
CPIAUCSL,1999-11-01,2026-07-31,168.4,2002-02-20
CPIAUCSL,1999-12-01,2001-02-20,168.8,2000-01-14
CPIAUCSL,1999-12-01,2003-02-20,168.9,2001-02-21
CPIAUCSL,1999-12-01,2026-07-31,168.8,2003-02-21
CPIAUCSL,2000-01-01,2000-09-27,169.1,2000-02-18
CPIAUCSL,2000-01-01,2001-02-20,169.2,2000-09-28
CPIAUCSL,2000-01-01,2002-02-19,169.4,2001-02-21
CPIAUCSL,2000-01-01,2026-07-31,169.3,2002-02-20
CPIAUCSL,2000-02-01,2000-09-27,170.0,2000-03-17
CPIAUCSL,2000-02-01,2001-02-20,170.1,2000-09-28
CPIAUCSL,2000-02-01,2002-02-19,170.2,2001-02-21
CPIAUCSL,2000-02-01,2003-02-20,170.0,2002-02-20
CPIAUCSL,2000-02-01,2005-02-17,169.9,2003-02-21
CPIAUCSL,2000-02-01,2026-07-31,170.0,2005-02-18
CPIAUCSL,2000-03-01,2000-09-27,171.2,2000-04-14
CPIAUCSL,2000-03-01,2001-02-20,171.3,2000-09-28
CPIAUCSL,2000-03-01,2002-02-19,171.2,2001-02-21
CPIAUCSL,2000-03-01,2026-07-31,171.0,2002-02-20
CPIAUCSL,2000-04-01,2000-09-27,171.2,2000-05-16
CPIAUCSL,2000-04-01,2001-02-20,171.3,2000-09-28
CPIAUCSL,2000-04-01,2002-02-19,171.1,2001-02-21
CPIAUCSL,2000-04-01,2003-02-20,171.0,2002-02-20
CPIAUCSL,2000-04-01,2026-07-31,170.9,2003-02-21
CPIAUCSL,2000-05-01,2000-09-27,171.3,2000-06-14
CPIAUCSL,2000-05-01,2001-02-20,171.5,2000-09-28
CPIAUCSL,2000-05-01,2002-02-19,171.3,2001-02-21
CPIAUCSL,2000-05-01,2026-07-31,171.2,2002-02-20
CPIAUCSL,2000-06-01,2000-09-27,172.3,2000-07-18
CPIAUCSL,2000-06-01,2001-02-20,172.4,2000-09-28
CPIAUCSL,2000-06-01,2003-02-20,172.2,2001-02-21
CPIAUCSL,2000-06-01,2004-02-19,172.3,2003-02-21
CPIAUCSL,2000-06-01,2026-07-31,172.2,2004-02-20
CPIAUCSL,2000-07-01,2000-09-27,172.7,2000-08-16
CPIAUCSL,2000-07-01,2001-02-20,172.8,2000-09-28
CPIAUCSL,2000-07-01,2002-02-19,172.7,2001-02-21
CPIAUCSL,2000-07-01,2003-02-20,172.6,2002-02-20
CPIAUCSL,2000-07-01,2026-07-31,172.7,2003-02-21
CPIAUCSL,2000-08-01,2000-09-27,172.6,2000-09-15
CPIAUCSL,2000-08-01,2001-02-20,172.7,2000-09-28
CPIAUCSL,2000-08-01,2002-02-19,172.8,2001-02-21
CPIAUCSL,2000-08-01,2026-07-31,172.7,2002-02-20
CPIAUCSL,2000-09-01,2026-07-31,173.6,2000-10-18
CPIAUCSL,2000-10-01,2026-07-31,173.9,2000-11-16
CPIAUCSL,2000-11-01,2001-02-20,174.2,2000-12-15
CPIAUCSL,2000-11-01,2002-02-19,174.3,2001-02-21
CPIAUCSL,2000-11-01,2026-07-31,174.2,2002-02-20
CPIAUCSL,2000-12-01,2001-02-20,174.5,2001-01-17
CPIAUCSL,2000-12-01,2026-07-31,174.6,2001-02-21
CPIAUCSL,2001-01-01,2002-02-19,175.7,2001-02-21
CPIAUCSL,2001-01-01,2026-07-31,175.6,2002-02-20
CPIAUCSL,2001-02-01,2002-02-19,176.2,2001-03-21
CPIAUCSL,2001-02-01,2004-02-19,176.0,2002-02-20
CPIAUCSL,2001-02-01,2005-02-17,175.9,2004-02-20
CPIAUCSL,2001-02-01,2026-07-31,176.0,2005-02-18
CPIAUCSL,2001-03-01,2002-02-19,176.3,2001-04-17
CPIAUCSL,2001-03-01,2003-02-20,176.1,2002-02-20
CPIAUCSL,2001-03-01,2005-02-17,176.0,2003-02-21
CPIAUCSL,2001-03-01,2026-07-31,176.1,2005-02-18
CPIAUCSL,2001-04-01,2002-02-19,176.8,2001-05-16
CPIAUCSL,2001-04-01,2003-02-20,176.6,2002-02-20
CPIAUCSL,2001-04-01,2005-02-17,176.5,2003-02-21
CPIAUCSL,2001-04-01,2006-02-16,176.6,2005-02-18
CPIAUCSL,2001-04-01,2026-07-31,176.4,2006-02-17
CPIAUCSL,2001-05-01,2002-02-19,177.5,2001-06-15
CPIAUCSL,2001-05-01,2006-02-16,177.4,2002-02-20
CPIAUCSL,2001-05-01,2026-07-31,177.3,2006-02-17
CPIAUCSL,2001-06-01,2002-02-19,177.9,2001-07-18
CPIAUCSL,2001-06-01,2003-02-20,177.8,2002-02-20
CPIAUCSL,2001-06-01,2004-02-19,177.9,2003-02-21
CPIAUCSL,2001-06-01,2006-02-16,177.8,2004-02-20
CPIAUCSL,2001-06-01,2026-07-31,177.7,2006-02-17
CPIAUCSL,2001-07-01,2002-02-19,177.4,2001-08-16
CPIAUCSL,2001-07-01,2003-02-20,177.3,2002-02-20
CPIAUCSL,2001-07-01,2004-02-19,177.5,2003-02-21
CPIAUCSL,2001-07-01,2026-07-31,177.4,2004-02-20
CPIAUCSL,2001-08-01,2002-02-19,177.5,2001-09-18
CPIAUCSL,2001-08-01,2003-02-20,177.4,2002-02-20
CPIAUCSL,2001-08-01,2006-02-16,177.5,2003-02-21
CPIAUCSL,2001-08-01,2026-07-31,177.4,2006-02-17
CPIAUCSL,2001-09-01,2002-02-19,178.2,2001-10-19
CPIAUCSL,2001-09-01,2026-07-31,178.1,2002-02-20
CPIAUCSL,2001-10-01,2005-02-17,177.6,2001-11-16
CPIAUCSL,2001-10-01,2006-02-16,177.5,2005-02-18
CPIAUCSL,2001-10-01,2026-07-31,177.6,2006-02-17
CPIAUCSL,2001-11-01,2002-02-19,177.6,2001-12-14
CPIAUCSL,2001-11-01,2003-02-20,177.5,2002-02-20
CPIAUCSL,2001-11-01,2004-02-19,177.4,2003-02-21
CPIAUCSL,2001-11-01,2026-07-31,177.5,2004-02-20
CPIAUCSL,2001-12-01,2004-02-19,177.3,2002-01-16
CPIAUCSL,2001-12-01,2005-02-17,177.2,2004-02-20
CPIAUCSL,2001-12-01,2006-02-16,177.3,2005-02-18
CPIAUCSL,2001-12-01,2026-07-31,177.4,2006-02-17
CPIAUCSL,2002-01-01,2005-02-17,177.6,2002-02-20
CPIAUCSL,2002-01-01,2026-07-31,177.7,2005-02-18
CPIAUCSL,2002-02-01,2003-02-20,178.0,2002-03-21
CPIAUCSL,2002-02-01,2006-02-16,177.9,2003-02-21
CPIAUCSL,2002-02-01,2026-07-31,178.0,2006-02-17
CPIAUCSL,2002-03-01,2003-02-20,178.6,2002-04-16
CPIAUCSL,2002-03-01,2005-02-17,178.5,2003-02-21
CPIAUCSL,2002-03-01,2007-02-15,178.6,2005-02-18
CPIAUCSL,2002-03-01,2026-07-31,178.5,2007-02-16
CPIAUCSL,2002-04-01,2003-02-20,179.5,2002-05-15
CPIAUCSL,2002-04-01,2004-02-19,179.3,2003-02-21
CPIAUCSL,2002-04-01,2006-02-16,179.4,2004-02-20
CPIAUCSL,2002-04-01,2026-07-31,179.3,2006-02-17
CPIAUCSL,2002-05-01,2006-02-16,179.5,2002-06-18
CPIAUCSL,2002-05-01,2007-02-15,179.4,2006-02-17
CPIAUCSL,2002-05-01,2026-07-31,179.5,2007-02-16
CPIAUCSL,2002-06-01,2003-02-20,179.7,2002-07-19
CPIAUCSL,2002-06-01,2004-02-19,179.8,2003-02-21
CPIAUCSL,2002-06-01,2005-02-17,179.7,2004-02-20
CPIAUCSL,2002-06-01,2026-07-31,179.6,2005-02-18
CPIAUCSL,2002-07-01,2003-02-20,179.9,2002-08-16
CPIAUCSL,2002-07-01,2005-02-17,180.1,2003-02-21
CPIAUCSL,2002-07-01,2026-07-31,180.0,2005-02-18
CPIAUCSL,2002-08-01,2004-02-19,180.5,2002-09-18
CPIAUCSL,2002-08-01,2005-02-17,180.6,2004-02-20
CPIAUCSL,2002-08-01,2026-07-31,180.5,2005-02-18
CPIAUCSL,2002-09-01,2003-02-20,180.8,2002-10-18
CPIAUCSL,2002-09-01,2005-02-17,180.9,2003-02-21
CPIAUCSL,2002-09-01,2026-07-31,180.8,2005-02-18
CPIAUCSL,2002-10-01,2003-02-20,181.3,2002-11-19
CPIAUCSL,2002-10-01,2005-02-17,181.2,2003-02-21
CPIAUCSL,2002-10-01,2006-02-16,181.1,2005-02-18
CPIAUCSL,2002-10-01,2026-07-31,181.2,2006-02-17
CPIAUCSL,2002-11-01,2003-02-20,181.5,2002-12-17
CPIAUCSL,2002-11-01,2006-02-16,181.4,2003-02-21
CPIAUCSL,2002-11-01,2026-07-31,181.5,2006-02-17
CPIAUCSL,2002-12-01,2006-02-16,181.6,2003-01-16
CPIAUCSL,2002-12-01,2007-02-15,181.7,2006-02-17
CPIAUCSL,2002-12-01,2026-07-31,181.8,2007-02-16
CPIAUCSL,2003-01-01,2005-02-17,182.2,2003-02-21
CPIAUCSL,2003-01-01,2008-02-14,182.3,2005-02-18
CPIAUCSL,2003-01-01,2026-07-31,182.6,2008-02-15
CPIAUCSL,2003-02-01,2004-02-19,183.3,2003-03-21
CPIAUCSL,2003-02-01,2005-02-17,183.2,2004-02-20
CPIAUCSL,2003-02-01,2008-02-14,183.3,2005-02-18
CPIAUCSL,2003-02-01,2026-07-31,183.6,2008-02-15
CPIAUCSL,2003-03-01,2004-02-19,183.9,2003-04-16
CPIAUCSL,2003-03-01,2005-02-17,184.0,2004-02-20
CPIAUCSL,2003-03-01,2007-02-15,184.1,2005-02-18
CPIAUCSL,2003-03-01,2008-02-14,184.0,2007-02-16
CPIAUCSL,2003-03-01,2026-07-31,183.9,2008-02-15
CPIAUCSL,2003-04-01,2004-02-19,183.3,2003-05-16
CPIAUCSL,2003-04-01,2005-02-17,183.4,2004-02-20
CPIAUCSL,2003-04-01,2006-02-16,183.5,2005-02-18
CPIAUCSL,2003-04-01,2008-02-14,183.3,2006-02-17
CPIAUCSL,2003-04-01,2026-07-31,183.2,2008-02-15
CPIAUCSL,2003-05-01,2006-02-16,183.3,2003-06-17
CPIAUCSL,2003-05-01,2008-02-14,183.2,2006-02-17
CPIAUCSL,2003-05-01,2026-07-31,182.9,2008-02-15
CPIAUCSL,2003-06-01,2004-02-19,183.6,2003-07-16
CPIAUCSL,2003-06-01,2005-02-17,183.5,2004-02-20
CPIAUCSL,2003-06-01,2008-02-14,183.4,2005-02-18
CPIAUCSL,2003-06-01,2026-07-31,183.1,2008-02-15
CPIAUCSL,2003-07-01,2004-02-19,183.9,2003-08-15
CPIAUCSL,2003-07-01,2008-02-14,183.8,2004-02-20
CPIAUCSL,2003-07-01,2026-07-31,183.7,2008-02-15
CPIAUCSL,2003-08-01,2005-02-17,184.5,2003-09-16
CPIAUCSL,2003-08-01,2006-02-16,184.4,2005-02-18
CPIAUCSL,2003-08-01,2026-07-31,184.5,2006-02-17
CPIAUCSL,2003-09-01,2004-02-19,185.0,2003-10-16
CPIAUCSL,2003-09-01,2005-02-17,185.1,2004-02-20
CPIAUCSL,2003-09-01,2008-02-14,185.0,2005-02-18
CPIAUCSL,2003-09-01,2026-07-31,185.1,2008-02-15
CPIAUCSL,2003-10-01,2004-02-19,185.0,2003-11-18
CPIAUCSL,2003-10-01,2005-02-17,184.9,2004-02-20
CPIAUCSL,2003-10-01,2006-02-16,184.8,2005-02-18
CPIAUCSL,2003-10-01,2026-07-31,184.9,2006-02-17
CPIAUCSL,2003-11-01,2006-02-16,184.6,2003-12-16
CPIAUCSL,2003-11-01,2008-02-14,184.7,2006-02-17
CPIAUCSL,2003-11-01,2026-07-31,185.0,2008-02-15
CPIAUCSL,2003-12-01,2004-02-19,185.0,2004-01-15
CPIAUCSL,2003-12-01,2005-02-17,184.9,2004-02-20
CPIAUCSL,2003-12-01,2006-02-16,185.0,2005-02-18
CPIAUCSL,2003-12-01,2007-02-15,185.1,2006-02-17
CPIAUCSL,2003-12-01,2008-02-14,185.2,2007-02-16
CPIAUCSL,2003-12-01,2026-07-31,185.5,2008-02-15
CPIAUCSL,2004-01-01,2005-02-17,185.8,2004-02-20
CPIAUCSL,2004-01-01,2008-02-14,185.9,2005-02-18
CPIAUCSL,2004-01-01,2009-02-17,186.2,2008-02-15
CPIAUCSL,2004-01-01,2026-07-31,186.3,2009-02-18
CPIAUCSL,2004-02-01,2005-02-17,186.3,2004-03-17
CPIAUCSL,2004-02-01,2008-02-14,186.5,2005-02-18
CPIAUCSL,2004-02-01,2026-07-31,186.7,2008-02-15
CPIAUCSL,2004-03-01,2005-02-17,187.2,2004-04-14
CPIAUCSL,2004-03-01,2007-02-15,187.3,2005-02-18
CPIAUCSL,2004-03-01,2008-02-14,187.2,2007-02-16
CPIAUCSL,2004-03-01,2026-07-31,187.1,2008-02-15
CPIAUCSL,2004-04-01,2005-02-17,187.6,2004-05-14
CPIAUCSL,2004-04-01,2006-02-16,187.7,2005-02-18
CPIAUCSL,2004-04-01,2008-02-14,187.5,2006-02-17
CPIAUCSL,2004-04-01,2026-07-31,187.4,2008-02-15
CPIAUCSL,2004-05-01,2006-02-16,188.8,2004-06-15
CPIAUCSL,2004-05-01,2008-02-14,188.6,2006-02-17
CPIAUCSL,2004-05-01,2026-07-31,188.2,2008-02-15
CPIAUCSL,2004-06-01,2005-02-17,189.4,2004-07-16
CPIAUCSL,2004-06-01,2006-02-16,189.3,2005-02-18
CPIAUCSL,2004-06-01,2007-02-15,189.2,2006-02-17
CPIAUCSL,2004-06-01,2008-02-14,189.3,2007-02-16
CPIAUCSL,2004-06-01,2026-07-31,188.9,2008-02-15
CPIAUCSL,2004-07-01,2005-02-17,189.3,2004-08-17
CPIAUCSL,2004-07-01,2007-02-15,189.2,2005-02-18
CPIAUCSL,2004-07-01,2008-02-14,189.3,2007-02-16
CPIAUCSL,2004-07-01,2026-07-31,189.1,2008-02-15
CPIAUCSL,2004-08-01,2005-02-17,189.4,2004-09-16
CPIAUCSL,2004-08-01,2006-02-16,189.3,2005-02-18
CPIAUCSL,2004-08-01,2009-02-17,189.4,2006-02-17
CPIAUCSL,2004-08-01,2026-07-31,189.2,2009-02-18
CPIAUCSL,2004-09-01,2005-02-17,189.7,2004-10-19
CPIAUCSL,2004-09-01,2006-02-16,189.6,2005-02-18
CPIAUCSL,2004-09-01,2008-02-14,189.7,2006-02-17
CPIAUCSL,2004-09-01,2026-07-31,189.8,2008-02-15
CPIAUCSL,2004-10-01,2005-02-17,190.9,2004-11-17
CPIAUCSL,2004-10-01,2006-02-16,190.7,2005-02-18
CPIAUCSL,2004-10-01,2026-07-31,190.8,2006-02-17
CPIAUCSL,2004-11-01,2007-02-15,191.2,2004-12-17
CPIAUCSL,2004-11-01,2008-02-14,191.3,2007-02-16
CPIAUCSL,2004-11-01,2009-02-17,191.6,2008-02-15
CPIAUCSL,2004-11-01,2026-07-31,191.7,2009-02-18
CPIAUCSL,2004-12-01,2005-02-17,191.1,2005-01-19
CPIAUCSL,2004-12-01,2007-02-15,191.2,2005-02-18
CPIAUCSL,2004-12-01,2008-02-14,191.3,2007-02-16
CPIAUCSL,2004-12-01,2026-07-31,191.7,2008-02-15
CPIAUCSL,2005-01-01,2006-02-16,191.3,2005-02-23
CPIAUCSL,2005-01-01,2007-02-15,191.4,2006-02-17
CPIAUCSL,2005-01-01,2008-02-14,191.3,2007-02-16
CPIAUCSL,2005-01-01,2009-02-17,191.7,2008-02-15
CPIAUCSL,2005-01-01,2010-02-16,191.8,2009-02-18
CPIAUCSL,2005-01-01,2026-07-31,191.6,2010-02-17
CPIAUCSL,2005-02-01,2006-02-16,192.0,2005-03-23
CPIAUCSL,2005-02-01,2008-02-14,192.1,2006-02-17
CPIAUCSL,2005-02-01,2009-02-17,192.3,2008-02-15
CPIAUCSL,2005-02-01,2026-07-31,192.4,2009-02-18
CPIAUCSL,2005-03-01,2007-02-15,193.2,2005-04-20
CPIAUCSL,2005-03-01,2008-02-14,193.0,2007-02-16
CPIAUCSL,2005-03-01,2009-02-17,192.9,2008-02-15
CPIAUCSL,2005-03-01,2026-07-31,193.1,2009-02-18
CPIAUCSL,2005-04-01,2006-02-16,194.2,2005-05-18
CPIAUCSL,2005-04-01,2007-02-15,194.1,2006-02-17
CPIAUCSL,2005-04-01,2008-02-14,193.9,2007-02-16
CPIAUCSL,2005-04-01,2010-02-16,193.8,2008-02-15
CPIAUCSL,2005-04-01,2026-07-31,193.7,2010-02-17
CPIAUCSL,2005-05-01,2006-02-16,194.1,2005-06-15
CPIAUCSL,2005-05-01,2008-02-14,194.0,2006-02-17
CPIAUCSL,2005-05-01,2010-02-16,193.5,2008-02-15
CPIAUCSL,2005-05-01,2026-07-31,193.6,2010-02-17
CPIAUCSL,2005-06-01,2006-02-16,194.1,2005-07-14
CPIAUCSL,2005-06-01,2007-02-15,193.9,2006-02-17
CPIAUCSL,2005-06-01,2008-02-14,194.0,2007-02-16
CPIAUCSL,2005-06-01,2010-02-16,193.6,2008-02-15
CPIAUCSL,2005-06-01,2026-07-31,193.7,2010-02-17
CPIAUCSL,2005-07-01,2008-02-14,195.1,2005-08-16
CPIAUCSL,2005-07-01,2009-02-17,194.9,2008-02-15
CPIAUCSL,2005-07-01,2010-02-16,194.7,2009-02-18
CPIAUCSL,2005-07-01,2026-07-31,194.9,2010-02-17
CPIAUCSL,2005-08-01,2006-02-16,196.1,2005-09-15
CPIAUCSL,2005-08-01,2009-02-17,196.2,2006-02-17
CPIAUCSL,2005-08-01,2010-02-16,196.0,2009-02-18
CPIAUCSL,2005-08-01,2026-07-31,196.1,2010-02-17
CPIAUCSL,2005-09-01,2006-02-16,198.5,2005-10-14
CPIAUCSL,2005-09-01,2008-02-14,198.6,2006-02-17
CPIAUCSL,2005-09-01,2009-02-17,198.8,2008-02-15
CPIAUCSL,2005-09-01,2010-02-16,198.7,2009-02-18
CPIAUCSL,2005-09-01,2026-07-31,198.8,2010-02-17
CPIAUCSL,2005-10-01,2006-02-16,198.9,2005-11-16
CPIAUCSL,2005-10-01,2007-02-15,199.1,2006-02-17
CPIAUCSL,2005-10-01,2010-02-16,199.2,2007-02-16
CPIAUCSL,2005-10-01,2026-07-31,199.1,2010-02-17
CPIAUCSL,2005-11-01,2007-02-15,197.8,2005-12-15
CPIAUCSL,2005-11-01,2008-02-14,197.9,2007-02-16
CPIAUCSL,2005-11-01,2009-02-17,198.3,2008-02-15
CPIAUCSL,2005-11-01,2010-02-16,198.4,2009-02-18
CPIAUCSL,2005-11-01,2026-07-31,198.1,2010-02-17
CPIAUCSL,2005-12-01,2007-02-15,197.7,2006-01-18
CPIAUCSL,2005-12-01,2008-02-14,197.8,2007-02-16
CPIAUCSL,2005-12-01,2009-02-17,198.2,2008-02-15
CPIAUCSL,2005-12-01,2010-02-16,198.3,2009-02-18
CPIAUCSL,2005-12-01,2026-07-31,198.1,2010-02-17
CPIAUCSL,2006-01-01,2008-02-14,199.0,2006-02-22
CPIAUCSL,2006-01-01,2010-02-16,199.4,2008-02-15
CPIAUCSL,2006-01-01,2011-02-14,199.2,2010-02-17
CPIAUCSL,2006-01-01,2026-07-31,199.3,2011-02-15
CPIAUCSL,2006-02-01,2008-02-14,199.1,2006-03-16
CPIAUCSL,2006-02-01,2009-02-17,199.3,2008-02-15
CPIAUCSL,2006-02-01,2010-02-16,199.5,2009-02-18
CPIAUCSL,2006-02-01,2026-07-31,199.4,2010-02-17
CPIAUCSL,2006-03-01,2007-02-15,199.8,2006-04-19
CPIAUCSL,2006-03-01,2009-02-17,199.6,2007-02-16
CPIAUCSL,2006-03-01,2010-02-16,199.8,2009-02-18
CPIAUCSL,2006-03-01,2026-07-31,199.7,2010-02-17
CPIAUCSL,2006-04-01,2007-02-15,201.0,2006-05-17
CPIAUCSL,2006-04-01,2008-02-14,200.8,2007-02-16
CPIAUCSL,2006-04-01,2009-02-17,200.6,2008-02-15
CPIAUCSL,2006-04-01,2010-02-16,200.7,2009-02-18
CPIAUCSL,2006-04-01,2011-02-14,200.6,2010-02-17
CPIAUCSL,2006-04-01,2026-07-31,200.7,2011-02-15
CPIAUCSL,2006-05-01,2008-02-14,201.9,2006-06-14
CPIAUCSL,2006-05-01,2010-02-16,201.3,2008-02-15
CPIAUCSL,2006-05-01,2011-02-14,201.4,2010-02-17
CPIAUCSL,2006-05-01,2026-07-31,201.3,2011-02-15
CPIAUCSL,2006-06-01,2007-02-15,202.3,2006-07-19
CPIAUCSL,2006-06-01,2008-02-14,202.4,2007-02-16
CPIAUCSL,2006-06-01,2009-02-17,201.9,2008-02-15
CPIAUCSL,2006-06-01,2010-02-16,201.7,2009-02-18
CPIAUCSL,2006-06-01,2011-02-14,201.9,2010-02-17
CPIAUCSL,2006-06-01,2026-07-31,201.8,2011-02-15
CPIAUCSL,2006-07-01,2008-02-14,203.2,2006-08-16
CPIAUCSL,2006-07-01,2009-02-17,202.9,2008-02-15
CPIAUCSL,2006-07-01,2010-02-16,202.7,2009-02-18
CPIAUCSL,2006-07-01,2026-07-31,202.9,2010-02-17
CPIAUCSL,2006-08-01,2007-02-15,203.7,2006-09-15
CPIAUCSL,2006-08-01,2009-02-17,203.8,2007-02-16
CPIAUCSL,2006-08-01,2010-02-16,203.6,2009-02-18
CPIAUCSL,2006-08-01,2011-02-14,203.7,2010-02-17
CPIAUCSL,2006-08-01,2026-07-31,203.8,2011-02-15
CPIAUCSL,2006-09-01,2008-02-14,202.7,2006-10-18
CPIAUCSL,2006-09-01,2009-02-17,202.9,2008-02-15
CPIAUCSL,2006-09-01,2010-02-16,202.8,2009-02-18
CPIAUCSL,2006-09-01,2011-02-14,202.9,2010-02-17
CPIAUCSL,2006-09-01,2026-07-31,202.8,2011-02-15
CPIAUCSL,2006-10-01,2007-02-15,201.7,2006-11-16
CPIAUCSL,2006-10-01,2008-02-14,201.8,2007-02-16
CPIAUCSL,2006-10-01,2010-02-16,201.9,2008-02-15
CPIAUCSL,2006-10-01,2011-02-14,201.8,2010-02-17
CPIAUCSL,2006-10-01,2026-07-31,201.9,2011-02-15
CPIAUCSL,2006-11-01,2007-02-15,201.7,2006-12-15
CPIAUCSL,2006-11-01,2008-02-14,201.9,2007-02-16
CPIAUCSL,2006-11-01,2009-02-17,202.1,2008-02-15
CPIAUCSL,2006-11-01,2010-02-16,202.3,2009-02-18
CPIAUCSL,2006-11-01,2026-07-31,202.0,2010-02-17
CPIAUCSL,2006-12-01,2008-02-14,202.8,2007-01-18
CPIAUCSL,2006-12-01,2010-02-16,203.3,2008-02-15
CPIAUCSL,2006-12-01,2026-07-31,203.1,2010-02-17
CPIAUCSL,2007-01-01,2008-02-14,203.153,2007-02-21
CPIAUCSL,2007-01-01,2009-02-17,203.552,2008-02-15
CPIAUCSL,2007-01-01,2010-02-16,203.574,2009-02-18
CPIAUCSL,2007-01-01,2011-02-14,203.372,2010-02-17
CPIAUCSL,2007-01-01,2012-02-14,203.379,2011-02-15
CPIAUCSL,2007-01-01,2026-07-31,203.437,2012-02-15
CPIAUCSL,2007-02-01,2008-02-14,203.906,2007-03-16
CPIAUCSL,2007-02-01,2009-02-17,204.158,2008-02-15
CPIAUCSL,2007-02-01,2010-02-16,204.357,2009-02-18
CPIAUCSL,2007-02-01,2011-02-14,204.258,2010-02-17
CPIAUCSL,2007-02-01,2012-02-14,204.238,2011-02-15
CPIAUCSL,2007-02-01,2026-07-31,204.226,2012-02-15
CPIAUCSL,2007-03-01,2008-02-14,205.146,2007-04-17
CPIAUCSL,2007-03-01,2009-02-17,205.098,2008-02-15
CPIAUCSL,2007-03-01,2010-02-16,205.348,2009-02-18
CPIAUCSL,2007-03-01,2011-02-14,205.312,2010-02-17
CPIAUCSL,2007-03-01,2012-02-14,205.247,2011-02-15
CPIAUCSL,2007-03-01,2026-07-31,205.288,2012-02-15
CPIAUCSL,2007-04-01,2008-02-14,205.999,2007-05-15
CPIAUCSL,2007-04-01,2009-02-17,205.751,2008-02-15
CPIAUCSL,2007-04-01,2010-02-16,205.92,2009-02-18
CPIAUCSL,2007-04-01,2011-02-14,205.959,2010-02-17
CPIAUCSL,2007-04-01,2012-02-14,206.01,2011-02-15
CPIAUCSL,2007-04-01,2026-07-31,205.904,2012-02-15
CPIAUCSL,2007-05-01,2008-02-14,207.387,2007-06-15
CPIAUCSL,2007-05-01,2009-02-17,206.7,2008-02-15
CPIAUCSL,2007-05-01,2010-02-16,206.682,2009-02-18
CPIAUCSL,2007-05-01,2011-02-14,206.85,2010-02-17
CPIAUCSL,2007-05-01,2012-02-14,206.813,2011-02-15
CPIAUCSL,2007-05-01,2026-07-31,206.755,2012-02-15
CPIAUCSL,2007-06-01,2008-02-14,207.784,2007-07-18
CPIAUCSL,2007-06-01,2009-02-17,207.246,2008-02-15
CPIAUCSL,2007-06-01,2010-02-16,207.023,2009-02-18
CPIAUCSL,2007-06-01,2011-02-14,207.202,2010-02-17
CPIAUCSL,2007-06-01,2012-02-14,207.162,2011-02-15
CPIAUCSL,2007-06-01,2026-07-31,207.234,2012-02-15
CPIAUCSL,2007-07-01,2008-02-14,208.028,2007-08-15
CPIAUCSL,2007-07-01,2009-02-17,207.708,2008-02-15
CPIAUCSL,2007-07-01,2010-02-16,207.338,2009-02-18
CPIAUCSL,2007-07-01,2011-02-14,207.651,2010-02-17
CPIAUCSL,2007-07-01,2012-02-14,207.655,2011-02-15
CPIAUCSL,2007-07-01,2026-07-31,207.603,2012-02-15
CPIAUCSL,2007-08-01,2008-02-14,207.738,2007-09-19
CPIAUCSL,2007-08-01,2009-02-17,207.749,2008-02-15
CPIAUCSL,2007-08-01,2010-02-16,207.52,2009-02-18
CPIAUCSL,2007-08-01,2011-02-14,207.671,2010-02-17
CPIAUCSL,2007-08-01,2012-02-14,207.689,2011-02-15
CPIAUCSL,2007-08-01,2026-07-31,207.667,2012-02-15
CPIAUCSL,2007-09-01,2008-02-14,208.292,2007-10-17
CPIAUCSL,2007-09-01,2009-02-17,208.509,2008-02-15
CPIAUCSL,2007-09-01,2010-02-16,208.382,2009-02-18
CPIAUCSL,2007-09-01,2011-02-14,208.503,2010-02-17
CPIAUCSL,2007-09-01,2012-02-14,208.467,2011-02-15
CPIAUCSL,2007-09-01,2026-07-31,208.547,2012-02-15
CPIAUCSL,2007-10-01,2008-02-14,208.903,2007-11-15
CPIAUCSL,2007-10-01,2009-02-17,209.055,2008-02-15
CPIAUCSL,2007-10-01,2010-02-16,209.133,2009-02-18
CPIAUCSL,2007-10-01,2011-02-14,209.073,2010-02-17
CPIAUCSL,2007-10-01,2012-02-14,209.156,2011-02-15
CPIAUCSL,2007-10-01,2026-07-31,209.19,2012-02-15
CPIAUCSL,2007-11-01,2008-02-14,210.565,2007-12-14
CPIAUCSL,2007-11-01,2009-02-17,210.93,2008-02-15
CPIAUCSL,2007-11-01,2010-02-16,211.166,2009-02-18
CPIAUCSL,2007-11-01,2011-02-14,210.74,2010-02-17
CPIAUCSL,2007-11-01,2012-02-14,210.81,2011-02-15
CPIAUCSL,2007-11-01,2026-07-31,210.834,2012-02-15
CPIAUCSL,2007-12-01,2008-02-14,211.16,2008-01-16
CPIAUCSL,2007-12-01,2009-02-17,211.68,2008-02-15
CPIAUCSL,2007-12-01,2010-02-16,211.737,2009-02-18
CPIAUCSL,2007-12-01,2011-02-14,211.434,2010-02-17
CPIAUCSL,2007-12-01,2012-02-14,211.416,2011-02-15
CPIAUCSL,2007-12-01,2026-07-31,211.445,2012-02-15
CPIAUCSL,2008-01-01,2009-02-17,212.516,2008-02-20
CPIAUCSL,2008-01-01,2010-02-16,212.495,2009-02-18
CPIAUCSL,2008-01-01,2011-02-14,212.225,2010-02-17
CPIAUCSL,2008-01-01,2012-02-14,212.18,2011-02-15
CPIAUCSL,2008-01-01,2013-02-18,212.199,2012-02-15
CPIAUCSL,2008-01-01,2026-07-31,212.174,2013-02-19
CPIAUCSL,2008-02-01,2009-02-17,212.571,2008-03-14
CPIAUCSL,2008-02-01,2010-02-16,212.86,2009-02-18
CPIAUCSL,2008-02-01,2011-02-14,212.703,2010-02-17
CPIAUCSL,2008-02-01,2012-02-14,212.684,2011-02-15
CPIAUCSL,2008-02-01,2013-02-18,212.623,2012-02-15
CPIAUCSL,2008-02-01,2026-07-31,212.687,2013-02-19
CPIAUCSL,2008-03-01,2009-02-17,213.301,2008-04-16
CPIAUCSL,2008-03-01,2010-02-16,213.667,2009-02-18
CPIAUCSL,2008-03-01,2011-02-14,213.543,2010-02-17
CPIAUCSL,2008-03-01,2012-02-14,213.464,2011-02-15
CPIAUCSL,2008-03-01,2013-02-18,213.441,2012-02-15
CPIAUCSL,2008-03-01,2026-07-31,213.448,2013-02-19
CPIAUCSL,2008-04-01,2009-02-17,213.743,2008-05-14
CPIAUCSL,2008-04-01,2010-02-16,213.997,2009-02-18
CPIAUCSL,2008-04-01,2011-02-14,214.106,2010-02-17
CPIAUCSL,2008-04-01,2012-02-14,214.118,2011-02-15
CPIAUCSL,2008-04-01,2013-02-18,213.971,2012-02-15
CPIAUCSL,2008-04-01,2026-07-31,213.942,2013-02-19
CPIAUCSL,2008-05-01,2009-02-17,215.132,2008-06-13
CPIAUCSL,2008-05-01,2010-02-16,215.044,2009-02-18
CPIAUCSL,2008-05-01,2011-02-14,215.287,2010-02-17
CPIAUCSL,2008-05-01,2012-02-14,215.304,2011-02-15
CPIAUCSL,2008-05-01,2013-02-18,215.206,2012-02-15
CPIAUCSL,2008-05-01,2026-07-31,215.208,2013-02-19
CPIAUCSL,2008-06-01,2009-02-17,217.403,2008-07-16
CPIAUCSL,2008-06-01,2010-02-16,217.034,2009-02-18
CPIAUCSL,2008-06-01,2011-02-14,217.279,2010-02-17
CPIAUCSL,2008-06-01,2012-02-14,217.235,2011-02-15
CPIAUCSL,2008-06-01,2013-02-18,217.47,2012-02-15
CPIAUCSL,2008-06-01,2026-07-31,217.463,2013-02-19
CPIAUCSL,2008-07-01,2009-02-17,219.181,2008-08-14
CPIAUCSL,2008-07-01,2010-02-16,218.61,2009-02-18
CPIAUCSL,2008-07-01,2011-02-14,219.102,2010-02-17
CPIAUCSL,2008-07-01,2012-02-14,219.133,2011-02-15
CPIAUCSL,2008-07-01,2013-02-18,219.09,2012-02-15
CPIAUCSL,2008-07-01,2026-07-31,219.016,2013-02-19
CPIAUCSL,2008-08-01,2009-02-17,218.88,2008-09-16
CPIAUCSL,2008-08-01,2010-02-16,218.576,2009-02-18
CPIAUCSL,2008-08-01,2011-02-14,218.779,2010-02-17
CPIAUCSL,2008-08-01,2012-02-14,218.78,2011-02-15
CPIAUCSL,2008-08-01,2013-02-18,218.749,2012-02-15
CPIAUCSL,2008-08-01,2026-07-31,218.69,2013-02-19
CPIAUCSL,2008-09-01,2009-02-17,218.813,2008-10-16
CPIAUCSL,2008-09-01,2010-02-16,218.675,2009-02-18
CPIAUCSL,2008-09-01,2011-02-14,218.846,2010-02-17
CPIAUCSL,2008-09-01,2012-02-14,218.852,2011-02-15
CPIAUCSL,2008-09-01,2013-02-18,218.872,2012-02-15
CPIAUCSL,2008-09-01,2026-07-31,218.877,2013-02-19
CPIAUCSL,2008-10-01,2009-02-17,216.71,2008-11-19
CPIAUCSL,2008-10-01,2010-02-16,216.889,2009-02-18
CPIAUCSL,2008-10-01,2011-02-14,216.832,2010-02-17
CPIAUCSL,2008-10-01,2012-02-14,216.93,2011-02-15
CPIAUCSL,2008-10-01,2013-02-18,216.966,2012-02-15
CPIAUCSL,2008-10-01,2026-07-31,216.995,2013-02-19
CPIAUCSL,2008-11-01,2009-02-17,213.06,2008-12-16
CPIAUCSL,2008-11-01,2010-02-16,213.263,2009-02-18
CPIAUCSL,2008-11-01,2011-02-14,212.923,2010-02-17
CPIAUCSL,2008-11-01,2012-02-14,213.002,2011-02-15
CPIAUCSL,2008-11-01,2013-02-18,213.074,2012-02-15
CPIAUCSL,2008-11-01,2026-07-31,213.153,2013-02-19
CPIAUCSL,2008-12-01,2009-02-17,211.49,2009-01-16
CPIAUCSL,2008-12-01,2010-02-16,211.577,2009-02-18
CPIAUCSL,2008-12-01,2011-02-14,211.339,2010-02-17
CPIAUCSL,2008-12-01,2012-02-14,211.327,2011-02-15
CPIAUCSL,2008-12-01,2013-02-18,211.401,2012-02-15
CPIAUCSL,2008-12-01,2026-07-31,211.398,2013-02-19
CPIAUCSL,2009-01-01,2010-02-16,212.174,2009-02-20
CPIAUCSL,2009-01-01,2011-02-14,211.959,2010-02-17
CPIAUCSL,2009-01-01,2012-02-14,211.903,2011-02-15
CPIAUCSL,2009-01-01,2013-02-18,211.962,2012-02-15
CPIAUCSL,2009-01-01,2014-02-17,211.952,2013-02-19
CPIAUCSL,2009-01-01,2026-07-31,211.933,2014-02-18
CPIAUCSL,2009-02-01,2010-02-16,213.007,2009-03-18
CPIAUCSL,2009-02-01,2011-02-14,212.877,2010-02-17
CPIAUCSL,2009-02-01,2012-02-14,212.879,2011-02-15
CPIAUCSL,2009-02-01,2014-02-17,212.823,2012-02-15
CPIAUCSL,2009-02-01,2026-07-31,212.705,2014-02-18
CPIAUCSL,2009-03-01,2010-02-16,212.714,2009-04-15
CPIAUCSL,2009-03-01,2011-02-14,212.643,2010-02-17
CPIAUCSL,2009-03-01,2012-02-14,212.572,2011-02-15
CPIAUCSL,2009-03-01,2013-02-18,212.561,2012-02-15
CPIAUCSL,2009-03-01,2014-02-17,212.523,2013-02-19
CPIAUCSL,2009-03-01,2026-07-31,212.495,2014-02-18
CPIAUCSL,2009-04-01,2010-02-16,212.671,2009-05-15
CPIAUCSL,2009-04-01,2011-02-14,212.81,2010-02-17
CPIAUCSL,2009-04-01,2012-02-14,212.799,2011-02-15
CPIAUCSL,2009-04-01,2013-02-18,212.705,2012-02-15
CPIAUCSL,2009-04-01,2014-02-17,212.657,2013-02-19
CPIAUCSL,2009-04-01,2026-07-31,212.709,2014-02-18
CPIAUCSL,2009-05-01,2010-02-16,212.876,2009-06-17
CPIAUCSL,2009-05-01,2011-02-14,213.05,2010-02-17
CPIAUCSL,2009-05-01,2012-02-14,213.078,2011-02-15
CPIAUCSL,2009-05-01,2013-02-18,212.977,2012-02-15
CPIAUCSL,2009-05-01,2014-02-17,212.998,2013-02-19
CPIAUCSL,2009-05-01,2026-07-31,213.022,2014-02-18
CPIAUCSL,2009-06-01,2010-02-16,214.459,2009-07-15
CPIAUCSL,2009-06-01,2011-02-14,214.558,2010-02-17
CPIAUCSL,2009-06-01,2012-02-14,214.527,2011-02-15
CPIAUCSL,2009-06-01,2013-02-18,214.744,2012-02-15
CPIAUCSL,2009-06-01,2014-02-17,214.791,2013-02-19
CPIAUCSL,2009-06-01,2026-07-31,214.79,2014-02-18
CPIAUCSL,2009-07-01,2010-02-16,214.469,2009-08-14
CPIAUCSL,2009-07-01,2011-02-14,214.774,2010-02-17
CPIAUCSL,2009-07-01,2012-02-14,214.782,2011-02-15
CPIAUCSL,2009-07-01,2013-02-18,214.726,2012-02-15
CPIAUCSL,2009-07-01,2014-02-17,214.72,2013-02-19
CPIAUCSL,2009-07-01,2026-07-31,214.726,2014-02-18
CPIAUCSL,2009-08-01,2010-02-16,215.428,2009-09-16
CPIAUCSL,2009-08-01,2011-02-14,215.566,2010-02-17
CPIAUCSL,2009-08-01,2012-02-14,215.519,2011-02-15
CPIAUCSL,2009-08-01,2013-02-18,215.479,2012-02-15
CPIAUCSL,2009-08-01,2014-02-17,215.442,2013-02-19
CPIAUCSL,2009-08-01,2026-07-31,215.445,2014-02-18
CPIAUCSL,2009-09-01,2010-02-16,215.791,2009-10-15
CPIAUCSL,2009-09-01,2011-02-14,215.911,2010-02-17
CPIAUCSL,2009-09-01,2012-02-14,215.956,2011-02-15
CPIAUCSL,2009-09-01,2013-02-18,215.883,2012-02-15
CPIAUCSL,2009-09-01,2014-02-17,215.88,2013-02-19
CPIAUCSL,2009-09-01,2026-07-31,215.861,2014-02-18
CPIAUCSL,2009-10-01,2010-02-16,216.385,2009-11-18
CPIAUCSL,2009-10-01,2011-02-14,216.357,2010-02-17
CPIAUCSL,2009-10-01,2012-02-14,216.445,2011-02-15
CPIAUCSL,2009-10-01,2013-02-18,216.476,2012-02-15
CPIAUCSL,2009-10-01,2014-02-17,216.482,2013-02-19
CPIAUCSL,2009-10-01,2026-07-31,216.509,2014-02-18
CPIAUCSL,2009-11-01,2010-02-16,217.25,2009-12-16
CPIAUCSL,2009-11-01,2011-02-14,216.859,2010-02-17
CPIAUCSL,2009-11-01,2012-02-14,216.956,2011-02-15
CPIAUCSL,2009-11-01,2013-02-18,217.113,2012-02-15
CPIAUCSL,2009-11-01,2014-02-17,217.165,2013-02-19
CPIAUCSL,2009-11-01,2026-07-31,217.234,2014-02-18
CPIAUCSL,2009-12-01,2010-02-16,217.541,2010-01-15
CPIAUCSL,2009-12-01,2011-02-14,217.224,2010-02-17
CPIAUCSL,2009-12-01,2012-02-14,217.158,2011-02-15
CPIAUCSL,2009-12-01,2013-02-18,217.33,2012-02-15
CPIAUCSL,2009-12-01,2014-02-17,217.365,2013-02-19
CPIAUCSL,2009-12-01,2026-07-31,217.347,2014-02-18
CPIAUCSL,2010-01-01,2011-02-14,217.587,2010-02-19
CPIAUCSL,2010-01-01,2012-02-14,217.458,2011-02-15
CPIAUCSL,2010-01-01,2013-02-18,217.469,2012-02-15
CPIAUCSL,2010-01-01,2014-02-17,217.478,2013-02-19
CPIAUCSL,2010-01-01,2015-02-19,217.466,2014-02-18
CPIAUCSL,2010-01-01,2026-07-31,217.488,2015-02-20
CPIAUCSL,2010-02-01,2011-02-14,217.591,2010-03-18
CPIAUCSL,2010-02-01,2012-02-14,217.562,2011-02-15
CPIAUCSL,2010-02-01,2013-02-18,217.397,2012-02-15
CPIAUCSL,2010-02-01,2014-02-17,217.356,2013-02-19
CPIAUCSL,2010-02-01,2015-02-19,217.251,2014-02-18
CPIAUCSL,2010-02-01,2026-07-31,217.281,2015-02-20
CPIAUCSL,2010-03-01,2011-02-14,217.729,2010-04-14
CPIAUCSL,2010-03-01,2012-02-14,217.611,2011-02-15
CPIAUCSL,2010-03-01,2013-02-18,217.44,2012-02-15
CPIAUCSL,2010-03-01,2014-02-17,217.38,2013-02-19
CPIAUCSL,2010-03-01,2015-02-19,217.305,2014-02-18
CPIAUCSL,2010-03-01,2026-07-31,217.353,2015-02-20
CPIAUCSL,2010-04-01,2011-02-14,217.579,2010-05-19
CPIAUCSL,2010-04-01,2012-02-14,217.625,2011-02-15
CPIAUCSL,2010-04-01,2013-02-18,217.373,2012-02-15
CPIAUCSL,2010-04-01,2014-02-17,217.281,2013-02-19
CPIAUCSL,2010-04-01,2015-02-19,217.376,2014-02-18
CPIAUCSL,2010-04-01,2026-07-31,217.403,2015-02-20
CPIAUCSL,2010-05-01,2011-02-14,217.224,2010-06-17
CPIAUCSL,2010-05-01,2012-02-14,217.32,2011-02-15
CPIAUCSL,2010-05-01,2013-02-18,217.182,2012-02-15
CPIAUCSL,2010-05-01,2014-02-17,217.23,2013-02-19
CPIAUCSL,2010-05-01,2015-02-19,217.299,2014-02-18
CPIAUCSL,2010-05-01,2026-07-31,217.29,2015-02-20
CPIAUCSL,2010-06-01,2011-02-14,216.929,2010-07-16
CPIAUCSL,2010-06-01,2012-02-14,216.865,2011-02-15
CPIAUCSL,2010-06-01,2013-02-18,217.206,2012-02-15
CPIAUCSL,2010-06-01,2014-02-17,217.329,2013-02-19
CPIAUCSL,2010-06-01,2015-02-19,217.285,2014-02-18
CPIAUCSL,2010-06-01,2026-07-31,217.199,2015-02-20
CPIAUCSL,2010-07-01,2011-02-14,217.597,2010-08-13
CPIAUCSL,2010-07-01,2012-02-14,217.621,2011-02-15
CPIAUCSL,2010-07-01,2013-02-18,217.649,2012-02-15
CPIAUCSL,2010-07-01,2014-02-17,217.69,2013-02-19
CPIAUCSL,2010-07-01,2015-02-19,217.677,2014-02-18
CPIAUCSL,2010-07-01,2026-07-31,217.605,2015-02-20
CPIAUCSL,2010-08-01,2011-02-14,218.15,2010-09-17
CPIAUCSL,2010-08-01,2012-02-14,218.068,2011-02-15
CPIAUCSL,2010-08-01,2013-02-18,218.062,2012-02-15
CPIAUCSL,2010-08-01,2014-02-17,218.02,2013-02-19
CPIAUCSL,2010-08-01,2015-02-19,218.012,2014-02-18
CPIAUCSL,2010-08-01,2026-07-31,217.923,2015-02-20
CPIAUCSL,2010-09-01,2011-02-14,218.372,2010-10-15
CPIAUCSL,2010-09-01,2012-02-14,218.427,2011-02-15
CPIAUCSL,2010-09-01,2013-02-18,218.364,2012-02-15
CPIAUCSL,2010-09-01,2014-02-17,218.319,2013-02-19
CPIAUCSL,2010-09-01,2015-02-19,218.281,2014-02-18
CPIAUCSL,2010-09-01,2026-07-31,218.275,2015-02-20
CPIAUCSL,2010-10-01,2011-02-14,218.879,2010-11-17
CPIAUCSL,2010-10-01,2012-02-14,218.97,2011-02-15
CPIAUCSL,2010-10-01,2013-02-18,219.02,2012-02-15
CPIAUCSL,2010-10-01,2014-02-17,218.996,2013-02-19
CPIAUCSL,2010-10-01,2015-02-19,219.024,2014-02-18
CPIAUCSL,2010-10-01,2026-07-31,219.035,2015-02-20
CPIAUCSL,2010-11-01,2011-02-14,219.146,2010-12-15
CPIAUCSL,2010-11-01,2012-02-14,219.24,2011-02-15
CPIAUCSL,2010-11-01,2013-02-18,219.441,2012-02-15
CPIAUCSL,2010-11-01,2014-02-17,219.471,2013-02-19
CPIAUCSL,2010-11-01,2015-02-19,219.544,2014-02-18
CPIAUCSL,2010-11-01,2026-07-31,219.59,2015-02-20
CPIAUCSL,2010-12-01,2011-02-14,220.252,2011-01-14
CPIAUCSL,2010-12-01,2012-02-14,220.186,2011-02-15
CPIAUCSL,2010-12-01,2013-02-18,220.414,2012-02-15
CPIAUCSL,2010-12-01,2014-02-17,220.468,2013-02-19
CPIAUCSL,2010-12-01,2015-02-19,220.437,2014-02-18
CPIAUCSL,2010-12-01,2026-07-31,220.472,2015-02-20
CPIAUCSL,2011-01-01,2012-02-14,221.062,2011-02-17
CPIAUCSL,2011-01-01,2013-02-18,221.036,2012-02-15
CPIAUCSL,2011-01-01,2014-02-17,221.067,2013-02-19
CPIAUCSL,2011-01-01,2015-02-19,221.082,2014-02-18
CPIAUCSL,2011-01-01,2016-02-18,221.148,2015-02-20
CPIAUCSL,2011-01-01,2026-07-31,221.187,2016-02-19
CPIAUCSL,2011-02-01,2012-02-14,222.27,2011-03-17
CPIAUCSL,2011-02-01,2013-02-18,222.008,2012-02-15
CPIAUCSL,2011-02-01,2014-02-17,221.908,2013-02-19
CPIAUCSL,2011-02-01,2015-02-19,221.816,2014-02-18
CPIAUCSL,2011-02-01,2016-02-18,221.904,2015-02-20
CPIAUCSL,2011-02-01,2026-07-31,221.898,2016-02-19
CPIAUCSL,2011-03-01,2012-02-14,223.49,2011-04-15
CPIAUCSL,2011-03-01,2013-02-18,223.193,2012-02-15
CPIAUCSL,2011-03-01,2014-02-17,223.106,2013-02-19
CPIAUCSL,2011-03-01,2015-02-19,222.955,2014-02-18
CPIAUCSL,2011-03-01,2016-02-18,223.044,2015-02-20
CPIAUCSL,2011-03-01,2026-07-31,223.046,2016-02-19
CPIAUCSL,2011-04-01,2012-02-14,224.433,2011-05-13
CPIAUCSL,2011-04-01,2013-02-18,224.03,2012-02-15
CPIAUCSL,2011-04-01,2014-02-17,223.879,2013-02-19
CPIAUCSL,2011-04-01,2015-02-19,224.056,2014-02-18
CPIAUCSL,2011-04-01,2016-02-18,224.06,2015-02-20
CPIAUCSL,2011-04-01,2026-07-31,224.093,2016-02-19
CPIAUCSL,2011-05-01,2012-02-14,224.804,2011-06-15
CPIAUCSL,2011-05-01,2013-02-18,224.634,2012-02-15
CPIAUCSL,2011-05-01,2014-02-17,224.747,2013-02-19
CPIAUCSL,2011-05-01,2015-02-19,224.918,2014-02-18
CPIAUCSL,2011-05-01,2016-02-18,224.869,2015-02-20
CPIAUCSL,2011-05-01,2026-07-31,224.806,2016-02-19
CPIAUCSL,2011-06-01,2012-02-14,224.304,2011-07-15
CPIAUCSL,2011-06-01,2013-02-18,224.837,2012-02-15
CPIAUCSL,2011-06-01,2014-02-17,225.07,2013-02-19
CPIAUCSL,2011-06-01,2015-02-19,224.99,2014-02-18
CPIAUCSL,2011-06-01,2016-02-18,224.841,2015-02-20
CPIAUCSL,2011-06-01,2026-07-31,224.806,2016-02-19
CPIAUCSL,2011-07-01,2012-02-14,225.425,2011-08-18
CPIAUCSL,2011-07-01,2013-02-18,225.515,2012-02-15
CPIAUCSL,2011-07-01,2014-02-17,225.594,2013-02-19
CPIAUCSL,2011-07-01,2015-02-19,225.553,2014-02-18
CPIAUCSL,2011-07-01,2016-02-18,225.419,2015-02-20
CPIAUCSL,2011-07-01,2026-07-31,225.395,2016-02-19
CPIAUCSL,2011-08-01,2012-02-14,226.268,2011-09-15
CPIAUCSL,2011-08-01,2013-02-18,226.266,2012-02-15
CPIAUCSL,2011-08-01,2014-02-17,226.187,2013-02-19
CPIAUCSL,2011-08-01,2015-02-19,226.149,2014-02-18
CPIAUCSL,2011-08-01,2016-02-18,226.082,2015-02-20
CPIAUCSL,2011-08-01,2026-07-31,226.106,2016-02-19
CPIAUCSL,2011-09-01,2012-02-14,226.955,2011-10-19
CPIAUCSL,2011-09-01,2013-02-18,226.87,2012-02-15
CPIAUCSL,2011-09-01,2014-02-17,226.753,2013-02-19
CPIAUCSL,2011-09-01,2015-02-19,226.674,2014-02-18
CPIAUCSL,2011-09-01,2016-02-18,226.676,2015-02-20
CPIAUCSL,2011-09-01,2026-07-31,226.597,2016-02-19
CPIAUCSL,2011-10-01,2012-02-14,226.763,2011-11-16
CPIAUCSL,2011-10-01,2013-02-18,226.804,2012-02-15
CPIAUCSL,2011-10-01,2014-02-17,226.728,2013-02-19
CPIAUCSL,2011-10-01,2015-02-19,226.761,2014-02-18
CPIAUCSL,2011-10-01,2016-02-18,226.811,2015-02-20
CPIAUCSL,2011-10-01,2026-07-31,226.75,2016-02-19
CPIAUCSL,2011-11-01,2012-02-14,226.72,2011-12-16
CPIAUCSL,2011-11-01,2013-02-18,227.014,2012-02-15
CPIAUCSL,2011-11-01,2014-02-17,227.049,2013-02-19
CPIAUCSL,2011-11-01,2015-02-19,227.136,2014-02-18
CPIAUCSL,2011-11-01,2016-02-18,227.157,2015-02-20
CPIAUCSL,2011-11-01,2026-07-31,227.169,2016-02-19
CPIAUCSL,2011-12-01,2012-02-14,226.747,2012-01-19
CPIAUCSL,2011-12-01,2013-02-18,227.033,2012-02-15
CPIAUCSL,2011-12-01,2014-02-17,227.137,2013-02-19
CPIAUCSL,2011-12-01,2015-02-19,227.093,2014-02-18
CPIAUCSL,2011-12-01,2016-02-18,227.145,2015-02-20
CPIAUCSL,2011-12-01,2026-07-31,227.223,2016-02-19
CPIAUCSL,2012-01-01,2013-02-18,227.505,2012-02-17
CPIAUCSL,2012-01-01,2014-02-17,227.605,2013-02-19
CPIAUCSL,2012-01-01,2015-02-19,227.666,2014-02-18
CPIAUCSL,2012-01-01,2016-02-18,227.759,2015-02-20
CPIAUCSL,2012-01-01,2017-02-12,227.86,2016-02-19
CPIAUCSL,2012-01-01,2026-07-31,227.842,2017-02-13
CPIAUCSL,2012-02-01,2013-02-18,228.433,2012-03-16
CPIAUCSL,2012-02-01,2014-02-17,228.253,2013-02-19
CPIAUCSL,2012-02-01,2015-02-19,228.138,2014-02-18
CPIAUCSL,2012-02-01,2016-02-18,228.285,2015-02-20
CPIAUCSL,2012-02-01,2017-02-12,228.377,2016-02-19
CPIAUCSL,2012-02-01,2026-07-31,228.329,2017-02-13
CPIAUCSL,2012-03-01,2013-02-18,229.098,2012-04-13
CPIAUCSL,2012-03-01,2014-02-17,228.95,2013-02-19
CPIAUCSL,2012-03-01,2015-02-19,228.732,2014-02-18
CPIAUCSL,2012-03-01,2016-02-18,228.866,2015-02-20
CPIAUCSL,2012-03-01,2017-02-12,228.894,2016-02-19
CPIAUCSL,2012-03-01,2026-07-31,228.807,2017-02-13
CPIAUCSL,2012-04-01,2013-02-18,229.177,2012-05-15
CPIAUCSL,2012-04-01,2014-02-17,228.951,2013-02-19
CPIAUCSL,2012-04-01,2015-02-19,229.184,2014-02-18
CPIAUCSL,2012-04-01,2016-02-18,229.172,2015-02-20
CPIAUCSL,2012-04-01,2017-02-12,229.286,2016-02-19
CPIAUCSL,2012-04-01,2026-07-31,229.187,2017-02-13
CPIAUCSL,2012-05-01,2013-02-18,228.527,2012-06-14
CPIAUCSL,2012-05-01,2014-02-17,228.648,2013-02-19
CPIAUCSL,2012-05-01,2015-02-19,228.884,2014-02-18
CPIAUCSL,2012-05-01,2016-02-18,228.785,2015-02-20
CPIAUCSL,2012-05-01,2017-02-12,228.722,2016-02-19
CPIAUCSL,2012-05-01,2026-07-31,228.713,2017-02-13
CPIAUCSL,2012-06-01,2013-02-18,228.618,2012-07-17
CPIAUCSL,2012-06-01,2014-02-17,228.924,2013-02-19
CPIAUCSL,2012-06-01,2015-02-19,228.825,2014-02-18
CPIAUCSL,2012-06-01,2016-02-18,228.626,2015-02-20
CPIAUCSL,2012-06-01,2017-02-12,228.506,2016-02-19
CPIAUCSL,2012-06-01,2026-07-31,228.524,2017-02-13
CPIAUCSL,2012-07-01,2013-02-18,228.723,2012-08-15
CPIAUCSL,2012-07-01,2014-02-17,228.836,2013-02-19
CPIAUCSL,2012-07-01,2015-02-19,228.779,2014-02-18
CPIAUCSL,2012-07-01,2016-02-18,228.584,2015-02-20
CPIAUCSL,2012-07-01,2017-02-12,228.475,2016-02-19
CPIAUCSL,2012-07-01,2026-07-31,228.59,2017-02-13
CPIAUCSL,2012-08-01,2013-02-18,230.102,2012-09-14
CPIAUCSL,2012-08-01,2014-02-17,230.026,2013-02-19
CPIAUCSL,2012-08-01,2015-02-19,229.952,2014-02-18
CPIAUCSL,2012-08-01,2016-02-18,229.911,2015-02-20
CPIAUCSL,2012-08-01,2017-02-12,229.844,2016-02-19
CPIAUCSL,2012-08-01,2026-07-31,229.918,2017-02-13
CPIAUCSL,2012-09-01,2013-02-18,231.414,2012-10-16
CPIAUCSL,2012-09-01,2014-02-17,231.227,2013-02-19
CPIAUCSL,2012-09-01,2015-02-19,231.086,2014-02-18
CPIAUCSL,2012-09-01,2016-02-18,231.104,2015-02-20
CPIAUCSL,2012-09-01,2017-02-12,230.987,2016-02-19
CPIAUCSL,2012-09-01,2026-07-31,231.015,2017-02-13
CPIAUCSL,2012-10-01,2013-02-18,231.751,2012-11-15
CPIAUCSL,2012-10-01,2014-02-17,231.623,2013-02-19
CPIAUCSL,2012-10-01,2015-02-19,231.652,2014-02-18
CPIAUCSL,2012-10-01,2016-02-18,231.741,2015-02-20
CPIAUCSL,2012-10-01,2017-02-12,231.655,2016-02-19
CPIAUCSL,2012-10-01,2026-07-31,231.638,2017-02-13
CPIAUCSL,2012-11-01,2013-02-18,231.025,2012-12-14
CPIAUCSL,2012-11-01,2014-02-17,231.071,2013-02-19
CPIAUCSL,2012-11-01,2015-02-19,231.19,2014-02-18
CPIAUCSL,2012-11-01,2016-02-18,231.202,2015-02-20
CPIAUCSL,2012-11-01,2017-02-12,231.278,2016-02-19
CPIAUCSL,2012-11-01,2026-07-31,231.249,2017-02-13
CPIAUCSL,2012-12-01,2013-02-18,230.979,2013-01-16
CPIAUCSL,2012-12-01,2014-02-17,231.137,2013-02-19
CPIAUCSL,2012-12-01,2015-02-19,231.099,2014-02-18
CPIAUCSL,2012-12-01,2016-02-18,231.165,2015-02-20
CPIAUCSL,2012-12-01,2017-02-12,231.272,2016-02-19
CPIAUCSL,2012-12-01,2026-07-31,231.221,2017-02-13
CPIAUCSL,2013-01-01,2014-02-17,231.198,2013-02-21
CPIAUCSL,2013-01-01,2015-02-19,231.321,2014-02-18
CPIAUCSL,2013-01-01,2016-02-18,231.444,2015-02-20
CPIAUCSL,2013-01-01,2017-02-12,231.641,2016-02-19
CPIAUCSL,2013-01-01,2018-02-13,231.612,2017-02-13
CPIAUCSL,2013-01-01,2026-07-31,231.679,2018-02-14
CPIAUCSL,2013-02-01,2014-02-17,232.77,2013-03-15
CPIAUCSL,2013-02-01,2015-02-19,232.599,2014-02-18
CPIAUCSL,2013-02-01,2016-02-18,232.803,2015-02-20
CPIAUCSL,2013-02-01,2017-02-12,233.005,2016-02-19
CPIAUCSL,2013-02-01,2018-02-13,232.985,2017-02-13
CPIAUCSL,2013-02-01,2026-07-31,232.937,2018-02-14
CPIAUCSL,2013-03-01,2014-02-17,232.34,2013-04-16
CPIAUCSL,2013-03-01,2015-02-19,232.075,2014-02-18
CPIAUCSL,2013-03-01,2016-02-18,232.245,2015-02-20
CPIAUCSL,2013-03-01,2017-02-12,232.313,2016-02-19
CPIAUCSL,2013-03-01,2018-02-13,232.299,2017-02-13
CPIAUCSL,2013-03-01,2026-07-31,232.282,2018-02-14
CPIAUCSL,2013-04-01,2014-02-17,231.485,2013-05-16
CPIAUCSL,2013-04-01,2015-02-19,231.707,2014-02-18
CPIAUCSL,2013-04-01,2016-02-18,231.672,2015-02-20
CPIAUCSL,2013-04-01,2017-02-12,231.856,2016-02-19
CPIAUCSL,2013-04-01,2018-02-13,231.795,2017-02-13
CPIAUCSL,2013-04-01,2026-07-31,231.797,2018-02-14
CPIAUCSL,2013-05-01,2014-02-17,231.831,2013-06-18
CPIAUCSL,2013-05-01,2015-02-19,232.124,2014-02-18
CPIAUCSL,2013-05-01,2016-02-18,231.99,2015-02-20
CPIAUCSL,2013-05-01,2017-02-12,231.895,2016-02-19
CPIAUCSL,2013-05-01,2018-02-13,231.916,2017-02-13
CPIAUCSL,2013-05-01,2026-07-31,231.893,2018-02-14
CPIAUCSL,2013-06-01,2014-02-17,232.944,2013-07-16
CPIAUCSL,2013-06-01,2015-02-19,232.86,2014-02-18
CPIAUCSL,2013-06-01,2016-02-18,232.583,2015-02-20
CPIAUCSL,2013-06-01,2017-02-12,232.357,2016-02-19
CPIAUCSL,2013-06-01,2018-02-13,232.374,2017-02-13
CPIAUCSL,2013-06-01,2026-07-31,232.445,2018-02-14
CPIAUCSL,2013-07-01,2014-02-17,233.318,2013-08-15
CPIAUCSL,2013-07-01,2015-02-19,233.252,2014-02-18
CPIAUCSL,2013-07-01,2016-02-18,232.98,2015-02-20
CPIAUCSL,2013-07-01,2017-02-12,232.749,2016-02-19
CPIAUCSL,2013-07-01,2018-02-13,232.889,2017-02-13
CPIAUCSL,2013-07-01,2026-07-31,232.9,2018-02-14
CPIAUCSL,2013-08-01,2014-02-17,233.526,2013-09-17
CPIAUCSL,2013-08-01,2015-02-19,233.433,2014-02-18
CPIAUCSL,2013-08-01,2016-02-18,233.413,2015-02-20
CPIAUCSL,2013-08-01,2017-02-12,233.249,2016-02-19
CPIAUCSL,2013-08-01,2018-02-13,233.323,2017-02-13
CPIAUCSL,2013-08-01,2026-07-31,233.456,2018-02-14
CPIAUCSL,2013-09-01,2014-02-17,233.947,2013-10-30
CPIAUCSL,2013-09-01,2015-02-19,233.743,2014-02-18
CPIAUCSL,2013-09-01,2016-02-18,233.773,2015-02-20
CPIAUCSL,2013-09-01,2017-02-12,233.642,2016-02-19
CPIAUCSL,2013-09-01,2018-02-13,233.632,2017-02-13
CPIAUCSL,2013-09-01,2026-07-31,233.544,2018-02-14
CPIAUCSL,2013-10-01,2014-02-17,233.808,2013-11-20
CPIAUCSL,2013-10-01,2015-02-19,233.782,2014-02-18
CPIAUCSL,2013-10-01,2016-02-18,233.903,2015-02-20
CPIAUCSL,2013-10-01,2017-02-12,233.799,2016-02-19
CPIAUCSL,2013-10-01,2018-02-13,233.718,2017-02-13
CPIAUCSL,2013-10-01,2026-07-31,233.669,2018-02-14
CPIAUCSL,2013-11-01,2014-02-17,233.887,2013-12-17
CPIAUCSL,2013-11-01,2015-02-19,234.033,2014-02-18
CPIAUCSL,2013-11-01,2016-02-18,234.038,2015-02-20
CPIAUCSL,2013-11-01,2017-02-12,234.21,2016-02-19
CPIAUCSL,2013-11-01,2018-02-13,234.121,2017-02-13
CPIAUCSL,2013-11-01,2026-07-31,234.1,2018-02-14
CPIAUCSL,2013-12-01,2014-02-17,234.582,2014-01-16
CPIAUCSL,2013-12-01,2015-02-19,234.594,2014-02-18
CPIAUCSL,2013-12-01,2016-02-18,234.697,2015-02-20
CPIAUCSL,2013-12-01,2017-02-12,234.847,2016-02-19
CPIAUCSL,2013-12-01,2018-02-13,234.723,2017-02-13
CPIAUCSL,2013-12-01,2026-07-31,234.719,2018-02-14
CPIAUCSL,2014-01-01,2015-02-19,234.933,2014-02-20
CPIAUCSL,2014-01-01,2016-02-18,235.128,2015-02-20
CPIAUCSL,2014-01-01,2017-02-12,235.436,2016-02-19
CPIAUCSL,2014-01-01,2018-02-13,235.385,2017-02-13
CPIAUCSL,2014-01-01,2019-02-10,235.347,2018-02-14
CPIAUCSL,2014-01-01,2026-07-31,235.288,2019-02-11
CPIAUCSL,2014-02-01,2015-02-19,235.169,2014-03-18
CPIAUCSL,2014-02-01,2016-02-18,235.356,2015-02-20
CPIAUCSL,2014-02-01,2017-02-12,235.621,2016-02-19
CPIAUCSL,2014-02-01,2018-02-13,235.672,2017-02-13
CPIAUCSL,2014-02-01,2019-02-10,235.522,2018-02-14
CPIAUCSL,2014-02-01,2026-07-31,235.547,2019-02-11
CPIAUCSL,2014-03-01,2015-02-19,235.64,2014-04-15
CPIAUCSL,2014-03-01,2016-02-18,235.79,2015-02-20
CPIAUCSL,2014-03-01,2017-02-12,235.897,2016-02-19
CPIAUCSL,2014-03-01,2018-02-13,235.978,2017-02-13
CPIAUCSL,2014-03-01,2019-02-10,235.956,2018-02-14
CPIAUCSL,2014-03-01,2026-07-31,236.028,2019-02-11
CPIAUCSL,2014-04-01,2015-02-19,236.254,2014-05-15
CPIAUCSL,2014-04-01,2016-02-18,236.24,2015-02-20
CPIAUCSL,2014-04-01,2017-02-12,236.495,2016-02-19
CPIAUCSL,2014-04-01,2018-02-13,236.471,2017-02-13
CPIAUCSL,2014-04-01,2019-02-10,236.463,2018-02-14
CPIAUCSL,2014-04-01,2026-07-31,236.468,2019-02-11
CPIAUCSL,2014-05-01,2015-02-19,237.083,2014-06-17
CPIAUCSL,2014-05-01,2016-02-18,236.95,2015-02-20
CPIAUCSL,2014-05-01,2017-02-12,236.803,2016-02-19
CPIAUCSL,2014-05-01,2018-02-13,236.832,2017-02-13
CPIAUCSL,2014-05-01,2019-02-10,236.867,2018-02-14
CPIAUCSL,2014-05-01,2026-07-31,236.918,2019-02-11
CPIAUCSL,2014-06-01,2015-02-19,237.693,2014-07-22
CPIAUCSL,2014-06-01,2016-02-18,237.348,2015-02-20
CPIAUCSL,2014-06-01,2017-02-12,237.016,2016-02-19
CPIAUCSL,2014-06-01,2018-02-13,237.029,2017-02-13
CPIAUCSL,2014-06-01,2019-02-10,237.188,2018-02-14
CPIAUCSL,2014-06-01,2026-07-31,237.231,2019-02-11
CPIAUCSL,2014-07-01,2015-02-19,237.909,2014-08-19
CPIAUCSL,2014-07-01,2016-02-18,237.596,2015-02-20
CPIAUCSL,2014-07-01,2017-02-12,237.259,2016-02-19
CPIAUCSL,2014-07-01,2018-02-13,237.424,2017-02-13
CPIAUCSL,2014-07-01,2019-02-10,237.485,2018-02-14
CPIAUCSL,2014-07-01,2026-07-31,237.498,2019-02-11
CPIAUCSL,2014-08-01,2015-02-19,237.428,2014-09-17
CPIAUCSL,2014-08-01,2016-02-18,237.409,2015-02-20
CPIAUCSL,2014-08-01,2017-02-12,237.163,2016-02-19
CPIAUCSL,2014-08-01,2018-02-13,237.256,2017-02-13
CPIAUCSL,2014-08-01,2019-02-10,237.439,2018-02-14
CPIAUCSL,2014-08-01,2026-07-31,237.46,2019-02-11
CPIAUCSL,2014-09-01,2015-02-19,237.633,2014-10-22
CPIAUCSL,2014-09-01,2016-02-18,237.626,2015-02-20
CPIAUCSL,2014-09-01,2017-02-12,237.51,2016-02-19
CPIAUCSL,2014-09-01,2018-02-13,237.486,2017-02-13
CPIAUCSL,2014-09-01,2019-02-10,237.452,2018-02-14
CPIAUCSL,2014-09-01,2026-07-31,237.477,2019-02-11
CPIAUCSL,2014-10-01,2015-02-19,237.642,2014-11-20
CPIAUCSL,2014-10-01,2016-02-18,237.753,2015-02-20
CPIAUCSL,2014-10-01,2017-02-12,237.651,2016-02-19
CPIAUCSL,2014-10-01,2018-02-13,237.506,2017-02-13
CPIAUCSL,2014-10-01,2019-02-10,237.447,2018-02-14
CPIAUCSL,2014-10-01,2026-07-31,237.43,2019-02-11
CPIAUCSL,2014-11-01,2015-02-19,237.032,2014-12-17
CPIAUCSL,2014-11-01,2016-02-18,237.067,2015-02-20
CPIAUCSL,2014-11-01,2017-02-12,237.261,2016-02-19
CPIAUCSL,2014-11-01,2018-02-13,237.118,2017-02-13
CPIAUCSL,2014-11-01,2019-02-10,237.042,2018-02-14
CPIAUCSL,2014-11-01,2026-07-31,236.983,2019-02-11
CPIAUCSL,2014-12-01,2015-02-19,236.149,2015-01-16
CPIAUCSL,2014-12-01,2016-02-18,236.284,2015-02-20
CPIAUCSL,2014-12-01,2017-02-12,236.464,2016-02-19
CPIAUCSL,2014-12-01,2018-02-13,236.29,2017-02-13
CPIAUCSL,2014-12-01,2019-02-10,236.27,2018-02-14
CPIAUCSL,2014-12-01,2026-07-31,236.252,2019-02-11
CPIAUCSL,2015-01-01,2016-02-18,234.677,2015-02-26
CPIAUCSL,2015-01-01,2017-02-12,234.954,2016-02-19
CPIAUCSL,2015-01-01,2018-02-13,234.913,2017-02-13
CPIAUCSL,2015-01-01,2019-02-10,234.836,2018-02-14
CPIAUCSL,2015-01-01,2020-02-10,234.718,2019-02-11
CPIAUCSL,2015-01-01,2026-07-31,234.747,2020-02-11
CPIAUCSL,2015-02-01,2016-02-18,235.186,2015-03-24
CPIAUCSL,2015-02-01,2017-02-12,235.415,2016-02-19
CPIAUCSL,2015-02-01,2018-02-13,235.489,2017-02-13
CPIAUCSL,2015-02-01,2019-02-10,235.274,2018-02-14
CPIAUCSL,2015-02-01,2020-02-10,235.236,2019-02-11
CPIAUCSL,2015-02-01,2026-07-31,235.342,2020-02-11
CPIAUCSL,2015-03-01,2016-02-18,235.74,2015-04-17
CPIAUCSL,2015-03-01,2017-02-12,235.859,2016-02-19
CPIAUCSL,2015-03-01,2018-02-13,235.989,2017-02-13
CPIAUCSL,2015-03-01,2019-02-10,235.956,2018-02-14
CPIAUCSL,2015-03-01,2020-02-10,236.005,2019-02-11
CPIAUCSL,2015-03-01,2026-07-31,235.976,2020-02-11
CPIAUCSL,2015-04-01,2016-02-18,235.982,2015-05-22
CPIAUCSL,2015-04-01,2017-02-12,236.197,2016-02-19
CPIAUCSL,2015-04-01,2018-02-13,236.201,2017-02-13
CPIAUCSL,2015-04-01,2019-02-10,236.165,2018-02-14
CPIAUCSL,2015-04-01,2020-02-10,236.156,2019-02-11
CPIAUCSL,2015-04-01,2026-07-31,236.222,2020-02-11
CPIAUCSL,2015-05-01,2016-02-18,237.031,2015-06-18
CPIAUCSL,2015-05-01,2017-02-12,236.876,2016-02-19
CPIAUCSL,2015-05-01,2018-02-13,236.891,2017-02-13
CPIAUCSL,2015-05-01,2019-02-10,236.952,2018-02-14
CPIAUCSL,2015-05-01,2020-02-10,236.974,2019-02-11
CPIAUCSL,2015-05-01,2026-07-31,237.001,2020-02-11
CPIAUCSL,2015-06-01,2016-02-18,237.786,2015-07-17
CPIAUCSL,2015-06-01,2017-02-12,237.423,2016-02-19
CPIAUCSL,2015-06-01,2018-02-13,237.419,2017-02-13
CPIAUCSL,2015-06-01,2019-02-10,237.618,2018-02-14
CPIAUCSL,2015-06-01,2020-02-10,237.684,2019-02-11
CPIAUCSL,2015-06-01,2026-07-31,237.657,2020-02-11
CPIAUCSL,2015-07-01,2016-02-18,238.099,2015-08-19
CPIAUCSL,2015-07-01,2017-02-12,237.734,2016-02-19
CPIAUCSL,2015-07-01,2018-02-13,237.876,2017-02-13
CPIAUCSL,2015-07-01,2019-02-10,237.993,2018-02-14
CPIAUCSL,2015-07-01,2020-02-10,238.053,2019-02-11
CPIAUCSL,2015-07-01,2026-07-31,238.034,2020-02-11
CPIAUCSL,2015-08-01,2016-02-18,237.931,2015-09-16
CPIAUCSL,2015-08-01,2017-02-12,237.703,2016-02-19
CPIAUCSL,2015-08-01,2018-02-13,237.811,2017-02-13
CPIAUCSL,2015-08-01,2019-02-10,237.989,2018-02-14
CPIAUCSL,2015-08-01,2020-02-10,238.028,2019-02-11
CPIAUCSL,2015-08-01,2026-07-31,238.033,2020-02-11
CPIAUCSL,2015-09-01,2016-02-18,237.566,2015-10-15
CPIAUCSL,2015-09-01,2017-02-12,237.489,2016-02-19
CPIAUCSL,2015-09-01,2019-02-10,237.467,2017-02-13
CPIAUCSL,2015-09-01,2020-02-10,237.506,2019-02-11
CPIAUCSL,2015-09-01,2026-07-31,237.498,2020-02-11
CPIAUCSL,2015-10-01,2016-02-18,238.042,2015-11-17
CPIAUCSL,2015-10-01,2017-02-12,237.949,2016-02-19
CPIAUCSL,2015-10-01,2018-02-13,237.792,2017-02-13
CPIAUCSL,2015-10-01,2019-02-10,237.764,2018-02-14
CPIAUCSL,2015-10-01,2020-02-10,237.781,2019-02-11
CPIAUCSL,2015-10-01,2026-07-31,237.733,2020-02-11
CPIAUCSL,2015-11-01,2016-02-18,238.111,2015-12-15
CPIAUCSL,2015-11-01,2017-02-12,238.302,2016-02-19
CPIAUCSL,2015-11-01,2018-02-13,238.153,2017-02-13
CPIAUCSL,2015-11-01,2019-02-10,238.072,2018-02-14
CPIAUCSL,2015-11-01,2020-02-10,238.016,2019-02-11
CPIAUCSL,2015-11-01,2026-07-31,238.017,2020-02-11
CPIAUCSL,2015-12-01,2016-02-18,237.847,2016-01-20
CPIAUCSL,2015-12-01,2017-02-12,238.041,2016-02-19
CPIAUCSL,2015-12-01,2018-02-13,237.846,2017-02-13
CPIAUCSL,2015-12-01,2019-02-10,237.827,2018-02-14
CPIAUCSL,2015-12-01,2020-02-10,237.817,2019-02-11
CPIAUCSL,2015-12-01,2026-07-31,237.761,2020-02-11
CPIAUCSL,2016-01-01,2017-02-12,238.107,2016-02-19
CPIAUCSL,2016-01-01,2018-02-13,238.106,2017-02-13
CPIAUCSL,2016-01-01,2019-02-10,237.99,2018-02-14
CPIAUCSL,2016-01-01,2020-02-10,237.833,2019-02-11
CPIAUCSL,2016-01-01,2021-02-07,237.827,2020-02-11
CPIAUCSL,2016-01-01,2026-07-31,237.652,2021-02-08
CPIAUCSL,2016-02-01,2017-02-12,237.707,2016-03-16
CPIAUCSL,2016-02-01,2018-02-13,237.808,2017-02-13
CPIAUCSL,2016-02-01,2019-02-10,237.532,2018-02-14
CPIAUCSL,2016-02-01,2020-02-10,237.469,2019-02-11
CPIAUCSL,2016-02-01,2021-02-07,237.514,2020-02-11
CPIAUCSL,2016-02-01,2026-07-31,237.336,2021-02-08
CPIAUCSL,2016-03-01,2017-02-12,237.92,2016-04-14
CPIAUCSL,2016-03-01,2018-02-13,238.078,2017-02-13
CPIAUCSL,2016-03-01,2019-02-10,238.022,2018-02-14
CPIAUCSL,2016-03-01,2020-02-10,238.038,2019-02-11
CPIAUCSL,2016-03-01,2021-02-07,237.99,2020-02-11
CPIAUCSL,2016-03-01,2026-07-31,238.08,2021-02-08
CPIAUCSL,2016-04-01,2017-02-12,238.89,2016-05-17
CPIAUCSL,2016-04-01,2018-02-13,238.908,2017-02-13
CPIAUCSL,2016-04-01,2019-02-10,238.843,2018-02-14
CPIAUCSL,2016-04-01,2020-02-10,238.827,2019-02-11
CPIAUCSL,2016-04-01,2021-02-07,238.835,2020-02-11
CPIAUCSL,2016-04-01,2026-07-31,238.992,2021-02-08
CPIAUCSL,2016-05-01,2016-10-17,239.41,2016-06-16
CPIAUCSL,2016-05-01,2017-02-12,239.403,2016-10-18
CPIAUCSL,2016-05-01,2018-02-13,239.362,2017-02-13
CPIAUCSL,2016-05-01,2019-02-10,239.439,2018-02-14
CPIAUCSL,2016-05-01,2020-02-10,239.464,2019-02-11
CPIAUCSL,2016-05-01,2021-02-07,239.44,2020-02-11
CPIAUCSL,2016-05-01,2026-07-31,239.557,2021-02-08
CPIAUCSL,2016-06-01,2016-10-17,239.927,2016-07-15
CPIAUCSL,2016-06-01,2017-02-12,239.907,2016-10-18
CPIAUCSL,2016-06-01,2018-02-13,239.842,2017-02-13
CPIAUCSL,2016-06-01,2019-02-10,240.074,2018-02-14
CPIAUCSL,2016-06-01,2020-02-10,240.167,2019-02-11
CPIAUCSL,2016-06-01,2021-02-07,240.144,2020-02-11
CPIAUCSL,2016-06-01,2026-07-31,240.222,2021-02-08
CPIAUCSL,2016-07-01,2016-10-17,239.828,2016-08-16
CPIAUCSL,2016-07-01,2017-02-12,239.81,2016-10-18
CPIAUCSL,2016-07-01,2018-02-13,239.898,2017-02-13
CPIAUCSL,2016-07-01,2019-02-10,240.058,2018-02-14
CPIAUCSL,2016-07-01,2020-02-10,240.15,2019-02-11
CPIAUCSL,2016-07-01,2021-02-07,240.111,2020-02-11
CPIAUCSL,2016-07-01,2026-07-31,240.101,2021-02-08
CPIAUCSL,2016-08-01,2016-10-17,240.305,2016-09-16
CPIAUCSL,2016-08-01,2017-02-12,240.301,2016-10-18
CPIAUCSL,2016-08-01,2018-02-13,240.389,2017-02-13
CPIAUCSL,2016-08-01,2019-02-10,240.569,2018-02-14
CPIAUCSL,2016-08-01,2020-02-10,240.602,2019-02-11
CPIAUCSL,2016-08-01,2021-02-07,240.595,2020-02-11
CPIAUCSL,2016-08-01,2026-07-31,240.545,2021-02-08
CPIAUCSL,2016-09-01,2017-02-12,241.002,2016-10-18
CPIAUCSL,2016-09-01,2018-02-13,241.006,2017-02-13
CPIAUCSL,2016-09-01,2019-02-10,241.017,2018-02-14
CPIAUCSL,2016-09-01,2020-02-10,241.051,2019-02-11
CPIAUCSL,2016-09-01,2021-02-07,241.068,2020-02-11
CPIAUCSL,2016-09-01,2026-07-31,241.176,2021-02-08
CPIAUCSL,2016-10-01,2017-02-12,241.863,2016-11-17
CPIAUCSL,2016-10-01,2018-02-13,241.694,2017-02-13
CPIAUCSL,2016-10-01,2019-02-10,241.667,2018-02-14
CPIAUCSL,2016-10-01,2020-02-10,241.691,2019-02-11
CPIAUCSL,2016-10-01,2021-02-07,241.641,2020-02-11
CPIAUCSL,2016-10-01,2026-07-31,241.741,2021-02-08
CPIAUCSL,2016-11-01,2017-02-12,242.348,2016-12-15
CPIAUCSL,2016-11-01,2018-02-13,242.199,2017-02-13
CPIAUCSL,2016-11-01,2019-02-10,242.081,2018-02-14
CPIAUCSL,2016-11-01,2020-02-10,242.029,2019-02-11
CPIAUCSL,2016-11-01,2021-02-07,241.993,2020-02-11
CPIAUCSL,2016-11-01,2026-07-31,242.026,2021-02-08
CPIAUCSL,2016-12-01,2017-02-12,243.032,2017-01-18
CPIAUCSL,2016-12-01,2018-02-13,242.821,2017-02-13
CPIAUCSL,2016-12-01,2019-02-10,242.784,2018-02-14
CPIAUCSL,2016-12-01,2020-02-10,242.772,2019-02-11
CPIAUCSL,2016-12-01,2021-02-07,242.712,2020-02-11
CPIAUCSL,2016-12-01,2026-07-31,242.637,2021-02-08
CPIAUCSL,2017-01-01,2018-02-13,244.158,2017-02-15
CPIAUCSL,2017-01-01,2019-02-10,244.028,2018-02-14
CPIAUCSL,2017-01-01,2020-02-10,243.78,2019-02-11
CPIAUCSL,2017-01-01,2021-02-07,243.717,2020-02-11
CPIAUCSL,2017-01-01,2022-02-07,243.62,2021-02-08
CPIAUCSL,2017-01-01,2026-07-31,243.618,2022-02-08
CPIAUCSL,2017-02-01,2018-02-13,244.456,2017-03-15
CPIAUCSL,2017-02-01,2019-02-10,244.102,2018-02-14
CPIAUCSL,2017-02-01,2020-02-10,243.961,2019-02-11
CPIAUCSL,2017-02-01,2021-02-07,244.028,2020-02-11
CPIAUCSL,2017-02-01,2022-02-07,243.872,2021-02-08
CPIAUCSL,2017-02-01,2026-07-31,244.006,2022-02-08
CPIAUCSL,2017-03-01,2018-02-13,243.752,2017-04-14
CPIAUCSL,2017-03-01,2019-02-10,243.717,2018-02-14
CPIAUCSL,2017-03-01,2020-02-10,243.749,2019-02-11
CPIAUCSL,2017-03-01,2021-02-07,243.721,2020-02-11
CPIAUCSL,2017-03-01,2022-02-07,243.766,2021-02-08
CPIAUCSL,2017-03-01,2026-07-31,243.892,2022-02-08
CPIAUCSL,2017-04-01,2018-02-13,244.158,2017-05-12
CPIAUCSL,2017-04-01,2019-02-10,244.087,2018-02-14
CPIAUCSL,2017-04-01,2020-02-10,244.051,2019-02-11
CPIAUCSL,2017-04-01,2021-02-07,244.058,2020-02-11
CPIAUCSL,2017-04-01,2022-02-07,244.274,2021-02-08
CPIAUCSL,2017-04-01,2026-07-31,244.193,2022-02-08
CPIAUCSL,2017-05-01,2018-02-13,243.846,2017-06-14
CPIAUCSL,2017-05-01,2019-02-10,243.911,2018-02-14
CPIAUCSL,2017-05-01,2020-02-10,243.962,2019-02-11
CPIAUCSL,2017-05-01,2021-02-07,243.926,2020-02-11
CPIAUCSL,2017-05-01,2022-02-07,244.069,2021-02-08
CPIAUCSL,2017-05-01,2026-07-31,244.004,2022-02-08
CPIAUCSL,2017-06-01,2018-02-13,243.79,2017-07-14
CPIAUCSL,2017-06-01,2019-02-10,244.032,2018-02-14
CPIAUCSL,2017-06-01,2020-02-10,244.182,2019-02-11
CPIAUCSL,2017-06-01,2021-02-07,244.179,2020-02-11
CPIAUCSL,2017-06-01,2022-02-07,244.218,2021-02-08
CPIAUCSL,2017-06-01,2026-07-31,244.163,2022-02-08
CPIAUCSL,2017-07-01,2018-02-13,244.048,2017-08-11
CPIAUCSL,2017-07-01,2019-02-10,244.236,2018-02-14
CPIAUCSL,2017-07-01,2020-02-10,244.39,2019-02-11
CPIAUCSL,2017-07-01,2021-02-07,244.328,2020-02-11
CPIAUCSL,2017-07-01,2022-02-07,244.28,2021-02-08
CPIAUCSL,2017-07-01,2026-07-31,244.243,2022-02-08
CPIAUCSL,2017-08-01,2018-02-13,245.03,2017-09-14
CPIAUCSL,2017-08-01,2019-02-10,245.262,2018-02-14
CPIAUCSL,2017-08-01,2020-02-10,245.297,2019-02-11
CPIAUCSL,2017-08-01,2021-02-07,245.304,2020-02-11
CPIAUCSL,2017-08-01,2022-02-07,245.205,2021-02-08
CPIAUCSL,2017-08-01,2026-07-31,245.183,2022-02-08
CPIAUCSL,2017-09-01,2018-02-13,246.373,2017-10-13
CPIAUCSL,2017-09-01,2019-02-10,246.392,2018-02-14
CPIAUCSL,2017-09-01,2020-02-10,246.418,2019-02-11
CPIAUCSL,2017-09-01,2021-02-07,246.445,2020-02-11
CPIAUCSL,2017-09-01,2022-02-07,246.551,2021-02-08
CPIAUCSL,2017-09-01,2026-07-31,246.435,2022-02-08
CPIAUCSL,2017-10-01,2018-02-13,246.639,2017-11-15
CPIAUCSL,2017-10-01,2019-02-10,246.583,2018-02-14
CPIAUCSL,2017-10-01,2020-02-10,246.587,2019-02-11
CPIAUCSL,2017-10-01,2021-02-07,246.57,2020-02-11
CPIAUCSL,2017-10-01,2022-02-07,246.657,2021-02-08
CPIAUCSL,2017-10-01,2026-07-31,246.626,2022-02-08
CPIAUCSL,2017-11-01,2018-02-13,247.592,2017-12-13
CPIAUCSL,2017-11-01,2019-02-10,247.411,2018-02-14
CPIAUCSL,2017-11-01,2020-02-10,247.332,2019-02-11
CPIAUCSL,2017-11-01,2021-02-07,247.333,2020-02-11
CPIAUCSL,2017-11-01,2022-02-07,247.378,2021-02-08
CPIAUCSL,2017-11-01,2026-07-31,247.284,2022-02-08
CPIAUCSL,2017-12-01,2018-02-13,247.963,2018-01-12
CPIAUCSL,2017-12-01,2019-02-10,247.91,2018-02-14
CPIAUCSL,2017-12-01,2020-02-10,247.901,2019-02-11
CPIAUCSL,2017-12-01,2021-02-07,247.847,2020-02-11
CPIAUCSL,2017-12-01,2022-02-07,247.736,2021-02-08
CPIAUCSL,2017-12-01,2026-07-31,247.805,2022-02-08
CPIAUCSL,2018-01-01,2019-02-10,249.245,2018-02-14
CPIAUCSL,2018-01-01,2020-02-10,248.884,2019-02-11
CPIAUCSL,2018-01-01,2021-02-07,248.816,2020-02-11
CPIAUCSL,2018-01-01,2022-02-07,248.721,2021-02-08
CPIAUCSL,2018-01-01,2023-02-09,248.743,2022-02-08
CPIAUCSL,2018-01-01,2026-07-31,248.859,2023-02-10
CPIAUCSL,2018-02-01,2019-02-10,249.619,2018-03-13
CPIAUCSL,2018-02-01,2020-02-10,249.369,2019-02-11
CPIAUCSL,2018-02-01,2021-02-07,249.475,2020-02-11
CPIAUCSL,2018-02-01,2022-02-07,249.3,2021-02-08
CPIAUCSL,2018-02-01,2023-02-09,249.439,2022-02-08
CPIAUCSL,2018-02-01,2026-07-31,249.529,2023-02-10
CPIAUCSL,2018-03-01,2019-02-10,249.462,2018-04-11
CPIAUCSL,2018-03-01,2020-02-10,249.498,2019-02-11
CPIAUCSL,2018-03-01,2021-02-07,249.413,2020-02-11
CPIAUCSL,2018-03-01,2022-02-07,249.517,2021-02-08
CPIAUCSL,2018-03-01,2023-02-09,249.581,2022-02-08
CPIAUCSL,2018-03-01,2026-07-31,249.577,2023-02-10
CPIAUCSL,2018-04-01,2019-02-10,250.013,2018-05-10
CPIAUCSL,2018-04-01,2020-02-10,249.956,2019-02-11
CPIAUCSL,2018-04-01,2021-02-07,249.957,2020-02-11
CPIAUCSL,2018-04-01,2022-02-07,250.275,2021-02-08
CPIAUCSL,2018-04-01,2023-02-09,250.146,2022-02-08
CPIAUCSL,2018-04-01,2026-07-31,250.227,2023-02-10
CPIAUCSL,2018-05-01,2019-02-10,250.535,2018-06-12
CPIAUCSL,2018-05-01,2020-02-10,250.646,2019-02-11
CPIAUCSL,2018-05-01,2021-02-07,250.64,2020-02-11
CPIAUCSL,2018-05-01,2022-02-07,250.786,2021-02-08
CPIAUCSL,2018-05-01,2023-02-09,250.779,2022-02-08
CPIAUCSL,2018-05-01,2026-07-31,250.792,2023-02-10
CPIAUCSL,2018-06-01,2019-02-10,250.857,2018-07-12
CPIAUCSL,2018-06-01,2020-02-10,251.134,2019-02-11
CPIAUCSL,2018-06-01,2021-02-07,251.176,2020-02-11
CPIAUCSL,2018-06-01,2022-02-07,251.152,2021-02-08
CPIAUCSL,2018-06-01,2023-02-09,251.118,2022-02-08
CPIAUCSL,2018-06-01,2026-07-31,251.018,2023-02-10
CPIAUCSL,2018-07-01,2019-02-10,251.286,2018-08-10
CPIAUCSL,2018-07-01,2020-02-10,251.597,2019-02-11
CPIAUCSL,2018-07-01,2021-02-07,251.482,2020-02-11
CPIAUCSL,2018-07-01,2022-02-07,251.345,2021-02-08
CPIAUCSL,2018-07-01,2023-02-09,251.323,2022-02-08
CPIAUCSL,2018-07-01,2026-07-31,251.214,2023-02-10
CPIAUCSL,2018-08-01,2019-02-10,251.846,2018-09-13
CPIAUCSL,2018-08-01,2020-02-10,251.879,2019-02-11
CPIAUCSL,2018-08-01,2021-02-07,251.905,2020-02-11
CPIAUCSL,2018-08-01,2022-02-07,251.735,2021-02-08
CPIAUCSL,2018-08-01,2023-02-09,251.749,2022-02-08
CPIAUCSL,2018-08-01,2026-07-31,251.663,2023-02-10
CPIAUCSL,2018-09-01,2019-02-10,251.994,2018-10-11
CPIAUCSL,2018-09-01,2020-02-10,252.01,2019-02-11
CPIAUCSL,2018-09-01,2021-02-07,252.261,2020-02-11
CPIAUCSL,2018-09-01,2022-02-07,252.183,2021-02-08
CPIAUCSL,2018-09-01,2023-02-09,252.239,2022-02-08
CPIAUCSL,2018-09-01,2026-07-31,252.182,2023-02-10
CPIAUCSL,2018-10-01,2019-02-10,252.827,2018-11-14
CPIAUCSL,2018-10-01,2020-02-10,252.794,2019-02-11
CPIAUCSL,2018-10-01,2021-02-07,252.777,2020-02-11
CPIAUCSL,2018-10-01,2022-02-07,252.899,2021-02-08
CPIAUCSL,2018-10-01,2023-02-09,252.862,2022-02-08
CPIAUCSL,2018-10-01,2026-07-31,252.772,2023-02-10
CPIAUCSL,2018-11-01,2019-02-10,252.876,2018-12-12
CPIAUCSL,2018-11-01,2020-02-10,252.76,2019-02-11
CPIAUCSL,2018-11-01,2021-02-07,252.662,2020-02-11
CPIAUCSL,2018-11-01,2022-02-07,252.822,2021-02-08
CPIAUCSL,2018-11-01,2023-02-09,252.657,2022-02-08
CPIAUCSL,2018-11-01,2026-07-31,252.594,2023-02-10
CPIAUCSL,2018-12-01,2019-02-10,252.733,2019-01-11
CPIAUCSL,2018-12-01,2020-02-10,252.723,2019-02-11
CPIAUCSL,2018-12-01,2021-02-07,252.653,2020-02-11
CPIAUCSL,2018-12-01,2022-02-07,252.493,2021-02-08
CPIAUCSL,2018-12-01,2023-02-09,252.551,2022-02-08
CPIAUCSL,2018-12-01,2026-07-31,252.767,2023-02-10
CPIAUCSL,2019-01-01,2020-02-10,252.673,2019-02-13
CPIAUCSL,2019-01-01,2021-02-07,252.55,2020-02-11
CPIAUCSL,2019-01-01,2022-02-07,252.441,2021-02-08
CPIAUCSL,2019-01-01,2023-02-09,252.47,2022-02-08
CPIAUCSL,2019-01-01,2024-02-08,252.718,2023-02-10
CPIAUCSL,2019-01-01,2026-07-31,252.561,2024-02-09
CPIAUCSL,2019-02-01,2020-02-10,253.113,2019-03-12
CPIAUCSL,2019-02-01,2021-02-07,253.181,2020-02-11
CPIAUCSL,2019-02-01,2022-02-07,252.969,2021-02-08
CPIAUCSL,2019-02-01,2023-02-09,253.135,2022-02-08
CPIAUCSL,2019-02-01,2024-02-08,253.322,2023-02-10
CPIAUCSL,2019-02-01,2026-07-31,253.319,2024-02-09
CPIAUCSL,2019-03-01,2020-02-10,254.148,2019-04-10
CPIAUCSL,2019-03-01,2021-02-07,254.095,2020-02-11
CPIAUCSL,2019-03-01,2022-02-07,254.147,2021-02-08
CPIAUCSL,2019-03-01,2023-02-09,254.273,2022-02-08
CPIAUCSL,2019-03-01,2024-02-08,254.202,2023-02-10
CPIAUCSL,2019-03-01,2026-07-31,254.277,2024-02-09
CPIAUCSL,2019-04-01,2020-02-10,254.958,2019-05-10
CPIAUCSL,2019-04-01,2021-02-07,254.943,2020-02-11
CPIAUCSL,2019-04-01,2022-02-07,255.326,2021-02-08
CPIAUCSL,2019-04-01,2023-02-09,255.163,2022-02-08
CPIAUCSL,2019-04-01,2024-02-08,255.211,2023-02-10
CPIAUCSL,2019-04-01,2026-07-31,255.233,2024-02-09
CPIAUCSL,2019-05-01,2020-02-10,255.155,2019-06-12
CPIAUCSL,2019-05-01,2021-02-07,255.167,2020-02-11
CPIAUCSL,2019-05-01,2022-02-07,255.371,2021-02-08
CPIAUCSL,2019-05-01,2023-02-09,255.325,2022-02-08
CPIAUCSL,2019-05-01,2024-02-08,255.29,2023-02-10
CPIAUCSL,2019-05-01,2026-07-31,255.296,2024-02-09
CPIAUCSL,2019-06-01,2020-02-10,255.305,2019-07-11
CPIAUCSL,2019-06-01,2021-02-07,255.402,2020-02-11
CPIAUCSL,2019-06-01,2022-02-07,255.423,2021-02-08
CPIAUCSL,2019-06-01,2023-02-09,255.361,2022-02-08
CPIAUCSL,2019-06-01,2024-02-08,255.159,2023-02-10
CPIAUCSL,2019-06-01,2026-07-31,255.213,2024-02-09
CPIAUCSL,2019-07-01,2020-02-10,256.161,2019-08-13
CPIAUCSL,2019-07-01,2021-02-07,256.087,2020-02-11
CPIAUCSL,2019-07-01,2022-02-07,255.925,2021-02-08
CPIAUCSL,2019-07-01,2023-02-09,255.9,2022-02-08
CPIAUCSL,2019-07-01,2024-02-08,255.685,2023-02-10
CPIAUCSL,2019-07-01,2026-07-31,255.802,2024-02-09
CPIAUCSL,2019-08-01,2020-02-10,256.3,2019-09-12
CPIAUCSL,2019-08-01,2021-02-07,256.294,2020-02-11
CPIAUCSL,2019-08-01,2022-02-07,256.118,2021-02-08
CPIAUCSL,2019-08-01,2023-02-09,256.179,2022-02-08
CPIAUCSL,2019-08-01,2024-02-08,256.059,2023-02-10
CPIAUCSL,2019-08-01,2026-07-31,256.036,2024-02-09
CPIAUCSL,2019-09-01,2020-02-10,256.358,2019-10-10
CPIAUCSL,2019-09-01,2021-02-07,256.593,2020-02-11
CPIAUCSL,2019-09-01,2022-02-07,256.532,2021-02-08
CPIAUCSL,2019-09-01,2023-02-09,256.596,2022-02-08
CPIAUCSL,2019-09-01,2024-02-08,256.511,2023-02-10
CPIAUCSL,2019-09-01,2026-07-31,256.43,2024-02-09
CPIAUCSL,2019-10-01,2020-02-10,257.271,2019-11-13
CPIAUCSL,2019-10-01,2021-02-07,257.229,2020-02-11
CPIAUCSL,2019-10-01,2022-02-07,257.387,2021-02-08
CPIAUCSL,2019-10-01,2023-02-09,257.305,2022-02-08
CPIAUCSL,2019-10-01,2024-02-08,257.244,2023-02-10
CPIAUCSL,2019-10-01,2026-07-31,257.155,2024-02-09
CPIAUCSL,2019-11-01,2020-02-10,257.936,2019-12-11
CPIAUCSL,2019-11-01,2021-02-07,257.824,2020-02-11
CPIAUCSL,2019-11-01,2022-02-07,257.989,2021-02-08
CPIAUCSL,2019-11-01,2023-02-09,257.788,2022-02-08
CPIAUCSL,2019-11-01,2024-02-08,257.803,2023-02-10
CPIAUCSL,2019-11-01,2026-07-31,257.879,2024-02-09
CPIAUCSL,2019-12-01,2020-02-10,258.501,2020-01-14
CPIAUCSL,2019-12-01,2021-02-07,258.444,2020-02-11
CPIAUCSL,2019-12-01,2022-02-07,258.203,2021-02-08
CPIAUCSL,2019-12-01,2023-02-09,258.263,2022-02-08
CPIAUCSL,2019-12-01,2024-02-08,258.616,2023-02-10
CPIAUCSL,2019-12-01,2026-07-31,258.63,2024-02-09
CPIAUCSL,2020-01-01,2021-02-07,258.82,2020-02-13
CPIAUCSL,2020-01-01,2022-02-07,258.687,2021-02-08
CPIAUCSL,2020-01-01,2023-02-09,258.682,2022-02-08
CPIAUCSL,2020-01-01,2024-02-08,259.037,2023-02-10
CPIAUCSL,2020-01-01,2025-02-11,258.906,2024-02-09
CPIAUCSL,2020-01-01,2026-07-31,259.127,2025-02-12
CPIAUCSL,2020-02-01,2021-02-07,259.05,2020-03-11
CPIAUCSL,2020-02-01,2022-02-07,258.824,2021-02-08
CPIAUCSL,2020-02-01,2023-02-09,259.007,2022-02-08
CPIAUCSL,2020-02-01,2024-02-08,259.248,2023-02-10
CPIAUCSL,2020-02-01,2025-02-11,259.246,2024-02-09
CPIAUCSL,2020-02-01,2026-07-31,259.25,2025-02-12
CPIAUCSL,2020-03-01,2021-02-07,257.953,2020-04-10
CPIAUCSL,2020-03-01,2022-02-07,257.989,2021-02-08
CPIAUCSL,2020-03-01,2023-02-09,258.165,2022-02-08
CPIAUCSL,2020-03-01,2024-02-08,258.124,2023-02-10
CPIAUCSL,2020-03-01,2025-02-11,258.15,2024-02-09
CPIAUCSL,2020-03-01,2026-07-31,258.076,2025-02-12
CPIAUCSL,2020-04-01,2021-02-07,255.902,2020-05-12
CPIAUCSL,2020-04-01,2022-02-07,256.192,2021-02-08
CPIAUCSL,2020-04-01,2023-02-09,256.094,2022-02-08
CPIAUCSL,2020-04-01,2024-02-08,256.092,2023-02-10
CPIAUCSL,2020-04-01,2025-02-11,256.126,2024-02-09
CPIAUCSL,2020-04-01,2026-07-31,256.032,2025-02-12
CPIAUCSL,2020-05-01,2021-02-07,255.768,2020-06-10
CPIAUCSL,2020-05-01,2022-02-07,255.942,2021-02-08
CPIAUCSL,2020-05-01,2023-02-09,255.944,2022-02-08
CPIAUCSL,2020-05-01,2024-02-08,255.868,2023-02-10
CPIAUCSL,2020-05-01,2025-02-11,255.848,2024-02-09
CPIAUCSL,2020-05-01,2026-07-31,255.802,2025-02-12
CPIAUCSL,2020-06-01,2021-02-07,257.214,2020-07-14
CPIAUCSL,2020-06-01,2022-02-07,257.282,2021-02-08
CPIAUCSL,2020-06-01,2023-02-09,257.217,2022-02-08
CPIAUCSL,2020-06-01,2024-02-08,256.986,2023-02-10
CPIAUCSL,2020-06-01,2025-02-11,257.004,2024-02-09
CPIAUCSL,2020-06-01,2026-07-31,257.042,2025-02-12
CPIAUCSL,2020-07-01,2021-02-07,258.723,2020-08-12
CPIAUCSL,2020-07-01,2022-02-07,258.604,2021-02-08
CPIAUCSL,2020-07-01,2023-02-09,258.543,2022-02-08
CPIAUCSL,2020-07-01,2024-02-08,258.278,2023-02-10
CPIAUCSL,2020-07-01,2025-02-11,258.408,2024-02-09
CPIAUCSL,2020-07-01,2026-07-31,258.352,2025-02-12
CPIAUCSL,2020-08-01,2021-02-07,259.681,2020-09-11
CPIAUCSL,2020-08-01,2022-02-07,259.511,2021-02-08
CPIAUCSL,2020-08-01,2023-02-09,259.58,2022-02-08
CPIAUCSL,2020-08-01,2024-02-08,259.411,2023-02-10
CPIAUCSL,2020-08-01,2025-02-11,259.366,2024-02-09
CPIAUCSL,2020-08-01,2026-07-31,259.316,2025-02-12
CPIAUCSL,2020-09-01,2021-02-07,260.209,2020-10-13
CPIAUCSL,2020-09-01,2022-02-07,260.149,2021-02-08
CPIAUCSL,2020-09-01,2023-02-09,260.19,2022-02-08
CPIAUCSL,2020-09-01,2024-02-08,260.029,2023-02-10
CPIAUCSL,2020-09-01,2025-02-11,259.951,2024-02-09
CPIAUCSL,2020-09-01,2026-07-31,259.997,2025-02-12
CPIAUCSL,2020-10-01,2021-02-07,260.325,2020-11-12
CPIAUCSL,2020-10-01,2022-02-07,260.462,2021-02-08
CPIAUCSL,2020-10-01,2023-02-09,260.352,2022-02-08
CPIAUCSL,2020-10-01,2024-02-08,260.286,2023-02-10
CPIAUCSL,2020-10-01,2025-02-11,260.249,2024-02-09
CPIAUCSL,2020-10-01,2026-07-31,260.319,2025-02-12
CPIAUCSL,2020-11-01,2021-02-07,260.817,2020-12-10
CPIAUCSL,2020-11-01,2022-02-07,260.927,2021-02-08
CPIAUCSL,2020-11-01,2023-02-09,260.721,2022-02-08
CPIAUCSL,2020-11-01,2024-02-08,260.813,2023-02-10
CPIAUCSL,2020-11-01,2025-02-11,260.895,2024-02-09
CPIAUCSL,2020-11-01,2026-07-31,260.911,2025-02-12
CPIAUCSL,2020-12-01,2021-02-07,261.775,2021-01-13
CPIAUCSL,2020-12-01,2022-02-07,261.56,2021-02-08
CPIAUCSL,2020-12-01,2023-02-09,261.564,2022-02-08
CPIAUCSL,2020-12-01,2024-02-08,262.035,2023-02-10
CPIAUCSL,2020-12-01,2025-02-11,262.005,2024-02-09
CPIAUCSL,2020-12-01,2026-07-31,262.045,2025-02-12
CPIAUCSL,2021-01-01,2022-02-07,262.231,2021-02-10
CPIAUCSL,2021-01-01,2023-02-09,262.2,2022-02-08
CPIAUCSL,2021-01-01,2024-02-08,262.65,2023-02-10
CPIAUCSL,2021-01-01,2025-02-11,262.518,2024-02-09
CPIAUCSL,2021-01-01,2026-02-12,262.639,2025-02-12
CPIAUCSL,2021-01-01,2026-07-31,262.687,2026-02-13
CPIAUCSL,2021-02-01,2022-02-07,263.161,2021-03-10
CPIAUCSL,2021-02-01,2023-02-09,263.346,2022-02-08
CPIAUCSL,2021-02-01,2024-02-08,263.638,2023-02-10
CPIAUCSL,2021-02-01,2025-02-11,263.583,2024-02-09
CPIAUCSL,2021-02-01,2026-02-12,263.573,2025-02-12
CPIAUCSL,2021-02-01,2026-07-31,263.579,2026-02-13
CPIAUCSL,2021-03-01,2022-02-07,264.793,2021-04-13
CPIAUCSL,2021-03-01,2023-02-09,265.028,2022-02-08
CPIAUCSL,2021-03-01,2024-02-08,264.914,2023-02-10
CPIAUCSL,2021-03-01,2025-02-11,264.91,2024-02-09
CPIAUCSL,2021-03-01,2026-02-12,264.847,2025-02-12
CPIAUCSL,2021-03-01,2026-07-31,264.961,2026-02-13
CPIAUCSL,2021-04-01,2022-02-07,266.832,2021-05-12
CPIAUCSL,2021-04-01,2023-02-09,266.727,2022-02-08
CPIAUCSL,2021-04-01,2024-02-08,266.67,2023-02-10
CPIAUCSL,2021-04-01,2025-02-11,266.752,2024-02-09
CPIAUCSL,2021-04-01,2026-02-12,266.625,2025-02-12
CPIAUCSL,2021-04-01,2026-07-31,266.614,2026-02-13
CPIAUCSL,2021-05-01,2022-02-07,268.551,2021-06-10
CPIAUCSL,2021-05-01,2023-02-09,268.599,2022-02-08
CPIAUCSL,2021-05-01,2024-02-08,268.444,2023-02-10
CPIAUCSL,2021-05-01,2025-02-11,268.452,2024-02-09
CPIAUCSL,2021-05-01,2026-02-12,268.404,2025-02-12
CPIAUCSL,2021-05-01,2026-07-31,268.383,2026-02-13
CPIAUCSL,2021-06-01,2022-02-07,270.981,2021-07-13
CPIAUCSL,2021-06-01,2023-02-09,270.955,2022-02-08
CPIAUCSL,2021-06-01,2024-02-08,270.559,2023-02-10
CPIAUCSL,2021-06-01,2025-02-11,270.664,2024-02-09
CPIAUCSL,2021-06-01,2026-02-12,270.71,2025-02-12
CPIAUCSL,2021-06-01,2026-07-31,270.654,2026-02-13
CPIAUCSL,2021-07-01,2022-02-07,272.265,2021-08-11
CPIAUCSL,2021-07-01,2023-02-09,272.184,2022-02-08
CPIAUCSL,2021-07-01,2024-02-08,271.764,2023-02-10
CPIAUCSL,2021-07-01,2025-02-11,271.994,2024-02-09
CPIAUCSL,2021-07-01,2026-02-12,271.965,2025-02-12
CPIAUCSL,2021-07-01,2026-07-31,271.903,2026-02-13
CPIAUCSL,2021-08-01,2022-02-07,273.012,2021-09-14
CPIAUCSL,2021-08-01,2023-02-09,273.092,2022-02-08
CPIAUCSL,2021-08-01,2024-02-08,272.87,2023-02-10
CPIAUCSL,2021-08-01,2025-02-11,272.789,2024-02-09
CPIAUCSL,2021-08-01,2026-02-12,272.752,2025-02-12
CPIAUCSL,2021-08-01,2026-07-31,272.676,2026-02-13
CPIAUCSL,2021-09-01,2022-02-07,274.138,2021-10-13
CPIAUCSL,2021-09-01,2023-02-09,274.214,2022-02-08
CPIAUCSL,2021-09-01,2024-02-08,274.028,2023-02-10
CPIAUCSL,2021-09-01,2025-02-11,273.887,2024-02-09
CPIAUCSL,2021-09-01,2026-02-12,273.942,2025-02-12
CPIAUCSL,2021-09-01,2026-07-31,273.91,2026-02-13
CPIAUCSL,2021-10-01,2022-02-07,276.724,2021-11-10
CPIAUCSL,2021-10-01,2023-02-09,276.59,2022-02-08
CPIAUCSL,2021-10-01,2024-02-08,276.522,2023-02-10
CPIAUCSL,2021-10-01,2025-02-11,276.434,2024-02-09
CPIAUCSL,2021-10-01,2026-02-12,276.528,2025-02-12
CPIAUCSL,2021-10-01,2026-07-31,276.55,2026-02-13
CPIAUCSL,2021-11-01,2022-02-07,278.88,2021-12-10
CPIAUCSL,2021-11-01,2023-02-09,278.524,2022-02-08
CPIAUCSL,2021-11-01,2024-02-08,278.711,2023-02-10
CPIAUCSL,2021-11-01,2025-02-11,278.799,2024-02-09
CPIAUCSL,2021-11-01,2026-02-12,278.824,2025-02-12
CPIAUCSL,2021-11-01,2026-07-31,278.919,2026-02-13
CPIAUCSL,2021-12-01,2022-02-07,280.192,2022-01-12
CPIAUCSL,2021-12-01,2023-02-09,280.126,2022-02-08
CPIAUCSL,2021-12-01,2024-02-08,280.887,2023-02-10
CPIAUCSL,2021-12-01,2025-02-11,280.808,2024-02-09
CPIAUCSL,2021-12-01,2026-02-12,280.806,2025-02-12
CPIAUCSL,2021-12-01,2026-07-31,280.845,2026-02-13
CPIAUCSL,2022-01-01,2023-02-09,281.933,2022-02-10
CPIAUCSL,2022-01-01,2024-02-08,282.599,2023-02-10
CPIAUCSL,2022-01-01,2025-02-11,282.39,2024-02-09
CPIAUCSL,2022-01-01,2026-02-12,282.542,2025-02-12
CPIAUCSL,2022-01-01,2026-07-31,282.543,2026-02-13
CPIAUCSL,2022-02-01,2023-02-09,284.182,2022-03-10
CPIAUCSL,2022-02-01,2024-02-08,284.61,2023-02-10
CPIAUCSL,2022-02-01,2025-02-11,284.535,2024-02-09
CPIAUCSL,2022-02-01,2026-02-12,284.525,2025-02-12
CPIAUCSL,2022-02-01,2026-07-31,284.5,2026-02-13
CPIAUCSL,2022-03-01,2023-02-09,287.708,2022-04-12
CPIAUCSL,2022-03-01,2024-02-08,287.472,2023-02-10
CPIAUCSL,2022-03-01,2025-02-11,287.553,2024-02-09
CPIAUCSL,2022-03-01,2026-02-12,287.467,2025-02-12
CPIAUCSL,2022-03-01,2026-07-31,287.674,2026-02-13
CPIAUCSL,2022-04-01,2023-02-09,288.663,2022-05-11
CPIAUCSL,2022-04-01,2024-02-08,288.611,2023-02-10
CPIAUCSL,2022-04-01,2025-02-11,288.764,2024-02-09
CPIAUCSL,2022-04-01,2026-02-12,288.582,2025-02-12
CPIAUCSL,2022-04-01,2026-07-31,288.561,2026-02-13
CPIAUCSL,2022-05-01,2023-02-09,291.474,2022-06-10
CPIAUCSL,2022-05-01,2024-02-08,291.268,2023-02-10
CPIAUCSL,2022-05-01,2025-02-11,291.359,2024-02-09
CPIAUCSL,2022-05-01,2026-02-12,291.299,2025-02-12
CPIAUCSL,2022-05-01,2026-07-31,291.298,2026-02-13
CPIAUCSL,2022-06-01,2023-02-09,295.328,2022-07-13
CPIAUCSL,2022-06-01,2024-02-08,294.728,2023-02-10
CPIAUCSL,2022-06-01,2025-02-11,294.996,2024-02-09
CPIAUCSL,2022-06-01,2026-02-12,295.072,2025-02-12
CPIAUCSL,2022-06-01,2026-07-31,294.957,2026-02-13
CPIAUCSL,2022-07-01,2023-02-09,295.271,2022-08-10
CPIAUCSL,2022-07-01,2024-02-08,294.628,2023-02-10
CPIAUCSL,2022-07-01,2025-02-11,294.977,2024-02-09
CPIAUCSL,2022-07-01,2026-02-12,294.94,2025-02-12
CPIAUCSL,2022-07-01,2026-07-31,294.913,2026-02-13
CPIAUCSL,2022-08-01,2023-02-09,295.62,2022-09-13
CPIAUCSL,2022-08-01,2024-02-08,295.32,2023-02-10
CPIAUCSL,2022-08-01,2025-02-11,295.209,2024-02-09
CPIAUCSL,2022-08-01,2026-02-12,295.162,2025-02-12
CPIAUCSL,2022-08-01,2026-07-31,295.097,2026-02-13
CPIAUCSL,2022-09-01,2023-02-09,296.761,2022-10-13
CPIAUCSL,2022-09-01,2024-02-08,296.539,2023-02-10
CPIAUCSL,2022-09-01,2025-02-11,296.341,2024-02-09
CPIAUCSL,2022-09-01,2026-02-12,296.421,2025-02-12
CPIAUCSL,2022-09-01,2026-07-31,296.349,2026-02-13
CPIAUCSL,2022-10-01,2023-02-09,298.062,2022-11-10
CPIAUCSL,2022-10-01,2024-02-08,297.987,2023-02-10
CPIAUCSL,2022-10-01,2025-02-11,297.863,2024-02-09
CPIAUCSL,2022-10-01,2026-02-12,297.979,2025-02-12
CPIAUCSL,2022-10-01,2026-07-31,298.007,2026-02-13
CPIAUCSL,2022-11-01,2023-02-09,298.349,2022-12-13
CPIAUCSL,2022-11-01,2024-02-08,298.598,2023-02-10
CPIAUCSL,2022-11-01,2025-02-11,298.648,2024-02-09
CPIAUCSL,2022-11-01,2026-02-12,298.708,2025-02-12
CPIAUCSL,2022-11-01,2026-07-31,298.786,2026-02-13
CPIAUCSL,2022-12-01,2023-02-09,298.112,2023-01-12
CPIAUCSL,2022-12-01,2024-02-08,298.99,2023-02-10
CPIAUCSL,2022-12-01,2025-02-11,298.812,2024-02-09
CPIAUCSL,2022-12-01,2026-02-12,298.808,2025-02-12
CPIAUCSL,2022-12-01,2026-07-31,298.832,2026-02-13
CPIAUCSL,2023-01-01,2024-02-08,300.536,2023-02-14
CPIAUCSL,2023-01-01,2025-02-11,300.356,2024-02-09
CPIAUCSL,2023-01-01,2026-02-12,300.456,2025-02-12
CPIAUCSL,2023-01-01,2026-07-31,300.42,2026-02-13
CPIAUCSL,2023-02-01,2024-02-08,301.648,2023-03-14
CPIAUCSL,2023-02-01,2025-02-11,301.509,2024-02-09
CPIAUCSL,2023-02-01,2026-02-12,301.476,2025-02-12
CPIAUCSL,2023-02-01,2026-07-31,301.45,2026-02-13
CPIAUCSL,2023-03-01,2024-02-08,301.808,2023-04-12
CPIAUCSL,2023-03-01,2025-02-11,301.744,2024-02-09
CPIAUCSL,2023-03-01,2026-02-12,301.643,2025-02-12
CPIAUCSL,2023-03-01,2026-07-31,301.821,2026-02-13
CPIAUCSL,2023-04-01,2024-02-08,302.918,2023-05-10
CPIAUCSL,2023-04-01,2025-02-11,303.032,2024-02-09
CPIAUCSL,2023-04-01,2026-02-12,302.858,2025-02-12
CPIAUCSL,2023-04-01,2026-07-31,302.845,2026-02-13
CPIAUCSL,2023-05-01,2024-02-08,303.294,2023-06-13
CPIAUCSL,2023-05-01,2025-02-11,303.365,2024-02-09
CPIAUCSL,2023-05-01,2026-02-12,303.316,2025-02-12
CPIAUCSL,2023-05-01,2026-07-31,303.334,2026-02-13
CPIAUCSL,2023-06-01,2024-02-08,303.841,2023-07-12
CPIAUCSL,2023-06-01,2025-02-11,304.003,2024-02-09
CPIAUCSL,2023-06-01,2026-02-12,304.099,2025-02-12
CPIAUCSL,2023-06-01,2026-07-31,304.014,2026-02-13
CPIAUCSL,2023-07-01,2024-02-08,304.348,2023-08-10
CPIAUCSL,2023-07-01,2025-02-11,304.628,2024-02-09
CPIAUCSL,2023-07-01,2026-02-12,304.615,2025-02-12
CPIAUCSL,2023-07-01,2026-07-31,304.609,2026-02-13
CPIAUCSL,2023-08-01,2024-02-08,306.269,2023-09-13
CPIAUCSL,2023-08-01,2025-02-11,306.187,2024-02-09
CPIAUCSL,2023-08-01,2026-02-12,306.138,2025-02-12
CPIAUCSL,2023-08-01,2026-07-31,306.082,2026-02-13
CPIAUCSL,2023-09-01,2024-02-08,307.481,2023-10-12
CPIAUCSL,2023-09-01,2025-02-11,307.288,2024-02-09
CPIAUCSL,2023-09-01,2026-02-12,307.374,2025-02-12
CPIAUCSL,2023-09-01,2026-07-31,307.276,2026-02-13
CPIAUCSL,2023-10-01,2024-02-08,307.619,2023-11-14
CPIAUCSL,2023-10-01,2025-02-11,307.531,2024-02-09
CPIAUCSL,2023-10-01,2026-02-12,307.653,2025-02-12
CPIAUCSL,2023-10-01,2026-07-31,307.696,2026-02-13
CPIAUCSL,2023-11-01,2024-02-08,307.917,2023-12-12
CPIAUCSL,2023-11-01,2025-02-11,308.024,2024-02-09
CPIAUCSL,2023-11-01,2026-02-12,308.087,2025-02-12
CPIAUCSL,2023-11-01,2026-07-31,308.148,2026-02-13
CPIAUCSL,2023-12-01,2024-02-08,308.85,2024-01-11
CPIAUCSL,2023-12-01,2025-02-11,308.742,2024-02-09
CPIAUCSL,2023-12-01,2026-02-12,308.735,2025-02-12
CPIAUCSL,2023-12-01,2026-07-31,308.741,2026-02-13
CPIAUCSL,2024-01-01,2025-02-11,309.685,2024-02-13
CPIAUCSL,2024-01-01,2026-02-12,309.794,2025-02-12
CPIAUCSL,2024-01-01,2026-07-31,309.698,2026-02-13
CPIAUCSL,2024-02-01,2025-02-11,311.054,2024-03-12
CPIAUCSL,2024-02-01,2026-02-12,311.022,2025-02-12
CPIAUCSL,2024-02-01,2026-07-31,310.967,2026-02-13
CPIAUCSL,2024-03-01,2025-02-11,312.23,2024-04-10
CPIAUCSL,2024-03-01,2026-02-12,312.107,2025-02-12
CPIAUCSL,2024-03-01,2026-07-31,312.345,2026-02-13
CPIAUCSL,2024-04-01,2025-02-11,313.207,2024-05-15
CPIAUCSL,2024-04-01,2026-02-12,313.016,2025-02-12
CPIAUCSL,2024-04-01,2026-07-31,313.023,2026-02-13
CPIAUCSL,2024-05-01,2025-02-11,313.225,2024-06-12
CPIAUCSL,2024-05-01,2026-02-12,313.14,2025-02-12
CPIAUCSL,2024-05-01,2026-07-31,313.175,2026-02-13
CPIAUCSL,2024-06-01,2025-02-11,313.049,2024-07-11
CPIAUCSL,2024-06-01,2026-02-12,313.131,2025-02-12
CPIAUCSL,2024-06-01,2026-07-31,313.044,2026-02-13
CPIAUCSL,2024-07-01,2025-02-11,313.534,2024-08-14
CPIAUCSL,2024-07-01,2026-02-12,313.566,2025-02-12
CPIAUCSL,2024-07-01,2026-07-31,313.569,2026-02-13
CPIAUCSL,2024-08-01,2025-02-11,314.121,2024-09-11
CPIAUCSL,2024-08-01,2026-02-12,314.131,2025-02-12
CPIAUCSL,2024-08-01,2026-07-31,314.062,2026-02-13
CPIAUCSL,2024-09-01,2025-02-11,314.686,2024-10-10
CPIAUCSL,2024-09-01,2026-02-12,314.851,2025-02-12
CPIAUCSL,2024-09-01,2026-07-31,314.732,2026-02-13
CPIAUCSL,2024-10-01,2025-02-11,315.454,2024-11-13
CPIAUCSL,2024-10-01,2026-02-12,315.564,2025-02-12
CPIAUCSL,2024-10-01,2026-07-31,315.631,2026-02-13
CPIAUCSL,2024-11-01,2025-02-11,316.441,2024-12-11
CPIAUCSL,2024-11-01,2026-02-12,316.449,2025-02-12
CPIAUCSL,2024-11-01,2026-07-31,316.528,2026-02-13
CPIAUCSL,2024-12-01,2025-02-11,317.685,2025-01-15
CPIAUCSL,2024-12-01,2026-02-12,317.603,2025-02-12
CPIAUCSL,2024-12-01,2026-07-31,317.604,2026-02-13
CPIAUCSL,2025-01-01,2026-02-12,319.086,2025-02-12
CPIAUCSL,2025-01-01,2026-07-31,318.961,2026-02-13
CPIAUCSL,2025-02-01,2026-02-12,319.775,2025-03-12
CPIAUCSL,2025-02-01,2026-07-31,319.679,2026-02-13
CPIAUCSL,2025-03-01,2026-02-12,319.615,2025-04-10
CPIAUCSL,2025-03-01,2026-07-31,319.785,2026-02-13
CPIAUCSL,2025-04-01,2026-02-12,320.321,2025-05-13
CPIAUCSL,2025-04-01,2026-07-31,320.302,2026-02-13
CPIAUCSL,2025-05-01,2026-02-12,320.58,2025-06-11
CPIAUCSL,2025-05-01,2026-07-31,320.62,2026-02-13
CPIAUCSL,2025-06-01,2026-02-12,321.5,2025-07-15
CPIAUCSL,2025-06-01,2026-07-31,321.435,2026-02-13
CPIAUCSL,2025-07-01,2026-02-12,322.132,2025-08-12
CPIAUCSL,2025-07-01,2026-07-31,322.169,2026-02-13
CPIAUCSL,2025-08-01,2026-02-12,323.364,2025-09-11
CPIAUCSL,2025-08-01,2026-07-31,323.291,2026-02-13
CPIAUCSL,2025-09-01,2026-02-12,324.368,2025-10-24
CPIAUCSL,2025-09-01,2026-07-31,324.245,2026-02-13
CPIAUCSL,2025-11-01,2026-02-12,325.031,2025-12-18
CPIAUCSL,2025-11-01,2026-07-31,325.063,2026-02-13
CPIAUCSL,2025-12-01,2026-02-12,326.03,2026-01-13
CPIAUCSL,2025-12-01,2026-07-31,326.031,2026-02-13
CPIAUCSL,2026-01-01,2026-07-31,326.588,2026-02-13
CPIAUCSL,2026-02-01,2026-07-31,327.46,2026-03-11
CPIAUCSL,2026-03-01,2026-07-31,330.293,2026-04-10
CPIAUCSL,2026-04-01,2026-07-31,332.407,2026-05-12
CPIAUCSL,2026-05-01,2026-07-31,333.979,2026-06-10
CPIAUCSL,2026-06-01,2026-07-31,332.568,2026-07-14
