series_id,date,realtime_end,value,realtime_start
PAYEMS,1939-01-01,1963-09-05,29770,1961-11-03
PAYEMS,1939-01-01,1964-12-03,29765,1963-09-06
PAYEMS,1939-01-01,1978-10-05,29762,1964-12-04
PAYEMS,1939-01-01,1994-06-02,29750,1978-10-06
PAYEMS,1939-01-01,2003-06-05,29783,1994-06-03
PAYEMS,1939-01-01,2026-07-31,29923,2003-06-06
PAYEMS,1939-02-01,1963-09-05,29916,1961-11-03
PAYEMS,1939-02-01,1964-12-03,29912,1963-09-06
PAYEMS,1939-02-01,1978-10-05,29913,1964-12-04
PAYEMS,1939-02-01,1994-06-02,29848,1978-10-06
PAYEMS,1939-02-01,2003-06-05,29875,1994-06-03
PAYEMS,1939-02-01,2014-02-06,30100,2003-06-06
PAYEMS,1939-02-01,2019-01-31,30101,2014-02-07
PAYEMS,1939-02-01,2026-07-31,30100,2019-02-01
PAYEMS,1939-03-01,1963-09-05,30163,1961-11-03
PAYEMS,1939-03-01,1964-12-03,30159,1963-09-06
PAYEMS,1939-03-01,1978-10-05,30161,1964-12-04
PAYEMS,1939-03-01,1994-06-02,30142,1978-10-06
PAYEMS,1939-03-01,2003-06-05,30147,1994-06-03
PAYEMS,1939-03-01,2026-07-31,30280,2003-06-06
PAYEMS,1939-04-01,1963-09-05,29954,1961-11-03
PAYEMS,1939-04-01,1964-12-03,29950,1963-09-06
PAYEMS,1939-04-01,1994-06-02,29980,1964-12-04
PAYEMS,1939-04-01,2003-06-05,29965,1994-06-03
PAYEMS,1939-04-01,2026-07-31,30094,2003-06-06
PAYEMS,1939-05-01,1963-09-05,30191,1961-11-03
PAYEMS,1939-05-01,1964-12-03,30186,1963-09-06
PAYEMS,1939-05-01,1978-10-05,30179,1964-12-04
PAYEMS,1939-05-01,1994-06-02,30175,1978-10-06
PAYEMS,1939-05-01,2003-06-05,30164,1994-06-03
PAYEMS,1939-05-01,2019-01-31,30300,2003-06-06
PAYEMS,1939-05-01,2026-07-31,30299,2019-02-01
PAYEMS,1939-06-01,1963-09-05,30439,1961-11-03
PAYEMS,1939-06-01,1964-12-03,30435,1963-09-06
PAYEMS,1939-06-01,1978-10-05,30420,1964-12-04
PAYEMS,1939-06-01,1994-06-02,30402,1978-10-06
PAYEMS,1939-06-01,2003-06-05,30393,1994-06-03
PAYEMS,1939-06-01,2026-07-31,30502,2003-06-06
PAYEMS,1939-07-01,1963-09-05,30477,1961-11-03
PAYEMS,1939-07-01,1978-10-05,30473,1963-09-06
PAYEMS,1939-07-01,1994-06-02,30464,1978-10-06
PAYEMS,1939-07-01,2003-06-05,30452,1994-06-03
PAYEMS,1939-07-01,2026-07-31,30419,2003-06-06
PAYEMS,1939-08-01,1963-09-05,30685,1961-11-03
PAYEMS,1939-08-01,1964-12-03,30682,1963-09-06
PAYEMS,1939-08-01,1978-10-05,30683,1964-12-04
PAYEMS,1939-08-01,1994-06-02,30639,1978-10-06
PAYEMS,1939-08-01,2003-06-05,30623,1994-06-03
PAYEMS,1939-08-01,2014-02-06,30662,2003-06-06
PAYEMS,1939-08-01,2026-07-31,30663,2014-02-07
PAYEMS,1939-09-01,1963-09-05,31129,1961-11-03
PAYEMS,1939-09-01,1964-12-03,31125,1963-09-06
PAYEMS,1939-09-01,1978-10-05,31128,1964-12-04
PAYEMS,1939-09-01,1994-06-02,31113,1978-10-06
PAYEMS,1939-09-01,2003-06-05,31110,1994-06-03
PAYEMS,1939-09-01,2019-01-31,31032,2003-06-06
PAYEMS,1939-09-01,2026-07-31,31031,2019-02-01
PAYEMS,1939-10-01,1963-09-05,31482,1961-11-03
PAYEMS,1939-10-01,1964-12-03,31477,1963-09-06
PAYEMS,1939-10-01,1978-10-05,31475,1964-12-04
PAYEMS,1939-10-01,1994-06-02,31486,1978-10-06
PAYEMS,1939-10-01,2003-06-05,31484,1994-06-03
PAYEMS,1939-10-01,2019-01-31,31408,2003-06-06
PAYEMS,1939-10-01,2026-07-31,31411,2019-02-01
PAYEMS,1939-11-01,1963-09-05,31521,1961-11-03
PAYEMS,1939-11-01,1964-12-03,31517,1963-09-06
PAYEMS,1939-11-01,1978-10-05,31516,1964-12-04
PAYEMS,1939-11-01,1994-06-02,31515,1978-10-06
PAYEMS,1939-11-01,2003-06-05,31519,1994-06-03
PAYEMS,1939-11-01,2019-01-31,31469,2003-06-06
PAYEMS,1939-11-01,2026-07-31,31470,2019-02-01
PAYEMS,1939-12-01,1963-09-05,31540,1961-11-03
PAYEMS,1939-12-01,1964-12-03,31531,1963-09-06
PAYEMS,1939-12-01,1978-10-05,31583,1964-12-04
PAYEMS,1939-12-01,1994-06-02,31565,1978-10-06
PAYEMS,1939-12-01,2003-06-05,31574,1994-06-03
PAYEMS,1939-12-01,2019-01-31,31539,2003-06-06
PAYEMS,1939-12-01,2026-07-31,31542,2019-02-01
PAYEMS,1940-01-01,1963-09-05,31449,1961-11-03
PAYEMS,1940-01-01,1964-12-03,31445,1963-09-06
PAYEMS,1940-01-01,1978-10-05,31441,1964-12-04
PAYEMS,1940-01-01,1994-06-02,31428,1978-10-06
PAYEMS,1940-01-01,2003-06-05,31457,1994-06-03
PAYEMS,1940-01-01,2026-07-31,31603,2003-06-06
PAYEMS,1940-02-01,1963-09-05,31538,1961-11-03
PAYEMS,1940-02-01,1964-12-03,31533,1963-09-06
PAYEMS,1940-02-01,1978-10-05,31534,1964-12-04
PAYEMS,1940-02-01,1994-06-02,31468,1978-10-06
PAYEMS,1940-02-01,2003-06-05,31491,1994-06-03
PAYEMS,1940-02-01,2026-07-31,31715,2003-06-06
PAYEMS,1940-03-01,1963-09-05,31637,1961-11-03
PAYEMS,1940-03-01,1964-12-03,31634,1963-09-06
PAYEMS,1940-03-01,1978-10-05,31594,1964-12-04
PAYEMS,1940-03-01,1994-06-02,31606,1978-10-06
PAYEMS,1940-03-01,2003-06-05,31682,1994-06-03
PAYEMS,1940-03-01,2019-01-31,31826,2003-06-06
PAYEMS,1940-03-01,2026-07-31,31825,2019-02-01
PAYEMS,1940-04-01,1963-09-05,31630,1961-11-03
PAYEMS,1940-04-01,1964-12-03,31625,1963-09-06
PAYEMS,1940-04-01,1978-10-05,31621,1964-12-04
PAYEMS,1940-04-01,1994-06-02,31627,1978-10-06
PAYEMS,1940-04-01,2003-06-05,31567,1994-06-03
PAYEMS,1940-04-01,2014-02-06,31699,2003-06-06
PAYEMS,1940-04-01,2019-01-31,31700,2014-02-07
PAYEMS,1940-04-01,2026-07-31,31701,2019-02-01
PAYEMS,1940-05-01,1963-09-05,31783,1961-11-03
PAYEMS,1940-05-01,1964-12-03,31778,1963-09-06
PAYEMS,1940-05-01,1978-10-05,31769,1964-12-04
PAYEMS,1940-05-01,1994-06-02,31758,1978-10-06
PAYEMS,1940-05-01,2003-06-05,31759,1994-06-03
PAYEMS,1940-05-01,2019-01-31,31880,2003-06-06
PAYEMS,1940-05-01,2026-07-31,31879,2019-02-01
PAYEMS,1940-06-01,1963-09-05,31928,1961-11-03
PAYEMS,1940-06-01,1964-12-03,31924,1963-09-06
PAYEMS,1940-06-01,1978-10-05,31905,1964-12-04
PAYEMS,1940-06-01,1994-06-02,31891,1978-10-06
PAYEMS,1940-06-01,2003-06-05,31880,1994-06-03
PAYEMS,1940-06-01,2019-01-31,31978,2003-06-06
PAYEMS,1940-06-01,2026-07-31,31977,2019-02-01
PAYEMS,1940-07-01,1963-09-05,32011,1961-11-03
PAYEMS,1940-07-01,1964-12-03,32007,1963-09-06
PAYEMS,1940-07-01,1994-06-02,31993,1964-12-04
PAYEMS,1940-07-01,2003-06-05,31984,1994-06-03
PAYEMS,1940-07-01,2026-07-31,31942,2003-06-06
PAYEMS,1940-08-01,1963-09-05,32390,1961-11-03
PAYEMS,1940-08-01,1964-12-03,32387,1963-09-06
PAYEMS,1940-08-01,1978-10-05,32399,1964-12-04
PAYEMS,1940-08-01,1994-06-02,32372,1978-10-06
PAYEMS,1940-08-01,2003-06-05,32351,1994-06-03
PAYEMS,1940-08-01,2026-07-31,32352,2003-06-06
PAYEMS,1940-09-01,1963-09-05,32870,1961-11-03
PAYEMS,1940-09-01,1964-12-03,32867,1963-09-06
PAYEMS,1940-09-01,1978-10-05,32876,1964-12-04
PAYEMS,1940-09-01,1994-06-02,32886,1978-10-06
PAYEMS,1940-09-01,2003-06-05,32875,1994-06-03
PAYEMS,1940-09-01,2026-07-31,32810,2003-06-06
PAYEMS,1940-10-01,1963-09-05,33270,1961-11-03
PAYEMS,1940-10-01,1964-12-03,33268,1963-09-06
PAYEMS,1940-10-01,1978-10-05,33264,1964-12-04
PAYEMS,1940-10-01,1994-06-02,33287,1978-10-06
PAYEMS,1940-10-01,2003-06-05,33286,1994-06-03
PAYEMS,1940-10-01,2019-01-31,33265,2003-06-06
PAYEMS,1940-10-01,2026-07-31,33267,2019-02-01
PAYEMS,1940-11-01,1963-09-05,33648,1961-11-03
PAYEMS,1940-11-01,1964-12-03,33646,1963-09-06
PAYEMS,1940-11-01,1978-10-05,33634,1964-12-04
PAYEMS,1940-11-01,1994-06-02,33637,1978-10-06
PAYEMS,1940-11-01,2003-06-05,33650,1994-06-03
PAYEMS,1940-11-01,2019-01-31,33668,2003-06-06
PAYEMS,1940-11-01,2026-07-31,33669,2019-02-01
PAYEMS,1940-12-01,1963-09-05,34138,1961-11-03
PAYEMS,1940-12-01,1964-12-03,34125,1963-09-06
PAYEMS,1940-12-01,1978-10-05,34138,1964-12-04
PAYEMS,1940-12-01,1994-06-02,34173,1978-10-06
PAYEMS,1940-12-01,2003-06-05,34186,1994-06-03
PAYEMS,1940-12-01,2019-01-31,34172,2003-06-06
PAYEMS,1940-12-01,2026-07-31,34174,2019-02-01
PAYEMS,1941-01-01,1963-09-05,34402,1961-11-03
PAYEMS,1941-01-01,1964-12-03,34399,1963-09-06
PAYEMS,1941-01-01,1978-10-05,34384,1964-12-04
PAYEMS,1941-01-01,1994-06-02,34363,1978-10-06
PAYEMS,1941-01-01,2003-06-05,34392,1994-06-03
PAYEMS,1941-01-01,2019-01-31,34480,2003-06-06
PAYEMS,1941-01-01,2026-07-31,34481,2019-02-01
PAYEMS,1941-02-01,1963-09-05,34746,1961-11-03
PAYEMS,1941-02-01,1964-12-03,34743,1963-09-06
PAYEMS,1941-02-01,1978-10-05,34732,1964-12-04
PAYEMS,1941-02-01,1994-06-02,34631,1978-10-06
PAYEMS,1941-02-01,2003-06-05,34659,1994-06-03
PAYEMS,1941-02-01,2019-01-31,34844,2003-06-06
PAYEMS,1941-02-01,2026-07-31,34843,2019-02-01
PAYEMS,1941-03-01,1963-09-05,35027,1961-11-03
PAYEMS,1941-03-01,1964-12-03,35022,1963-09-06
PAYEMS,1941-03-01,1978-10-05,34979,1964-12-04
PAYEMS,1941-03-01,1994-06-02,35023,1978-10-06
PAYEMS,1941-03-01,2003-06-05,34966,1994-06-03
PAYEMS,1941-03-01,2019-01-31,35094,2003-06-06
PAYEMS,1941-03-01,2026-07-31,35092,2019-02-01
PAYEMS,1941-04-01,1963-09-05,35316,1961-11-03
PAYEMS,1941-04-01,1964-12-03,35311,1963-09-06
PAYEMS,1941-04-01,1978-10-05,35260,1964-12-04
PAYEMS,1941-04-01,1994-06-02,35280,1978-10-06
PAYEMS,1941-04-01,2003-06-05,35353,1994-06-03
PAYEMS,1941-04-01,2014-02-06,35468,2003-06-06
PAYEMS,1941-04-01,2019-01-31,35469,2014-02-07
PAYEMS,1941-04-01,2026-07-31,35468,2019-02-01
PAYEMS,1941-05-01,1963-09-05,36090,1961-11-03
PAYEMS,1941-05-01,1964-12-03,36085,1963-09-06
PAYEMS,1941-05-01,1978-10-05,36075,1964-12-04
PAYEMS,1941-05-01,1994-06-02,36082,1978-10-06
PAYEMS,1941-05-01,2003-06-05,36069,1994-06-03
PAYEMS,1941-05-01,2026-07-31,36182,2003-06-06
PAYEMS,1941-06-01,1963-09-05,36584,1961-11-03
PAYEMS,1941-06-01,1964-12-03,36578,1963-09-06
PAYEMS,1941-06-01,1978-10-05,36569,1964-12-04
PAYEMS,1941-06-01,1994-06-02,36558,1978-10-06
PAYEMS,1941-06-01,2003-06-05,36549,1994-06-03
PAYEMS,1941-06-01,2019-01-31,36651,2003-06-06
PAYEMS,1941-06-01,2026-07-31,36650,2019-02-01
PAYEMS,1941-07-01,1963-09-05,37183,1961-11-03
PAYEMS,1941-07-01,1964-12-03,37176,1963-09-06
PAYEMS,1941-07-01,1978-10-05,37166,1964-12-04
PAYEMS,1941-07-01,1994-06-02,37163,1978-10-06
PAYEMS,1941-07-01,2003-06-05,37159,1994-06-03
PAYEMS,1941-07-01,2026-07-31,37137,2003-06-06
PAYEMS,1941-08-01,1963-09-05,37561,1961-11-03
PAYEMS,1941-08-01,1964-12-03,37554,1963-09-06
PAYEMS,1941-08-01,1978-10-05,37557,1964-12-04
PAYEMS,1941-08-01,1994-06-02,37527,1978-10-06
PAYEMS,1941-08-01,2003-06-05,37507,1994-06-03
PAYEMS,1941-08-01,2026-07-31,37544,2003-06-06
PAYEMS,1941-09-01,1963-09-05,37820,1961-11-03
PAYEMS,1941-09-01,1964-12-03,37813,1963-09-06
PAYEMS,1941-09-01,1978-10-05,37824,1964-12-04
PAYEMS,1941-09-01,1994-06-02,37835,1978-10-06
PAYEMS,1941-09-01,2003-06-05,37826,1994-06-03
PAYEMS,1941-09-01,2014-02-06,37836,2003-06-06
PAYEMS,1941-09-01,2026-07-31,37835,2014-02-07
PAYEMS,1941-10-01,1963-09-05,37857,1961-11-03
PAYEMS,1941-10-01,1964-12-03,37852,1963-09-06
PAYEMS,1941-10-01,1978-10-05,37849,1964-12-04
PAYEMS,1941-10-01,1994-06-02,37874,1978-10-06
PAYEMS,1941-10-01,2003-06-05,37873,1994-06-03
PAYEMS,1941-10-01,2019-01-31,37948,2003-06-06
PAYEMS,1941-10-01,2026-07-31,37949,2019-02-01
PAYEMS,1941-11-01,1963-09-05,37919,1961-11-03
PAYEMS,1941-11-01,1964-12-03,37916,1963-09-06
PAYEMS,1941-11-01,1978-10-05,37909,1964-12-04
PAYEMS,1941-11-01,1994-06-02,37899,1978-10-06
PAYEMS,1941-11-01,2003-06-05,37912,1994-06-03
PAYEMS,1941-11-01,2026-07-31,38024,2003-06-06
PAYEMS,1941-12-01,1963-09-05,38018,1961-11-03
PAYEMS,1941-12-01,1964-12-03,38031,1963-09-06
PAYEMS,1941-12-01,1978-10-05,38039,1964-12-04
PAYEMS,1941-12-01,1994-06-02,38056,1978-10-06
PAYEMS,1941-12-01,2003-06-05,38068,1994-06-03
PAYEMS,1941-12-01,2026-07-31,38104,2003-06-06
PAYEMS,1942-01-01,1963-09-05,38266,1961-11-03
PAYEMS,1942-01-01,1964-12-03,38261,1963-09-06
PAYEMS,1942-01-01,1978-10-05,38246,1964-12-04
PAYEMS,1942-01-01,1994-06-02,38230,1978-10-06
PAYEMS,1942-01-01,2003-06-05,38252,1994-06-03
PAYEMS,1942-01-01,2014-02-06,38348,2003-06-06
PAYEMS,1942-01-01,2026-07-31,38347,2014-02-07
PAYEMS,1942-02-01,1963-09-05,38434,1961-11-03
PAYEMS,1942-02-01,1964-12-03,38427,1963-09-06
PAYEMS,1942-02-01,1978-10-05,38421,1964-12-04
PAYEMS,1942-02-01,1994-06-02,38324,1978-10-06
PAYEMS,1942-02-01,2003-06-05,38342,1994-06-03
PAYEMS,1942-02-01,2019-01-31,38513,2003-06-06
PAYEMS,1942-02-01,2026-07-31,38512,2019-02-01
PAYEMS,1942-03-01,1963-09-05,38825,1961-11-03
PAYEMS,1942-03-01,1964-12-03,38817,1963-09-06
PAYEMS,1942-03-01,1978-10-05,38843,1964-12-04
PAYEMS,1942-03-01,1994-06-02,38813,1978-10-06
PAYEMS,1942-03-01,2003-06-05,38812,1994-06-03
PAYEMS,1942-03-01,2019-01-31,38936,2003-06-06
PAYEMS,1942-03-01,2026-07-31,38935,2019-02-01
PAYEMS,1942-04-01,1963-09-05,39285,1961-11-03
PAYEMS,1942-04-01,1964-12-03,39275,1963-09-06
PAYEMS,1942-04-01,1978-10-05,39312,1964-12-04
PAYEMS,1942-04-01,1994-06-02,39268,1978-10-06
PAYEMS,1942-04-01,2003-06-05,39245,1994-06-03
PAYEMS,1942-04-01,2014-02-06,39351,2003-06-06
PAYEMS,1942-04-01,2026-07-31,39352,2014-02-07
PAYEMS,1942-05-01,1963-09-05,39646,1961-11-03
PAYEMS,1942-05-01,1964-12-03,39636,1963-09-06
PAYEMS,1942-05-01,1978-10-05,39632,1964-12-04
PAYEMS,1942-05-01,1994-06-02,39621,1978-10-06
PAYEMS,1942-05-01,2003-06-05,39635,1994-06-03
PAYEMS,1942-05-01,2019-01-31,39772,2003-06-06
PAYEMS,1942-05-01,2026-07-31,39771,2019-02-01
PAYEMS,1942-06-01,1963-09-05,39884,1961-11-03
PAYEMS,1942-06-01,1964-12-03,39876,1963-09-06
PAYEMS,1942-06-01,1978-10-05,39865,1964-12-04
PAYEMS,1942-06-01,1994-06-02,39856,1978-10-06
PAYEMS,1942-06-01,2003-06-05,39852,1994-06-03
PAYEMS,1942-06-01,2019-01-31,40028,2003-06-06
PAYEMS,1942-06-01,2026-07-31,40029,2019-02-01
PAYEMS,1942-07-01,1963-09-05,40361,1961-11-03
PAYEMS,1942-07-01,1964-12-03,40348,1963-09-06
PAYEMS,1942-07-01,1978-10-05,40344,1964-12-04
PAYEMS,1942-07-01,1994-06-02,40346,1978-10-06
PAYEMS,1942-07-01,2003-06-05,40338,1994-06-03
PAYEMS,1942-07-01,2014-02-06,40470,2003-06-06
PAYEMS,1942-07-01,2019-01-31,40471,2014-02-07
PAYEMS,1942-07-01,2026-07-31,40472,2019-02-01
PAYEMS,1942-08-01,1963-09-05,40890,1961-11-03
PAYEMS,1942-08-01,1964-12-03,40880,1963-09-06
PAYEMS,1942-08-01,1978-10-05,40883,1964-12-04
PAYEMS,1942-08-01,1994-06-02,40853,1978-10-06
PAYEMS,1942-08-01,2003-06-05,40845,1994-06-03
PAYEMS,1942-08-01,2026-07-31,40988,2003-06-06
PAYEMS,1942-09-01,1963-09-05,41125,1961-11-03
PAYEMS,1942-09-01,1964-12-03,41115,1963-09-06
PAYEMS,1942-09-01,1978-10-05,41120,1964-12-04
PAYEMS,1942-09-01,1994-06-02,41116,1978-10-06
PAYEMS,1942-09-01,2003-06-05,41121,1994-06-03
PAYEMS,1942-09-01,2014-02-06,41254,2003-06-06
PAYEMS,1942-09-01,2019-01-31,41255,2014-02-07
PAYEMS,1942-09-01,2026-07-31,41259,2019-02-01
PAYEMS,1942-10-01,1963-09-05,41356,1961-11-03
PAYEMS,1942-10-01,1964-12-03,41346,1963-09-06
PAYEMS,1942-10-01,1978-10-05,41343,1964-12-04
PAYEMS,1942-10-01,1994-06-02,41338,1978-10-06
PAYEMS,1942-10-01,2003-06-05,41335,1994-06-03
PAYEMS,1942-10-01,2014-02-06,41514,2003-06-06
PAYEMS,1942-10-01,2026-07-31,41515,2014-02-07
PAYEMS,1942-11-01,1963-09-05,41543,1961-11-03
PAYEMS,1942-11-01,1964-12-03,41532,1963-09-06
PAYEMS,1942-11-01,1978-10-05,41529,1964-12-04
PAYEMS,1942-11-01,1994-06-02,41513,1978-10-06
PAYEMS,1942-11-01,2003-06-05,41516,1994-06-03
PAYEMS,1942-11-01,2019-01-31,41673,2003-06-06
PAYEMS,1942-11-01,2026-07-31,41674,2019-02-01
PAYEMS,1942-12-01,1963-09-05,41780,1961-11-03
PAYEMS,1942-12-01,1964-12-03,41840,1963-09-06
PAYEMS,1942-12-01,1978-10-05,41824,1964-12-04
PAYEMS,1942-12-01,1994-06-02,41850,1978-10-06
PAYEMS,1942-12-01,2003-06-05,41872,1994-06-03
PAYEMS,1942-12-01,2026-07-31,41915,2003-06-06
PAYEMS,1943-01-01,1963-09-05,42085,1961-11-03
PAYEMS,1943-01-01,1964-12-03,42073,1963-09-06
PAYEMS,1943-01-01,1978-10-05,42070,1964-12-04
PAYEMS,1943-01-01,1994-06-02,42040,1978-10-06
PAYEMS,1943-01-01,2003-06-05,42044,1994-06-03
PAYEMS,1943-01-01,2014-02-06,42174,2003-06-06
PAYEMS,1943-01-01,2026-07-31,42172,2014-02-07
PAYEMS,1943-02-01,1963-09-05,42292,1961-11-03
PAYEMS,1943-02-01,1964-12-03,42277,1963-09-06
PAYEMS,1943-02-01,1978-10-05,42282,1964-12-04
PAYEMS,1943-02-01,1994-06-02,42227,1978-10-06
PAYEMS,1943-02-01,2003-06-05,42229,1994-06-03
PAYEMS,1943-02-01,2019-01-31,42395,2003-06-06
PAYEMS,1943-02-01,2026-07-31,42393,2019-02-01
PAYEMS,1943-03-01,1963-09-05,42478,1961-11-03
PAYEMS,1943-03-01,1964-12-03,42464,1963-09-06
PAYEMS,1943-03-01,1978-10-05,42413,1964-12-04
PAYEMS,1943-03-01,1994-06-02,42441,1978-10-06
PAYEMS,1943-03-01,2003-06-05,42420,1994-06-03
PAYEMS,1943-03-01,2019-01-31,42553,2003-06-06
PAYEMS,1943-03-01,2026-07-31,42552,2019-02-01
PAYEMS,1943-04-01,1963-09-05,42497,1961-11-03
PAYEMS,1943-04-01,1964-12-03,42482,1963-09-06
PAYEMS,1943-04-01,1978-10-05,42432,1964-12-04
PAYEMS,1943-04-01,1994-06-02,42461,1978-10-06
PAYEMS,1943-04-01,2003-06-05,42488,1994-06-03
PAYEMS,1943-04-01,2014-02-06,42646,2003-06-06
PAYEMS,1943-04-01,2026-07-31,42647,2014-02-07
PAYEMS,1943-05-01,1963-09-05,42424,1961-11-03
PAYEMS,1943-05-01,1964-12-03,42406,1963-09-06
PAYEMS,1943-05-01,1978-10-05,42404,1964-12-04
PAYEMS,1943-05-01,1994-06-02,42395,1978-10-06
PAYEMS,1943-05-01,2003-06-05,42396,1994-06-03
PAYEMS,1943-05-01,2026-07-31,42596,2003-06-06
PAYEMS,1943-06-01,1963-09-05,42578,1961-11-03
PAYEMS,1943-06-01,1964-12-03,42561,1963-09-06
PAYEMS,1943-06-01,1978-10-05,42559,1964-12-04
PAYEMS,1943-06-01,1994-06-02,42547,1978-10-06
PAYEMS,1943-06-01,2003-06-05,42546,1994-06-03
PAYEMS,1943-06-01,2026-07-31,42781,2003-06-06
PAYEMS,1943-07-01,1963-09-05,42459,1961-11-03
PAYEMS,1943-07-01,1964-12-03,42438,1963-09-06
PAYEMS,1943-07-01,2003-06-05,42441,1964-12-04
PAYEMS,1943-07-01,2019-01-31,42701,2003-06-06
PAYEMS,1943-07-01,2026-07-31,42700,2019-02-01
PAYEMS,1943-08-01,1963-09-05,42459,1961-11-03
PAYEMS,1943-08-01,1964-12-03,42442,1963-09-06
PAYEMS,1943-08-01,1978-10-05,42451,1964-12-04
PAYEMS,1943-08-01,1994-06-02,42425,1978-10-06
PAYEMS,1943-08-01,2003-06-05,42429,1994-06-03
PAYEMS,1943-08-01,2026-07-31,42546,2003-06-06
PAYEMS,1943-09-01,1963-09-05,42400,1961-11-03
PAYEMS,1943-09-01,1964-12-03,42385,1963-09-06
PAYEMS,1943-09-01,1978-10-05,42392,1964-12-04
PAYEMS,1943-09-01,1994-06-02,42368,1978-10-06
PAYEMS,1943-09-01,2003-06-05,42380,1994-06-03
PAYEMS,1943-09-01,2014-02-06,42484,2003-06-06
PAYEMS,1943-09-01,2019-01-31,42485,2014-02-07
PAYEMS,1943-09-01,2026-07-31,42492,2019-02-01
PAYEMS,1943-10-01,1963-09-05,42668,1961-11-03
PAYEMS,1943-10-01,1964-12-03,42654,1963-09-06
PAYEMS,1943-10-01,1978-10-05,42637,1964-12-04
PAYEMS,1943-10-01,1994-06-02,42604,1978-10-06
PAYEMS,1943-10-01,2003-06-05,42613,1994-06-03
PAYEMS,1943-10-01,2026-07-31,42675,2003-06-06
PAYEMS,1943-11-01,1963-09-05,42714,1961-11-03
PAYEMS,1943-11-01,1964-12-03,42699,1963-09-06
PAYEMS,1943-11-01,1978-10-05,42686,1964-12-04
PAYEMS,1943-11-01,1994-06-02,42664,1978-10-06
PAYEMS,1943-11-01,2003-06-05,42667,1994-06-03
PAYEMS,1943-11-01,2014-02-06,42819,2003-06-06
PAYEMS,1943-11-01,2019-01-31,42820,2014-02-07
PAYEMS,1943-11-01,2026-07-31,42821,2019-02-01
PAYEMS,1943-12-01,1963-09-05,42683,1961-11-03
PAYEMS,1943-12-01,1964-12-03,42638,1963-09-06
PAYEMS,1943-12-01,1978-10-05,42603,1964-12-04
PAYEMS,1943-12-01,1994-06-02,42591,1978-10-06
PAYEMS,1943-12-01,2003-06-05,42608,1994-06-03
PAYEMS,1943-12-01,2014-02-06,42747,2003-06-06
PAYEMS,1943-12-01,2026-07-31,42746,2014-02-07
PAYEMS,1944-01-01,1963-09-05,42523,1961-11-03
PAYEMS,1944-01-01,1964-12-03,42509,1963-09-06
PAYEMS,1944-01-01,1978-10-05,42517,1964-12-04
PAYEMS,1944-01-01,1994-06-02,42502,1978-10-06
PAYEMS,1944-01-01,2003-06-05,42496,1994-06-03
PAYEMS,1944-01-01,2014-02-06,42661,2003-06-06
PAYEMS,1944-01-01,2019-01-31,42655,2014-02-07
PAYEMS,1944-01-01,2026-07-31,42654,2019-02-01
PAYEMS,1944-02-01,1963-09-05,42417,1961-11-03
PAYEMS,1944-02-01,1964-12-03,42402,1963-09-06
PAYEMS,1944-02-01,1978-10-05,42413,1964-12-04
PAYEMS,1944-02-01,1994-06-02,42388,1978-10-06
PAYEMS,1944-02-01,2003-06-05,42381,1994-06-03
PAYEMS,1944-02-01,2014-02-06,42543,2003-06-06
PAYEMS,1944-02-01,2019-01-31,42544,2014-02-07
PAYEMS,1944-02-01,2026-07-31,42538,2019-02-01
PAYEMS,1944-03-01,1963-09-05,42231,1961-11-03
PAYEMS,1944-03-01,1964-12-03,42214,1963-09-06
PAYEMS,1944-03-01,1978-10-05,42177,1964-12-04
PAYEMS,1944-03-01,1994-06-02,42196,1978-10-06
PAYEMS,1944-03-01,2003-06-05,42183,1994-06-03
PAYEMS,1944-03-01,2014-02-06,42291,2003-06-06
PAYEMS,1944-03-01,2019-01-31,42292,2014-02-07
PAYEMS,1944-03-01,2026-07-31,42294,2019-02-01
PAYEMS,1944-04-01,1963-09-05,41883,1961-11-03
PAYEMS,1944-04-01,1964-12-03,41866,1963-09-06
PAYEMS,1944-04-01,1978-10-05,41878,1964-12-04
PAYEMS,1944-04-01,1994-06-02,41897,1978-10-06
PAYEMS,1944-04-01,2003-06-05,41884,1994-06-03
PAYEMS,1944-04-01,2014-02-06,42062,2003-06-06
PAYEMS,1944-04-01,2026-07-31,42063,2014-02-07
PAYEMS,1944-05-01,1963-09-05,41808,1961-11-03
PAYEMS,1944-05-01,1964-12-03,41788,1963-09-06
PAYEMS,1944-05-01,1994-06-02,41783,1964-12-04
PAYEMS,1944-05-01,2003-06-05,41784,1994-06-03
PAYEMS,1944-05-01,2026-07-31,41985,2003-06-06
PAYEMS,1944-06-01,1963-09-05,41770,1961-11-03
PAYEMS,1944-06-01,1964-12-03,41750,1963-09-06
PAYEMS,1944-06-01,1978-10-05,41744,1964-12-04
PAYEMS,1944-06-01,1994-06-02,41735,1978-10-06
PAYEMS,1944-06-01,2003-06-05,41737,1994-06-03
PAYEMS,1944-06-01,2026-07-31,41947,2003-06-06
PAYEMS,1944-07-01,1963-09-05,41670,1961-11-03
PAYEMS,1944-07-01,1964-12-03,41644,1963-09-06
PAYEMS,1944-07-01,1978-10-05,41651,1964-12-04
PAYEMS,1944-07-01,1994-06-02,41631,1978-10-06
PAYEMS,1944-07-01,2003-06-05,41636,1994-06-03
PAYEMS,1944-07-01,2014-02-06,41904,2003-06-06
PAYEMS,1944-07-01,2019-01-31,41905,2014-02-07
PAYEMS,1944-07-01,2026-07-31,41904,2019-02-01
PAYEMS,1944-08-01,1963-09-05,41712,1961-11-03
PAYEMS,1944-08-01,1964-12-03,41692,1963-09-06
PAYEMS,1944-08-01,1978-10-05,41700,1964-12-04
PAYEMS,1944-08-01,1994-06-02,41674,1978-10-06
PAYEMS,1944-08-01,2003-06-05,41679,1994-06-03
PAYEMS,1944-08-01,2014-02-06,41848,2003-06-06
PAYEMS,1944-08-01,2026-07-31,41850,2014-02-07
PAYEMS,1944-09-01,1963-09-05,41589,1961-11-03
PAYEMS,1944-09-01,1964-12-03,41568,1963-09-06
PAYEMS,1944-09-01,1978-10-05,41560,1964-12-04
PAYEMS,1944-09-01,1994-06-02,41530,1978-10-06
PAYEMS,1944-09-01,2003-06-05,41542,1994-06-03
PAYEMS,1944-09-01,2014-02-06,41671,2003-06-06
PAYEMS,1944-09-01,2019-01-31,41672,2014-02-07
PAYEMS,1944-09-01,2026-07-31,41679,2019-02-01
PAYEMS,1944-10-01,1963-09-05,41690,1961-11-03
PAYEMS,1944-10-01,1964-12-03,41669,1963-09-06
PAYEMS,1944-10-01,1978-10-05,41649,1964-12-04
PAYEMS,1944-10-01,1994-06-02,41614,1978-10-06
PAYEMS,1944-10-01,2003-06-05,41623,1994-06-03
PAYEMS,1944-10-01,2014-02-06,41708,2003-06-06
PAYEMS,1944-10-01,2019-01-31,41709,2014-02-07
PAYEMS,1944-10-01,2026-07-31,41708,2019-02-01
PAYEMS,1944-11-01,1963-09-05,41617,1961-11-03
PAYEMS,1944-11-01,1964-12-03,41598,1963-09-06
PAYEMS,1944-11-01,1978-10-05,41583,1964-12-04
PAYEMS,1944-11-01,1994-06-02,41565,1978-10-06
PAYEMS,1944-11-01,2003-06-05,41562,1994-06-03
PAYEMS,1944-11-01,2014-02-06,41711,2003-06-06
PAYEMS,1944-11-01,2019-01-31,41712,2014-02-07
PAYEMS,1944-11-01,2026-07-31,41711,2019-02-01
PAYEMS,1944-12-01,1963-09-05,41812,1961-11-03
PAYEMS,1944-12-01,1964-12-03,41766,1963-09-06
PAYEMS,1944-12-01,1978-10-05,41728,1964-12-04
PAYEMS,1944-12-01,1994-06-02,41707,1978-10-06
PAYEMS,1944-12-01,2003-06-05,41721,1994-06-03
PAYEMS,1944-12-01,2019-01-31,41861,2003-06-06
PAYEMS,1944-12-01,2026-07-31,41860,2019-02-01
PAYEMS,1945-01-01,1963-09-05,41796,1961-11-03
PAYEMS,1945-01-01,1964-12-03,41769,1963-09-06
PAYEMS,1945-01-01,1978-10-05,41780,1964-12-04
PAYEMS,1945-01-01,1994-06-02,41784,1978-10-06
PAYEMS,1945-01-01,2003-06-05,41767,1994-06-03
PAYEMS,1945-01-01,2014-02-06,41903,2003-06-06
PAYEMS,1945-01-01,2019-01-31,41897,2014-02-07
PAYEMS,1945-01-01,2026-07-31,41895,2019-02-01
PAYEMS,1945-02-01,1963-09-05,41787,1961-11-03
PAYEMS,1945-02-01,1964-12-03,41761,1963-09-06
PAYEMS,1945-02-01,1978-10-05,41784,1964-12-04
PAYEMS,1945-02-01,1994-06-02,41783,1978-10-06
PAYEMS,1945-02-01,2003-06-05,41770,1994-06-03
PAYEMS,1945-02-01,2014-02-06,41903,2003-06-06
PAYEMS,1945-02-01,2019-01-31,41904,2014-02-07
PAYEMS,1945-02-01,2026-07-31,41897,2019-02-01
PAYEMS,1945-03-01,1963-09-05,41743,1961-11-03
PAYEMS,1945-03-01,1964-12-03,41718,1963-09-06
PAYEMS,1945-03-01,1978-10-05,41656,1964-12-04
PAYEMS,1945-03-01,1994-06-02,41678,1978-10-06
PAYEMS,1945-03-01,2003-06-05,41715,1994-06-03
PAYEMS,1945-03-01,2014-02-06,41795,2003-06-06
PAYEMS,1945-03-01,2019-01-31,41796,2014-02-07
PAYEMS,1945-03-01,2026-07-31,41798,2019-02-01
PAYEMS,1945-04-01,1963-09-05,41339,1961-11-03
PAYEMS,1945-04-01,1964-12-03,41312,1963-09-06
PAYEMS,1945-04-01,1978-10-05,41341,1964-12-04
PAYEMS,1945-04-01,1994-06-02,41364,1978-10-06
PAYEMS,1945-04-01,2003-06-05,41276,1994-06-03
PAYEMS,1945-04-01,2019-01-31,41443,2003-06-06
PAYEMS,1945-04-01,2026-07-31,41446,2019-02-01
PAYEMS,1945-05-01,1963-09-05,41148,1961-11-03
PAYEMS,1945-05-01,1964-12-03,41122,1963-09-06
PAYEMS,1945-05-01,1978-10-05,41125,1964-12-04
PAYEMS,1945-05-01,1994-06-02,41085,1978-10-06
PAYEMS,1945-05-01,2003-06-05,41120,1994-06-03
PAYEMS,1945-05-01,2026-07-31,41304,2003-06-06
PAYEMS,1945-06-01,1963-09-05,40937,1961-11-03
PAYEMS,1945-06-01,1964-12-03,40908,1963-09-06
PAYEMS,1945-06-01,1978-10-05,40912,1964-12-04
PAYEMS,1945-06-01,1994-06-02,40888,1978-10-06
PAYEMS,1945-06-01,2003-06-05,40899,1994-06-03
PAYEMS,1945-06-01,2014-02-06,41148,2003-06-06
PAYEMS,1945-06-01,2026-07-31,41149,2014-02-07
PAYEMS,1945-07-01,1963-09-05,40647,1961-11-03
PAYEMS,1945-07-01,1964-12-03,40620,1963-09-06
PAYEMS,1945-07-01,1978-10-05,40623,1964-12-04
PAYEMS,1945-07-01,1994-06-02,40599,1978-10-06
PAYEMS,1945-07-01,2003-06-05,40609,1994-06-03
PAYEMS,1945-07-01,2019-01-31,40873,2003-06-06
PAYEMS,1945-07-01,2026-07-31,40874,2019-02-01
PAYEMS,1945-08-01,1963-09-05,40337,1961-11-03
PAYEMS,1945-08-01,1964-12-03,40310,1963-09-06
PAYEMS,1945-08-01,1978-10-05,40320,1964-12-04
PAYEMS,1945-08-01,1994-06-02,40290,1978-10-06
PAYEMS,1945-08-01,2003-06-05,40298,1994-06-03
PAYEMS,1945-08-01,2014-02-06,40466,2003-06-06
PAYEMS,1945-08-01,2019-01-31,40467,2014-02-07
PAYEMS,1945-08-01,2026-07-31,40466,2019-02-01
PAYEMS,1945-09-01,1963-09-05,38435,1961-11-03
PAYEMS,1945-09-01,1964-12-03,38409,1963-09-06
PAYEMS,1945-09-01,1978-10-05,38387,1964-12-04
PAYEMS,1945-09-01,1994-06-02,38345,1978-10-06
PAYEMS,1945-09-01,2003-06-05,38356,1994-06-03
PAYEMS,1945-09-01,2019-01-31,38500,2003-06-06
PAYEMS,1945-09-01,2026-07-31,38507,2019-02-01
PAYEMS,1945-10-01,1963-09-05,38519,1961-11-03
PAYEMS,1945-10-01,1964-12-03,38492,1963-09-06
PAYEMS,1945-10-01,1978-10-05,38470,1964-12-04
PAYEMS,1945-10-01,1994-06-02,38427,1978-10-06
PAYEMS,1945-10-01,2003-06-05,38436,1994-06-03
PAYEMS,1945-10-01,2014-02-06,38598,2003-06-06
PAYEMS,1945-10-01,2019-01-31,38599,2014-02-07
PAYEMS,1945-10-01,2026-07-31,38600,2019-02-01
PAYEMS,1945-11-01,1963-09-05,38864,1961-11-03
PAYEMS,1945-11-01,1964-12-03,38838,1963-09-06
PAYEMS,1945-11-01,1978-10-05,38821,1964-12-04
PAYEMS,1945-11-01,1994-06-02,38807,1978-10-06
PAYEMS,1945-11-01,2003-06-05,38799,1994-06-03
PAYEMS,1945-11-01,2014-02-06,38996,2003-06-06
PAYEMS,1945-11-01,2019-01-31,38997,2014-02-07
PAYEMS,1945-11-01,2026-07-31,38996,2019-02-01
PAYEMS,1945-12-01,1963-09-05,39058,1961-11-03
PAYEMS,1945-12-01,1964-12-03,39075,1963-09-06
PAYEMS,1945-12-01,1978-10-05,39022,1964-12-04
PAYEMS,1945-12-01,1994-06-02,39000,1978-10-06
PAYEMS,1945-12-01,2003-06-05,39009,1994-06-03
PAYEMS,1945-12-01,2014-02-06,39111,2003-06-06
PAYEMS,1945-12-01,2019-01-31,39112,2014-02-07
PAYEMS,1945-12-01,2026-07-31,39110,2019-02-01
PAYEMS,1946-01-01,1963-09-05,39757,1961-11-03
PAYEMS,1946-01-01,1964-12-03,39709,1963-09-06
PAYEMS,1946-01-01,1978-10-05,39729,1964-12-04
PAYEMS,1946-01-01,1994-06-02,39740,1978-10-06
PAYEMS,1946-01-01,2003-06-05,39721,1994-06-03
PAYEMS,1946-01-01,2014-02-06,39839,2003-06-06
PAYEMS,1946-01-01,2019-01-31,39832,2014-02-07
PAYEMS,1946-01-01,2026-07-31,39829,2019-02-01
PAYEMS,1946-02-01,1963-09-05,39236,1961-11-03
PAYEMS,1946-02-01,1964-12-03,39191,1963-09-06
PAYEMS,1946-02-01,1978-10-05,39215,1964-12-04
PAYEMS,1946-02-01,1994-06-02,39209,1978-10-06
PAYEMS,1946-02-01,2003-06-05,39193,1994-06-03
PAYEMS,1946-02-01,2014-02-06,39250,2003-06-06
PAYEMS,1946-02-01,2019-01-31,39251,2014-02-07
PAYEMS,1946-02-01,2026-07-31,39244,2019-02-01
PAYEMS,1946-03-01,1963-09-05,40309,1961-11-03
PAYEMS,1946-03-01,1964-12-03,40267,1963-09-06
PAYEMS,1946-03-01,1978-10-05,40214,1964-12-04
PAYEMS,1946-03-01,1994-06-02,40202,1978-10-06
PAYEMS,1946-03-01,2003-06-05,40183,1994-06-03
PAYEMS,1946-03-01,2014-02-06,40192,2003-06-06
PAYEMS,1946-03-01,2019-01-31,40193,2014-02-07
PAYEMS,1946-03-01,2026-07-31,40195,2019-02-01
PAYEMS,1946-04-01,1963-09-05,40867,1961-11-03
PAYEMS,1946-04-01,1964-12-03,40830,1963-09-06
PAYEMS,1946-04-01,1978-10-05,40811,1964-12-04
PAYEMS,1946-04-01,1994-06-02,40831,1978-10-06
PAYEMS,1946-04-01,2003-06-05,40858,1994-06-03
PAYEMS,1946-04-01,2014-02-06,40908,2003-06-06
PAYEMS,1946-04-01,2019-01-31,40909,2014-02-07
PAYEMS,1946-04-01,2026-07-31,40913,2019-02-01
PAYEMS,1946-05-01,1963-09-05,41290,1961-11-03
PAYEMS,1946-05-01,1964-12-03,41253,1963-09-06
PAYEMS,1946-05-01,1978-10-05,41260,1964-12-04
PAYEMS,1946-05-01,1994-06-02,41263,1978-10-06
PAYEMS,1946-05-01,2003-06-05,41248,1994-06-03
PAYEMS,1946-05-01,2014-02-06,41348,2003-06-06
PAYEMS,1946-05-01,2026-07-31,41349,2014-02-07
PAYEMS,1946-06-01,1963-09-05,41619,1961-11-03
PAYEMS,1946-06-01,1964-12-03,41582,1963-09-06
PAYEMS,1946-06-01,1978-10-05,41568,1964-12-04
PAYEMS,1946-06-01,1994-06-02,41534,1978-10-06
PAYEMS,1946-06-01,2003-06-05,41551,1994-06-03
PAYEMS,1946-06-01,2014-02-06,41732,2003-06-06
PAYEMS,1946-06-01,2019-01-31,41733,2014-02-07
PAYEMS,1946-06-01,2026-07-31,41735,2019-02-01
PAYEMS,1946-07-01,1963-09-05,42002,1961-11-03
PAYEMS,1946-07-01,1978-10-05,41968,1963-09-06
PAYEMS,1946-07-01,1994-06-02,41943,1978-10-06
PAYEMS,1946-07-01,2003-06-05,41955,1994-06-03
PAYEMS,1946-07-01,2026-07-31,42153,2003-06-06
PAYEMS,1946-08-01,1963-09-05,42511,1961-11-03
PAYEMS,1946-08-01,1964-12-03,42479,1963-09-06
PAYEMS,1946-08-01,1978-10-05,42490,1964-12-04
PAYEMS,1946-08-01,1994-06-02,42462,1978-10-06
PAYEMS,1946-08-01,2003-06-05,42466,1994-06-03
PAYEMS,1946-08-01,2014-02-06,42642,2003-06-06
PAYEMS,1946-08-01,2019-01-31,42643,2014-02-07
PAYEMS,1946-08-01,2026-07-31,42642,2019-02-01
PAYEMS,1946-09-01,1963-09-05,42837,1961-11-03
PAYEMS,1946-09-01,1964-12-03,42807,1963-09-06
PAYEMS,1946-09-01,1978-10-05,42798,1964-12-04
PAYEMS,1946-09-01,1994-06-02,42744,1978-10-06
PAYEMS,1946-09-01,2003-06-05,42749,1994-06-03
PAYEMS,1946-09-01,2014-02-06,42908,2003-06-06
PAYEMS,1946-09-01,2019-01-31,42909,2014-02-07
PAYEMS,1946-09-01,2026-07-31,42915,2019-02-01
PAYEMS,1946-10-01,1963-09-05,43060,1961-11-03
PAYEMS,1946-10-01,1964-12-03,43031,1963-09-06
PAYEMS,1946-10-01,1978-10-05,43008,1964-12-04
PAYEMS,1946-10-01,1994-06-02,42957,1978-10-06
PAYEMS,1946-10-01,2003-06-05,42959,1994-06-03
PAYEMS,1946-10-01,2019-01-31,43094,2003-06-06
PAYEMS,1946-10-01,2026-07-31,43093,2019-02-01
PAYEMS,1946-11-01,1963-09-05,43305,1961-11-03
PAYEMS,1946-11-01,1964-12-03,43278,1963-09-06
PAYEMS,1946-11-01,1978-10-05,43263,1964-12-04
PAYEMS,1946-11-01,1994-06-02,43238,1978-10-06
PAYEMS,1946-11-01,2003-06-05,43229,1994-06-03
PAYEMS,1946-11-01,2014-02-06,43396,2003-06-06
PAYEMS,1946-11-01,2019-01-31,43397,2014-02-07
PAYEMS,1946-11-01,2026-07-31,43395,2019-02-01
PAYEMS,1946-12-01,1963-09-05,43404,1961-11-03
PAYEMS,1946-12-01,1964-12-03,43364,1963-09-06
PAYEMS,1946-12-01,1978-10-05,43333,1964-12-04
PAYEMS,1946-12-01,1994-06-02,43322,1978-10-06
PAYEMS,1946-12-01,2003-06-05,43314,1994-06-03
PAYEMS,1946-12-01,2026-07-31,43379,2003-06-06
PAYEMS,1947-01-01,1963-09-05,43531,1961-11-03
PAYEMS,1947-01-01,1964-12-03,43485,1963-09-06
PAYEMS,1947-01-01,1978-10-05,43493,1964-12-04
PAYEMS,1947-01-01,1994-06-02,43524,1978-10-06
PAYEMS,1947-01-01,2003-06-05,43497,1994-06-03
PAYEMS,1947-01-01,2014-02-06,43545,2003-06-06
PAYEMS,1947-01-01,2019-01-31,43539,2014-02-07
PAYEMS,1947-01-01,2026-07-31,43535,2019-02-01
PAYEMS,1947-02-01,1963-09-05,43620,1961-11-03
PAYEMS,1947-02-01,1964-12-03,43578,1963-09-06
PAYEMS,1947-02-01,1978-10-05,43588,1964-12-04
PAYEMS,1947-02-01,1994-06-02,43584,1978-10-06
PAYEMS,1947-02-01,2003-06-05,43578,1994-06-03
PAYEMS,1947-02-01,2019-01-31,43563,2003-06-06
PAYEMS,1947-02-01,2026-07-31,43557,2019-02-01
PAYEMS,1947-03-01,1963-09-05,43723,1961-11-03
PAYEMS,1947-03-01,1964-12-03,43685,1963-09-06
PAYEMS,1947-03-01,1978-10-05,43639,1964-12-04
PAYEMS,1947-03-01,1994-06-02,43630,1978-10-06
PAYEMS,1947-03-01,2003-06-05,43621,1994-06-03
PAYEMS,1947-03-01,2014-02-06,43605,2003-06-06
PAYEMS,1947-03-01,2019-01-31,43606,2014-02-07
PAYEMS,1947-03-01,2026-07-31,43607,2019-02-01
PAYEMS,1947-04-01,1963-09-05,43487,1961-11-03
PAYEMS,1947-04-01,1964-12-03,43452,1963-09-06
PAYEMS,1947-04-01,1978-10-05,43478,1964-12-04
PAYEMS,1947-04-01,1994-06-02,43510,1978-10-06
PAYEMS,1947-04-01,2003-06-05,43501,1994-06-03
PAYEMS,1947-04-01,2014-02-06,43491,2003-06-06
PAYEMS,1947-04-01,2019-01-31,43492,2014-02-07
PAYEMS,1947-04-01,2026-07-31,43499,2019-02-01
PAYEMS,1947-05-01,1963-09-05,43588,1961-11-03
PAYEMS,1947-05-01,1964-12-03,43555,1963-09-06
PAYEMS,1947-05-01,1978-10-05,43561,1964-12-04
PAYEMS,1947-05-01,1994-06-02,43529,1978-10-06
PAYEMS,1947-05-01,2003-06-05,43544,1994-06-03
PAYEMS,1947-05-01,2014-02-06,43637,2003-06-06
PAYEMS,1947-05-01,2026-07-31,43638,2014-02-07
PAYEMS,1947-06-01,1963-09-05,43731,1961-11-03
PAYEMS,1947-06-01,1964-12-03,43699,1963-09-06
PAYEMS,1947-06-01,1978-10-05,43688,1964-12-04
PAYEMS,1947-06-01,1994-06-02,43669,1978-10-06
PAYEMS,1947-06-01,2003-06-05,43685,1994-06-03
PAYEMS,1947-06-01,2019-01-31,43808,2003-06-06
PAYEMS,1947-06-01,2026-07-31,43810,2019-02-01
PAYEMS,1947-07-01,1963-09-05,43706,1961-11-03
PAYEMS,1947-07-01,1964-12-03,43675,1963-09-06
PAYEMS,1947-07-01,1978-10-05,43667,1964-12-04
PAYEMS,1947-07-01,1994-06-02,43669,1978-10-06
PAYEMS,1947-07-01,2003-06-05,43682,1994-06-03
PAYEMS,1947-07-01,2014-02-06,43742,2003-06-06
PAYEMS,1947-07-01,2026-07-31,43743,2014-02-07
PAYEMS,1947-08-01,1963-09-05,43879,1961-11-03
PAYEMS,1947-08-01,1964-12-03,43849,1963-09-06
PAYEMS,1947-08-01,1978-10-05,43851,1964-12-04
PAYEMS,1947-08-01,1994-06-02,43783,1978-10-06
PAYEMS,1947-08-01,2003-06-05,43784,1994-06-03
PAYEMS,1947-08-01,2014-02-06,43958,2003-06-06
PAYEMS,1947-08-01,2019-01-31,43959,2014-02-07
PAYEMS,1947-08-01,2026-07-31,43960,2019-02-01
PAYEMS,1947-09-01,1963-09-05,44082,1961-11-03
PAYEMS,1947-09-01,1964-12-03,44054,1963-09-06
PAYEMS,1947-09-01,1978-10-05,44062,1964-12-04
PAYEMS,1947-09-01,1994-06-02,44003,1978-10-06
PAYEMS,1947-09-01,2003-06-05,44001,1994-06-03
PAYEMS,1947-09-01,2019-01-31,44201,2003-06-06
PAYEMS,1947-09-01,2026-07-31,44203,2019-02-01
PAYEMS,1947-10-01,1963-09-05,44315,1961-11-03
PAYEMS,1947-10-01,1964-12-03,44289,1963-09-06
PAYEMS,1947-10-01,1978-10-05,44272,1964-12-04
PAYEMS,1947-10-01,1994-06-02,44184,1978-10-06
PAYEMS,1947-10-01,2003-06-05,44176,1994-06-03
PAYEMS,1947-10-01,2019-01-31,44415,2003-06-06
PAYEMS,1947-10-01,2026-07-31,44411,2019-02-01
PAYEMS,1947-11-01,1963-09-05,44392,1961-11-03
PAYEMS,1947-11-01,1964-12-03,44365,1963-09-06
PAYEMS,1947-11-01,1978-10-05,44345,1964-12-04
PAYEMS,1947-11-01,1994-06-02,44324,1978-10-06
PAYEMS,1947-11-01,2003-06-05,44313,1994-06-03
PAYEMS,1947-11-01,2014-02-06,44486,2003-06-06
PAYEMS,1947-11-01,2019-01-31,44487,2014-02-07
PAYEMS,1947-11-01,2026-07-31,44484,2019-02-01
PAYEMS,1947-12-01,1963-09-05,44619,1961-11-03
PAYEMS,1947-12-01,1964-12-03,44574,1963-09-06
PAYEMS,1947-12-01,1978-10-05,44557,1964-12-04
PAYEMS,1947-12-01,1994-06-02,44529,1978-10-06
PAYEMS,1947-12-01,2003-06-05,44519,1994-06-03
PAYEMS,1947-12-01,2014-02-06,44578,2003-06-06
PAYEMS,1947-12-01,2019-01-31,44579,2014-02-07
PAYEMS,1947-12-01,2026-07-31,44581,2019-02-01
PAYEMS,1948-01-01,1963-09-05,44698,1961-11-03
PAYEMS,1948-01-01,1964-12-03,44663,1963-09-06
PAYEMS,1948-01-01,1978-10-05,44658,1964-12-04
PAYEMS,1948-01-01,1994-06-02,44680,1978-10-06
PAYEMS,1948-01-01,2003-06-05,44667,1994-06-03
PAYEMS,1948-01-01,2014-02-06,44686,2003-06-06
PAYEMS,1948-01-01,2019-01-31,44682,2014-02-07
PAYEMS,1948-01-01,2026-07-31,44679,2019-02-01
PAYEMS,1948-02-01,1963-09-05,44577,1961-11-03
PAYEMS,1948-02-01,1964-12-03,44542,1963-09-06
PAYEMS,1948-02-01,1978-10-05,44541,1964-12-04
PAYEMS,1948-02-01,1994-06-02,44492,1978-10-06
PAYEMS,1948-02-01,2003-06-05,44501,1994-06-03
PAYEMS,1948-02-01,2019-01-31,44537,2003-06-06
PAYEMS,1948-02-01,2026-07-31,44533,2019-02-01
PAYEMS,1948-03-01,1963-09-05,44658,1961-11-03
PAYEMS,1948-03-01,1964-12-03,44627,1963-09-06
PAYEMS,1948-03-01,1978-10-05,44662,1964-12-04
PAYEMS,1948-03-01,1994-06-02,44615,1978-10-06
PAYEMS,1948-03-01,2003-06-05,44624,1994-06-03
PAYEMS,1948-03-01,2014-02-06,44680,2003-06-06
PAYEMS,1948-03-01,2019-01-31,44681,2014-02-07
PAYEMS,1948-03-01,2026-07-31,44683,2019-02-01
PAYEMS,1948-04-01,1963-09-05,44399,1961-11-03
PAYEMS,1948-04-01,1964-12-03,44370,1963-09-06
PAYEMS,1948-04-01,1978-10-05,44342,1964-12-04
PAYEMS,1948-04-01,1994-06-02,44334,1978-10-06
PAYEMS,1948-04-01,2003-06-05,44293,1994-06-03
PAYEMS,1948-04-01,2014-02-06,44369,2003-06-06
PAYEMS,1948-04-01,2019-01-31,44370,2014-02-07
PAYEMS,1948-04-01,2026-07-31,44379,2019-02-01
PAYEMS,1948-05-01,1963-09-05,44687,1961-11-03
PAYEMS,1948-05-01,1964-12-03,44657,1963-09-06
PAYEMS,1948-05-01,1978-10-05,44659,1964-12-04
PAYEMS,1948-05-01,1994-06-02,44615,1978-10-06
PAYEMS,1948-05-01,2003-06-05,44647,1994-06-03
PAYEMS,1948-05-01,2019-01-31,44795,2003-06-06
PAYEMS,1948-05-01,2026-07-31,44796,2019-02-01
PAYEMS,1948-06-01,1963-09-05,44975,1961-11-03
PAYEMS,1948-06-01,1964-12-03,44945,1963-09-06
PAYEMS,1948-06-01,1978-10-05,44925,1964-12-04
PAYEMS,1948-06-01,1994-06-02,44863,1978-10-06
PAYEMS,1948-06-01,2003-06-05,44879,1994-06-03
PAYEMS,1948-06-01,2014-02-06,45032,2003-06-06
PAYEMS,1948-06-01,2019-01-31,45033,2014-02-07
PAYEMS,1948-06-01,2026-07-31,45034,2019-02-01
PAYEMS,1948-07-01,1963-09-05,45177,1961-11-03
PAYEMS,1948-07-01,1964-12-03,45146,1963-09-06
PAYEMS,1948-07-01,1978-10-05,45124,1964-12-04
PAYEMS,1948-07-01,1994-06-02,45059,1978-10-06
PAYEMS,1948-07-01,2003-06-05,45062,1994-06-03
PAYEMS,1948-07-01,2026-07-31,45160,2003-06-06
PAYEMS,1948-08-01,1963-09-05,45059,1961-11-03
PAYEMS,1948-08-01,1964-12-03,45029,1963-09-06
PAYEMS,1948-08-01,1978-10-05,45040,1964-12-04
PAYEMS,1948-08-01,1994-06-02,45052,1978-10-06
PAYEMS,1948-08-01,2003-06-05,45039,1994-06-03
PAYEMS,1948-08-01,2014-02-06,45175,2003-06-06
PAYEMS,1948-08-01,2019-01-31,45176,2014-02-07
PAYEMS,1948-08-01,2026-07-31,45178,2019-02-01
PAYEMS,1948-09-01,1963-09-05,45160,1961-11-03
PAYEMS,1948-09-01,1964-12-03,45131,1963-09-06
PAYEMS,1948-09-01,1978-10-05,45143,1964-12-04
PAYEMS,1948-09-01,1994-06-02,45167,1978-10-06
PAYEMS,1948-09-01,2003-06-05,45162,1994-06-03
PAYEMS,1948-09-01,2014-02-06,45294,2003-06-06
PAYEMS,1948-09-01,2019-01-31,45295,2014-02-07
PAYEMS,1948-09-01,2026-07-31,45294,2019-02-01
PAYEMS,1948-10-01,1963-09-05,45124,1961-11-03
PAYEMS,1948-10-01,1964-12-03,45095,1963-09-06
PAYEMS,1948-10-01,1978-10-05,45087,1964-12-04
PAYEMS,1948-10-01,1994-06-02,45084,1978-10-06
PAYEMS,1948-10-01,2003-06-05,45065,1994-06-03
PAYEMS,1948-10-01,2014-02-06,45250,2003-06-06
PAYEMS,1948-10-01,2019-01-31,45251,2014-02-07
PAYEMS,1948-10-01,2026-07-31,45245,2019-02-01
PAYEMS,1948-11-01,1963-09-05,45138,1961-11-03
PAYEMS,1948-11-01,1964-12-03,45109,1963-09-06
PAYEMS,1948-11-01,1978-10-05,45094,1964-12-04
PAYEMS,1948-11-01,1994-06-02,45083,1978-10-06
PAYEMS,1948-11-01,2003-06-05,45069,1994-06-03
PAYEMS,1948-11-01,2019-01-31,45194,2003-06-06
PAYEMS,1948-11-01,2026-07-31,45192,2019-02-01
PAYEMS,1948-12-01,1963-09-05,45080,1961-11-03
PAYEMS,1948-12-01,1964-12-03,45059,1963-09-06
PAYEMS,1948-12-01,1978-10-05,45051,1964-12-04
PAYEMS,1948-12-01,1994-06-02,45032,1978-10-06
PAYEMS,1948-12-01,2003-06-05,45022,1994-06-03
PAYEMS,1948-12-01,2014-02-06,45028,2003-06-06
PAYEMS,1948-12-01,2019-01-31,45029,2014-02-07
PAYEMS,1948-12-01,2026-07-31,45032,2019-02-01
PAYEMS,1949-01-01,1963-09-05,44679,1961-11-03
PAYEMS,1949-01-01,1964-12-03,44636,1963-09-06
PAYEMS,1949-01-01,1978-10-05,44622,1964-12-04
PAYEMS,1949-01-01,1994-06-02,44631,1978-10-06
PAYEMS,1949-01-01,2003-06-05,44624,1994-06-03
PAYEMS,1949-01-01,2014-02-06,44675,2003-06-06
PAYEMS,1949-01-01,2019-01-31,44671,2014-02-07
PAYEMS,1949-01-01,2026-07-31,44668,2019-02-01
PAYEMS,1949-02-01,1963-09-05,44507,1961-11-03
PAYEMS,1949-02-01,1964-12-03,44466,1963-09-06
PAYEMS,1949-02-01,1978-10-05,44445,1964-12-04
PAYEMS,1949-02-01,1994-06-02,44399,1978-10-06
PAYEMS,1949-02-01,2003-06-05,44417,1994-06-03
PAYEMS,1949-02-01,2019-01-31,44500,2003-06-06
PAYEMS,1949-02-01,2026-07-31,44497,2019-02-01
PAYEMS,1949-03-01,1963-09-05,44290,1961-11-03
PAYEMS,1949-03-01,1964-12-03,44253,1963-09-06
PAYEMS,1949-03-01,1978-10-05,44214,1964-12-04
PAYEMS,1949-03-01,1994-06-02,44169,1978-10-06
PAYEMS,1949-03-01,2003-06-05,44136,1994-06-03
PAYEMS,1949-03-01,2019-01-31,44238,2003-06-06
PAYEMS,1949-03-01,2026-07-31,44240,2019-02-01
PAYEMS,1949-04-01,1963-09-05,44107,1961-11-03
PAYEMS,1949-04-01,1964-12-03,44071,1963-09-06
PAYEMS,1949-04-01,1978-10-05,44058,1964-12-04
PAYEMS,1949-04-01,1994-06-02,44057,1978-10-06
PAYEMS,1949-04-01,2003-06-05,44112,1994-06-03
PAYEMS,1949-04-01,2019-01-31,44230,2003-06-06
PAYEMS,1949-04-01,2026-07-31,44236,2019-02-01
PAYEMS,1949-05-01,1963-09-05,43887,1961-11-03
PAYEMS,1949-05-01,1964-12-03,43855,1963-09-06
PAYEMS,1949-05-01,1978-10-05,43848,1964-12-04
PAYEMS,1949-05-01,1994-06-02,43806,1978-10-06
PAYEMS,1949-05-01,2003-06-05,43814,1994-06-03
PAYEMS,1949-05-01,2019-01-31,43982,2003-06-06
PAYEMS,1949-05-01,2026-07-31,43984,2019-02-01
PAYEMS,1949-06-01,1963-09-05,43674,1961-11-03
PAYEMS,1949-06-01,1964-12-03,43642,1963-09-06
PAYEMS,1949-06-01,1978-10-05,43626,1964-12-04
PAYEMS,1949-06-01,1994-06-02,43582,1978-10-06
PAYEMS,1949-06-01,2003-06-05,43592,1994-06-03
PAYEMS,1949-06-01,2026-07-31,43739,2003-06-06
PAYEMS,1949-07-01,1963-09-05,43510,1961-11-03
PAYEMS,1949-07-01,1964-12-03,43479,1963-09-06
PAYEMS,1949-07-01,1978-10-05,43457,1964-12-04
PAYEMS,1949-07-01,1994-06-02,43415,1978-10-06
PAYEMS,1949-07-01,2003-06-05,43418,1994-06-03
PAYEMS,1949-07-01,2014-02-06,43530,2003-06-06
PAYEMS,1949-07-01,2019-01-31,43529,2014-02-07
PAYEMS,1949-07-01,2026-07-31,43531,2019-02-01
PAYEMS,1949-08-01,1963-09-05,43532,1961-11-03
PAYEMS,1949-08-01,1964-12-03,43504,1963-09-06
PAYEMS,1949-08-01,1978-10-05,43506,1964-12-04
PAYEMS,1949-08-01,1994-06-02,43490,1978-10-06
PAYEMS,1949-08-01,2003-06-05,43479,1994-06-03
PAYEMS,1949-08-01,2014-02-06,43621,2003-06-06
PAYEMS,1949-08-01,2019-01-31,43622,2014-02-07
PAYEMS,1949-08-01,2026-07-31,43624,2019-02-01
PAYEMS,1949-09-01,1963-09-05,43681,1961-11-03
PAYEMS,1949-09-01,1964-12-03,43654,1963-09-06
PAYEMS,1949-09-01,1978-10-05,43671,1964-12-04
PAYEMS,1949-09-01,1994-06-02,43708,1978-10-06
PAYEMS,1949-09-01,2003-06-05,43699,1994-06-03
PAYEMS,1949-09-01,2019-01-31,43784,2003-06-06
PAYEMS,1949-09-01,2026-07-31,43780,2019-02-01
PAYEMS,1949-10-01,1963-09-05,42849,1961-11-03
PAYEMS,1949-10-01,1964-12-03,42821,1963-09-06
PAYEMS,1949-10-01,1978-10-05,42811,1964-12-04
PAYEMS,1949-10-01,1994-06-02,42823,1978-10-06
PAYEMS,1949-10-01,2003-06-05,42805,1994-06-03
PAYEMS,1949-10-01,2019-01-31,42950,2003-06-06
PAYEMS,1949-10-01,2026-07-31,42942,2019-02-01
PAYEMS,1949-11-01,1963-09-05,43207,1961-11-03
PAYEMS,1949-11-01,1964-12-03,43180,1963-09-06
PAYEMS,1949-11-01,1978-10-05,43163,1964-12-04
PAYEMS,1949-11-01,1994-06-02,43148,1978-10-06
PAYEMS,1949-11-01,2003-06-05,43142,1994-06-03
PAYEMS,1949-11-01,2014-02-06,43244,2003-06-06
PAYEMS,1949-11-01,2019-01-31,43245,2014-02-07
PAYEMS,1949-11-01,2026-07-31,43242,2019-02-01
PAYEMS,1949-12-01,1963-09-05,43569,1961-11-03
PAYEMS,1949-12-01,1964-12-03,43528,1963-09-06
PAYEMS,1949-12-01,1978-10-05,43525,1964-12-04
PAYEMS,1949-12-01,1994-06-02,43497,1978-10-06
PAYEMS,1949-12-01,2003-06-05,43491,1994-06-03
PAYEMS,1949-12-01,2014-02-06,43516,2003-06-06
PAYEMS,1949-12-01,2019-01-31,43517,2014-02-07
PAYEMS,1949-12-01,2026-07-31,43522,2019-02-01
PAYEMS,1950-01-01,1963-09-05,43519,1961-11-03
PAYEMS,1950-01-01,1964-12-03,43480,1963-09-06
PAYEMS,1950-01-01,1978-10-05,43467,1964-12-04
PAYEMS,1950-01-01,1994-06-02,43472,1978-10-06
PAYEMS,1950-01-01,2003-06-05,43469,1994-06-03
PAYEMS,1950-01-01,2014-02-06,43530,2003-06-06
PAYEMS,1950-01-01,2019-01-31,43528,2014-02-07
PAYEMS,1950-01-01,2026-07-31,43526,2019-02-01
PAYEMS,1950-02-01,1963-09-05,43244,1961-11-03
PAYEMS,1950-02-01,1964-12-03,43207,1963-09-06
PAYEMS,1950-02-01,1978-10-05,43192,1964-12-04
PAYEMS,1950-02-01,1994-06-02,43175,1978-10-06
PAYEMS,1950-02-01,2003-06-05,43192,1994-06-03
PAYEMS,1950-02-01,2019-01-31,43298,2003-06-06
PAYEMS,1950-02-01,2026-07-31,43297,2019-02-01
PAYEMS,1950-03-01,1963-09-05,43906,1961-11-03
PAYEMS,1950-03-01,1964-12-03,43869,1963-09-06
PAYEMS,1950-03-01,1978-10-05,43871,1964-12-04
PAYEMS,1950-03-01,1994-06-02,43816,1978-10-06
PAYEMS,1950-03-01,2003-06-05,43824,1994-06-03
PAYEMS,1950-03-01,2019-01-31,43952,2003-06-06
PAYEMS,1950-03-01,2026-07-31,43954,2019-02-01
PAYEMS,1950-04-01,1963-09-05,44327,1961-11-03
PAYEMS,1950-04-01,1964-12-03,44292,1963-09-06
PAYEMS,1950-04-01,1978-10-05,44276,1964-12-04
PAYEMS,1950-04-01,1994-06-02,44238,1978-10-06
PAYEMS,1950-04-01,2003-06-05,44260,1994-06-03
PAYEMS,1950-04-01,2019-01-31,44376,2003-06-06
PAYEMS,1950-04-01,2026-07-31,44382,2019-02-01
PAYEMS,1950-05-01,1963-09-05,44649,1961-11-03
PAYEMS,1950-05-01,1964-12-03,44619,1963-09-06
PAYEMS,1950-05-01,1978-10-05,44607,1964-12-04
PAYEMS,1950-05-01,1994-06-02,44589,1978-10-06
PAYEMS,1950-05-01,2003-06-05,44574,1994-06-03
PAYEMS,1950-05-01,2014-02-06,44717,2003-06-06
PAYEMS,1950-05-01,2026-07-31,44718,2014-02-07
PAYEMS,1950-06-01,1963-09-05,45049,1961-11-03
PAYEMS,1950-06-01,1964-12-03,45020,1963-09-06
PAYEMS,1950-06-01,1978-10-05,44995,1964-12-04
PAYEMS,1950-06-01,1994-06-02,44953,1978-10-06
PAYEMS,1950-06-01,2003-06-05,44952,1994-06-03
PAYEMS,1950-06-01,2019-01-31,45084,2003-06-06
PAYEMS,1950-06-01,2026-07-31,45083,2019-02-01
PAYEMS,1950-07-01,1963-09-05,45435,1961-11-03
PAYEMS,1950-07-01,1964-12-03,45405,1963-09-06
PAYEMS,1950-07-01,1978-10-05,45387,1964-12-04
PAYEMS,1950-07-01,1994-06-02,45361,1978-10-06
PAYEMS,1950-07-01,2003-06-05,45360,1994-06-03
PAYEMS,1950-07-01,2014-02-06,45453,2003-06-06
PAYEMS,1950-07-01,2026-07-31,45454,2014-02-07
PAYEMS,1950-08-01,1963-09-05,46091,1961-11-03
PAYEMS,1950-08-01,1964-12-03,46062,1963-09-06
PAYEMS,1950-08-01,1978-10-05,46064,1964-12-04
PAYEMS,1950-08-01,1994-06-02,46035,1978-10-06
PAYEMS,1950-08-01,2003-06-05,46024,1994-06-03
PAYEMS,1950-08-01,2014-02-06,46187,2003-06-06
PAYEMS,1950-08-01,2019-01-31,46188,2014-02-07
PAYEMS,1950-08-01,2026-07-31,46192,2019-02-01
PAYEMS,1950-09-01,1963-09-05,46311,1961-11-03
PAYEMS,1950-09-01,1964-12-03,46282,1963-09-06
PAYEMS,1950-09-01,1978-10-05,46298,1964-12-04
PAYEMS,1950-09-01,1994-06-02,46304,1978-10-06
PAYEMS,1950-09-01,2003-06-05,46301,1994-06-03
PAYEMS,1950-09-01,2019-01-31,46442,2003-06-06
PAYEMS,1950-09-01,2026-07-31,46438,2019-02-01
PAYEMS,1950-10-01,1963-09-05,46570,1961-11-03
PAYEMS,1950-10-01,1964-12-03,46540,1963-09-06
PAYEMS,1950-10-01,1978-10-05,46522,1964-12-04
PAYEMS,1950-10-01,1994-06-02,46530,1978-10-06
PAYEMS,1950-10-01,2003-06-05,46528,1994-06-03
PAYEMS,1950-10-01,2019-01-31,46712,2003-06-06
PAYEMS,1950-10-01,2026-07-31,46706,2019-02-01
PAYEMS,1950-11-01,1963-09-05,46695,1961-11-03
PAYEMS,1950-11-01,1964-12-03,46665,1963-09-06
PAYEMS,1950-11-01,1978-10-05,46652,1964-12-04
PAYEMS,1950-11-01,1994-06-02,46654,1978-10-06
PAYEMS,1950-11-01,2003-06-05,46653,1994-06-03
PAYEMS,1950-11-01,2019-01-31,46778,2003-06-06
PAYEMS,1950-11-01,2026-07-31,46776,2019-02-01
PAYEMS,1950-12-01,1963-09-05,46810,1961-11-03
PAYEMS,1950-12-01,1964-12-03,46780,1963-09-06
PAYEMS,1950-12-01,1978-10-05,46784,1964-12-04
PAYEMS,1950-12-01,1994-06-02,46756,1978-10-06
PAYEMS,1950-12-01,2003-06-05,46752,1994-06-03
PAYEMS,1950-12-01,2019-01-31,46855,2003-06-06
PAYEMS,1950-12-01,2026-07-31,46861,2019-02-01
PAYEMS,1951-01-01,1961-11-02,46766,1955-05-06
PAYEMS,1951-01-01,1963-09-05,47324,1961-11-03
PAYEMS,1951-01-01,1964-12-03,47289,1963-09-06
PAYEMS,1951-01-01,1978-10-05,47267,1964-12-04
PAYEMS,1951-01-01,1994-06-02,47227,1978-10-06
PAYEMS,1951-01-01,2003-06-05,47230,1994-06-03
PAYEMS,1951-01-01,2014-02-06,47289,2003-06-06
PAYEMS,1951-01-01,2026-07-31,47288,2014-02-07
PAYEMS,1951-02-01,1961-11-02,46996,1955-05-06
PAYEMS,1951-02-01,1963-09-05,47568,1961-11-03
PAYEMS,1951-02-01,1964-12-03,47533,1963-09-06
PAYEMS,1951-02-01,1978-10-05,47518,1964-12-04
PAYEMS,1951-02-01,1994-06-02,47519,1978-10-06
PAYEMS,1951-02-01,2003-06-05,47531,1994-06-03
PAYEMS,1951-02-01,2026-07-31,47577,2003-06-06
PAYEMS,1951-03-01,1961-11-02,47154,1955-05-06
PAYEMS,1951-03-01,1963-09-05,47766,1961-11-03
PAYEMS,1951-03-01,1964-12-03,47733,1963-09-06
PAYEMS,1951-03-01,1978-10-05,47725,1964-12-04
PAYEMS,1951-03-01,1994-06-02,47700,1978-10-06
PAYEMS,1951-03-01,2003-06-05,47794,1994-06-03
PAYEMS,1951-03-01,2019-01-31,47871,2003-06-06
PAYEMS,1951-03-01,2026-07-31,47873,2019-02-01
PAYEMS,1951-04-01,1961-11-02,47283,1955-05-06
PAYEMS,1951-04-01,1963-09-05,47916,1961-11-03
PAYEMS,1951-04-01,1964-12-03,47883,1963-09-06
PAYEMS,1951-04-01,1978-10-05,47890,1964-12-04
PAYEMS,1951-04-01,1994-06-02,47849,1978-10-06
PAYEMS,1951-04-01,2003-06-05,47760,1994-06-03
PAYEMS,1951-04-01,2019-01-31,47856,2003-06-06
PAYEMS,1951-04-01,2026-07-31,47861,2019-02-01
PAYEMS,1951-05-01,1961-11-02,47275,1955-05-06
PAYEMS,1951-05-01,1963-09-05,47872,1961-11-03
PAYEMS,1951-05-01,1964-12-03,47840,1963-09-06
PAYEMS,1951-05-01,1978-10-05,47829,1964-12-04
PAYEMS,1951-05-01,1994-06-02,47803,1978-10-06
PAYEMS,1951-05-01,2003-06-05,47805,1994-06-03
PAYEMS,1951-05-01,2014-02-06,47952,2003-06-06
PAYEMS,1951-05-01,2019-01-31,47953,2014-02-07
PAYEMS,1951-05-01,2026-07-31,47952,2019-02-01
PAYEMS,1951-06-01,1961-11-02,47444,1955-05-06
PAYEMS,1951-06-01,1963-09-05,48003,1961-11-03
PAYEMS,1951-06-01,1964-12-03,47972,1963-09-06
PAYEMS,1951-06-01,1978-10-05,47951,1964-12-04
PAYEMS,1951-06-01,1994-06-02,47915,1978-10-06
PAYEMS,1951-06-01,2003-06-05,47913,1994-06-03
PAYEMS,1951-06-01,2014-02-06,48067,2003-06-06
PAYEMS,1951-06-01,2019-01-31,48068,2014-02-07
PAYEMS,1951-06-01,2026-07-31,48064,2019-02-01
PAYEMS,1951-07-01,1961-11-02,47471,1955-05-06
PAYEMS,1951-07-01,1963-09-05,48009,1961-11-03
PAYEMS,1951-07-01,1964-12-03,47977,1963-09-06
PAYEMS,1951-07-01,1978-10-05,47951,1964-12-04
PAYEMS,1951-07-01,1994-06-02,47923,1978-10-06
PAYEMS,1951-07-01,2003-06-05,47925,1994-06-03
PAYEMS,1951-07-01,2014-02-06,48061,2003-06-06
PAYEMS,1951-07-01,2019-01-31,48062,2014-02-07
PAYEMS,1951-07-01,2026-07-31,48061,2019-02-01
PAYEMS,1951-08-01,1961-11-02,47469,1955-05-06
PAYEMS,1951-08-01,1963-09-05,47855,1961-11-03
PAYEMS,1951-08-01,1964-12-03,47823,1963-09-06
PAYEMS,1951-08-01,1978-10-05,47815,1964-12-04
PAYEMS,1951-08-01,1994-06-02,47806,1978-10-06
PAYEMS,1951-08-01,2003-06-05,47794,1994-06-03
PAYEMS,1951-08-01,2014-02-06,48008,2003-06-06
PAYEMS,1951-08-01,2019-01-31,48009,2014-02-07
PAYEMS,1951-08-01,2026-07-31,48012,2019-02-01
PAYEMS,1951-09-01,1961-11-02,47412,1955-05-06
PAYEMS,1951-09-01,1963-09-05,47791,1961-11-03
PAYEMS,1951-09-01,1964-12-03,47759,1963-09-06
PAYEMS,1951-09-01,1978-10-05,47770,1964-12-04
PAYEMS,1951-09-01,1994-06-02,47743,1978-10-06
PAYEMS,1951-09-01,2003-06-05,47748,1994-06-03
PAYEMS,1951-09-01,2019-01-31,47955,2003-06-06
PAYEMS,1951-09-01,2026-07-31,47954,2019-02-01
PAYEMS,1951-10-01,1961-11-02,47522,1955-05-06
PAYEMS,1951-10-01,1963-09-05,47855,1961-11-03
PAYEMS,1951-10-01,1964-12-03,47820,1963-09-06
PAYEMS,1951-10-01,1978-10-05,47815,1964-12-04
PAYEMS,1951-10-01,1994-06-02,47833,1978-10-06
PAYEMS,1951-10-01,2003-06-05,47825,1994-06-03
PAYEMS,1951-10-01,2019-01-31,48009,2003-06-06
PAYEMS,1951-10-01,2026-07-31,48006,2019-02-01
PAYEMS,1951-11-01,1961-11-02,47629,1955-05-06
PAYEMS,1951-11-01,1963-09-05,48094,1961-11-03
PAYEMS,1951-11-01,1964-12-03,48063,1963-09-06
PAYEMS,1951-11-01,1978-10-05,48049,1964-12-04
PAYEMS,1951-11-01,1994-06-02,48026,1978-10-06
PAYEMS,1951-11-01,2003-06-05,48027,1994-06-03
PAYEMS,1951-11-01,2014-02-06,48149,2003-06-06
PAYEMS,1951-11-01,2019-01-31,48148,2014-02-07
PAYEMS,1951-11-01,2026-07-31,48147,2019-02-01
PAYEMS,1951-12-01,1961-11-02,47700,1955-05-06
PAYEMS,1951-12-01,1963-09-05,48231,1961-11-03
PAYEMS,1951-12-01,1964-12-03,48191,1963-09-06
PAYEMS,1951-12-01,1978-10-05,48188,1964-12-04
PAYEMS,1951-12-01,1994-06-02,48119,1978-10-06
PAYEMS,1951-12-01,2003-06-05,48122,1994-06-03
PAYEMS,1951-12-01,2014-02-06,48308,2003-06-06
PAYEMS,1951-12-01,2019-01-31,48309,2014-02-07
PAYEMS,1951-12-01,2026-07-31,48314,2019-02-01
PAYEMS,1952-01-01,1961-11-02,47714,1955-05-06
PAYEMS,1952-01-01,1963-09-05,48318,1961-11-03
PAYEMS,1952-01-01,1964-12-03,48283,1963-09-06
PAYEMS,1952-01-01,1978-10-05,48268,1964-12-04
PAYEMS,1952-01-01,1994-06-02,48229,1978-10-06
PAYEMS,1952-01-01,2003-06-05,48227,1994-06-03
PAYEMS,1952-01-01,2014-02-06,48299,2003-06-06
PAYEMS,1952-01-01,2019-01-31,48298,2014-02-07
PAYEMS,1952-01-01,2026-07-31,48296,2019-02-01
PAYEMS,1952-02-01,1961-11-02,47891,1955-05-06
PAYEMS,1952-02-01,1963-09-05,48502,1961-11-03
PAYEMS,1952-02-01,1964-12-03,48463,1963-09-06
PAYEMS,1952-02-01,1978-10-05,48456,1964-12-04
PAYEMS,1952-02-01,1994-06-02,48491,1978-10-06
PAYEMS,1952-02-01,2003-06-05,48493,1994-06-03
PAYEMS,1952-02-01,2026-07-31,48522,2003-06-06
PAYEMS,1952-03-01,1961-11-02,47922,1955-05-06
PAYEMS,1952-03-01,1963-09-05,48521,1961-11-03
PAYEMS,1952-03-01,1964-12-03,48488,1963-09-06
PAYEMS,1952-03-01,1978-10-05,48473,1964-12-04
PAYEMS,1952-03-01,1994-06-02,48450,1978-10-06
PAYEMS,1952-03-01,2003-06-05,48416,1994-06-03
PAYEMS,1952-03-01,2026-07-31,48504,2003-06-06
PAYEMS,1952-04-01,1961-11-02,47881,1955-05-06
PAYEMS,1952-04-01,1963-09-05,48520,1961-11-03
PAYEMS,1952-04-01,1964-12-03,48472,1963-09-06
PAYEMS,1952-04-01,1978-10-05,48494,1964-12-04
PAYEMS,1952-04-01,1994-06-02,48476,1978-10-06
PAYEMS,1952-04-01,2003-06-05,48509,1994-06-03
PAYEMS,1952-04-01,2019-01-31,48616,2003-06-06
PAYEMS,1952-04-01,2026-07-31,48620,2019-02-01
PAYEMS,1952-05-01,1961-11-02,47955,1955-05-06
PAYEMS,1952-05-01,1963-09-05,48561,1961-11-03
PAYEMS,1952-05-01,1964-12-03,48543,1963-09-06
PAYEMS,1952-05-01,1978-10-05,48538,1964-12-04
PAYEMS,1952-05-01,1994-06-02,48478,1978-10-06
PAYEMS,1952-05-01,2003-06-05,48474,1994-06-03
PAYEMS,1952-05-01,2019-01-31,48645,2003-06-06
PAYEMS,1952-05-01,2026-07-31,48642,2019-02-01
PAYEMS,1952-06-01,1961-11-02,47662,1955-05-06
PAYEMS,1952-06-01,1963-09-05,48212,1961-11-03
PAYEMS,1952-06-01,1964-12-03,48161,1963-09-06
PAYEMS,1952-06-01,1978-10-05,48142,1964-12-04
PAYEMS,1952-06-01,1994-06-02,48130,1978-10-06
PAYEMS,1952-06-01,2003-06-05,48125,1994-06-03
PAYEMS,1952-06-01,2019-01-31,48286,2003-06-06
PAYEMS,1952-06-01,2026-07-31,48282,2019-02-01
PAYEMS,1952-07-01,1961-11-02,47532,1955-05-06
PAYEMS,1952-07-01,1963-09-05,48042,1961-11-03
PAYEMS,1952-07-01,1964-12-03,48013,1963-09-06
PAYEMS,1952-07-01,1978-10-05,47986,1964-12-04
PAYEMS,1952-07-01,1994-06-02,47992,1978-10-06
PAYEMS,1952-07-01,2003-06-05,47999,1994-06-03
PAYEMS,1952-07-01,2019-01-31,48144,2003-06-06
PAYEMS,1952-07-01,2026-07-31,48143,2019-02-01
PAYEMS,1952-08-01,1961-11-02,48340,1955-05-06
PAYEMS,1952-08-01,1963-09-05,48753,1961-11-03
PAYEMS,1952-08-01,1964-12-03,48707,1963-09-06
PAYEMS,1952-08-01,1978-10-05,48705,1964-12-04
PAYEMS,1952-08-01,1994-06-02,48687,1978-10-06
PAYEMS,1952-08-01,2003-06-05,48686,1994-06-03
PAYEMS,1952-08-01,2014-02-06,48922,2003-06-06
PAYEMS,1952-08-01,2019-01-31,48923,2014-02-07
PAYEMS,1952-08-01,2026-07-31,48924,2019-02-01
PAYEMS,1952-09-01,1961-11-02,48726,1955-05-06
PAYEMS,1952-09-01,1963-09-05,49199,1961-11-03
PAYEMS,1952-09-01,1964-12-03,49156,1963-09-06
PAYEMS,1952-09-01,1978-10-05,49146,1964-12-04
PAYEMS,1952-09-01,1994-06-02,49076,1978-10-06
PAYEMS,1952-09-01,2003-06-05,49085,1994-06-03
PAYEMS,1952-09-01,2019-01-31,49319,2003-06-06
PAYEMS,1952-09-01,2026-07-31,49320,2019-02-01
PAYEMS,1952-10-01,1961-11-02,49085,1955-05-06
PAYEMS,1952-10-01,1963-09-05,49499,1961-11-03
PAYEMS,1952-10-01,1964-12-03,49456,1963-09-06
PAYEMS,1952-10-01,1978-10-05,49451,1964-12-04
PAYEMS,1952-10-01,1994-06-02,49436,1978-10-06
PAYEMS,1952-10-01,2003-06-05,49434,1994-06-03
PAYEMS,1952-10-01,2019-01-31,49598,2003-06-06
PAYEMS,1952-10-01,2026-07-31,49597,2019-02-01
PAYEMS,1952-11-01,1961-11-02,49325,1955-05-06
PAYEMS,1952-11-01,1963-09-05,49760,1961-11-03
PAYEMS,1952-11-01,1964-12-03,49728,1963-09-06
PAYEMS,1952-11-01,1978-10-05,49719,1964-12-04
PAYEMS,1952-11-01,1994-06-02,49710,1978-10-06
PAYEMS,1952-11-01,2003-06-05,49719,1994-06-03
PAYEMS,1952-11-01,2026-07-31,49816,2003-06-06
PAYEMS,1952-12-01,1961-11-02,49520,1955-05-06
PAYEMS,1952-12-01,1963-09-05,50074,1961-11-03
PAYEMS,1952-12-01,1964-12-03,49995,1963-09-06
PAYEMS,1952-12-01,1978-10-05,49993,1964-12-04
PAYEMS,1952-12-01,1994-06-02,49933,1978-10-06
PAYEMS,1952-12-01,2003-06-05,49937,1994-06-03
PAYEMS,1952-12-01,2019-01-31,50164,2003-06-06
PAYEMS,1952-12-01,2026-07-31,50166,2019-02-01
PAYEMS,1953-01-01,1956-02-06,49523,1955-05-06
PAYEMS,1953-01-01,1956-06-07,49527,1956-02-07
PAYEMS,1953-01-01,1961-11-02,49604,1956-06-08
PAYEMS,1953-01-01,1963-09-05,50148,1961-11-03
PAYEMS,1953-01-01,1964-12-03,50104,1963-09-06
PAYEMS,1953-01-01,1978-10-05,50084,1964-12-04
PAYEMS,1953-01-01,1994-06-02,50043,1978-10-06
PAYEMS,1953-01-01,2003-06-05,50045,1994-06-03
PAYEMS,1953-01-01,2019-01-31,50145,2003-06-06
PAYEMS,1953-01-01,2026-07-31,50144,2019-02-01
PAYEMS,1953-02-01,1956-02-06,49647,1955-05-06
PAYEMS,1953-02-01,1956-06-07,49680,1956-02-07
PAYEMS,1953-02-01,1961-11-02,49706,1956-06-08
PAYEMS,1953-02-01,1963-09-05,50301,1961-11-03
PAYEMS,1953-02-01,1964-12-03,50259,1963-09-06
PAYEMS,1953-02-01,1978-10-05,50320,1964-12-04
PAYEMS,1953-02-01,1994-06-02,50271,1978-10-06
PAYEMS,1953-02-01,2003-06-05,50273,1994-06-03
PAYEMS,1953-02-01,2026-07-31,50339,2003-06-06
PAYEMS,1953-03-01,1956-02-06,49741,1955-05-06
PAYEMS,1953-03-01,1956-06-07,49735,1956-02-07
PAYEMS,1953-03-01,1961-11-02,49795,1956-06-08
PAYEMS,1953-03-01,1963-09-05,50378,1961-11-03
PAYEMS,1953-03-01,1964-12-03,50332,1963-09-06
PAYEMS,1953-03-01,1978-10-05,50398,1964-12-04
PAYEMS,1953-03-01,1994-06-02,50360,1978-10-06
PAYEMS,1953-03-01,2003-06-05,50382,1994-06-03
PAYEMS,1953-03-01,2014-02-06,50474,2003-06-06
PAYEMS,1953-03-01,2019-01-31,50475,2014-02-07
PAYEMS,1953-03-01,2026-07-31,50473,2019-02-01
PAYEMS,1953-04-01,1956-02-06,49751,1955-05-06
PAYEMS,1953-04-01,1956-06-07,49752,1956-02-07
PAYEMS,1953-04-01,1961-11-02,49835,1956-06-08
PAYEMS,1953-04-01,1963-09-05,50420,1961-11-03
PAYEMS,1953-04-01,1964-12-03,50387,1963-09-06
PAYEMS,1953-04-01,1978-10-05,50418,1964-12-04
PAYEMS,1953-04-01,1994-06-02,50367,1978-10-06
PAYEMS,1953-04-01,2003-06-05,50314,1994-06-03
PAYEMS,1953-04-01,2019-01-31,50432,2003-06-06
PAYEMS,1953-04-01,2026-07-31,50435,2019-02-01
PAYEMS,1953-05-01,1956-02-06,49822,1955-05-06
PAYEMS,1953-05-01,1956-06-07,49851,1956-02-07
PAYEMS,1953-05-01,1961-11-02,49826,1956-06-08
PAYEMS,1953-05-01,1963-09-05,50452,1961-11-03
PAYEMS,1953-05-01,1964-12-03,50411,1963-09-06
PAYEMS,1953-05-01,1978-10-05,50394,1964-12-04
PAYEMS,1953-05-01,1994-06-02,50343,1978-10-06
PAYEMS,1953-05-01,2003-06-05,50358,1994-06-03
PAYEMS,1953-05-01,2019-01-31,50491,2003-06-06
PAYEMS,1953-05-01,2026-07-31,50490,2019-02-01
PAYEMS,1953-06-01,1956-02-06,49926,1955-05-06
PAYEMS,1953-06-01,1956-06-07,49935,1956-02-07
PAYEMS,1953-06-01,1961-11-02,49894,1956-06-08
PAYEMS,1953-06-01,1963-09-05,50445,1961-11-03
PAYEMS,1953-06-01,1964-12-03,50404,1963-09-06
PAYEMS,1953-06-01,1978-10-05,50416,1964-12-04
PAYEMS,1953-06-01,1994-06-02,50386,1978-10-06
PAYEMS,1953-06-01,2003-06-05,50389,1994-06-03
PAYEMS,1953-06-01,2019-01-31,50522,2003-06-06
PAYEMS,1953-06-01,2026-07-31,50519,2019-02-01
PAYEMS,1953-07-01,1956-02-06,49949,1955-05-06
PAYEMS,1953-07-01,1956-06-07,49947,1956-02-07
PAYEMS,1953-07-01,1961-11-02,49889,1956-06-08
PAYEMS,1953-07-01,1963-09-05,50449,1961-11-03
PAYEMS,1953-07-01,1964-12-03,50416,1963-09-06
PAYEMS,1953-07-01,1978-10-05,50413,1964-12-04
PAYEMS,1953-07-01,1994-06-02,50385,1978-10-06
PAYEMS,1953-07-01,2003-06-05,50382,1994-06-03
PAYEMS,1953-07-01,2026-07-31,50536,2003-06-06
PAYEMS,1953-08-01,1956-02-06,49884,1955-05-06
PAYEMS,1953-08-01,1956-06-07,49867,1956-02-07
PAYEMS,1953-08-01,1961-11-02,49842,1956-06-08
PAYEMS,1953-08-01,1963-09-05,50378,1961-11-03
PAYEMS,1953-08-01,1964-12-03,50343,1963-09-06
PAYEMS,1953-08-01,1978-10-05,50304,1964-12-04
PAYEMS,1953-08-01,1994-06-02,50272,1978-10-06
PAYEMS,1953-08-01,2003-06-05,50271,1994-06-03
PAYEMS,1953-08-01,2019-01-31,50487,2003-06-06
PAYEMS,1953-08-01,2026-07-31,50489,2019-02-01
PAYEMS,1953-09-01,1956-02-06,49743,1955-05-06
PAYEMS,1953-09-01,1956-06-07,49720,1956-02-07
PAYEMS,1953-09-01,1961-11-02,49695,1956-06-08
PAYEMS,1953-09-01,1963-09-05,50299,1961-11-03
PAYEMS,1953-09-01,1964-12-03,50260,1963-09-06
PAYEMS,1953-09-01,1978-10-05,50173,1964-12-04
PAYEMS,1953-09-01,1994-06-02,50216,1978-10-06
PAYEMS,1953-09-01,2003-06-05,50226,1994-06-03
PAYEMS,1953-09-01,2019-01-31,50365,2003-06-06
PAYEMS,1953-09-01,2026-07-31,50368,2019-02-01
PAYEMS,1953-10-01,1956-02-06,49715,1955-05-06
PAYEMS,1953-10-01,1956-06-07,49681,1956-02-07
PAYEMS,1953-10-01,1961-11-02,49636,1956-06-08
PAYEMS,1953-10-01,1963-09-05,50187,1961-11-03
PAYEMS,1953-10-01,1964-12-03,50142,1963-09-06
PAYEMS,1953-10-01,1978-10-05,50115,1964-12-04
PAYEMS,1953-10-01,1994-06-02,50114,1978-10-06
PAYEMS,1953-10-01,2003-06-05,50108,1994-06-03
PAYEMS,1953-10-01,2019-01-31,50242,2003-06-06
PAYEMS,1953-10-01,2026-07-31,50240,2019-02-01
PAYEMS,1953-11-01,1956-02-06,49415,1955-05-06
PAYEMS,1953-11-01,1956-06-07,49380,1956-02-07
PAYEMS,1953-11-01,1961-11-02,49344,1956-06-08
PAYEMS,1953-11-01,1963-09-05,49848,1961-11-03
PAYEMS,1953-11-01,1964-12-03,49824,1963-09-06
PAYEMS,1953-11-01,1978-10-05,49845,1964-12-04
PAYEMS,1953-11-01,1994-06-02,49824,1978-10-06
PAYEMS,1953-11-01,2003-06-05,49825,1994-06-03
PAYEMS,1953-11-01,2014-02-06,49906,2003-06-06
PAYEMS,1953-11-01,2019-01-31,49907,2014-02-07
PAYEMS,1953-11-01,2026-07-31,49908,2019-02-01
PAYEMS,1953-12-01,1956-02-06,49096,1955-05-06
PAYEMS,1953-12-01,1956-06-07,49149,1956-02-07
PAYEMS,1953-12-01,1961-11-02,49156,1956-06-08
PAYEMS,1953-12-01,1963-09-05,49636,1961-11-03
PAYEMS,1953-12-01,1964-12-03,49634,1963-09-06
PAYEMS,1953-12-01,1978-10-05,49673,1964-12-04
PAYEMS,1953-12-01,1994-06-02,49627,1978-10-06
PAYEMS,1953-12-01,2003-06-05,49625,1994-06-03
PAYEMS,1953-12-01,2019-01-31,49702,2003-06-06
PAYEMS,1953-12-01,2026-07-31,49703,2019-02-01
PAYEMS,1954-01-01,1956-02-06,48786,1955-05-06
PAYEMS,1954-01-01,1956-06-07,48791,1956-02-07
PAYEMS,1954-01-01,1961-11-02,48859,1956-06-08
PAYEMS,1954-01-01,1963-09-05,49446,1961-11-03
PAYEMS,1954-01-01,1964-12-03,49409,1963-09-06
PAYEMS,1954-01-01,1965-12-01,49384,1964-12-04
PAYEMS,1954-01-01,1970-06-04,49380,1965-12-02
PAYEMS,1954-01-01,1978-10-05,49361,1970-06-05
PAYEMS,1954-01-01,1994-06-02,49340,1978-10-06
PAYEMS,1954-01-01,2003-06-05,49341,1994-06-03
PAYEMS,1954-01-01,2014-02-06,49467,2003-06-06
PAYEMS,1954-01-01,2019-01-31,49468,2014-02-07
PAYEMS,1954-01-01,2026-07-31,49469,2019-02-01
PAYEMS,1954-02-01,1956-02-06,48618,1955-05-06
PAYEMS,1954-02-01,1956-06-07,48650,1956-02-07
PAYEMS,1954-02-01,1961-11-02,48714,1956-06-08
PAYEMS,1954-02-01,1963-09-05,49314,1961-11-03
PAYEMS,1954-02-01,1964-12-03,49272,1963-09-06
PAYEMS,1954-02-01,1965-12-01,49310,1964-12-04
PAYEMS,1954-02-01,1970-06-04,49300,1965-12-02
PAYEMS,1954-02-01,1978-10-05,49284,1970-06-05
PAYEMS,1954-02-01,1994-06-02,49270,1978-10-06
PAYEMS,1954-02-01,2003-06-05,49276,1994-06-03
PAYEMS,1954-02-01,2014-02-06,49381,2003-06-06
PAYEMS,1954-02-01,2026-07-31,49382,2014-02-07
PAYEMS,1954-03-01,1956-02-06,48450,1955-05-06
PAYEMS,1954-03-01,1956-06-07,48445,1956-02-07
PAYEMS,1954-03-01,1961-11-02,48506,1956-06-08
PAYEMS,1954-03-01,1963-09-05,49173,1961-11-03
PAYEMS,1954-03-01,1964-12-03,49127,1963-09-06
PAYEMS,1954-03-01,1965-12-01,49117,1964-12-04
PAYEMS,1954-03-01,1970-06-04,49095,1965-12-02
PAYEMS,1954-03-01,1978-10-05,49099,1970-06-05
PAYEMS,1954-03-01,1994-06-02,49081,1978-10-06
PAYEMS,1954-03-01,2003-06-05,49046,1994-06-03
PAYEMS,1954-03-01,2019-01-31,49158,2003-06-06
PAYEMS,1954-03-01,2026-07-31,49157,2019-02-01
PAYEMS,1954-04-01,1956-02-06,48267,1955-05-06
PAYEMS,1954-04-01,1956-06-07,48268,1956-02-07
PAYEMS,1954-04-01,1961-11-02,48407,1956-06-08
PAYEMS,1954-04-01,1963-09-05,49055,1961-11-03
PAYEMS,1954-04-01,1964-12-03,49012,1963-09-06
PAYEMS,1954-04-01,1965-12-01,49017,1964-12-04
PAYEMS,1954-04-01,1970-06-04,49008,1965-12-02
PAYEMS,1954-04-01,1978-10-05,49010,1970-06-05
PAYEMS,1954-04-01,1994-06-02,48984,1978-10-06
PAYEMS,1954-04-01,2003-06-05,49039,1994-06-03
PAYEMS,1954-04-01,2014-02-06,49177,2003-06-06
PAYEMS,1954-04-01,2019-01-31,49178,2014-02-07
PAYEMS,1954-04-01,2026-07-31,49179,2019-02-01
PAYEMS,1954-05-01,1956-02-06,48183,1955-05-06
PAYEMS,1954-05-01,1956-06-07,48211,1956-02-07
PAYEMS,1954-05-01,1961-11-02,48271,1956-06-08
PAYEMS,1954-05-01,1963-09-05,48902,1961-11-03
PAYEMS,1954-05-01,1964-12-03,48867,1963-09-06
PAYEMS,1954-05-01,1965-12-01,48875,1964-12-04
PAYEMS,1954-05-01,1970-06-04,48856,1965-12-02
PAYEMS,1954-05-01,1978-10-05,48863,1970-06-05
PAYEMS,1954-05-01,1994-06-02,48857,1978-10-06
PAYEMS,1954-05-01,2003-06-05,48852,1994-06-03
PAYEMS,1954-05-01,2026-07-31,48965,2003-06-06
PAYEMS,1954-06-01,1956-02-06,48170,1955-05-06
PAYEMS,1954-06-01,1956-06-07,48179,1956-02-07
PAYEMS,1954-06-01,1961-11-02,48274,1956-06-08
PAYEMS,1954-06-01,1963-09-05,48825,1961-11-03
PAYEMS,1954-06-01,1964-12-03,48789,1963-09-06
PAYEMS,1954-06-01,1965-12-01,48812,1964-12-04
PAYEMS,1954-06-01,1970-06-04,48810,1965-12-02
PAYEMS,1954-06-01,1978-10-05,48820,1970-06-05
PAYEMS,1954-06-01,1994-06-02,48810,1978-10-06
PAYEMS,1954-06-01,2003-06-05,48791,1994-06-03
PAYEMS,1954-06-01,2019-01-31,48896,2003-06-06
PAYEMS,1954-06-01,2026-07-31,48895,2019-02-01
PAYEMS,1954-07-01,1956-02-06,48048,1955-05-06
PAYEMS,1954-07-01,1956-06-07,48046,1956-02-07
PAYEMS,1954-07-01,1961-11-02,48140,1956-06-08
PAYEMS,1954-07-01,1963-09-05,48762,1961-11-03
PAYEMS,1954-07-01,1964-12-03,48735,1963-09-06
PAYEMS,1954-07-01,1965-12-01,48715,1964-12-04
PAYEMS,1954-07-01,1970-06-04,48719,1965-12-02
PAYEMS,1954-07-01,1978-10-05,48730,1970-06-05
PAYEMS,1954-07-01,2003-06-05,48689,1978-10-06
PAYEMS,1954-07-01,2014-02-06,48834,2003-06-06
PAYEMS,1954-07-01,2026-07-31,48835,2014-02-07
PAYEMS,1954-08-01,1956-02-06,48029,1955-05-06
PAYEMS,1954-08-01,1956-06-07,48012,1956-02-07
PAYEMS,1954-08-01,1961-11-02,48149,1956-06-08
PAYEMS,1954-08-01,1963-09-05,48738,1961-11-03
PAYEMS,1954-08-01,1964-12-03,48702,1963-09-06
PAYEMS,1954-08-01,1965-12-01,48680,1964-12-04
PAYEMS,1954-08-01,1970-06-04,48691,1965-12-02
PAYEMS,1954-08-01,1978-10-05,48707,1970-06-05
PAYEMS,1954-08-01,1994-06-02,48644,1978-10-06
PAYEMS,1954-08-01,2003-06-05,48643,1994-06-03
PAYEMS,1954-08-01,2019-01-31,48825,2003-06-06
PAYEMS,1954-08-01,2026-07-31,48826,2019-02-01
PAYEMS,1954-09-01,1956-02-06,48020,1955-05-06
PAYEMS,1954-09-01,1956-06-07,47998,1956-02-07
PAYEMS,1954-09-01,1961-11-02,48197,1956-06-08
PAYEMS,1954-09-01,1963-09-05,48842,1961-11-03
PAYEMS,1954-09-01,1964-12-03,48801,1963-09-06
PAYEMS,1954-09-01,1965-12-01,48737,1964-12-04
PAYEMS,1954-09-01,1970-06-04,48750,1965-12-02
PAYEMS,1954-09-01,1978-10-05,48802,1970-06-05
PAYEMS,1954-09-01,1994-06-02,48752,1978-10-06
PAYEMS,1954-09-01,2003-06-05,48765,1994-06-03
PAYEMS,1954-09-01,2014-02-06,48881,2003-06-06
PAYEMS,1954-09-01,2019-01-31,48882,2014-02-07
PAYEMS,1954-09-01,2026-07-31,48886,2019-02-01
PAYEMS,1954-10-01,1956-02-06,48129,1955-05-06
PAYEMS,1954-10-01,1956-06-07,48097,1956-02-07
PAYEMS,1954-10-01,1961-11-02,48348,1956-06-08
PAYEMS,1954-10-01,1963-09-05,48876,1961-11-03
PAYEMS,1954-10-01,1964-12-03,48839,1963-09-06
PAYEMS,1954-10-01,1965-12-01,48843,1964-12-04
PAYEMS,1954-10-01,1970-06-04,48858,1965-12-02
PAYEMS,1954-10-01,1978-10-05,48838,1970-06-05
PAYEMS,1954-10-01,2003-06-05,48828,1978-10-06
PAYEMS,1954-10-01,2019-01-31,48944,2003-06-06
PAYEMS,1954-10-01,2026-07-31,48942,2019-02-01
PAYEMS,1954-11-01,1956-02-06,48386,1955-05-06
PAYEMS,1954-11-01,1956-06-07,48351,1956-02-07
PAYEMS,1954-11-01,1961-11-02,48600,1956-06-08
PAYEMS,1954-11-01,1963-09-05,49144,1961-11-03
PAYEMS,1954-11-01,1964-12-03,49112,1963-09-06
PAYEMS,1954-11-01,1965-12-01,49134,1964-12-04
PAYEMS,1954-11-01,1970-06-04,49129,1965-12-02
PAYEMS,1954-11-01,1978-10-05,49109,1970-06-05
PAYEMS,1954-11-01,1994-06-02,49102,1978-10-06
PAYEMS,1954-11-01,2003-06-05,49103,1994-06-03
PAYEMS,1954-11-01,2014-02-06,49179,2003-06-06
PAYEMS,1954-11-01,2019-01-31,49178,2014-02-07
PAYEMS,1954-11-01,2026-07-31,49180,2019-02-01
PAYEMS,1954-12-01,1956-02-06,48380,1955-05-06
PAYEMS,1954-12-01,1956-06-07,48432,1956-02-07
PAYEMS,1954-12-01,1961-11-02,48756,1956-06-08
PAYEMS,1954-12-01,1963-09-05,49290,1961-11-03
PAYEMS,1954-12-01,1964-12-03,49264,1963-09-06
PAYEMS,1954-12-01,1965-12-01,49287,1964-12-04
PAYEMS,1954-12-01,1970-06-04,49277,1965-12-02
PAYEMS,1954-12-01,1978-10-05,49250,1970-06-05
PAYEMS,1954-12-01,1994-06-02,49242,1978-10-06
PAYEMS,1954-12-01,2003-06-05,49234,1994-06-03
PAYEMS,1954-12-01,2026-07-31,49331,2003-06-06
PAYEMS,1955-01-01,1956-02-06,48398,1955-05-06
PAYEMS,1955-01-01,1956-06-07,48404,1956-02-07
PAYEMS,1955-01-01,1961-11-02,48820,1956-06-08
PAYEMS,1955-01-01,1963-09-05,49481,1961-11-03
PAYEMS,1955-01-01,1964-12-03,49439,1963-09-06
PAYEMS,1955-01-01,1965-12-01,49394,1964-12-04
PAYEMS,1955-01-01,1966-09-01,49388,1965-12-02
PAYEMS,1955-01-01,1970-06-04,49379,1966-09-02
PAYEMS,1955-01-01,1978-10-05,49360,1970-06-05
PAYEMS,1955-01-01,1994-06-02,49363,1978-10-06
PAYEMS,1955-01-01,2003-06-05,49354,1994-06-03
PAYEMS,1955-01-01,2019-01-31,49497,2003-06-06
PAYEMS,1955-01-01,2026-07-31,49496,2019-02-01
PAYEMS,1955-02-01,1956-02-06,48440,1955-05-06
PAYEMS,1955-02-01,1956-06-07,48470,1956-02-07
PAYEMS,1955-02-01,1961-11-02,48906,1956-06-08
PAYEMS,1955-02-01,1963-09-05,49589,1961-11-03
PAYEMS,1955-02-01,1964-12-03,49543,1963-09-06
PAYEMS,1955-02-01,1965-12-01,49573,1964-12-04
PAYEMS,1955-02-01,1966-09-01,49555,1965-12-02
PAYEMS,1955-02-01,1970-06-04,49548,1966-09-02
PAYEMS,1955-02-01,1978-10-05,49538,1970-06-05
PAYEMS,1955-02-01,2003-06-05,49523,1978-10-06
PAYEMS,1955-02-01,2026-07-31,49644,2003-06-06
PAYEMS,1955-03-01,1955-06-06,48762,1955-05-06
PAYEMS,1955-03-01,1956-02-06,48766,1955-06-07
PAYEMS,1955-03-01,1956-06-07,48760,1956-02-07
PAYEMS,1955-03-01,1961-11-02,49225,1956-06-08
PAYEMS,1955-03-01,1963-09-05,49936,1961-11-03
PAYEMS,1955-03-01,1964-12-03,49886,1963-09-06
PAYEMS,1955-03-01,1965-12-01,49871,1964-12-04
PAYEMS,1955-03-01,1966-09-01,49870,1965-12-02
PAYEMS,1955-03-01,1970-06-04,49864,1966-09-02
PAYEMS,1955-03-01,1978-10-05,49866,1970-06-05
PAYEMS,1955-03-01,1994-06-02,49867,1978-10-06
PAYEMS,1955-03-01,2003-06-05,49851,1994-06-03
PAYEMS,1955-03-01,2019-01-31,49963,2003-06-06
PAYEMS,1955-03-01,2026-07-31,49962,2019-02-01
PAYEMS,1955-04-01,1955-06-06,48849,1955-05-06
PAYEMS,1955-04-01,1955-07-07,48878,1955-06-07
PAYEMS,1955-04-01,1956-02-06,48881,1955-07-08
PAYEMS,1955-04-01,1956-06-07,48882,1956-02-07
PAYEMS,1955-04-01,1961-11-02,49403,1956-06-08
PAYEMS,1955-04-01,1963-09-05,50143,1961-11-03
PAYEMS,1955-04-01,1964-12-03,50101,1963-09-06
PAYEMS,1955-04-01,1965-12-01,50130,1964-12-04
PAYEMS,1955-04-01,1966-09-01,50114,1965-12-02
PAYEMS,1955-04-01,1970-06-04,50123,1966-09-02
PAYEMS,1955-04-01,1978-10-05,50127,1970-06-05
PAYEMS,1955-04-01,1994-06-02,50106,1978-10-06
PAYEMS,1955-04-01,2003-06-05,50104,1994-06-03
PAYEMS,1955-04-01,2014-02-06,50246,2003-06-06
PAYEMS,1955-04-01,2019-01-31,50247,2014-02-07
PAYEMS,1955-04-01,2026-07-31,50248,2019-02-01
PAYEMS,1955-05-01,1955-07-07,49184,1955-06-07
PAYEMS,1955-05-01,1956-02-06,49214,1955-07-08
PAYEMS,1955-05-01,1956-06-07,49242,1956-02-07
PAYEMS,1955-05-01,1957-06-10,49748,1956-06-08
PAYEMS,1955-05-01,1961-11-02,49824,1957-06-11
PAYEMS,1955-05-01,1963-09-05,50482,1961-11-03
PAYEMS,1955-05-01,1964-12-03,50435,1963-09-06
PAYEMS,1955-05-01,1965-12-01,50452,1964-12-04
PAYEMS,1955-05-01,1966-09-01,50446,1965-12-02
PAYEMS,1955-05-01,1970-06-04,50440,1966-09-02
PAYEMS,1955-05-01,1978-10-05,50447,1970-06-05
PAYEMS,1955-05-01,1994-06-02,50414,1978-10-06
PAYEMS,1955-05-01,2003-06-05,50404,1994-06-03
PAYEMS,1955-05-01,2026-07-31,50512,2003-06-06
PAYEMS,1955-06-01,1955-08-08,49330,1955-07-08
PAYEMS,1955-06-01,1955-09-06,49483,1955-08-09
PAYEMS,1955-06-01,1956-02-06,49505,1955-09-07
PAYEMS,1955-06-01,1956-06-07,49514,1956-02-07
PAYEMS,1955-06-01,1957-06-10,50073,1956-06-08
PAYEMS,1955-06-01,1961-11-02,50181,1957-06-11
PAYEMS,1955-06-01,1963-09-05,50755,1961-11-03
PAYEMS,1955-06-01,1964-12-03,50715,1963-09-06
PAYEMS,1955-06-01,1965-12-01,50737,1964-12-04
PAYEMS,1955-06-01,1966-09-01,50730,1965-12-02
PAYEMS,1955-06-01,1970-06-04,50739,1966-09-02
PAYEMS,1955-06-01,1978-10-05,50745,1970-06-05
PAYEMS,1955-06-01,1994-06-02,50705,1978-10-06
PAYEMS,1955-06-01,2003-06-05,50693,1994-06-03
PAYEMS,1955-06-01,2026-07-31,50790,2003-06-06
PAYEMS,1955-07-01,1955-09-06,49684,1955-08-09
PAYEMS,1955-07-01,1955-10-09,49654,1955-09-07
PAYEMS,1955-07-01,1956-02-06,49640,1955-10-10
PAYEMS,1955-07-01,1956-06-07,49638,1956-02-07
PAYEMS,1955-07-01,1957-06-10,50193,1956-06-08
PAYEMS,1955-07-01,1961-11-02,50295,1957-06-11
PAYEMS,1955-07-01,1963-09-05,50908,1961-11-03
PAYEMS,1955-07-01,1964-12-03,50870,1963-09-06
PAYEMS,1955-07-01,1965-12-01,50854,1964-12-04
PAYEMS,1955-07-01,1966-09-01,50857,1965-12-02
PAYEMS,1955-07-01,1970-06-04,50864,1966-09-02
PAYEMS,1955-07-01,1978-10-05,50870,1970-06-05
PAYEMS,1955-07-01,1994-06-02,50823,1978-10-06
PAYEMS,1955-07-01,2003-06-05,50811,1994-06-03
PAYEMS,1955-07-01,2019-01-31,50985,2003-06-06
PAYEMS,1955-07-01,2026-07-31,50987,2019-02-01
PAYEMS,1955-08-01,1955-10-09,49678,1955-09-07
PAYEMS,1955-08-01,1955-11-06,49750,1955-10-10
PAYEMS,1955-08-01,1955-12-06,49742,1955-11-07
PAYEMS,1955-08-01,1956-02-06,49735,1955-12-07
PAYEMS,1955-08-01,1956-06-07,49718,1956-02-07
PAYEMS,1955-08-01,1957-06-10,50315,1956-06-08
PAYEMS,1955-08-01,1961-11-02,50421,1957-06-11
PAYEMS,1955-08-01,1963-09-05,50987,1961-11-03
PAYEMS,1955-08-01,1964-12-03,50960,1963-09-06
PAYEMS,1955-08-01,1965-12-01,50941,1964-12-04
PAYEMS,1955-08-01,1966-09-01,50949,1965-12-02
PAYEMS,1955-08-01,1970-06-04,50957,1966-09-02
PAYEMS,1955-08-01,1978-10-05,50967,1970-06-05
PAYEMS,1955-08-01,1994-06-02,50905,1978-10-06
PAYEMS,1955-08-01,2003-06-05,50929,1994-06-03
PAYEMS,1955-08-01,2014-02-06,51112,2003-06-06
PAYEMS,1955-08-01,2026-07-31,51111,2014-02-07
PAYEMS,1955-09-01,1955-11-06,49821,1955-10-10
PAYEMS,1955-09-01,1955-12-06,49847,1955-11-07
PAYEMS,1955-09-01,1956-02-06,49857,1955-12-07
PAYEMS,1955-09-01,1956-06-07,49835,1956-02-07
PAYEMS,1955-09-01,1957-06-10,50448,1956-06-08
PAYEMS,1955-09-01,1961-11-02,50624,1957-06-11
PAYEMS,1955-09-01,1963-09-05,51217,1961-11-03
PAYEMS,1955-09-01,1964-12-03,51172,1963-09-06
PAYEMS,1955-09-01,1965-12-01,51098,1964-12-04
PAYEMS,1955-09-01,1966-09-01,51103,1965-12-02
PAYEMS,1955-09-01,1970-06-04,51114,1966-09-02
PAYEMS,1955-09-01,1978-10-05,51144,1970-06-05
PAYEMS,1955-09-01,1994-06-02,51085,1978-10-06
PAYEMS,1955-09-01,2003-06-05,51103,1994-06-03
PAYEMS,1955-09-01,2019-01-31,51262,2003-06-06
PAYEMS,1955-09-01,2026-07-31,51266,2019-02-01
PAYEMS,1955-10-01,1955-12-06,49907,1955-11-07
PAYEMS,1955-10-01,1956-01-08,49969,1955-12-07
PAYEMS,1955-10-01,1956-02-06,49982,1956-01-09
PAYEMS,1955-10-01,1956-06-07,49950,1956-02-07
PAYEMS,1955-10-01,1957-06-10,50594,1956-06-08
PAYEMS,1955-10-01,1961-11-02,50788,1957-06-11
PAYEMS,1955-10-01,1963-09-05,51355,1961-11-03
PAYEMS,1955-10-01,1964-12-03,51324,1963-09-06
PAYEMS,1955-10-01,1965-12-01,51306,1964-12-04
PAYEMS,1955-10-01,1966-09-01,51329,1965-12-02
PAYEMS,1955-10-01,1970-06-04,51334,1966-09-02
PAYEMS,1955-10-01,1978-10-05,51336,1970-06-05
PAYEMS,1955-10-01,1994-06-02,51308,1978-10-06
PAYEMS,1955-10-01,2003-06-05,51323,1994-06-03
PAYEMS,1955-10-01,2019-01-31,51431,2003-06-06
PAYEMS,1955-10-01,2026-07-31,51429,2019-02-01
PAYEMS,1955-11-01,1956-01-08,50149,1955-12-07
PAYEMS,1955-11-01,1956-02-06,50181,1956-01-09
PAYEMS,1955-11-01,1956-06-07,50135,1956-02-07
PAYEMS,1955-11-01,1957-06-10,50745,1956-06-08
PAYEMS,1955-11-01,1961-11-02,50965,1957-06-11
PAYEMS,1955-11-01,1963-09-05,51541,1961-11-03
PAYEMS,1955-11-01,1964-12-03,51508,1963-09-06
PAYEMS,1955-11-01,1965-12-01,51534,1964-12-04
PAYEMS,1955-11-01,1966-09-01,51514,1965-12-02
PAYEMS,1955-11-01,1970-06-04,51520,1966-09-02
PAYEMS,1955-11-01,1978-10-05,51511,1970-06-05
PAYEMS,1955-11-01,1994-06-02,51491,1978-10-06
PAYEMS,1955-11-01,2003-06-05,51507,1994-06-03
PAYEMS,1955-11-01,2026-07-31,51592,2003-06-06
PAYEMS,1955-12-01,1956-02-06,50031,1956-01-09
PAYEMS,1955-12-01,1956-03-08,50211,1956-02-07
PAYEMS,1955-12-01,1956-06-07,50228,1956-03-09
PAYEMS,1955-12-01,1957-06-10,50948,1956-06-08
PAYEMS,1955-12-01,1961-11-02,51163,1957-06-11
PAYEMS,1955-12-01,1963-09-05,51734,1961-11-03
PAYEMS,1955-12-01,1964-12-03,51715,1963-09-06
PAYEMS,1955-12-01,1965-12-01,51774,1964-12-04
PAYEMS,1955-12-01,1966-09-01,51746,1965-12-02
PAYEMS,1955-12-01,1970-06-04,51758,1966-09-02
PAYEMS,1955-12-01,1978-10-05,51739,1970-06-05
PAYEMS,1955-12-01,1994-06-02,51721,1978-10-06
PAYEMS,1955-12-01,2003-06-05,51714,1994-06-03
PAYEMS,1955-12-01,2026-07-31,51805,2003-06-06
PAYEMS,1956-01-01,1956-03-08,50208,1956-02-07
PAYEMS,1956-01-01,1956-04-08,50293,1956-03-09
PAYEMS,1956-01-01,1956-06-07,50287,1956-04-09
PAYEMS,1956-01-01,1957-06-10,51080,1956-06-08
PAYEMS,1956-01-01,1961-11-02,51285,1957-06-11
PAYEMS,1956-01-01,1963-09-05,51960,1961-11-03
PAYEMS,1956-01-01,1964-12-03,51932,1963-09-06
PAYEMS,1956-01-01,1965-12-01,51922,1964-12-04
PAYEMS,1956-01-01,1966-09-01,51909,1965-12-02
PAYEMS,1956-01-01,1967-09-05,51906,1966-09-02
PAYEMS,1956-01-01,1970-06-04,51921,1967-09-06
PAYEMS,1956-01-01,1978-10-05,51910,1970-06-05
PAYEMS,1956-01-01,1994-06-02,51880,1978-10-06
PAYEMS,1956-01-01,2003-06-05,51863,1994-06-03
PAYEMS,1956-01-01,2026-07-31,51975,2003-06-06
PAYEMS,1956-02-01,1956-04-08,50179,1956-03-09
PAYEMS,1956-02-01,1956-05-07,50280,1956-04-09
PAYEMS,1956-02-01,1956-06-07,50292,1956-05-08
PAYEMS,1956-02-01,1957-06-10,51127,1956-06-08
PAYEMS,1956-02-01,1961-11-02,51368,1957-06-11
PAYEMS,1956-02-01,1963-09-05,52154,1961-11-03
PAYEMS,1956-02-01,1964-12-03,52119,1963-09-06
PAYEMS,1956-02-01,1965-12-01,52145,1964-12-04
PAYEMS,1956-02-01,1966-09-01,52138,1965-12-02
PAYEMS,1956-02-01,1970-06-04,52132,1966-09-02
PAYEMS,1956-02-01,1978-10-05,52127,1970-06-05
PAYEMS,1956-02-01,1994-06-02,52096,1978-10-06
PAYEMS,1956-02-01,2003-06-05,52093,1994-06-03
PAYEMS,1956-02-01,2026-07-31,52167,2003-06-06
PAYEMS,1956-03-01,1956-05-07,50211,1956-04-09
PAYEMS,1956-03-01,1956-06-07,50210,1956-05-08
PAYEMS,1956-03-01,1957-06-10,51057,1956-06-08
PAYEMS,1956-03-01,1961-11-02,51274,1957-06-11
PAYEMS,1956-03-01,1963-09-05,52187,1961-11-03
PAYEMS,1956-03-01,1964-12-03,52165,1963-09-06
PAYEMS,1956-03-01,1965-12-01,52168,1964-12-04
PAYEMS,1956-03-01,1966-09-01,52152,1965-12-02
PAYEMS,1956-03-01,1967-09-05,52154,1966-09-02
PAYEMS,1956-03-01,1978-10-05,52180,1967-09-06
PAYEMS,1956-03-01,1994-06-02,52141,1978-10-06
PAYEMS,1956-03-01,2003-06-05,52228,1994-06-03
PAYEMS,1956-03-01,2019-01-31,52295,2003-06-06
PAYEMS,1956-03-01,2026-07-31,52294,2019-02-01
PAYEMS,1956-04-01,1956-06-07,50377,1956-05-08
PAYEMS,1956-04-01,1956-07-08,51281,1956-06-08
PAYEMS,1956-04-01,1957-06-10,51327,1956-07-09
PAYEMS,1956-04-01,1961-11-02,51624,1957-06-11
PAYEMS,1956-04-01,1963-09-05,52338,1961-11-03
PAYEMS,1956-04-01,1964-12-03,52313,1963-09-06
PAYEMS,1956-04-01,1965-12-01,52305,1964-12-04
PAYEMS,1956-04-01,1966-09-01,52310,1965-12-02
PAYEMS,1956-04-01,1967-09-05,52307,1966-09-02
PAYEMS,1956-04-01,1978-10-05,52325,1967-09-06
PAYEMS,1956-04-01,1994-06-02,52302,1978-10-06
PAYEMS,1956-04-01,2003-06-05,52232,1994-06-03
PAYEMS,1956-04-01,2026-07-31,52375,2003-06-06
PAYEMS,1956-05-01,1956-07-08,51256,1956-06-08
PAYEMS,1956-05-01,1956-08-07,51389,1956-07-09
PAYEMS,1956-05-01,1956-09-09,51459,1956-08-08
PAYEMS,1956-05-01,1957-06-10,51454,1956-09-10
PAYEMS,1956-05-01,1958-07-07,51799,1957-06-11
PAYEMS,1956-05-01,1961-11-02,51767,1958-07-08
PAYEMS,1956-05-01,1963-09-05,52462,1961-11-03
PAYEMS,1956-05-01,1964-12-03,52417,1963-09-06
PAYEMS,1956-05-01,1966-09-01,52415,1964-12-04
PAYEMS,1956-05-01,1978-10-05,52418,1966-09-02
PAYEMS,1956-05-01,1994-06-02,52387,1978-10-06
PAYEMS,1956-05-01,2003-06-05,52365,1994-06-03
PAYEMS,1956-05-01,2026-07-31,52506,2003-06-06
PAYEMS,1956-06-01,1956-08-07,51437,1956-07-09
PAYEMS,1956-06-01,1956-09-09,51623,1956-08-08
PAYEMS,1956-06-01,1957-06-10,51600,1956-09-10
PAYEMS,1956-06-01,1958-07-07,52026,1957-06-11
PAYEMS,1956-06-01,1961-11-02,51963,1958-07-08
PAYEMS,1956-06-01,1963-09-05,52520,1961-11-03
PAYEMS,1956-06-01,1964-12-03,52485,1963-09-06
PAYEMS,1956-06-01,1965-12-01,52500,1964-12-04
PAYEMS,1956-06-01,1966-09-01,52503,1965-12-02
PAYEMS,1956-06-01,1967-09-05,52511,1966-09-02
PAYEMS,1956-06-01,1978-10-05,52498,1967-09-06
PAYEMS,1956-06-01,1994-06-02,52454,1978-10-06
PAYEMS,1956-06-01,2003-06-05,52433,1994-06-03
PAYEMS,1956-06-01,2014-02-06,52583,2003-06-06
PAYEMS,1956-06-01,2019-01-31,52584,2014-02-07
PAYEMS,1956-06-01,2026-07-31,52586,2019-02-01
PAYEMS,1956-07-01,1956-09-09,51126,1956-08-08
PAYEMS,1956-07-01,1956-10-08,51022,1956-09-10
PAYEMS,1956-07-01,1957-06-10,51003,1956-10-09
PAYEMS,1956-07-01,1958-07-07,51456,1957-06-11
PAYEMS,1956-07-01,1961-11-02,51345,1958-07-08
PAYEMS,1956-07-01,1963-09-05,51875,1961-11-03
PAYEMS,1956-07-01,1964-12-03,51837,1963-09-06
PAYEMS,1956-07-01,1965-12-01,51814,1964-12-04
PAYEMS,1956-07-01,1966-09-01,51815,1965-12-02
PAYEMS,1956-07-01,1967-09-05,51822,1966-09-02
PAYEMS,1956-07-01,1970-06-04,51824,1967-09-06
PAYEMS,1956-07-01,1978-10-05,51827,1970-06-05
PAYEMS,1956-07-01,1994-06-02,51764,1978-10-06
PAYEMS,1956-07-01,2003-06-05,51746,1994-06-03
PAYEMS,1956-07-01,2019-01-31,51954,2003-06-06
PAYEMS,1956-07-01,2026-07-31,51955,2019-02-01
PAYEMS,1956-08-01,1956-10-08,51621,1956-09-10
PAYEMS,1956-08-01,1956-11-07,51707,1956-10-09
PAYEMS,1956-08-01,1957-06-10,51702,1956-11-08
PAYEMS,1956-08-01,1958-07-07,52180,1957-06-11
PAYEMS,1956-08-01,1961-11-02,52029,1958-07-08
PAYEMS,1956-08-01,1963-09-05,52501,1961-11-03
PAYEMS,1956-08-01,1964-12-03,52474,1963-09-06
PAYEMS,1956-08-01,1965-12-01,52459,1964-12-04
PAYEMS,1956-08-01,1966-09-01,52461,1965-12-02
PAYEMS,1956-08-01,1967-09-05,52484,1966-09-02
PAYEMS,1956-08-01,1970-06-04,52480,1967-09-06
PAYEMS,1956-08-01,1978-10-05,52476,1970-06-05
PAYEMS,1956-08-01,1994-06-02,52396,1978-10-06
PAYEMS,1956-08-01,2003-06-05,52382,1994-06-03
PAYEMS,1956-08-01,2014-02-06,52632,2003-06-06
PAYEMS,1956-08-01,2019-01-31,52630,2014-02-07
PAYEMS,1956-08-01,2026-07-31,52631,2019-02-01
PAYEMS,1956-09-01,1956-11-07,51555,1956-10-09
PAYEMS,1956-09-01,1956-12-09,51603,1956-11-08
PAYEMS,1956-09-01,1957-06-10,51676,1956-12-10
PAYEMS,1956-09-01,1958-07-07,52148,1957-06-11
PAYEMS,1956-09-01,1961-11-02,51953,1958-07-08
PAYEMS,1956-09-01,1963-09-05,52535,1961-11-03
PAYEMS,1956-09-01,1964-12-03,52497,1963-09-06
PAYEMS,1956-09-01,1965-12-01,52429,1964-12-04
PAYEMS,1956-09-01,1966-09-01,52437,1965-12-02
PAYEMS,1956-09-01,1967-09-05,52448,1966-09-02
PAYEMS,1956-09-01,1970-06-04,52454,1967-09-06
PAYEMS,1956-09-01,1978-10-05,52510,1970-06-05
PAYEMS,1956-09-01,1994-06-02,52446,1978-10-06
PAYEMS,1956-09-01,2003-06-05,52439,1994-06-03
PAYEMS,1956-09-01,2014-02-06,52600,2003-06-06
PAYEMS,1956-09-01,2019-01-31,52601,2014-02-07
PAYEMS,1956-09-01,2026-07-31,52604,2019-02-01
PAYEMS,1956-10-01,1956-12-09,51817,1956-11-08
PAYEMS,1956-10-01,1957-01-10,51869,1956-12-10
PAYEMS,1956-10-01,1957-06-10,51902,1957-01-11
PAYEMS,1956-10-01,1958-07-07,52367,1957-06-11
PAYEMS,1956-10-01,1961-11-02,52137,1958-07-08
PAYEMS,1956-10-01,1963-09-05,52728,1961-11-03
PAYEMS,1956-10-01,1964-12-03,52698,1963-09-06
PAYEMS,1956-10-01,1965-12-01,52681,1964-12-04
PAYEMS,1956-10-01,1966-09-01,52702,1965-12-02
PAYEMS,1956-10-01,1967-09-05,52713,1966-09-02
PAYEMS,1956-10-01,1970-06-04,52715,1967-09-06
PAYEMS,1956-10-01,1978-10-05,52691,1970-06-05
PAYEMS,1956-10-01,1994-06-02,52667,1978-10-06
PAYEMS,1956-10-01,2003-06-05,52674,1994-06-03
PAYEMS,1956-10-01,2019-01-31,52781,2003-06-06
PAYEMS,1956-10-01,2026-07-31,52777,2019-02-01
PAYEMS,1956-11-01,1957-01-10,51886,1956-12-10
PAYEMS,1956-11-01,1957-02-07,51943,1957-01-11
PAYEMS,1956-11-01,1957-06-10,51950,1957-02-08
PAYEMS,1956-11-01,1958-07-07,52441,1957-06-11
PAYEMS,1956-11-01,1961-11-02,52156,1958-07-08
PAYEMS,1956-11-01,1963-09-05,52752,1961-11-03
PAYEMS,1956-11-01,1964-12-03,52734,1963-09-06
PAYEMS,1956-11-01,1965-12-01,52778,1964-12-04
PAYEMS,1956-11-01,1966-09-01,52754,1965-12-02
PAYEMS,1956-11-01,1967-09-05,52756,1966-09-02
PAYEMS,1956-11-01,1970-06-04,52766,1967-09-06
PAYEMS,1956-11-01,1978-10-05,52760,1970-06-05
PAYEMS,1956-11-01,1994-06-02,52722,1978-10-06
PAYEMS,1956-11-01,2003-06-05,52752,1994-06-03
PAYEMS,1956-11-01,2019-01-31,52822,2003-06-06
PAYEMS,1956-11-01,2026-07-31,52821,2019-02-01
PAYEMS,1956-12-01,1957-02-07,51988,1957-01-11
PAYEMS,1956-12-01,1957-03-11,52071,1957-02-08
PAYEMS,1956-12-01,1957-06-10,52072,1957-03-12
PAYEMS,1956-12-01,1958-07-07,52541,1957-06-11
PAYEMS,1956-12-01,1961-11-02,52251,1958-07-08
PAYEMS,1956-12-01,1963-09-05,52881,1961-11-03
PAYEMS,1956-12-01,1964-12-03,52884,1963-09-06
PAYEMS,1956-12-01,1965-12-01,52935,1964-12-04
PAYEMS,1956-12-01,1966-09-01,52898,1965-12-02
PAYEMS,1956-12-01,1967-09-05,52926,1966-09-02
PAYEMS,1956-12-01,1970-06-04,52914,1967-09-06
PAYEMS,1956-12-01,1978-10-05,52901,1970-06-05
PAYEMS,1956-12-01,1994-06-02,52865,1978-10-06
PAYEMS,1956-12-01,2003-06-05,52908,1994-06-03
PAYEMS,1956-12-01,2019-01-31,52930,2003-06-06
PAYEMS,1956-12-01,2026-07-31,52929,2019-02-01
PAYEMS,1957-01-01,1957-03-11,52112,1957-02-08
PAYEMS,1957-01-01,1957-04-08,52063,1957-03-12
PAYEMS,1957-01-01,1957-06-10,52046,1957-04-09
PAYEMS,1957-01-01,1958-07-07,52493,1957-06-11
PAYEMS,1957-01-01,1961-11-02,52194,1958-07-08
PAYEMS,1957-01-01,1963-09-05,52839,1961-11-03
PAYEMS,1957-01-01,1964-12-03,52836,1963-09-06
PAYEMS,1957-01-01,1965-12-01,52858,1964-12-04
PAYEMS,1957-01-01,1967-09-05,52848,1965-12-02
PAYEMS,1957-01-01,1968-06-11,52854,1967-09-06
PAYEMS,1957-01-01,1970-06-04,52862,1968-06-12
PAYEMS,1957-01-01,1978-10-05,52860,1970-06-05
PAYEMS,1957-01-01,2003-06-05,52808,1978-10-06
PAYEMS,1957-01-01,2019-01-31,52888,2003-06-06
PAYEMS,1957-01-01,2026-07-31,52887,2019-02-01
PAYEMS,1957-02-01,1957-04-08,52151,1957-03-12
PAYEMS,1957-02-01,1957-05-09,52105,1957-04-09
PAYEMS,1957-02-01,1957-06-10,52108,1957-05-10
PAYEMS,1957-02-01,1958-07-07,52577,1957-06-11
PAYEMS,1957-02-01,1961-11-02,52254,1958-07-08
PAYEMS,1957-02-01,1963-09-05,53098,1961-11-03
PAYEMS,1957-02-01,1964-12-03,53062,1963-09-06
PAYEMS,1957-02-01,1965-12-01,53058,1964-12-04
PAYEMS,1957-02-01,1967-09-05,53044,1965-12-02
PAYEMS,1957-02-01,1968-06-11,53046,1967-09-06
PAYEMS,1957-02-01,1970-06-04,53048,1968-06-12
PAYEMS,1957-02-01,1978-10-05,53044,1970-06-05
PAYEMS,1957-02-01,1994-06-02,53000,1978-10-06
PAYEMS,1957-02-01,2003-06-05,53003,1994-06-03
PAYEMS,1957-02-01,2014-02-06,53098,2003-06-06
PAYEMS,1957-02-01,2026-07-31,53097,2014-02-07
PAYEMS,1957-03-01,1957-05-09,52008,1957-04-09
PAYEMS,1957-03-01,1957-06-10,52063,1957-05-10
PAYEMS,1957-03-01,1957-09-09,52522,1957-06-11
PAYEMS,1957-03-01,1958-07-07,52547,1957-09-10
PAYEMS,1957-03-01,1961-11-02,52207,1958-07-08
PAYEMS,1957-03-01,1963-09-05,53119,1961-11-03
PAYEMS,1957-03-01,1964-12-03,53114,1963-09-06
PAYEMS,1957-03-01,1965-12-01,53115,1964-12-04
PAYEMS,1957-03-01,1966-09-01,53100,1965-12-02
PAYEMS,1957-03-01,1967-09-05,53106,1966-09-02
PAYEMS,1957-03-01,1968-06-11,53118,1967-09-06
PAYEMS,1957-03-01,1978-10-05,53124,1968-06-12
PAYEMS,1957-03-01,1994-06-02,53052,1978-10-06
PAYEMS,1957-03-01,2003-06-05,53062,1994-06-03
PAYEMS,1957-03-01,2014-02-06,53156,2003-06-06
PAYEMS,1957-03-01,2019-01-31,53157,2014-02-07
PAYEMS,1957-03-01,2026-07-31,53156,2019-02-01
PAYEMS,1957-04-01,1957-06-10,51992,1957-05-10
PAYEMS,1957-04-01,1957-07-10,52567,1957-06-11
PAYEMS,1957-04-01,1957-09-09,52568,1957-07-11
PAYEMS,1957-04-01,1958-07-07,52593,1957-09-10
PAYEMS,1957-04-01,1961-11-02,52243,1958-07-08
PAYEMS,1957-04-01,1963-09-05,53080,1961-11-03
PAYEMS,1957-04-01,1964-12-03,53059,1963-09-06
PAYEMS,1957-04-01,1965-12-01,53065,1964-12-04
PAYEMS,1957-04-01,1966-09-01,53070,1965-12-02
PAYEMS,1957-04-01,1967-09-05,53068,1966-09-02
PAYEMS,1957-04-01,1968-06-11,53070,1967-09-06
PAYEMS,1957-04-01,1978-10-05,53080,1968-06-12
PAYEMS,1957-04-01,1994-06-02,53029,1978-10-06
PAYEMS,1957-04-01,2003-06-05,53053,1994-06-03
PAYEMS,1957-04-01,2026-07-31,53238,2003-06-06
PAYEMS,1957-05-01,1957-07-10,52569,1957-06-11
PAYEMS,1957-05-01,1957-08-11,52639,1957-07-11
PAYEMS,1957-05-01,1957-09-09,52672,1957-08-12
PAYEMS,1957-05-01,1958-07-07,52698,1957-09-10
PAYEMS,1957-05-01,1961-11-02,52340,1958-07-08
PAYEMS,1957-05-01,1963-09-05,53075,1961-11-03
PAYEMS,1957-05-01,1964-12-03,53048,1963-09-06
PAYEMS,1957-05-01,1965-12-01,53040,1964-12-04
PAYEMS,1957-05-01,1966-09-01,53042,1965-12-02
PAYEMS,1957-05-01,1967-09-05,53053,1966-09-02
PAYEMS,1957-05-01,1968-06-11,53051,1967-09-06
PAYEMS,1957-05-01,1978-10-05,53054,1968-06-12
PAYEMS,1957-05-01,1994-06-02,52999,1978-10-06
PAYEMS,1957-05-01,2003-06-05,52996,1994-06-03
PAYEMS,1957-05-01,2019-01-31,53149,2003-06-06
PAYEMS,1957-05-01,2026-07-31,53150,2019-02-01
PAYEMS,1957-06-01,1957-08-11,52615,1957-07-11
PAYEMS,1957-06-01,1957-09-09,52762,1957-08-12
PAYEMS,1957-06-01,1958-07-07,52773,1957-09-10
PAYEMS,1957-06-01,1961-11-02,52415,1958-07-08
PAYEMS,1957-06-01,1963-09-05,53003,1961-11-03
PAYEMS,1957-06-01,1964-12-03,52969,1963-09-06
PAYEMS,1957-06-01,1965-12-01,52987,1964-12-04
PAYEMS,1957-06-01,1966-09-01,52995,1965-12-02
PAYEMS,1957-06-01,1967-09-05,53003,1966-09-02
PAYEMS,1957-06-01,1968-06-11,52997,1967-09-06
PAYEMS,1957-06-01,1970-06-04,53001,1968-06-12
PAYEMS,1957-06-01,1978-10-05,53003,1970-06-05
PAYEMS,1957-06-01,1994-06-02,52961,1978-10-06
PAYEMS,1957-06-01,2003-06-05,52941,1994-06-03
PAYEMS,1957-06-01,2019-01-31,53066,2003-06-06
PAYEMS,1957-06-01,2026-07-31,53067,2019-02-01
PAYEMS,1957-07-01,1957-09-09,52786,1957-08-12
PAYEMS,1957-07-01,1957-10-09,52809,1957-09-10
PAYEMS,1957-07-01,1958-07-07,52815,1957-10-10
PAYEMS,1957-07-01,1961-11-02,52464,1958-07-08
PAYEMS,1957-07-01,1963-09-05,53077,1961-11-03
PAYEMS,1957-07-01,1964-12-03,53030,1963-09-06
PAYEMS,1957-07-01,1965-12-01,53003,1964-12-04
PAYEMS,1957-07-01,1966-09-01,53011,1965-12-02
PAYEMS,1957-07-01,1967-09-05,53009,1966-09-02
PAYEMS,1957-07-01,1968-06-11,53007,1967-09-06
PAYEMS,1957-07-01,1978-10-05,53003,1968-06-12
PAYEMS,1957-07-01,1994-06-02,52970,1978-10-06
PAYEMS,1957-07-01,2003-06-05,52972,1994-06-03
PAYEMS,1957-07-01,2014-02-06,53122,2003-06-06
PAYEMS,1957-07-01,2026-07-31,53123,2014-02-07
PAYEMS,1957-08-01,1957-10-09,52788,1957-09-10
PAYEMS,1957-08-01,1957-11-07,52870,1957-10-10
PAYEMS,1957-08-01,1958-07-07,52844,1957-11-08
PAYEMS,1957-08-01,1961-11-02,52457,1958-07-08
PAYEMS,1957-08-01,1963-09-05,53052,1961-11-03
PAYEMS,1957-08-01,1964-12-03,53016,1963-09-06
PAYEMS,1957-08-01,1965-12-01,53023,1964-12-04
PAYEMS,1957-08-01,1966-09-01,53026,1965-12-02
PAYEMS,1957-08-01,1967-09-05,53018,1966-09-02
PAYEMS,1957-08-01,1968-06-11,53019,1967-09-06
PAYEMS,1957-08-01,1970-06-04,53021,1968-06-12
PAYEMS,1957-08-01,1978-10-05,52976,1970-06-05
PAYEMS,1957-08-01,1994-06-02,52918,1978-10-06
PAYEMS,1957-08-01,2003-06-05,52913,1994-06-03
PAYEMS,1957-08-01,2014-02-06,53128,2003-06-06
PAYEMS,1957-08-01,2019-01-31,53126,2014-02-07
PAYEMS,1957-08-01,2026-07-31,53128,2019-02-01
PAYEMS,1957-09-01,1957-11-07,52682,1957-10-10
PAYEMS,1957-09-01,1957-12-10,52644,1957-11-08
PAYEMS,1957-09-01,1958-07-07,52662,1957-12-11
PAYEMS,1957-09-01,1961-11-02,52224,1958-07-08
PAYEMS,1957-09-01,1963-09-05,52887,1961-11-03
PAYEMS,1957-09-01,1964-12-03,52847,1963-09-06
PAYEMS,1957-09-01,1965-12-01,52799,1964-12-04
PAYEMS,1957-09-01,1966-09-01,52792,1965-12-02
PAYEMS,1957-09-01,1967-09-05,52794,1966-09-02
PAYEMS,1957-09-01,1968-06-11,52807,1967-09-06
PAYEMS,1957-09-01,1970-06-04,52814,1968-06-12
PAYEMS,1957-09-01,1978-10-05,52869,1970-06-05
PAYEMS,1957-09-01,1994-06-02,52825,1978-10-06
PAYEMS,1957-09-01,2003-06-05,52816,1994-06-03
PAYEMS,1957-09-01,2019-01-31,52932,2003-06-06
PAYEMS,1957-09-01,2026-07-31,52934,2019-02-01
PAYEMS,1957-10-01,1957-12-10,52507,1957-11-08
PAYEMS,1957-10-01,1958-01-13,52486,1957-12-11
PAYEMS,1957-10-01,1958-07-07,52469,1958-01-14
PAYEMS,1957-10-01,1961-11-02,52015,1958-07-08
PAYEMS,1957-10-01,1963-09-05,52747,1961-11-03
PAYEMS,1957-10-01,1964-12-03,52719,1963-09-06
PAYEMS,1957-10-01,1965-12-01,52680,1964-12-04
PAYEMS,1957-10-01,1966-09-01,52697,1965-12-02
PAYEMS,1957-10-01,1967-09-05,52718,1966-09-02
PAYEMS,1957-10-01,1968-06-11,52712,1967-09-06
PAYEMS,1957-10-01,1970-06-04,52709,1968-06-12
PAYEMS,1957-10-01,1978-10-05,52718,1970-06-05
PAYEMS,1957-10-01,1994-06-02,52673,1978-10-06
PAYEMS,1957-10-01,2003-06-05,52663,1994-06-03
PAYEMS,1957-10-01,2019-01-31,52765,2003-06-06
PAYEMS,1957-10-01,2026-07-31,52763,2019-02-01
PAYEMS,1957-11-01,1958-01-13,52189,1957-12-11
PAYEMS,1957-11-01,1958-02-10,52237,1958-01-14
PAYEMS,1957-11-01,1958-07-07,52218,1958-02-11
PAYEMS,1957-11-01,1961-11-02,51758,1958-07-08
PAYEMS,1957-11-01,1963-09-05,52556,1961-11-03
PAYEMS,1957-11-01,1964-12-03,52542,1963-09-06
PAYEMS,1957-11-01,1965-12-01,52515,1964-12-04
PAYEMS,1957-11-01,1966-09-01,52490,1965-12-02
PAYEMS,1957-11-01,1967-09-05,52495,1966-09-02
PAYEMS,1957-11-01,1968-06-11,52505,1967-09-06
PAYEMS,1957-11-01,1970-06-04,52497,1968-06-12
PAYEMS,1957-11-01,1978-10-05,52495,1970-06-05
PAYEMS,1957-11-01,1994-06-02,52458,1978-10-06
PAYEMS,1957-11-01,2003-06-05,52482,1994-06-03
PAYEMS,1957-11-01,2014-02-06,52557,2003-06-06
PAYEMS,1957-11-01,2019-01-31,52559,2014-02-07
PAYEMS,1957-11-01,2026-07-31,52558,2019-02-01
PAYEMS,1957-12-01,1958-02-10,51895,1958-01-14
PAYEMS,1957-12-01,1958-03-10,51930,1958-02-11
PAYEMS,1957-12-01,1958-07-07,51980,1958-03-11
PAYEMS,1957-12-01,1961-11-02,51516,1958-07-08
PAYEMS,1957-12-01,1963-09-05,52365,1961-11-03
PAYEMS,1957-12-01,1964-12-03,52330,1963-09-06
PAYEMS,1957-12-01,1965-12-01,52342,1964-12-04
PAYEMS,1957-12-01,1966-09-01,52312,1965-12-02
PAYEMS,1957-12-01,1968-06-11,52321,1966-09-02
PAYEMS,1957-12-01,1970-06-04,52312,1968-06-12
PAYEMS,1957-12-01,1978-10-05,52307,1970-06-05
PAYEMS,1957-12-01,1994-06-02,52281,1978-10-06
PAYEMS,1957-12-01,2003-06-05,52307,1994-06-03
PAYEMS,1957-12-01,2019-01-31,52385,2003-06-06
PAYEMS,1957-12-01,2026-07-31,52384,2019-02-01
PAYEMS,1958-01-01,1958-03-10,51735,1958-02-11
PAYEMS,1958-01-01,1958-04-07,51756,1958-03-11
PAYEMS,1958-01-01,1958-07-07,51709,1958-04-08
PAYEMS,1958-01-01,1961-11-02,51223,1958-07-08
PAYEMS,1958-01-01,1963-09-05,52051,1961-11-03
PAYEMS,1958-01-01,1964-12-03,52057,1963-09-06
PAYEMS,1958-01-01,1965-12-01,52058,1964-12-04
PAYEMS,1958-01-01,1966-09-01,52045,1965-12-02
PAYEMS,1958-01-01,1967-09-05,52044,1966-09-02
PAYEMS,1958-01-01,1968-06-11,52045,1967-09-06
PAYEMS,1958-01-01,1969-07-07,52044,1968-06-12
PAYEMS,1958-01-01,1970-06-04,52052,1969-07-08
PAYEMS,1958-01-01,1978-10-05,52054,1970-06-05
PAYEMS,1958-01-01,1994-06-02,52002,1978-10-06
PAYEMS,1958-01-01,2003-06-05,52003,1994-06-03
PAYEMS,1958-01-01,2003-10-09,52070,2003-06-06
PAYEMS,1958-01-01,2019-01-31,52077,2003-10-10
PAYEMS,1958-01-01,2026-07-31,52076,2019-02-01
PAYEMS,1958-02-01,1958-04-07,51151,1958-03-11
PAYEMS,1958-02-01,1958-05-07,51035,1958-04-08
PAYEMS,1958-02-01,1958-07-07,51055,1958-05-08
PAYEMS,1958-02-01,1961-11-02,50575,1958-07-08
PAYEMS,1958-02-01,1963-09-05,51475,1961-11-03
PAYEMS,1958-02-01,1964-12-03,51464,1963-09-06
PAYEMS,1958-02-01,1965-12-01,51484,1964-12-04
PAYEMS,1958-02-01,1966-09-01,51476,1965-12-02
PAYEMS,1958-02-01,1967-09-05,51485,1966-09-02
PAYEMS,1958-02-01,1968-06-11,51483,1967-09-06
PAYEMS,1958-02-01,1969-07-07,51486,1968-06-12
PAYEMS,1958-02-01,1970-06-04,51489,1969-07-08
PAYEMS,1958-02-01,1978-10-05,51486,1970-06-05
PAYEMS,1958-02-01,1994-06-02,51448,1978-10-06
PAYEMS,1958-02-01,2003-06-05,51441,1994-06-03
PAYEMS,1958-02-01,2003-10-09,51570,2003-06-06
PAYEMS,1958-02-01,2026-07-31,51576,2003-10-10
PAYEMS,1958-03-01,1958-05-07,50732,1958-04-08
PAYEMS,1958-03-01,1958-06-05,50739,1958-05-08
PAYEMS,1958-03-01,1958-07-07,50719,1958-06-06
PAYEMS,1958-03-01,1961-11-02,50219,1958-07-08
PAYEMS,1958-03-01,1963-09-05,51201,1961-11-03
PAYEMS,1958-03-01,1964-12-03,51202,1963-09-06
PAYEMS,1958-03-01,1966-09-01,51189,1964-12-04
PAYEMS,1958-03-01,1967-09-05,51196,1966-09-02
PAYEMS,1958-03-01,1968-06-11,51161,1967-09-06
PAYEMS,1958-03-01,1970-06-04,51156,1968-06-12
PAYEMS,1958-03-01,1978-10-05,51158,1970-06-05
PAYEMS,1958-03-01,1994-06-02,51131,1978-10-06
PAYEMS,1958-03-01,2003-06-05,51142,1994-06-03
PAYEMS,1958-03-01,2003-10-09,51297,2003-06-06
PAYEMS,1958-03-01,2019-01-31,51300,2003-10-10
PAYEMS,1958-03-01,2026-07-31,51299,2019-02-01
PAYEMS,1958-04-01,1958-06-05,50579,1958-05-08
PAYEMS,1958-04-01,1958-07-07,50585,1958-06-06
PAYEMS,1958-04-01,1961-11-02,50054,1958-07-08
PAYEMS,1958-04-01,1963-09-05,50901,1961-11-03
PAYEMS,1958-04-01,1964-12-03,50879,1963-09-06
PAYEMS,1958-04-01,1965-12-01,50916,1964-12-04
PAYEMS,1958-04-01,1966-09-01,50922,1965-12-02
PAYEMS,1958-04-01,1967-09-05,50917,1966-09-02
PAYEMS,1958-04-01,1968-06-11,50880,1967-09-06
PAYEMS,1958-04-01,1969-07-07,50881,1968-06-12
PAYEMS,1958-04-01,1978-10-05,50880,1969-07-08
PAYEMS,1958-04-01,1994-06-02,50787,1978-10-06
PAYEMS,1958-04-01,2003-06-05,50807,1994-06-03
PAYEMS,1958-04-01,2003-10-09,51027,2003-06-06
PAYEMS,1958-04-01,2014-02-06,51026,2003-10-10
PAYEMS,1958-04-01,2026-07-31,51027,2014-02-07
PAYEMS,1958-05-01,1958-07-07,50700,1958-06-06
PAYEMS,1958-05-01,1958-08-07,50144,1958-07-08
PAYEMS,1958-05-01,1961-11-02,50147,1958-08-08
PAYEMS,1958-05-01,1963-09-05,50910,1961-11-03
PAYEMS,1958-05-01,1964-12-03,50870,1963-09-06
PAYEMS,1958-05-01,1966-09-01,50822,1964-12-04
PAYEMS,1958-05-01,1967-09-05,50825,1966-09-02
PAYEMS,1958-05-01,1968-06-11,50816,1967-09-06
PAYEMS,1958-05-01,1969-07-07,50823,1968-06-12
PAYEMS,1958-05-01,1978-10-05,50820,1969-07-08
PAYEMS,1958-05-01,1994-06-02,50760,1978-10-06
PAYEMS,1958-05-01,2003-06-05,50770,1994-06-03
PAYEMS,1958-05-01,2003-10-09,50925,2003-06-06
PAYEMS,1958-05-01,2019-01-31,50913,2003-10-10
PAYEMS,1958-05-01,2026-07-31,50914,2019-02-01
PAYEMS,1958-06-01,1958-08-07,50289,1958-07-08
PAYEMS,1958-06-01,1958-09-08,50297,1958-08-08
PAYEMS,1958-06-01,1961-11-02,50315,1958-09-09
PAYEMS,1958-06-01,1963-09-05,50970,1961-11-03
PAYEMS,1958-06-01,1964-12-03,50924,1963-09-06
PAYEMS,1958-06-01,1965-12-01,50865,1964-12-04
PAYEMS,1958-06-01,1966-09-01,50873,1965-12-02
PAYEMS,1958-06-01,1967-09-05,50855,1966-09-02
PAYEMS,1958-06-01,1968-06-11,50857,1967-09-06
PAYEMS,1958-06-01,1969-07-07,50864,1968-06-12
PAYEMS,1958-06-01,1970-06-04,50850,1969-07-08
PAYEMS,1958-06-01,1978-10-05,50851,1970-06-05
PAYEMS,1958-06-01,1994-06-02,50822,1978-10-06
PAYEMS,1958-06-01,2003-06-05,50801,1994-06-03
PAYEMS,1958-06-01,2003-10-09,50922,2003-06-06
PAYEMS,1958-06-01,2019-01-31,50912,2003-10-10
PAYEMS,1958-06-01,2026-07-31,50914,2019-02-01
PAYEMS,1958-07-01,1958-09-08,50428,1958-08-08
PAYEMS,1958-07-01,1958-10-09,50431,1958-09-09
PAYEMS,1958-07-01,1961-11-02,50411,1958-10-10
PAYEMS,1958-07-01,1963-09-05,51092,1961-11-03
PAYEMS,1958-07-01,1964-12-03,51038,1963-09-06
PAYEMS,1958-07-01,1965-12-01,50946,1964-12-04
PAYEMS,1958-07-01,1966-09-01,50956,1965-12-02
PAYEMS,1958-07-01,1967-09-05,50943,1966-09-02
PAYEMS,1958-07-01,1968-06-11,50958,1967-09-06
PAYEMS,1958-07-01,1978-10-05,50944,1968-06-12
PAYEMS,1958-07-01,1994-06-02,50915,1978-10-06
PAYEMS,1958-07-01,2003-06-05,50911,1994-06-03
PAYEMS,1958-07-01,2003-10-09,51044,2003-06-06
PAYEMS,1958-07-01,2019-01-31,51037,2003-10-10
PAYEMS,1958-07-01,2026-07-31,51039,2019-02-01
PAYEMS,1958-08-01,1958-10-09,50529,1958-09-09
PAYEMS,1958-08-01,1958-11-09,50552,1958-10-10
PAYEMS,1958-08-01,1961-11-02,50570,1958-11-10
PAYEMS,1958-08-01,1963-09-05,51241,1961-11-03
PAYEMS,1958-08-01,1964-12-03,51191,1963-09-06
PAYEMS,1958-08-01,1965-12-01,51168,1964-12-04
PAYEMS,1958-08-01,1966-09-01,51157,1965-12-02
PAYEMS,1958-08-01,1967-09-05,51153,1966-09-02
PAYEMS,1958-08-01,1968-06-11,51160,1967-09-06
PAYEMS,1958-08-01,1969-07-07,51158,1968-06-12
PAYEMS,1958-08-01,1970-06-04,51156,1969-07-08
PAYEMS,1958-08-01,1978-10-05,51159,1970-06-05
PAYEMS,1958-08-01,1994-06-02,51118,1978-10-06
PAYEMS,1958-08-01,2003-06-05,51113,1994-06-03
PAYEMS,1958-08-01,2003-10-09,51232,2003-06-06
PAYEMS,1958-08-01,2014-02-06,51233,2003-10-10
PAYEMS,1958-08-01,2019-01-31,51231,2014-02-07
PAYEMS,1958-08-01,2026-07-31,51233,2019-02-01
PAYEMS,1958-09-01,1958-11-09,50651,1958-10-10
PAYEMS,1958-09-01,1958-12-09,50779,1958-11-10
PAYEMS,1958-09-01,1961-11-02,50780,1958-12-10
PAYEMS,1958-09-01,1963-09-05,51537,1961-11-03
PAYEMS,1958-09-01,1964-12-03,51494,1963-09-06
PAYEMS,1958-09-01,1965-12-01,51421,1964-12-04
PAYEMS,1958-09-01,1966-09-01,51412,1965-12-02
PAYEMS,1958-09-01,1967-09-05,51413,1966-09-02
PAYEMS,1958-09-01,1968-06-11,51416,1967-09-06
PAYEMS,1958-09-01,1969-07-07,51412,1968-06-12
PAYEMS,1958-09-01,1970-06-04,51428,1969-07-08
PAYEMS,1958-09-01,1978-10-05,51413,1970-06-05
PAYEMS,1958-09-01,1994-06-02,51359,1978-10-06
PAYEMS,1958-09-01,2003-06-05,51355,1994-06-03
PAYEMS,1958-09-01,2003-10-09,51501,2003-06-06
PAYEMS,1958-09-01,2026-07-31,51506,2003-10-10
PAYEMS,1958-10-01,1958-12-09,50660,1958-11-10
PAYEMS,1958-10-01,1959-01-12,50586,1958-12-10
PAYEMS,1958-10-01,1961-11-02,50582,1959-01-13
PAYEMS,1958-10-01,1963-09-05,51502,1961-11-03
PAYEMS,1958-10-01,1964-12-03,51467,1963-09-06
PAYEMS,1958-10-01,1965-12-01,51403,1964-12-04
PAYEMS,1958-10-01,1966-09-01,51414,1965-12-02
PAYEMS,1958-10-01,1967-09-05,51420,1966-09-02
PAYEMS,1958-10-01,1968-06-11,51415,1967-09-06
PAYEMS,1958-10-01,1969-07-07,51414,1968-06-12
PAYEMS,1958-10-01,1970-06-04,51407,1969-07-08
PAYEMS,1958-10-01,1978-10-05,51418,1970-06-05
PAYEMS,1958-10-01,1994-06-02,51379,1978-10-06
PAYEMS,1958-10-01,2003-06-05,51378,1994-06-03
PAYEMS,1958-10-01,2003-10-09,51483,2003-06-06
PAYEMS,1958-10-01,2014-02-06,51485,2003-10-10
PAYEMS,1958-10-01,2019-01-31,51486,2014-02-07
PAYEMS,1958-10-01,2026-07-31,51485,2019-02-01
PAYEMS,1958-11-01,1959-01-12,50773,1958-12-10
PAYEMS,1958-11-01,1959-02-09,50825,1959-01-13
PAYEMS,1958-11-01,1961-11-02,50877,1959-02-10
PAYEMS,1958-11-01,1963-09-05,51952,1961-11-03
PAYEMS,1958-11-01,1964-12-03,51948,1963-09-06
PAYEMS,1958-11-01,1965-12-01,51893,1964-12-04
PAYEMS,1958-11-01,1966-09-01,51875,1965-12-02
PAYEMS,1958-11-01,1968-06-11,51879,1966-09-02
PAYEMS,1958-11-01,1969-07-07,51866,1968-06-12
PAYEMS,1958-11-01,1970-06-04,51861,1969-07-08
PAYEMS,1958-11-01,1978-10-05,51858,1970-06-05
PAYEMS,1958-11-01,1994-06-02,51831,1978-10-06
PAYEMS,1958-11-01,2003-06-05,51814,1994-06-03
PAYEMS,1958-11-01,2003-10-09,51942,2003-06-06
PAYEMS,1958-11-01,2014-02-06,51943,2003-10-10
PAYEMS,1958-11-01,2026-07-31,51944,2014-02-07
PAYEMS,1958-12-01,1959-02-09,50736,1959-01-13
PAYEMS,1958-12-01,1959-03-10,50818,1959-02-10
PAYEMS,1958-12-01,1961-11-02,50844,1959-03-11
PAYEMS,1958-12-01,1963-09-05,52092,1961-11-03
PAYEMS,1958-12-01,1964-12-03,52087,1963-09-06
PAYEMS,1958-12-01,1965-12-01,52029,1964-12-04
PAYEMS,1958-12-01,1966-09-01,52009,1965-12-02
PAYEMS,1958-12-01,1967-09-05,52012,1966-09-02
PAYEMS,1958-12-01,1968-06-11,52011,1967-09-06
PAYEMS,1958-12-01,1969-07-07,52008,1968-06-12
PAYEMS,1958-12-01,1970-06-04,52014,1969-07-08
PAYEMS,1958-12-01,1978-10-05,52008,1970-06-05
PAYEMS,1958-12-01,1994-06-02,51968,1978-10-06
PAYEMS,1958-12-01,2003-06-05,51986,1994-06-03
PAYEMS,1958-12-01,2003-10-09,52083,2003-06-06
PAYEMS,1958-12-01,2019-01-31,52088,2003-10-10
PAYEMS,1958-12-01,2026-07-31,52085,2019-02-01
PAYEMS,1959-01-01,1959-03-10,50992,1959-02-10
PAYEMS,1959-01-01,1959-04-06,51022,1959-03-11
PAYEMS,1959-01-01,1959-06-09,51039,1959-04-07
PAYEMS,1959-01-01,1961-11-02,51086,1959-06-10
PAYEMS,1959-01-01,1963-09-05,52446,1961-11-03
PAYEMS,1959-01-01,1964-12-03,52502,1963-09-06
PAYEMS,1959-01-01,1965-12-01,52449,1964-12-04
PAYEMS,1959-01-01,1966-09-01,52434,1965-12-02
PAYEMS,1959-01-01,1967-09-05,52449,1966-09-02
PAYEMS,1959-01-01,1968-06-11,52447,1967-09-06
PAYEMS,1959-01-01,1969-07-07,52453,1968-06-12
PAYEMS,1959-01-01,1970-06-04,52455,1969-07-08
PAYEMS,1959-01-01,1978-10-05,52456,1970-06-05
PAYEMS,1959-01-01,1994-06-02,52410,1978-10-06
PAYEMS,1959-01-01,2003-06-05,52408,1994-06-03
PAYEMS,1959-01-01,2003-10-09,52475,2003-06-06
PAYEMS,1959-01-01,2014-02-06,52481,2003-10-10
PAYEMS,1959-01-01,2019-01-31,52480,2014-02-07
PAYEMS,1959-01-01,2026-07-31,52478,2019-02-01
PAYEMS,1959-02-01,1959-04-06,51036,1959-03-11
PAYEMS,1959-02-01,1959-05-10,51113,1959-04-07
PAYEMS,1959-02-01,1959-06-09,51117,1959-05-11
PAYEMS,1959-02-01,1961-11-02,51194,1959-06-10
PAYEMS,1959-02-01,1963-09-05,52612,1961-11-03
PAYEMS,1959-02-01,1964-12-03,52647,1963-09-06
PAYEMS,1959-02-01,1965-12-01,52592,1964-12-04
PAYEMS,1959-02-01,1966-09-01,52580,1965-12-02
PAYEMS,1959-02-01,1967-09-05,52597,1966-09-02
PAYEMS,1959-02-01,1968-06-11,52599,1967-09-06
PAYEMS,1959-02-01,1969-07-07,52601,1968-06-12
PAYEMS,1959-02-01,1970-06-04,52605,1969-07-08
PAYEMS,1959-02-01,1978-10-05,52602,1970-06-05
PAYEMS,1959-02-01,1994-06-02,52558,1978-10-06
PAYEMS,1959-02-01,2003-06-05,52568,1994-06-03
PAYEMS,1959-02-01,2003-10-09,52682,2003-06-06
PAYEMS,1959-02-01,2019-01-31,52687,2003-10-10
PAYEMS,1959-02-01,2026-07-31,52688,2019-02-01
PAYEMS,1959-03-01,1959-05-10,51357,1959-04-07
PAYEMS,1959-03-01,1959-06-09,51394,1959-05-11
PAYEMS,1959-03-01,1961-11-02,51456,1959-06-10
PAYEMS,1959-03-01,1963-09-05,52843,1961-11-03
PAYEMS,1959-03-01,1964-12-03,52860,1963-09-06
PAYEMS,1959-03-01,1965-12-01,52903,1964-12-04
PAYEMS,1959-03-01,1966-09-01,52898,1965-12-02
PAYEMS,1959-03-01,1967-09-05,52914,1966-09-02
PAYEMS,1959-03-01,1968-06-11,52881,1967-09-06
PAYEMS,1959-03-01,1969-07-07,52873,1968-06-12
PAYEMS,1959-03-01,1970-06-04,52882,1969-07-08
PAYEMS,1959-03-01,1978-10-05,52884,1970-06-05
PAYEMS,1959-03-01,1994-06-02,52863,1978-10-06
PAYEMS,1959-03-01,2003-06-05,52883,1994-06-03
PAYEMS,1959-03-01,2003-10-09,53014,2003-06-06
PAYEMS,1959-03-01,2019-01-31,53016,2003-10-10
PAYEMS,1959-03-01,2026-07-31,53014,2019-02-01
PAYEMS,1959-04-01,1959-06-09,51763,1959-05-11
PAYEMS,1959-04-01,1959-07-13,51869,1959-06-10
PAYEMS,1959-04-01,1961-11-02,51887,1959-07-14
PAYEMS,1959-04-01,1963-09-05,53328,1961-11-03
PAYEMS,1959-04-01,1964-12-03,53353,1963-09-06
PAYEMS,1959-04-01,1965-12-01,53243,1964-12-04
PAYEMS,1959-04-01,1966-09-01,53251,1965-12-02
PAYEMS,1959-04-01,1967-09-05,53267,1966-09-02
PAYEMS,1959-04-01,1968-06-11,53227,1967-09-06
PAYEMS,1959-04-01,1969-07-07,53226,1968-06-12
PAYEMS,1959-04-01,1978-10-05,53221,1969-07-08
PAYEMS,1959-04-01,1994-06-02,53190,1978-10-06
PAYEMS,1959-04-01,2003-06-05,53132,1994-06-03
PAYEMS,1959-04-01,2019-01-31,53320,2003-06-06
PAYEMS,1959-04-01,2026-07-31,53321,2019-02-01
PAYEMS,1959-05-01,1959-07-13,52100,1959-06-10
PAYEMS,1959-05-01,1959-08-10,52127,1959-07-14
PAYEMS,1959-05-01,1961-11-02,52125,1959-08-11
PAYEMS,1959-05-01,1963-09-05,53606,1961-11-03
PAYEMS,1959-05-01,1964-12-03,53565,1963-09-06
PAYEMS,1959-05-01,1965-12-01,53456,1964-12-04
PAYEMS,1959-05-01,1966-09-01,53470,1965-12-02
PAYEMS,1959-05-01,1967-09-05,53491,1966-09-02
PAYEMS,1959-05-01,1968-06-11,53477,1967-09-06
PAYEMS,1959-05-01,1969-07-07,53490,1968-06-12
PAYEMS,1959-05-01,1978-10-05,53477,1969-07-08
PAYEMS,1959-05-01,1994-06-02,53382,1978-10-06
PAYEMS,1959-05-01,2003-06-05,53422,1994-06-03
PAYEMS,1959-05-01,2003-10-09,53557,2003-06-06
PAYEMS,1959-05-01,2019-01-31,53549,2003-10-10
PAYEMS,1959-05-01,2026-07-31,53550,2019-02-01
PAYEMS,1959-06-01,1959-08-10,52345,1959-07-14
PAYEMS,1959-06-01,1959-09-09,52408,1959-08-11
PAYEMS,1959-06-01,1961-11-02,52407,1959-09-10
PAYEMS,1959-06-01,1963-09-05,53779,1961-11-03
PAYEMS,1959-06-01,1964-12-03,53737,1963-09-06
PAYEMS,1959-06-01,1965-12-01,53630,1964-12-04
PAYEMS,1959-06-01,1966-09-01,53633,1965-12-02
PAYEMS,1959-06-01,1967-09-05,53636,1966-09-02
PAYEMS,1959-06-01,1968-06-11,53643,1967-09-06
PAYEMS,1959-06-01,1978-10-05,53645,1968-06-12
PAYEMS,1959-06-01,1994-06-02,53603,1978-10-06
PAYEMS,1959-06-01,2003-06-05,53584,1994-06-03
PAYEMS,1959-06-01,2003-10-09,53686,2003-06-06
PAYEMS,1959-06-01,2014-02-06,53678,2003-10-10
PAYEMS,1959-06-01,2019-01-31,53679,2014-02-07
PAYEMS,1959-06-01,2026-07-31,53681,2019-02-01
PAYEMS,1959-07-01,1959-09-09,52572,1959-08-11
PAYEMS,1959-07-01,1959-10-12,52585,1959-09-10
PAYEMS,1959-07-01,1961-11-02,52558,1959-10-13
PAYEMS,1959-07-01,1963-09-05,53879,1961-11-03
PAYEMS,1959-07-01,1964-12-03,53799,1963-09-06
PAYEMS,1959-07-01,1965-12-01,53715,1964-12-04
PAYEMS,1959-07-01,1966-09-01,53708,1965-12-02
PAYEMS,1959-07-01,1967-09-05,53724,1966-09-02
PAYEMS,1959-07-01,1968-06-11,53730,1967-09-06
PAYEMS,1959-07-01,1969-07-07,53728,1968-06-12
PAYEMS,1959-07-01,1970-06-04,53715,1969-07-08
PAYEMS,1959-07-01,1978-10-05,53713,1970-06-05
PAYEMS,1959-07-01,1994-06-02,53683,1978-10-06
PAYEMS,1959-07-01,2003-06-05,53663,1994-06-03
PAYEMS,1959-07-01,2003-10-09,53809,2003-06-06
PAYEMS,1959-07-01,2019-01-31,53803,2003-10-10
PAYEMS,1959-07-01,2026-07-31,53804,2019-02-01
PAYEMS,1959-08-01,1959-10-12,52407,1959-09-10
PAYEMS,1959-08-01,1959-11-10,52011,1959-10-13
PAYEMS,1959-08-01,1961-11-02,52023,1959-11-11
PAYEMS,1959-08-01,1963-09-05,53357,1961-11-03
PAYEMS,1959-08-01,1964-12-03,53325,1963-09-06
PAYEMS,1959-08-01,1965-12-01,53245,1964-12-04
PAYEMS,1959-08-01,1966-09-01,53250,1965-12-02
PAYEMS,1959-08-01,1967-09-05,53270,1966-09-02
PAYEMS,1959-08-01,1968-06-11,53274,1967-09-06
PAYEMS,1959-08-01,1969-07-07,53270,1968-06-12
PAYEMS,1959-08-01,1970-06-04,53268,1969-07-08
PAYEMS,1959-08-01,1978-10-05,53287,1970-06-05
PAYEMS,1959-08-01,1994-06-02,53230,1978-10-06
PAYEMS,1959-08-01,2003-06-05,53220,1994-06-03
PAYEMS,1959-08-01,2014-02-06,53337,2003-06-06
PAYEMS,1959-08-01,2019-01-31,53334,2014-02-07
PAYEMS,1959-08-01,2026-07-31,53336,2019-02-01
PAYEMS,1959-09-01,1959-11-10,51999,1959-10-13
PAYEMS,1959-09-01,1959-12-10,52169,1959-11-11
PAYEMS,1959-09-01,1961-11-02,52154,1959-12-11
PAYEMS,1959-09-01,1963-09-05,53413,1961-11-03
PAYEMS,1959-09-01,1964-12-03,53408,1963-09-06
PAYEMS,1959-09-01,1965-12-01,53282,1964-12-04
PAYEMS,1959-09-01,1966-09-01,53278,1965-12-02
PAYEMS,1959-09-01,1967-09-05,53304,1966-09-02
PAYEMS,1959-09-01,1968-06-11,53303,1967-09-06
PAYEMS,1959-09-01,1969-07-07,53302,1968-06-12
PAYEMS,1959-09-01,1970-06-04,53325,1969-07-08
PAYEMS,1959-09-01,1978-10-05,53316,1970-06-05
PAYEMS,1959-09-01,1994-06-02,53265,1978-10-06
PAYEMS,1959-09-01,2003-06-05,53257,1994-06-03
PAYEMS,1959-09-01,2003-10-09,53425,2003-06-06
PAYEMS,1959-09-01,2014-02-06,53428,2003-10-10
PAYEMS,1959-09-01,2019-01-31,53429,2014-02-07
PAYEMS,1959-09-01,2026-07-31,53428,2019-02-01
PAYEMS,1959-10-01,1959-12-10,52006,1959-11-11
PAYEMS,1959-10-01,1960-01-14,51996,1959-12-11
PAYEMS,1959-10-01,1961-11-02,52002,1960-01-15
PAYEMS,1959-10-01,1963-09-05,53353,1961-11-03
PAYEMS,1959-10-01,1964-12-03,53354,1963-09-06
PAYEMS,1959-10-01,1965-12-01,53206,1964-12-04
PAYEMS,1959-10-01,1966-09-01,53223,1965-12-02
PAYEMS,1959-10-01,1967-09-05,53242,1966-09-02
PAYEMS,1959-10-01,1968-06-11,53238,1967-09-06
PAYEMS,1959-10-01,1969-07-07,53241,1968-06-12
PAYEMS,1959-10-01,1970-06-04,53235,1969-07-08
PAYEMS,1959-10-01,1978-10-05,53230,1970-06-05
PAYEMS,1959-10-01,1994-06-02,53203,1978-10-06
PAYEMS,1959-10-01,2003-06-05,53196,1994-06-03
PAYEMS,1959-10-01,2003-10-09,53358,2003-06-06
PAYEMS,1959-10-01,2019-01-31,53359,2003-10-10
PAYEMS,1959-10-01,2026-07-31,53358,2019-02-01
PAYEMS,1959-11-01,1960-01-14,52120,1959-12-11
PAYEMS,1959-11-01,1960-02-10,52199,1960-01-15
PAYEMS,1959-11-01,1961-11-02,52253,1960-02-11
PAYEMS,1959-11-01,1963-09-05,53622,1961-11-03
PAYEMS,1959-11-01,1964-12-03,53642,1963-09-06
PAYEMS,1959-11-01,1965-12-01,53537,1964-12-04
PAYEMS,1959-11-01,1966-09-01,53514,1965-12-02
PAYEMS,1959-11-01,1967-09-05,53543,1966-09-02
PAYEMS,1959-11-01,1968-06-11,53544,1967-09-06
PAYEMS,1959-11-01,1969-07-07,53542,1968-06-12
PAYEMS,1959-11-01,1970-06-04,53544,1969-07-08
PAYEMS,1959-11-01,1978-10-05,53541,1970-06-05
PAYEMS,1959-11-01,1994-06-02,53503,1978-10-06
PAYEMS,1959-11-01,2003-06-05,53509,1994-06-03
PAYEMS,1959-11-01,2019-01-31,53635,2003-06-06
PAYEMS,1959-11-01,2026-07-31,53634,2019-02-01
PAYEMS,1959-12-01,1960-02-10,52485,1960-01-15
PAYEMS,1959-12-01,1960-03-14,52654,1960-02-11
PAYEMS,1959-12-01,1961-11-02,52674,1960-03-15
PAYEMS,1959-12-01,1963-09-05,54116,1961-11-03
PAYEMS,1959-12-01,1964-12-03,54190,1963-09-06
PAYEMS,1959-12-01,1965-12-01,54058,1964-12-04
PAYEMS,1959-12-01,1966-09-01,54043,1965-12-02
PAYEMS,1959-12-01,1967-09-05,54077,1966-09-02
PAYEMS,1959-12-01,1968-06-11,54079,1967-09-06
PAYEMS,1959-12-01,1970-06-04,54075,1968-06-12
PAYEMS,1959-12-01,1978-10-05,54069,1970-06-05
PAYEMS,1959-12-01,1994-06-02,54033,1978-10-06
PAYEMS,1959-12-01,2003-06-05,54040,1994-06-03
PAYEMS,1959-12-01,2003-10-09,54171,2003-06-06
PAYEMS,1959-12-01,2019-01-31,54175,2003-10-10
PAYEMS,1959-12-01,2026-07-31,54174,2019-02-01
PAYEMS,1960-01-01,1960-03-14,52800,1960-02-11
PAYEMS,1960-01-01,1960-04-11,52881,1960-03-15
PAYEMS,1960-01-01,1961-11-02,52880,1960-04-12
PAYEMS,1960-01-01,1963-09-05,54211,1961-11-03
PAYEMS,1960-01-01,1964-12-03,54331,1963-09-06
PAYEMS,1960-01-01,1965-12-01,54224,1964-12-04
PAYEMS,1960-01-01,1966-09-01,54201,1965-12-02
PAYEMS,1960-01-01,1967-09-05,54223,1966-09-02
PAYEMS,1960-01-01,1968-06-11,54232,1967-09-06
PAYEMS,1960-01-01,1969-07-07,54230,1968-06-12
PAYEMS,1960-01-01,1970-06-04,54236,1969-07-08
PAYEMS,1960-01-01,1978-10-05,54221,1970-06-05
PAYEMS,1960-01-01,1994-06-02,54184,1978-10-06
PAYEMS,1960-01-01,2003-06-05,54185,1994-06-03
PAYEMS,1960-01-01,2003-10-09,54268,2003-06-06
PAYEMS,1960-01-01,2026-07-31,54274,2003-10-10
PAYEMS,1960-02-01,1960-04-11,52928,1960-03-15
PAYEMS,1960-02-01,1960-05-10,52950,1960-04-12
PAYEMS,1960-02-01,1961-11-02,52972,1960-05-11
PAYEMS,1960-02-01,1963-09-05,54445,1961-11-03
PAYEMS,1960-02-01,1964-12-03,54527,1963-09-06
PAYEMS,1960-02-01,1965-12-01,54433,1964-12-04
PAYEMS,1960-02-01,1966-09-01,54427,1965-12-02
PAYEMS,1960-02-01,1967-09-05,54445,1966-09-02
PAYEMS,1960-02-01,1968-06-11,54452,1967-09-06
PAYEMS,1960-02-01,1969-07-07,54448,1968-06-12
PAYEMS,1960-02-01,1970-06-04,54453,1969-07-08
PAYEMS,1960-02-01,1978-10-05,54452,1970-06-05
PAYEMS,1960-02-01,1994-06-02,54406,1978-10-06
PAYEMS,1960-02-01,2003-06-05,54414,1994-06-03
PAYEMS,1960-02-01,2003-10-09,54509,2003-06-06
PAYEMS,1960-02-01,2026-07-31,54513,2003-10-10
PAYEMS,1960-03-01,1960-05-10,52736,1960-04-12
PAYEMS,1960-03-01,1960-06-12,52803,1960-05-11
PAYEMS,1960-03-01,1961-11-02,52823,1960-06-13
PAYEMS,1960-03-01,1963-09-05,54427,1961-11-03
PAYEMS,1960-03-01,1964-12-03,54499,1963-09-06
PAYEMS,1960-03-01,1965-12-01,54389,1964-12-04
PAYEMS,1960-03-01,1966-09-01,54374,1965-12-02
PAYEMS,1960-03-01,1967-09-05,54406,1966-09-02
PAYEMS,1960-03-01,1968-06-11,54196,1967-09-06
PAYEMS,1960-03-01,1969-07-07,54194,1968-06-12
PAYEMS,1960-03-01,1970-06-04,54377,1969-07-08
PAYEMS,1960-03-01,1978-10-05,54380,1970-06-05
PAYEMS,1960-03-01,1994-06-02,54348,1978-10-06
PAYEMS,1960-03-01,2003-06-05,54287,1994-06-03
PAYEMS,1960-03-01,2003-10-09,54456,2003-06-06
PAYEMS,1960-03-01,2019-01-31,54458,2003-10-10
PAYEMS,1960-03-01,2026-07-31,54454,2019-02-01
PAYEMS,1960-04-01,1960-06-12,53044,1960-05-11
PAYEMS,1960-04-01,1960-07-11,53109,1960-06-13
PAYEMS,1960-04-01,1961-11-02,53128,1960-07-12
PAYEMS,1960-04-01,1963-09-05,54702,1961-11-03
PAYEMS,1960-04-01,1964-12-03,54728,1963-09-06
PAYEMS,1960-04-01,1965-12-01,54555,1964-12-04
PAYEMS,1960-04-01,1966-09-01,54548,1965-12-02
PAYEMS,1960-04-01,1967-09-05,54585,1966-09-02
PAYEMS,1960-04-01,1968-06-11,54451,1967-09-06
PAYEMS,1960-04-01,1969-07-07,54456,1968-06-12
PAYEMS,1960-04-01,1970-06-04,54640,1969-07-08
PAYEMS,1960-04-01,1978-10-05,54636,1970-06-05
PAYEMS,1960-04-01,1994-06-02,54561,1978-10-06
PAYEMS,1960-04-01,2003-06-05,54634,1994-06-03
PAYEMS,1960-04-01,2003-10-09,54810,2003-06-06
PAYEMS,1960-04-01,2019-01-31,54812,2003-10-10
PAYEMS,1960-04-01,2026-07-31,54813,2019-02-01
PAYEMS,1960-05-01,1960-07-11,53042,1960-06-13
PAYEMS,1960-05-01,1960-08-09,53095,1960-07-12
PAYEMS,1960-05-01,1961-11-02,53105,1960-08-10
PAYEMS,1960-05-01,1963-09-05,54584,1961-11-03
PAYEMS,1960-05-01,1964-12-03,54555,1963-09-06
PAYEMS,1960-05-01,1965-12-01,54389,1964-12-04
PAYEMS,1960-05-01,1966-09-01,54388,1965-12-02
PAYEMS,1960-05-01,1967-09-05,54430,1966-09-02
PAYEMS,1960-05-01,1968-06-11,54383,1967-09-06
PAYEMS,1960-05-01,1969-07-07,54382,1968-06-12
PAYEMS,1960-05-01,1970-06-04,54427,1969-07-08
PAYEMS,1960-05-01,1978-10-05,54407,1970-06-05
PAYEMS,1960-05-01,1994-06-02,54366,1978-10-06
PAYEMS,1960-05-01,2003-06-05,54362,1994-06-03
PAYEMS,1960-05-01,2003-10-09,54478,2003-06-06
PAYEMS,1960-05-01,2014-02-06,54472,2003-10-10
PAYEMS,1960-05-01,2019-01-31,54473,2014-02-07
PAYEMS,1960-05-01,2026-07-31,54475,2019-02-01
PAYEMS,1960-06-01,1960-08-09,53039,1960-07-12
PAYEMS,1960-06-01,1960-09-08,53114,1960-08-10
PAYEMS,1960-06-01,1961-11-02,53140,1960-09-09
PAYEMS,1960-06-01,1963-09-05,54538,1961-11-03
PAYEMS,1960-06-01,1964-12-03,54449,1963-09-06
PAYEMS,1960-06-01,1965-12-01,54299,1964-12-04
PAYEMS,1960-06-01,1966-09-01,54286,1965-12-02
PAYEMS,1960-06-01,1967-09-05,54336,1966-09-02
PAYEMS,1960-06-01,1968-06-11,54319,1967-09-06
PAYEMS,1960-06-01,1969-07-07,54322,1968-06-12
PAYEMS,1960-06-01,1970-06-04,54333,1969-07-08
PAYEMS,1960-06-01,1978-10-05,54324,1970-06-05
PAYEMS,1960-06-01,1994-06-02,54292,1978-10-06
PAYEMS,1960-06-01,2003-06-05,54276,1994-06-03
PAYEMS,1960-06-01,2003-10-09,54352,2003-06-06
PAYEMS,1960-06-01,2019-01-31,54347,2003-10-10
PAYEMS,1960-06-01,2026-07-31,54348,2019-02-01
PAYEMS,1960-07-01,1960-09-08,53133,1960-08-10
PAYEMS,1960-07-01,1960-10-09,53158,1960-09-09
PAYEMS,1960-07-01,1961-11-02,53145,1960-10-10
PAYEMS,1960-07-01,1963-09-05,54514,1961-11-03
PAYEMS,1960-07-01,1964-12-03,54395,1963-09-06
PAYEMS,1960-07-01,1965-12-01,54220,1964-12-04
PAYEMS,1960-07-01,1966-09-01,54214,1965-12-02
PAYEMS,1960-07-01,1968-06-11,54260,1966-09-02
PAYEMS,1960-07-01,1969-07-07,54255,1968-06-12
PAYEMS,1960-07-01,1970-06-04,54254,1969-07-08
PAYEMS,1960-07-01,1978-10-05,54258,1970-06-05
PAYEMS,1960-07-01,1994-06-02,54230,1978-10-06
PAYEMS,1960-07-01,2003-06-05,54214,1994-06-03
PAYEMS,1960-07-01,2003-10-09,54309,2003-06-06
PAYEMS,1960-07-01,2014-02-06,54303,2003-10-10
PAYEMS,1960-07-01,2019-01-31,54304,2014-02-07
PAYEMS,1960-07-01,2026-07-31,54306,2019-02-01
PAYEMS,1960-08-01,1960-10-09,53076,1960-09-09
PAYEMS,1960-08-01,1960-11-09,53036,1960-10-10
PAYEMS,1960-08-01,1961-11-02,53046,1960-11-10
PAYEMS,1960-08-01,1963-09-05,54403,1961-11-03
PAYEMS,1960-08-01,1964-12-03,54352,1963-09-06
PAYEMS,1960-08-01,1965-12-01,54199,1964-12-04
PAYEMS,1960-08-01,1966-09-01,54196,1965-12-02
PAYEMS,1960-08-01,1967-09-05,54237,1966-09-02
PAYEMS,1960-08-01,1969-07-07,54247,1967-09-06
PAYEMS,1960-08-01,1970-06-04,54246,1969-07-08
PAYEMS,1960-08-01,1978-10-05,54228,1970-06-05
PAYEMS,1960-08-01,2003-06-05,54198,1978-10-06
PAYEMS,1960-08-01,2003-10-09,54273,2003-06-06
PAYEMS,1960-08-01,2014-02-06,54272,2003-10-10
PAYEMS,1960-08-01,2019-01-31,54271,2014-02-07
PAYEMS,1960-08-01,2026-07-31,54272,2019-02-01
PAYEMS,1960-09-01,1960-11-09,52994,1960-10-10
PAYEMS,1960-09-01,1960-12-11,52952,1960-11-10
PAYEMS,1960-09-01,1961-11-02,52998,1960-12-12
PAYEMS,1960-09-01,1963-09-05,54301,1961-11-03
PAYEMS,1960-09-01,1964-12-03,54248,1963-09-06
PAYEMS,1960-09-01,1965-12-01,54077,1964-12-04
PAYEMS,1960-09-01,1966-09-01,54083,1965-12-02
PAYEMS,1960-09-01,1968-06-11,54130,1966-09-02
PAYEMS,1960-09-01,1969-07-07,54128,1968-06-12
PAYEMS,1960-09-01,1970-06-04,54143,1969-07-08
PAYEMS,1960-09-01,1978-10-05,54116,1970-06-05
PAYEMS,1960-09-01,1994-06-02,54069,1978-10-06
PAYEMS,1960-09-01,2003-06-05,54063,1994-06-03
PAYEMS,1960-09-01,2003-10-09,54226,2003-06-06
PAYEMS,1960-09-01,2019-01-31,54228,2003-10-10
PAYEMS,1960-09-01,2026-07-31,54227,2019-02-01
PAYEMS,1960-10-01,1960-12-11,52854,1960-11-10
PAYEMS,1960-10-01,1961-01-12,52806,1960-12-12
PAYEMS,1960-10-01,1961-11-02,52809,1961-01-13
PAYEMS,1960-10-01,1963-09-05,54190,1961-11-03
PAYEMS,1960-10-01,1964-12-03,54160,1963-09-06
PAYEMS,1960-10-01,1965-12-01,53980,1964-12-04
PAYEMS,1960-10-01,1966-09-01,53975,1965-12-02
PAYEMS,1960-10-01,1967-09-05,54033,1966-09-02
PAYEMS,1960-10-01,1968-06-11,54032,1967-09-06
PAYEMS,1960-10-01,1969-07-07,54028,1968-06-12
PAYEMS,1960-10-01,1970-06-04,54032,1969-07-08
PAYEMS,1960-10-01,1978-10-05,54021,1970-06-05
PAYEMS,1960-10-01,2003-06-05,53982,1978-10-06
PAYEMS,1960-10-01,2003-10-09,54143,2003-06-06
PAYEMS,1960-10-01,2019-01-31,54144,2003-10-10
PAYEMS,1960-10-01,2026-07-31,54142,2019-02-01
PAYEMS,1960-11-01,1961-01-12,52704,1960-12-12
PAYEMS,1960-11-01,1961-02-08,52588,1961-01-13
PAYEMS,1960-11-01,1961-11-02,52591,1961-02-09
PAYEMS,1960-11-01,1963-09-05,53995,1961-11-03
PAYEMS,1960-11-01,1964-12-03,54015,1963-09-06
PAYEMS,1960-11-01,1965-12-01,53852,1964-12-04
PAYEMS,1960-11-01,1966-09-01,53838,1965-12-02
PAYEMS,1960-11-01,1967-09-05,53874,1966-09-02
PAYEMS,1960-11-01,1968-06-11,53885,1967-09-06
PAYEMS,1960-11-01,1969-07-07,53883,1968-06-12
PAYEMS,1960-11-01,1970-06-04,53886,1969-07-08
PAYEMS,1960-11-01,1978-10-05,53891,1970-06-05
PAYEMS,1960-11-01,1994-06-02,53843,1978-10-06
PAYEMS,1960-11-01,2003-06-05,53845,1994-06-03
PAYEMS,1960-11-01,2019-01-31,53962,2003-06-06
PAYEMS,1960-11-01,2026-07-31,53961,2019-02-01
PAYEMS,1960-12-01,1961-02-08,52224,1961-01-13
PAYEMS,1960-12-01,1961-03-06,52215,1961-02-09
PAYEMS,1960-12-01,1961-11-02,52221,1961-03-07
PAYEMS,1960-12-01,1963-09-05,53707,1961-11-03
PAYEMS,1960-12-01,1964-12-03,53752,1963-09-06
PAYEMS,1960-12-01,1965-12-01,53577,1964-12-04
PAYEMS,1960-12-01,1966-09-01,53570,1965-12-02
PAYEMS,1960-12-01,1967-09-05,53611,1966-09-02
PAYEMS,1960-12-01,1968-06-11,53617,1967-09-06
PAYEMS,1960-12-01,1969-07-07,53613,1968-06-12
PAYEMS,1960-12-01,1970-06-04,53616,1969-07-08
PAYEMS,1960-12-01,1978-10-05,53611,1970-06-05
PAYEMS,1960-12-01,1994-06-02,53571,1978-10-06
PAYEMS,1960-12-01,2003-06-05,53577,1994-06-03
PAYEMS,1960-12-01,2003-10-09,53741,2003-06-06
PAYEMS,1960-12-01,2014-02-06,53743,2003-10-10
PAYEMS,1960-12-01,2019-01-31,53744,2014-02-07
PAYEMS,1960-12-01,2026-07-31,53742,2019-02-01
PAYEMS,1961-01-01,1961-03-06,52342,1961-02-09
PAYEMS,1961-01-01,1961-04-03,52273,1961-03-07
PAYEMS,1961-01-01,1961-11-02,52232,1961-04-04
PAYEMS,1961-01-01,1963-09-05,53581,1961-11-03
PAYEMS,1961-01-01,1964-12-03,53725,1963-09-06
PAYEMS,1961-01-01,1965-12-01,53533,1964-12-04
PAYEMS,1961-01-01,1966-09-01,53517,1965-12-02
PAYEMS,1961-01-01,1967-09-05,53565,1966-09-02
PAYEMS,1961-01-01,1968-06-11,53571,1967-09-06
PAYEMS,1961-01-01,1969-07-07,53561,1968-06-12
PAYEMS,1961-01-01,1970-06-04,53571,1969-07-08
PAYEMS,1961-01-01,1971-09-02,53564,1970-06-05
PAYEMS,1961-01-01,1978-10-05,53573,1971-09-03
PAYEMS,1961-01-01,1994-06-02,53524,1978-10-06
PAYEMS,1961-01-01,2003-06-05,53534,1994-06-03
PAYEMS,1961-01-01,2003-10-09,53681,2003-06-06
PAYEMS,1961-01-01,2026-07-31,53683,2003-10-10
PAYEMS,1961-02-01,1961-04-03,51996,1961-03-07
PAYEMS,1961-02-01,1961-05-01,51981,1961-04-04
PAYEMS,1961-02-01,1961-11-02,51984,1961-05-02
PAYEMS,1961-02-01,1963-09-05,53485,1961-11-03
PAYEMS,1961-02-01,1964-12-03,53541,1963-09-06
PAYEMS,1961-02-01,1965-12-01,53380,1964-12-04
PAYEMS,1961-02-01,1966-09-01,53367,1965-12-02
PAYEMS,1961-02-01,1967-09-05,53417,1966-09-02
PAYEMS,1961-02-01,1968-06-11,53416,1967-09-06
PAYEMS,1961-02-01,1969-07-07,53421,1968-06-12
PAYEMS,1961-02-01,1970-06-04,53416,1969-07-08
PAYEMS,1961-02-01,1971-09-02,53414,1970-06-05
PAYEMS,1961-02-01,1978-10-05,53423,1971-09-03
PAYEMS,1961-02-01,1994-06-02,53373,1978-10-06
PAYEMS,1961-02-01,2003-06-05,53380,1994-06-03
PAYEMS,1961-02-01,2003-10-09,53555,2003-06-06
PAYEMS,1961-02-01,2019-01-31,53556,2003-10-10
PAYEMS,1961-02-01,2026-07-31,53557,2019-02-01
PAYEMS,1961-03-01,1961-05-01,52005,1961-04-04
PAYEMS,1961-03-01,1961-05-30,51841,1961-05-02
PAYEMS,1961-03-01,1961-11-02,51939,1961-05-31
PAYEMS,1961-03-01,1963-09-05,53561,1961-11-03
PAYEMS,1961-03-01,1964-12-03,53615,1963-09-06
PAYEMS,1961-03-01,1965-12-01,53483,1964-12-04
PAYEMS,1961-03-01,1966-09-01,53470,1965-12-02
PAYEMS,1961-03-01,1967-09-05,53528,1966-09-02
PAYEMS,1961-03-01,1968-06-11,53529,1967-09-06
PAYEMS,1961-03-01,1969-07-07,53522,1968-06-12
PAYEMS,1961-03-01,1970-06-04,53513,1969-07-08
PAYEMS,1961-03-01,1971-09-02,53523,1970-06-05
PAYEMS,1961-03-01,1978-10-05,53522,1971-09-03
PAYEMS,1961-03-01,1994-06-02,53462,1978-10-06
PAYEMS,1961-03-01,2003-06-05,53510,1994-06-03
PAYEMS,1961-03-01,2003-10-09,53663,2003-06-06
PAYEMS,1961-03-01,2019-01-31,53662,2003-10-10
PAYEMS,1961-03-01,2026-07-31,53659,2019-02-01
PAYEMS,1961-04-01,1961-05-30,52176,1961-05-02
PAYEMS,1961-04-01,1961-07-04,52226,1961-05-31
PAYEMS,1961-04-01,1961-11-02,52243,1961-07-05
PAYEMS,1961-04-01,1963-09-05,53663,1961-11-03
PAYEMS,1961-04-01,1964-12-03,53713,1963-09-06
PAYEMS,1961-04-01,1965-12-01,53496,1964-12-04
PAYEMS,1961-04-01,1966-09-01,53499,1965-12-02
PAYEMS,1961-04-01,1967-09-05,53547,1966-09-02
PAYEMS,1961-04-01,1970-06-04,53540,1967-09-06
PAYEMS,1961-04-01,1978-10-05,53538,1970-06-05
PAYEMS,1961-04-01,1994-06-02,53485,1978-10-06
PAYEMS,1961-04-01,2003-06-05,53462,1994-06-03
PAYEMS,1961-04-01,2003-10-09,53625,2003-06-06
PAYEMS,1961-04-01,2019-01-31,53626,2003-10-10
PAYEMS,1961-04-01,2026-07-31,53627,2019-02-01
PAYEMS,1961-05-01,1961-07-04,52433,1961-05-31
PAYEMS,1961-05-01,1961-08-01,52513,1961-07-05
PAYEMS,1961-05-01,1961-11-02,52541,1961-08-02
PAYEMS,1961-05-01,1963-09-05,53894,1961-11-03
PAYEMS,1961-05-01,1964-12-03,53911,1963-09-06
PAYEMS,1961-05-01,1965-12-01,53678,1964-12-04
PAYEMS,1961-05-01,1966-09-01,53676,1965-12-02
PAYEMS,1961-05-01,1967-09-05,53743,1966-09-02
PAYEMS,1961-05-01,1968-06-11,53735,1967-09-06
PAYEMS,1961-05-01,1969-07-07,53736,1968-06-12
PAYEMS,1961-05-01,1970-06-04,53732,1969-07-08
PAYEMS,1961-05-01,1971-09-02,53720,1970-06-05
PAYEMS,1961-05-01,1978-10-05,53721,1971-09-03
PAYEMS,1961-05-01,1994-06-02,53664,1978-10-06
PAYEMS,1961-05-01,2003-06-05,53677,1994-06-03
PAYEMS,1961-05-01,2003-10-09,53785,2003-06-06
PAYEMS,1961-05-01,2014-02-06,53783,2003-10-10
PAYEMS,1961-05-01,2019-01-31,53785,2014-02-07
PAYEMS,1961-05-01,2026-07-31,53786,2019-02-01
PAYEMS,1961-06-01,1961-08-01,52829,1961-07-05
PAYEMS,1961-06-01,1961-08-28,52938,1961-08-02
PAYEMS,1961-06-01,1961-11-02,52949,1961-08-29
PAYEMS,1961-06-01,1963-09-05,54182,1961-11-03
PAYEMS,1961-06-01,1964-12-03,54165,1963-09-06
PAYEMS,1961-06-01,1965-12-01,53929,1964-12-04
PAYEMS,1961-06-01,1966-09-01,53918,1965-12-02
PAYEMS,1961-06-01,1967-09-05,53981,1966-09-02
PAYEMS,1961-06-01,1968-06-11,53973,1967-09-06
PAYEMS,1961-06-01,1969-07-07,53967,1968-06-12
PAYEMS,1961-06-01,1970-06-04,53970,1969-07-08
PAYEMS,1961-06-01,1971-09-02,53954,1970-06-05
PAYEMS,1961-06-01,1978-10-05,53959,1971-09-03
PAYEMS,1961-06-01,1994-06-02,53922,1978-10-06
PAYEMS,1961-06-01,2003-06-05,53916,1994-06-03
PAYEMS,1961-06-01,2003-10-09,53979,2003-06-06
PAYEMS,1961-06-01,2026-07-31,53977,2003-10-10
PAYEMS,1961-07-01,1961-08-28,53160,1961-08-02
PAYEMS,1961-07-01,1961-10-02,53078,1961-08-29
PAYEMS,1961-07-01,1961-11-02,53072,1961-10-03
PAYEMS,1961-07-01,1963-09-05,54335,1961-11-03
PAYEMS,1961-07-01,1964-12-03,54294,1963-09-06
PAYEMS,1961-07-01,1965-12-01,54061,1964-12-04
PAYEMS,1961-07-01,1966-09-01,54041,1965-12-02
PAYEMS,1961-07-01,1967-09-05,54101,1966-09-02
PAYEMS,1961-07-01,1969-07-07,54103,1967-09-06
PAYEMS,1961-07-01,1970-06-04,54109,1969-07-08
PAYEMS,1961-07-01,1971-09-02,54089,1970-06-05
PAYEMS,1961-07-01,1978-10-05,54095,1971-09-03
PAYEMS,1961-07-01,1994-06-02,54052,1978-10-06
PAYEMS,1961-07-01,2003-06-05,54027,1994-06-03
PAYEMS,1961-07-01,2003-10-09,54128,2003-06-06
PAYEMS,1961-07-01,2014-02-06,54124,2003-10-10
PAYEMS,1961-07-01,2026-07-31,54123,2014-02-07
PAYEMS,1961-08-01,1961-10-02,53132,1961-08-29
PAYEMS,1961-08-01,1961-11-02,53143,1961-10-03
PAYEMS,1961-08-01,1963-09-05,54333,1961-11-03
PAYEMS,1961-08-01,1964-12-03,54444,1963-09-06
PAYEMS,1961-08-01,1965-12-01,54206,1964-12-04
PAYEMS,1961-08-01,1966-09-01,54219,1965-12-02
PAYEMS,1961-08-01,1967-09-05,54279,1966-09-02
PAYEMS,1961-08-01,1968-06-11,54287,1967-09-06
PAYEMS,1961-08-01,1969-07-07,54285,1968-06-12
PAYEMS,1961-08-01,1970-06-04,54281,1969-07-08
PAYEMS,1961-08-01,1971-09-02,54285,1970-06-05
PAYEMS,1961-08-01,1978-10-05,54267,1971-09-03
PAYEMS,1961-08-01,1994-06-02,54232,1978-10-06
PAYEMS,1961-08-01,2003-06-05,54222,1994-06-03
PAYEMS,1961-08-01,2003-10-09,54300,2003-06-06
PAYEMS,1961-08-01,2014-02-06,54299,2003-10-10
PAYEMS,1961-08-01,2026-07-31,54298,2014-02-07
PAYEMS,1961-09-01,1961-11-02,53171,1961-10-03
PAYEMS,1961-09-01,1961-12-06,54417,1961-11-03
PAYEMS,1961-09-01,1963-09-05,54304,1961-12-07
PAYEMS,1961-09-01,1964-12-03,54480,1963-09-06
PAYEMS,1961-09-01,1965-12-01,54220,1964-12-04
PAYEMS,1961-09-01,1966-09-01,54246,1965-12-02
PAYEMS,1961-09-01,1967-09-05,54310,1966-09-02
PAYEMS,1961-09-01,1969-07-07,54311,1967-09-06
PAYEMS,1961-09-01,1971-09-02,54317,1969-07-08
PAYEMS,1961-09-01,1978-10-05,54307,1971-09-03
PAYEMS,1961-09-01,1994-06-02,54303,1978-10-06
PAYEMS,1961-09-01,2003-06-05,54285,1994-06-03
PAYEMS,1961-09-01,2003-10-09,54385,2003-06-06
PAYEMS,1961-09-01,2014-02-06,54387,2003-10-10
PAYEMS,1961-09-01,2026-07-31,54388,2014-02-07
PAYEMS,1961-10-01,1961-12-06,54576,1961-11-03
PAYEMS,1961-10-01,1962-01-08,54420,1961-12-07
PAYEMS,1961-10-01,1963-09-05,54385,1962-01-09
PAYEMS,1961-10-01,1964-12-03,54593,1963-09-06
PAYEMS,1961-10-01,1965-12-01,54330,1964-12-04
PAYEMS,1961-10-01,1966-09-01,54334,1965-12-02
PAYEMS,1961-10-01,1967-09-05,54410,1966-09-02
PAYEMS,1961-10-01,1968-06-11,54415,1967-09-06
PAYEMS,1961-10-01,1969-07-07,54412,1968-06-12
PAYEMS,1961-10-01,1970-06-04,54414,1969-07-08
PAYEMS,1961-10-01,1971-09-02,54420,1970-06-05
PAYEMS,1961-10-01,1978-10-05,54413,1971-09-03
PAYEMS,1961-10-01,1994-06-02,54375,1978-10-06
PAYEMS,1961-10-01,2003-06-05,54376,1994-06-03
PAYEMS,1961-10-01,2003-10-09,54520,2003-06-06
PAYEMS,1961-10-01,2014-02-06,54521,2003-10-10
PAYEMS,1961-10-01,2026-07-31,54522,2014-02-07
PAYEMS,1961-11-01,1962-01-08,54478,1961-12-07
PAYEMS,1961-11-01,1962-01-30,54517,1962-01-09
PAYEMS,1961-11-01,1963-09-05,54525,1962-01-31
PAYEMS,1961-11-01,1964-12-03,54825,1963-09-06
PAYEMS,1961-11-01,1965-12-01,54597,1964-12-04
PAYEMS,1961-11-01,1966-09-01,54600,1965-12-02
PAYEMS,1961-11-01,1967-09-05,54668,1966-09-02
PAYEMS,1961-11-01,1968-06-11,54666,1967-09-06
PAYEMS,1961-11-01,1969-07-07,54668,1968-06-12
PAYEMS,1961-11-01,1970-06-04,54669,1969-07-08
PAYEMS,1961-11-01,1971-09-02,54668,1970-06-05
PAYEMS,1961-11-01,1978-10-05,54669,1971-09-03
PAYEMS,1961-11-01,1994-06-02,54636,1978-10-06
PAYEMS,1961-11-01,2003-06-05,54622,1994-06-03
PAYEMS,1961-11-01,2019-01-31,54743,2003-06-06
PAYEMS,1961-11-01,2026-07-31,54742,2019-02-01
PAYEMS,1961-12-01,1962-01-30,54491,1962-01-09
PAYEMS,1961-12-01,1962-03-06,54495,1962-01-31
PAYEMS,1961-12-01,1963-09-05,54492,1962-03-07
PAYEMS,1961-12-01,1964-12-03,54927,1963-09-06
PAYEMS,1961-12-01,1965-12-01,54723,1964-12-04
PAYEMS,1961-12-01,1966-09-01,54720,1965-12-02
PAYEMS,1961-12-01,1967-09-05,54773,1966-09-02
PAYEMS,1961-12-01,1968-06-11,54794,1967-09-06
PAYEMS,1961-12-01,1969-07-07,54793,1968-06-12
PAYEMS,1961-12-01,1970-06-04,54794,1969-07-08
PAYEMS,1961-12-01,1971-09-02,54789,1970-06-05
PAYEMS,1961-12-01,1978-10-05,54792,1971-09-03
PAYEMS,1961-12-01,1994-06-02,54739,1978-10-06
PAYEMS,1961-12-01,2003-06-05,54744,1994-06-03
PAYEMS,1961-12-01,2003-10-09,54869,2003-06-06
PAYEMS,1961-12-01,2019-01-31,54871,2003-10-10
PAYEMS,1961-12-01,2026-07-31,54872,2019-02-01
PAYEMS,1962-01-01,1962-03-06,54434,1962-01-31
PAYEMS,1962-01-01,1962-04-05,54424,1962-03-07
PAYEMS,1962-01-01,1963-09-05,54434,1962-04-06
PAYEMS,1962-01-01,1964-12-03,54946,1963-09-06
PAYEMS,1962-01-01,1965-12-01,54695,1964-12-04
PAYEMS,1962-01-01,1966-09-01,54685,1965-12-02
PAYEMS,1962-01-01,1967-09-05,54742,1966-09-02
PAYEMS,1962-01-01,1968-06-11,54753,1967-09-06
PAYEMS,1962-01-01,1969-07-07,54747,1968-06-12
PAYEMS,1962-01-01,1978-10-05,54745,1969-07-08
PAYEMS,1962-01-01,1994-06-02,54703,1978-10-06
PAYEMS,1962-01-01,2003-06-05,54709,1994-06-03
PAYEMS,1962-01-01,2003-10-09,54890,2003-06-06
PAYEMS,1962-01-01,2026-07-31,54891,2003-10-10
PAYEMS,1962-02-01,1962-04-05,54693,1962-03-07
PAYEMS,1962-02-01,1962-05-08,54778,1962-04-06
PAYEMS,1962-02-01,1963-09-05,54773,1962-05-09
PAYEMS,1962-02-01,1964-12-03,55223,1963-09-06
PAYEMS,1962-02-01,1965-12-01,55003,1964-12-04
PAYEMS,1962-02-01,1966-09-01,54993,1965-12-02
PAYEMS,1962-02-01,1967-09-05,55047,1966-09-02
PAYEMS,1962-02-01,1968-06-11,55063,1967-09-06
PAYEMS,1962-02-01,1969-07-07,55056,1968-06-12
PAYEMS,1962-02-01,1970-06-04,55052,1969-07-08
PAYEMS,1962-02-01,1971-09-02,55042,1970-06-05
PAYEMS,1962-02-01,1978-10-05,55050,1971-09-03
PAYEMS,1962-02-01,1994-06-02,54996,1978-10-06
PAYEMS,1962-02-01,2003-06-05,55018,1994-06-03
PAYEMS,1962-02-01,2003-10-09,55185,2003-06-06
PAYEMS,1962-02-01,2019-01-31,55187,2003-10-10
PAYEMS,1962-02-01,2026-07-31,55188,2019-02-01
PAYEMS,1962-03-01,1962-05-08,54828,1962-04-06
PAYEMS,1962-03-01,1962-05-30,54871,1962-05-09
PAYEMS,1962-03-01,1963-09-05,54901,1962-05-31
PAYEMS,1962-03-01,1964-12-03,55368,1963-09-06
PAYEMS,1962-03-01,1965-12-01,55162,1964-12-04
PAYEMS,1962-03-01,1966-09-01,55124,1965-12-02
PAYEMS,1962-03-01,1967-09-05,55193,1966-09-02
PAYEMS,1962-03-01,1968-06-11,55189,1967-09-06
PAYEMS,1962-03-01,1969-07-07,55182,1968-06-12
PAYEMS,1962-03-01,1970-06-04,55181,1969-07-08
PAYEMS,1962-03-01,1971-09-02,55182,1970-06-05
PAYEMS,1962-03-01,1978-10-05,55178,1971-09-03
PAYEMS,1962-03-01,1994-06-02,55109,1978-10-06
PAYEMS,1962-03-01,2003-06-05,55107,1994-06-03
PAYEMS,1962-03-01,2003-10-09,55277,2003-06-06
PAYEMS,1962-03-01,2019-01-31,55276,2003-10-10
PAYEMS,1962-03-01,2026-07-31,55275,2019-02-01
PAYEMS,1962-04-01,1962-05-30,55112,1962-05-09
PAYEMS,1962-04-01,1962-07-04,55229,1962-05-31
PAYEMS,1962-04-01,1963-09-05,55260,1962-07-05
PAYEMS,1962-04-01,1964-12-03,55703,1963-09-06
PAYEMS,1962-04-01,1965-12-01,55411,1964-12-04
PAYEMS,1962-04-01,1966-09-01,55407,1965-12-02
PAYEMS,1962-04-01,1967-09-05,55471,1966-09-02
PAYEMS,1962-04-01,1968-06-11,55464,1967-09-06
PAYEMS,1962-04-01,1969-07-07,55461,1968-06-12
PAYEMS,1962-04-01,1971-09-02,55457,1969-07-08
PAYEMS,1962-04-01,1978-10-05,55455,1971-09-03
PAYEMS,1962-04-01,1994-06-02,55384,1978-10-06
PAYEMS,1962-04-01,2003-06-05,55459,1994-06-03
PAYEMS,1962-04-01,2014-02-06,55601,2003-06-06
PAYEMS,1962-04-01,2026-07-31,55602,2014-02-07
PAYEMS,1962-05-01,1962-07-04,55291,1962-05-31
PAYEMS,1962-05-01,1962-07-31,55371,1962-07-05
PAYEMS,1962-05-01,1963-09-05,55403,1962-08-01
PAYEMS,1962-05-01,1964-12-03,55822,1963-09-06
PAYEMS,1962-05-01,1965-12-01,55502,1964-12-04
PAYEMS,1962-05-01,1966-09-01,55485,1965-12-02
PAYEMS,1962-05-01,1967-09-05,55583,1966-09-02
PAYEMS,1962-05-01,1968-06-11,55581,1967-09-06
PAYEMS,1962-05-01,1970-06-04,55576,1968-06-12
PAYEMS,1962-05-01,1971-09-02,55561,1970-06-05
PAYEMS,1962-05-01,1978-10-05,55565,1971-09-03
PAYEMS,1962-05-01,2003-06-05,55514,1978-10-06
PAYEMS,1962-05-01,2014-02-06,55626,2003-06-06
PAYEMS,1962-05-01,2019-01-31,55627,2014-02-07
PAYEMS,1962-05-01,2026-07-31,55628,2019-02-01
PAYEMS,1962-06-01,1962-07-31,55414,1962-07-05
PAYEMS,1962-06-01,1962-09-04,55508,1962-08-01
PAYEMS,1962-06-01,1963-09-05,55535,1962-09-05
PAYEMS,1962-06-01,1964-12-03,55908,1963-09-06
PAYEMS,1962-06-01,1965-12-01,55565,1964-12-04
PAYEMS,1962-06-01,1966-09-01,55559,1965-12-02
PAYEMS,1962-06-01,1967-09-05,55627,1966-09-02
PAYEMS,1962-06-01,1968-06-11,55625,1967-09-06
PAYEMS,1962-06-01,1969-07-07,55626,1968-06-12
PAYEMS,1962-06-01,1970-06-04,55625,1969-07-08
PAYEMS,1962-06-01,1971-09-02,55598,1970-06-05
PAYEMS,1962-06-01,1978-10-05,55600,1971-09-03
PAYEMS,1962-06-01,1994-06-02,55563,1978-10-06
PAYEMS,1962-06-01,2003-06-05,55561,1994-06-03
PAYEMS,1962-06-01,2003-10-09,55646,2003-06-06
PAYEMS,1962-06-01,2026-07-31,55644,2003-10-10
PAYEMS,1962-07-01,1962-09-04,55632,1962-08-01
PAYEMS,1962-07-01,1962-10-03,55649,1962-09-05
PAYEMS,1962-07-01,1963-09-05,55617,1962-10-04
PAYEMS,1962-07-01,1964-12-03,56010,1963-09-06
PAYEMS,1962-07-01,1965-12-01,55657,1964-12-04
PAYEMS,1962-07-01,1966-09-01,55637,1965-12-02
PAYEMS,1962-07-01,1967-09-05,55720,1966-09-02
PAYEMS,1962-07-01,1968-06-11,55719,1967-09-06
PAYEMS,1962-07-01,1969-07-07,55714,1968-06-12
PAYEMS,1962-07-01,1970-06-04,55719,1969-07-08
PAYEMS,1962-07-01,1971-09-02,55704,1970-06-05
PAYEMS,1962-07-01,1978-10-05,55707,1971-09-03
PAYEMS,1962-07-01,1994-06-02,55663,1978-10-06
PAYEMS,1962-07-01,2003-06-05,55643,1994-06-03
PAYEMS,1962-07-01,2003-10-09,55750,2003-06-06
PAYEMS,1962-07-01,2026-07-31,55746,2003-10-10
PAYEMS,1962-08-01,1962-10-03,55565,1962-09-05
PAYEMS,1962-08-01,1962-10-30,55556,1962-10-04
PAYEMS,1962-08-01,1963-09-05,55536,1962-10-31
PAYEMS,1962-08-01,1964-12-03,56019,1963-09-06
PAYEMS,1962-08-01,1965-12-01,55673,1964-12-04
PAYEMS,1962-08-01,1966-09-01,55703,1965-12-02
PAYEMS,1962-08-01,1967-09-05,55796,1966-09-02
PAYEMS,1962-08-01,1968-06-11,55814,1967-09-06
PAYEMS,1962-08-01,1969-07-07,55815,1968-06-12
PAYEMS,1962-08-01,1970-06-04,55812,1969-07-08
PAYEMS,1962-08-01,1971-09-02,55830,1970-06-05
PAYEMS,1962-08-01,1978-10-05,55823,1971-09-03
PAYEMS,1962-08-01,1994-06-02,55796,1978-10-06
PAYEMS,1962-08-01,2003-06-05,55778,1994-06-03
PAYEMS,1962-08-01,2003-10-09,55839,2003-06-06
PAYEMS,1962-08-01,2026-07-31,55838,2003-10-10
PAYEMS,1962-09-01,1962-10-30,55551,1962-10-04
PAYEMS,1962-09-01,1962-12-04,55582,1962-10-31
PAYEMS,1962-09-01,1963-09-05,55583,1962-12-05
PAYEMS,1962-09-01,1964-12-03,56125,1963-09-06
PAYEMS,1962-09-01,1965-12-01,55767,1964-12-04
PAYEMS,1962-09-01,1966-09-01,55796,1965-12-02
PAYEMS,1962-09-01,1967-09-05,55908,1966-09-02
PAYEMS,1962-09-01,1968-06-11,55917,1967-09-06
PAYEMS,1962-09-01,1969-07-07,55921,1968-06-12
PAYEMS,1962-09-01,1970-06-04,55933,1969-07-08
PAYEMS,1962-09-01,1971-09-02,55914,1970-06-05
PAYEMS,1962-09-01,1978-10-05,55903,1971-09-03
PAYEMS,1962-09-01,1994-06-02,55860,1978-10-06
PAYEMS,1962-09-01,2003-06-05,55849,1994-06-03
PAYEMS,1962-09-01,2003-10-09,55975,2003-06-06
PAYEMS,1962-09-01,2019-01-31,55977,2003-10-10
PAYEMS,1962-09-01,2026-07-31,55978,2019-02-01
PAYEMS,1962-10-01,1962-12-04,55626,1962-10-31
PAYEMS,1962-10-01,1963-01-09,55620,1962-12-05
PAYEMS,1962-10-01,1963-09-05,55647,1963-01-10
PAYEMS,1962-10-01,1964-12-03,56195,1963-09-06
PAYEMS,1962-10-01,1965-12-01,55802,1964-12-04
PAYEMS,1962-10-01,1966-09-01,55830,1965-12-02
PAYEMS,1962-10-01,1967-09-05,55948,1966-09-02
PAYEMS,1962-10-01,1968-06-11,55956,1967-09-06
PAYEMS,1962-10-01,1969-07-07,55948,1968-06-12
PAYEMS,1962-10-01,1970-06-04,55954,1969-07-08
PAYEMS,1962-10-01,1978-10-05,55957,1970-06-05
PAYEMS,1962-10-01,1994-06-02,55919,1978-10-06
PAYEMS,1962-10-01,2003-06-05,55912,1994-06-03
PAYEMS,1962-10-01,2003-10-09,56040,2003-06-06
PAYEMS,1962-10-01,2026-07-31,56041,2003-10-10
PAYEMS,1962-11-01,1963-01-09,55589,1962-12-05
PAYEMS,1962-11-01,1963-01-30,55577,1963-01-10
PAYEMS,1962-11-01,1963-09-05,55597,1963-01-31
PAYEMS,1962-11-01,1964-12-03,56205,1963-09-06
PAYEMS,1962-11-01,1965-12-01,55874,1964-12-04
PAYEMS,1962-11-01,1966-09-01,55879,1965-12-02
PAYEMS,1962-11-01,1967-09-05,55979,1966-09-02
PAYEMS,1962-11-01,1968-06-11,55977,1967-09-06
PAYEMS,1962-11-01,1969-07-07,55978,1968-06-12
PAYEMS,1962-11-01,1970-06-04,55984,1969-07-08
PAYEMS,1962-11-01,1971-09-02,55983,1970-06-05
PAYEMS,1962-11-01,1978-10-05,55981,1971-09-03
PAYEMS,1962-11-01,1994-06-02,55943,1978-10-06
PAYEMS,1962-11-01,2003-06-05,55936,1994-06-03
PAYEMS,1962-11-01,2014-02-06,56055,2003-06-06
PAYEMS,1962-11-01,2026-07-31,56056,2014-02-07
PAYEMS,1962-12-01,1963-01-30,55594,1963-01-10
PAYEMS,1962-12-01,1963-03-06,55617,1963-01-31
PAYEMS,1962-12-01,1963-09-05,55580,1963-03-07
PAYEMS,1962-12-01,1964-12-03,56211,1963-09-06
PAYEMS,1962-12-01,1965-12-01,55881,1964-12-04
PAYEMS,1962-12-01,1966-09-01,55880,1965-12-02
PAYEMS,1962-12-01,1967-09-05,55964,1966-09-02
PAYEMS,1962-12-01,1968-06-11,55961,1967-09-06
PAYEMS,1962-12-01,1969-07-07,55972,1968-06-12
PAYEMS,1962-12-01,1970-06-04,55969,1969-07-08
PAYEMS,1962-12-01,1971-09-02,55961,1970-06-05
PAYEMS,1962-12-01,1978-10-05,55967,1971-09-03
PAYEMS,1962-12-01,1994-06-02,55915,1978-10-06
PAYEMS,1962-12-01,2003-06-05,55918,1994-06-03
PAYEMS,1962-12-01,2003-10-09,56026,2003-06-06
PAYEMS,1962-12-01,2014-02-06,56027,2003-10-10
PAYEMS,1962-12-01,2026-07-31,56028,2014-02-07
PAYEMS,1963-01-01,1963-03-06,55551,1963-01-31
PAYEMS,1963-01-01,1963-04-03,55552,1963-03-07
PAYEMS,1963-01-01,1963-09-05,55536,1963-04-04
PAYEMS,1963-01-01,1964-12-03,56333,1963-09-06
PAYEMS,1963-01-01,1965-12-01,55900,1964-12-04
PAYEMS,1963-01-01,1966-09-01,55897,1965-12-02
PAYEMS,1963-01-01,1967-09-05,55966,1966-09-02
PAYEMS,1963-01-01,1968-06-11,55980,1967-09-06
PAYEMS,1963-01-01,1969-07-07,55977,1968-06-12
PAYEMS,1963-01-01,1970-06-04,55975,1969-07-08
PAYEMS,1963-01-01,1971-09-02,55958,1970-06-05
PAYEMS,1963-01-01,1978-10-05,55960,1971-09-03
PAYEMS,1963-01-01,1994-06-02,55927,1978-10-06
PAYEMS,1963-01-01,2003-06-05,55935,1994-06-03
PAYEMS,1963-01-01,2019-01-31,56116,2003-06-06
PAYEMS,1963-01-01,2026-07-31,56115,2019-02-01
PAYEMS,1963-02-01,1963-04-03,55734,1963-03-07
PAYEMS,1963-02-01,1963-05-01,55727,1963-04-04
PAYEMS,1963-02-01,1963-09-05,55730,1963-05-02
PAYEMS,1963-02-01,1964-12-03,56458,1963-09-06
PAYEMS,1963-02-01,1965-12-01,56044,1964-12-04
PAYEMS,1963-02-01,1966-09-01,56027,1965-12-02
PAYEMS,1963-02-01,1967-09-05,56079,1966-09-02
PAYEMS,1963-02-01,1968-06-11,56095,1967-09-06
PAYEMS,1963-02-01,1969-07-07,56092,1968-06-12
PAYEMS,1963-02-01,1970-06-04,56094,1969-07-08
PAYEMS,1963-02-01,1978-10-05,56092,1970-06-05
PAYEMS,1963-02-01,1994-06-02,56039,1978-10-06
PAYEMS,1963-02-01,2003-06-05,56055,1994-06-03
PAYEMS,1963-02-01,2003-10-09,56230,2003-06-06
PAYEMS,1963-02-01,2014-02-06,56231,2003-10-10
PAYEMS,1963-02-01,2026-07-31,56230,2014-02-07
PAYEMS,1963-03-01,1963-05-01,55928,1963-04-04
PAYEMS,1963-03-01,1963-06-05,55953,1963-05-02
PAYEMS,1963-03-01,1963-09-05,55963,1963-06-06
PAYEMS,1963-03-01,1964-12-03,56706,1963-09-06
PAYEMS,1963-03-01,1965-12-01,56187,1964-12-04
PAYEMS,1963-03-01,1966-09-01,56142,1965-12-02
PAYEMS,1963-03-01,1967-09-05,56228,1966-09-02
PAYEMS,1963-03-01,1968-06-11,56240,1967-09-06
PAYEMS,1963-03-01,1969-07-07,56225,1968-06-12
PAYEMS,1963-03-01,1970-06-04,56222,1969-07-08
PAYEMS,1963-03-01,1971-09-02,56210,1970-06-05
PAYEMS,1963-03-01,1978-10-05,56205,1971-09-03
PAYEMS,1963-03-01,1994-06-02,56157,1978-10-06
PAYEMS,1963-03-01,2003-06-05,56153,1994-06-03
PAYEMS,1963-03-01,2003-10-09,56323,2003-06-06
PAYEMS,1963-03-01,2019-01-31,56322,2003-10-10
PAYEMS,1963-03-01,2026-07-31,56320,2019-02-01
PAYEMS,1963-04-01,1963-06-05,56229,1963-05-02
PAYEMS,1963-04-01,1963-07-04,56189,1963-06-06
PAYEMS,1963-04-01,1963-09-05,56191,1963-07-05
PAYEMS,1963-04-01,1964-12-03,56873,1963-09-06
PAYEMS,1963-04-01,1965-12-01,56368,1964-12-04
PAYEMS,1963-04-01,1966-09-01,56353,1965-12-02
PAYEMS,1963-04-01,1967-09-05,56445,1966-09-02
PAYEMS,1963-04-01,1968-06-11,56456,1967-09-06
PAYEMS,1963-04-01,1970-06-04,56444,1968-06-12
PAYEMS,1963-04-01,1971-09-02,56449,1970-06-05
PAYEMS,1963-04-01,1978-10-05,56447,1971-09-03
PAYEMS,1963-04-01,1994-06-02,56398,1978-10-06
PAYEMS,1963-04-01,2003-06-05,56454,1994-06-03
PAYEMS,1963-04-01,2003-10-09,56579,2003-06-06
PAYEMS,1963-04-01,2026-07-31,56580,2003-10-10
PAYEMS,1963-05-01,1963-07-04,56359,1963-06-06
PAYEMS,1963-05-01,1963-07-31,56413,1963-07-05
PAYEMS,1963-05-01,1963-09-05,56435,1963-08-01
PAYEMS,1963-05-01,1964-12-03,57060,1963-09-06
PAYEMS,1963-05-01,1965-12-01,56511,1964-12-04
PAYEMS,1963-05-01,1966-09-01,56488,1965-12-02
PAYEMS,1963-05-01,1967-09-05,56594,1966-09-02
PAYEMS,1963-05-01,1968-06-11,56580,1967-09-06
PAYEMS,1963-05-01,1969-07-07,56583,1968-06-12
PAYEMS,1963-05-01,1970-06-04,56595,1969-07-08
PAYEMS,1963-05-01,1971-09-02,56577,1970-06-05
PAYEMS,1963-05-01,1978-10-05,56575,1971-09-03
PAYEMS,1963-05-01,1994-06-02,56534,1978-10-06
PAYEMS,1963-05-01,2003-06-05,56513,1994-06-03
PAYEMS,1963-05-01,2003-10-09,56617,2003-06-06
PAYEMS,1963-05-01,2026-07-31,56616,2003-10-10
PAYEMS,1963-06-01,1963-07-31,56556,1963-07-05
PAYEMS,1963-06-01,1963-09-05,56588,1963-08-01
PAYEMS,1963-06-01,1964-12-03,57194,1963-09-06
PAYEMS,1963-06-01,1965-12-01,56601,1964-12-04
PAYEMS,1963-06-01,1966-09-01,56562,1965-12-02
PAYEMS,1963-06-01,1967-09-05,56644,1966-09-02
PAYEMS,1963-06-01,1968-06-11,56629,1967-09-06
PAYEMS,1963-06-01,1969-07-07,56615,1968-06-12
PAYEMS,1963-06-01,1970-06-04,56624,1969-07-08
PAYEMS,1963-06-01,1971-09-02,56606,1970-06-05
PAYEMS,1963-06-01,1978-10-05,56610,1971-09-03
PAYEMS,1963-06-01,1994-06-02,56571,1978-10-06
PAYEMS,1963-06-01,2003-06-05,56563,1994-06-03
PAYEMS,1963-06-01,2003-10-09,56659,2003-06-06
PAYEMS,1963-06-01,2019-01-31,56658,2003-10-10
PAYEMS,1963-06-01,2026-07-31,56659,2019-02-01
PAYEMS,1963-07-01,1963-09-05,56718,1963-08-01
PAYEMS,1963-07-01,1963-10-02,57356,1963-09-06
PAYEMS,1963-07-01,1964-12-03,57340,1963-10-03
PAYEMS,1963-07-01,1965-12-01,56763,1964-12-04
PAYEMS,1963-07-01,1966-09-01,56670,1965-12-02
PAYEMS,1963-07-01,1967-09-05,56761,1966-09-02
PAYEMS,1963-07-01,1968-06-11,56757,1967-09-06
PAYEMS,1963-07-01,1969-07-07,56755,1968-06-12
PAYEMS,1963-07-01,1970-06-04,56766,1969-07-08
PAYEMS,1963-07-01,1971-09-02,56742,1970-06-05
PAYEMS,1963-07-01,1978-10-05,56753,1971-09-03
PAYEMS,1963-07-01,1994-06-02,56705,1978-10-06
PAYEMS,1963-07-01,2003-06-05,56688,1994-06-03
PAYEMS,1963-07-01,2003-10-09,56797,2003-06-06
PAYEMS,1963-07-01,2014-02-06,56795,2003-10-10
PAYEMS,1963-07-01,2026-07-31,56794,2014-02-07
PAYEMS,1963-08-01,1963-10-02,57299,1963-09-06
PAYEMS,1963-08-01,1963-10-30,57325,1963-10-03
PAYEMS,1963-08-01,1964-12-03,57344,1963-10-31
PAYEMS,1963-08-01,1965-12-01,56768,1964-12-04
PAYEMS,1963-08-01,1966-09-01,56727,1965-12-02
PAYEMS,1963-08-01,1967-09-05,56836,1966-09-02
PAYEMS,1963-08-01,1968-06-11,56861,1967-09-06
PAYEMS,1963-08-01,1969-07-07,56859,1968-06-12
PAYEMS,1963-08-01,1970-06-04,56854,1969-07-08
PAYEMS,1963-08-01,1971-09-02,56877,1970-06-05
PAYEMS,1963-08-01,1978-10-05,56867,1971-09-03
PAYEMS,1963-08-01,1994-06-02,56832,1978-10-06
PAYEMS,1963-08-01,2003-06-05,56823,1994-06-03
PAYEMS,1963-08-01,2026-07-31,56910,2003-06-06
PAYEMS,1963-09-01,1963-10-30,57427,1963-10-03
PAYEMS,1963-09-01,1963-12-05,57452,1963-10-31
PAYEMS,1963-09-01,1964-12-03,57453,1963-12-06
PAYEMS,1963-09-01,1965-12-01,56868,1964-12-04
PAYEMS,1963-09-01,1966-09-01,56856,1965-12-02
PAYEMS,1963-09-01,1967-09-05,56983,1966-09-02
PAYEMS,1963-09-01,1968-06-11,57005,1967-09-06
PAYEMS,1963-09-01,1969-07-07,57012,1968-06-12
PAYEMS,1963-09-01,1970-06-04,57033,1969-07-08
PAYEMS,1963-09-01,1971-09-02,57028,1970-06-05
PAYEMS,1963-09-01,1978-10-05,57025,1971-09-03
PAYEMS,1963-09-01,1994-06-02,56971,1978-10-06
PAYEMS,1963-09-01,2003-06-05,56962,1994-06-03
PAYEMS,1963-09-01,2003-10-09,57077,2003-06-06
PAYEMS,1963-09-01,2014-02-06,57078,2003-10-10
PAYEMS,1963-09-01,2019-01-31,57077,2014-02-07
PAYEMS,1963-09-01,2026-07-31,57078,2019-02-01
PAYEMS,1963-10-01,1963-12-05,57544,1963-10-31
PAYEMS,1963-10-01,1964-01-09,57622,1963-12-06
PAYEMS,1963-10-01,1964-12-03,57646,1964-01-10
PAYEMS,1963-10-01,1965-12-01,57070,1964-12-04
PAYEMS,1963-10-01,1966-09-01,57008,1965-12-02
PAYEMS,1963-10-01,1967-09-05,57168,1966-09-02
PAYEMS,1963-10-01,1968-06-11,57181,1967-09-06
PAYEMS,1963-10-01,1969-07-07,57185,1968-06-12
PAYEMS,1963-10-01,1970-06-04,57198,1969-07-08
PAYEMS,1963-10-01,1971-09-02,57202,1970-06-05
PAYEMS,1963-10-01,1978-10-05,57203,1971-09-03
PAYEMS,1963-10-01,1994-06-02,57148,1978-10-06
PAYEMS,1963-10-01,2003-06-05,57152,1994-06-03
PAYEMS,1963-10-01,2003-10-09,57282,2003-06-06
PAYEMS,1963-10-01,2019-01-31,57284,2003-10-10
PAYEMS,1963-10-01,2026-07-31,57283,2019-02-01
PAYEMS,1963-11-01,1964-01-09,57663,1963-12-06
PAYEMS,1963-11-01,1964-02-05,57623,1964-01-10
PAYEMS,1963-11-01,1964-12-03,57580,1964-02-06
PAYEMS,1963-11-01,1965-12-01,57101,1964-12-04
PAYEMS,1963-11-01,1966-09-01,57038,1965-12-02
PAYEMS,1963-11-01,1967-09-05,57157,1966-09-02
PAYEMS,1963-11-01,1968-06-11,57166,1967-09-06
PAYEMS,1963-11-01,1969-07-07,57165,1968-06-12
PAYEMS,1963-11-01,1970-06-04,57176,1969-07-08
PAYEMS,1963-11-01,1971-09-02,57172,1970-06-05
PAYEMS,1963-11-01,1978-10-05,57171,1971-09-03
PAYEMS,1963-11-01,1994-06-02,57125,1978-10-06
PAYEMS,1963-11-01,2003-06-05,57126,1994-06-03
PAYEMS,1963-11-01,2003-10-09,57253,2003-06-06
PAYEMS,1963-11-01,2026-07-31,57255,2003-10-10
PAYEMS,1963-12-01,1964-02-05,57805,1964-01-10
PAYEMS,1963-12-01,1964-03-05,57747,1964-02-06
PAYEMS,1963-12-01,1964-12-03,57748,1964-03-06
PAYEMS,1963-12-01,1965-12-01,57291,1964-12-04
PAYEMS,1963-12-01,1966-09-01,57205,1965-12-02
PAYEMS,1963-12-01,1967-09-05,57303,1966-09-02
PAYEMS,1963-12-01,1968-06-11,57304,1967-09-06
PAYEMS,1963-12-01,1969-07-07,57305,1968-06-12
PAYEMS,1963-12-01,1970-06-04,57297,1969-07-08
PAYEMS,1963-12-01,1971-09-02,57294,1970-06-05
PAYEMS,1963-12-01,1978-10-05,57295,1971-09-03
PAYEMS,1963-12-01,1994-06-02,57251,1978-10-06
PAYEMS,1963-12-01,2003-06-05,57252,1994-06-03
PAYEMS,1963-12-01,2003-10-09,57359,2003-06-06
PAYEMS,1963-12-01,2019-01-31,57360,2003-10-10
PAYEMS,1963-12-01,2026-07-31,57361,2019-02-01
PAYEMS,1964-01-01,1964-03-05,57834,1964-02-06
PAYEMS,1964-01-01,1964-04-02,57802,1964-03-06
PAYEMS,1964-01-01,1964-12-03,57850,1964-04-03
PAYEMS,1964-01-01,1965-12-01,57334,1964-12-04
PAYEMS,1964-01-01,1966-09-01,57252,1965-12-02
PAYEMS,1964-01-01,1967-09-05,57336,1966-09-02
PAYEMS,1964-01-01,1968-06-11,57335,1967-09-06
PAYEMS,1964-01-01,1969-07-07,57343,1968-06-12
PAYEMS,1964-01-01,1970-06-04,57331,1969-07-08
PAYEMS,1964-01-01,1971-09-02,57322,1970-06-05
PAYEMS,1964-01-01,1978-10-05,57326,1971-09-03
PAYEMS,1964-01-01,1994-06-02,57281,1978-10-06
PAYEMS,1964-01-01,2003-06-05,57269,1994-06-03
PAYEMS,1964-01-01,2026-07-31,57487,2003-06-06
PAYEMS,1964-02-01,1964-04-02,58082,1964-03-06
PAYEMS,1964-02-01,1964-05-06,58160,1964-04-03
PAYEMS,1964-02-01,1964-12-03,58183,1964-05-07
PAYEMS,1964-02-01,1965-12-01,57684,1964-12-04
PAYEMS,1964-02-01,1966-09-01,57606,1965-12-02
PAYEMS,1964-02-01,1967-09-05,57676,1966-09-02
PAYEMS,1964-02-01,1968-06-11,57683,1967-09-06
PAYEMS,1964-02-01,1969-07-07,57690,1968-06-12
PAYEMS,1964-02-01,1970-06-04,57682,1969-07-08
PAYEMS,1964-02-01,1971-09-02,57671,1970-06-05
PAYEMS,1964-02-01,1978-10-05,57666,1971-09-03
PAYEMS,1964-02-01,1994-06-02,57621,1978-10-06
PAYEMS,1964-02-01,2003-06-05,57603,1994-06-03
PAYEMS,1964-02-01,2003-10-09,57750,2003-06-06
PAYEMS,1964-02-01,2014-02-06,57752,2003-10-10
PAYEMS,1964-02-01,2019-01-31,57751,2014-02-07
PAYEMS,1964-02-01,2026-07-31,57753,2019-02-01
PAYEMS,1964-03-01,1964-05-06,58226,1964-04-03
PAYEMS,1964-03-01,1964-06-04,58268,1964-05-07
PAYEMS,1964-03-01,1964-12-03,58327,1964-06-05
PAYEMS,1964-03-01,1965-12-01,57754,1964-12-04
PAYEMS,1964-03-01,1966-09-01,57694,1965-12-02
PAYEMS,1964-03-01,1967-09-05,57800,1966-09-02
PAYEMS,1964-03-01,1968-06-11,57771,1967-09-06
PAYEMS,1964-03-01,1969-07-07,57746,1968-06-12
PAYEMS,1964-03-01,1970-06-04,57735,1969-07-08
PAYEMS,1964-03-01,1971-09-02,57732,1970-06-05
PAYEMS,1964-03-01,1978-10-05,57718,1971-09-03
PAYEMS,1964-03-01,1994-06-02,57686,1978-10-06
PAYEMS,1964-03-01,2003-06-05,57732,1994-06-03
PAYEMS,1964-03-01,2019-01-31,57898,2003-06-06
PAYEMS,1964-03-01,2026-07-31,57897,2019-02-01
PAYEMS,1964-04-01,1964-06-04,58471,1964-05-07
PAYEMS,1964-04-01,1964-07-01,58463,1964-06-05
PAYEMS,1964-04-01,1964-12-03,58502,1964-07-02
PAYEMS,1964-04-01,1965-12-01,57827,1964-12-04
PAYEMS,1964-04-01,1966-09-01,57781,1965-12-02
PAYEMS,1964-04-01,1967-09-05,57942,1966-09-02
PAYEMS,1964-04-01,1968-06-11,57928,1967-09-06
PAYEMS,1964-04-01,1969-07-07,57899,1968-06-12
PAYEMS,1964-04-01,1970-06-04,57903,1969-07-08
PAYEMS,1964-04-01,1978-10-05,57898,1970-06-05
PAYEMS,1964-04-01,1994-06-02,57846,1978-10-06
PAYEMS,1964-04-01,2003-06-05,57784,1994-06-03
PAYEMS,1964-04-01,2003-10-09,57922,2003-06-06
PAYEMS,1964-04-01,2014-02-06,57923,2003-10-10
PAYEMS,1964-04-01,2026-07-31,57922,2014-02-07
PAYEMS,1964-05-01,1964-07-01,58503,1964-06-05
PAYEMS,1964-05-01,1964-08-05,58551,1964-07-02
PAYEMS,1964-05-01,1964-12-03,58590,1964-08-06
PAYEMS,1964-05-01,1965-12-01,57931,1964-12-04
PAYEMS,1964-05-01,1966-09-01,57864,1965-12-02
PAYEMS,1964-05-01,1967-09-05,58061,1966-09-02
PAYEMS,1964-05-01,1968-06-11,58060,1967-09-06
PAYEMS,1964-05-01,1969-07-07,58065,1968-06-12
PAYEMS,1964-05-01,1970-06-04,58049,1969-07-08
PAYEMS,1964-05-01,1971-09-02,58041,1970-06-05
PAYEMS,1964-05-01,1978-10-05,58039,1971-09-03
PAYEMS,1964-05-01,1994-06-02,57974,1978-10-06
PAYEMS,1964-05-01,2003-06-05,57975,1994-06-03
PAYEMS,1964-05-01,2026-07-31,58089,2003-06-06
PAYEMS,1964-06-01,1964-08-05,58665,1964-07-02
PAYEMS,1964-06-01,1964-09-02,58750,1964-08-06
PAYEMS,1964-06-01,1964-12-03,58782,1964-09-03
PAYEMS,1964-06-01,1965-12-01,58104,1964-12-04
PAYEMS,1964-06-01,1966-09-01,58033,1965-12-02
PAYEMS,1964-06-01,1967-09-05,58211,1966-09-02
PAYEMS,1964-06-01,1968-06-11,58201,1967-09-06
PAYEMS,1964-06-01,1969-07-07,58170,1968-06-12
PAYEMS,1964-06-01,1970-06-04,58175,1969-07-08
PAYEMS,1964-06-01,1971-09-02,58166,1970-06-05
PAYEMS,1964-06-01,1978-10-05,58171,1971-09-03
PAYEMS,1964-06-01,1994-06-02,58128,1978-10-06
PAYEMS,1964-06-01,2003-06-05,58121,1994-06-03
PAYEMS,1964-06-01,2003-10-09,58224,2003-06-06
PAYEMS,1964-06-01,2019-01-31,58221,2003-10-10
PAYEMS,1964-06-01,2026-07-31,58219,2019-02-01
PAYEMS,1964-07-01,1964-09-02,58888,1964-08-06
PAYEMS,1964-07-01,1964-09-30,58929,1964-09-03
PAYEMS,1964-07-01,1964-12-03,58912,1964-10-01
PAYEMS,1964-07-01,1965-12-01,58256,1964-12-04
PAYEMS,1964-07-01,1966-09-01,58190,1965-12-02
PAYEMS,1964-07-01,1967-09-05,58369,1966-09-02
PAYEMS,1964-07-01,1968-06-11,58365,1967-09-06
PAYEMS,1964-07-01,1969-07-07,58374,1968-06-12
PAYEMS,1964-07-01,1971-09-02,58378,1969-07-08
PAYEMS,1964-07-01,1978-10-05,58383,1971-09-03
PAYEMS,1964-07-01,1994-06-02,58309,1978-10-06
PAYEMS,1964-07-01,2003-06-05,58311,1994-06-03
PAYEMS,1964-07-01,2003-10-09,58414,2003-06-06
PAYEMS,1964-07-01,2014-02-06,58412,2003-10-10
PAYEMS,1964-07-01,2019-01-31,58413,2014-02-07
PAYEMS,1964-07-01,2026-07-31,58412,2019-02-01
PAYEMS,1964-08-01,1964-09-30,58944,1964-09-03
PAYEMS,1964-08-01,1964-11-04,58936,1964-10-01
PAYEMS,1964-08-01,1964-12-03,58955,1964-11-05
PAYEMS,1964-08-01,1966-09-01,58301,1964-12-04
PAYEMS,1964-08-01,1967-09-05,58521,1966-09-02
PAYEMS,1964-08-01,1968-06-11,58533,1967-09-06
PAYEMS,1964-08-01,1969-07-07,58539,1968-06-12
PAYEMS,1964-08-01,1970-06-04,58544,1969-07-08
PAYEMS,1964-08-01,1971-09-02,58542,1970-06-05
PAYEMS,1964-08-01,1978-10-05,58546,1971-09-03
PAYEMS,1964-08-01,2003-06-05,58510,1978-10-06
PAYEMS,1964-08-01,2003-10-09,58621,2003-06-06
PAYEMS,1964-08-01,2014-02-06,58620,2003-10-10
PAYEMS,1964-08-01,2026-07-31,58619,2014-02-07
PAYEMS,1964-09-01,1964-11-04,59039,1964-10-01
PAYEMS,1964-09-01,1964-12-03,59049,1964-11-05
PAYEMS,1964-09-01,1965-12-01,58458,1964-12-04
PAYEMS,1964-09-01,1966-09-01,58499,1965-12-02
PAYEMS,1964-09-01,1967-09-05,58747,1966-09-02
PAYEMS,1964-09-01,1968-06-11,58785,1967-09-06
PAYEMS,1964-09-01,1969-07-07,58823,1968-06-12
PAYEMS,1964-09-01,1970-06-04,58850,1969-07-08
PAYEMS,1964-09-01,1971-09-02,58821,1970-06-05
PAYEMS,1964-09-01,1978-10-05,58819,1971-09-03
PAYEMS,1964-09-01,1994-06-02,58777,1978-10-06
PAYEMS,1964-09-01,2003-06-05,58798,1994-06-03
PAYEMS,1964-09-01,2026-07-31,58903,2003-06-06
PAYEMS,1964-10-01,1964-12-03,58983,1964-11-05
PAYEMS,1964-10-01,1965-01-06,58372,1964-12-04
PAYEMS,1964-10-01,1965-12-01,58382,1965-01-07
PAYEMS,1964-10-01,1966-09-01,58370,1965-12-02
PAYEMS,1964-10-01,1967-09-05,58649,1966-09-02
PAYEMS,1964-10-01,1968-06-11,58669,1967-09-06
PAYEMS,1964-10-01,1969-07-07,58693,1968-06-12
PAYEMS,1964-10-01,1970-06-04,58723,1969-07-08
PAYEMS,1964-10-01,1971-09-02,58719,1970-06-05
PAYEMS,1964-10-01,1978-10-05,58718,1971-09-03
PAYEMS,1964-10-01,1994-06-02,58658,1978-10-06
PAYEMS,1964-10-01,2003-06-05,58691,1994-06-03
PAYEMS,1964-10-01,2003-10-09,58793,2003-06-06
PAYEMS,1964-10-01,2019-01-31,58794,2003-10-10
PAYEMS,1964-10-01,2026-07-31,58793,2019-02-01
PAYEMS,1964-11-01,1965-01-06,58790,1964-12-04
PAYEMS,1964-11-01,1965-02-02,58871,1965-01-07
PAYEMS,1964-11-01,1965-12-01,58878,1965-02-03
PAYEMS,1964-11-01,1966-09-01,58879,1965-12-02
PAYEMS,1964-11-01,1967-09-05,59118,1966-09-02
PAYEMS,1964-11-01,1968-06-11,59133,1967-09-06
PAYEMS,1964-11-01,1969-07-07,59107,1968-06-12
PAYEMS,1964-11-01,1970-06-04,59128,1969-07-08
PAYEMS,1964-11-01,1978-10-05,59131,1970-06-05
PAYEMS,1964-11-01,1994-06-02,59080,1978-10-06
PAYEMS,1964-11-01,2003-06-05,59114,1994-06-03
PAYEMS,1964-11-01,2003-10-09,59215,2003-06-06
PAYEMS,1964-11-01,2019-01-31,59217,2003-10-10
PAYEMS,1964-11-01,2026-07-31,59218,2019-02-01
PAYEMS,1964-12-01,1965-02-02,59097,1965-01-07
PAYEMS,1964-12-01,1965-03-03,59187,1965-02-03
PAYEMS,1964-12-01,1965-12-01,59206,1965-03-04
PAYEMS,1964-12-01,1966-09-01,59163,1965-12-02
PAYEMS,1964-12-01,1967-09-05,59387,1966-09-02
PAYEMS,1964-12-01,1968-06-11,59379,1967-09-06
PAYEMS,1964-12-01,1969-07-07,59385,1968-06-12
PAYEMS,1964-12-01,1970-06-04,59355,1969-07-08
PAYEMS,1964-12-01,1971-09-02,59354,1970-06-05
PAYEMS,1964-12-01,1978-10-05,59345,1971-09-03
PAYEMS,1964-12-01,1994-06-02,59320,1978-10-06
PAYEMS,1964-12-01,2003-06-05,59335,1994-06-03
PAYEMS,1964-12-01,2003-10-09,59419,2003-06-06
PAYEMS,1964-12-01,2014-02-06,59420,2003-10-10
PAYEMS,1964-12-01,2026-07-31,59421,2014-02-07
PAYEMS,1965-01-01,1965-03-03,59280,1965-02-03
PAYEMS,1965-01-01,1965-03-31,59328,1965-03-04
PAYEMS,1965-01-01,1965-12-01,59334,1965-04-01
PAYEMS,1965-01-01,1966-09-01,59295,1965-12-02
PAYEMS,1965-01-01,1967-09-05,59489,1966-09-02
PAYEMS,1965-01-01,1968-06-11,59484,1967-09-06
PAYEMS,1965-01-01,1969-07-07,59487,1968-06-12
PAYEMS,1965-01-01,1970-06-04,59471,1969-07-08
PAYEMS,1965-01-01,1971-09-02,59466,1970-06-05
PAYEMS,1965-01-01,1978-10-05,59467,1971-09-03
PAYEMS,1965-01-01,1994-06-02,59419,1978-10-06
PAYEMS,1965-01-01,2003-06-05,59398,1994-06-03
PAYEMS,1965-01-01,2019-01-31,59583,2003-06-06
PAYEMS,1965-01-01,2026-07-31,59582,2019-02-01
PAYEMS,1965-02-01,1965-03-31,59560,1965-03-04
PAYEMS,1965-02-01,1965-05-05,59677,1965-04-01
PAYEMS,1965-02-01,1965-12-01,59676,1965-05-06
PAYEMS,1965-02-01,1966-09-01,59581,1965-12-02
PAYEMS,1965-02-01,1967-09-05,59777,1966-09-02
PAYEMS,1965-02-01,1968-06-11,59778,1967-09-06
PAYEMS,1965-02-01,1969-07-07,59800,1968-06-12
PAYEMS,1965-02-01,1970-06-04,59760,1969-07-08
PAYEMS,1965-02-01,1971-09-02,59727,1970-06-05
PAYEMS,1965-02-01,1978-10-05,59715,1971-09-03
PAYEMS,1965-02-01,1994-06-02,59710,1978-10-06
PAYEMS,1965-02-01,2003-06-05,59683,1994-06-03
PAYEMS,1965-02-01,2026-07-31,59800,2003-06-06
PAYEMS,1965-03-01,1965-05-05,59902,1965-04-01
PAYEMS,1965-03-01,1965-06-02,59968,1965-05-06
PAYEMS,1965-03-01,1965-12-01,59992,1965-06-03
PAYEMS,1965-03-01,1966-09-01,59814,1965-12-02
PAYEMS,1965-03-01,1967-09-05,60072,1966-09-02
PAYEMS,1965-03-01,1968-06-11,60048,1967-09-06
PAYEMS,1965-03-01,1969-07-07,60025,1968-06-12
PAYEMS,1965-03-01,1970-06-04,59975,1969-07-08
PAYEMS,1965-03-01,1971-09-02,59965,1970-06-05
PAYEMS,1965-03-01,1978-10-05,59957,1971-09-03
PAYEMS,1965-03-01,1994-06-02,59921,1978-10-06
PAYEMS,1965-03-01,2003-06-05,59864,1994-06-03
PAYEMS,1965-03-01,2026-07-31,60003,2003-06-06
PAYEMS,1965-04-01,1965-06-02,59917,1965-05-06
PAYEMS,1965-04-01,1965-06-30,59916,1965-06-03
PAYEMS,1965-04-01,1965-12-01,59913,1965-07-01
PAYEMS,1965-04-01,1966-09-01,59846,1965-12-02
PAYEMS,1965-04-01,1967-09-05,60152,1966-09-02
PAYEMS,1965-04-01,1968-06-11,60186,1967-09-06
PAYEMS,1965-04-01,1969-07-07,60165,1968-06-12
PAYEMS,1965-04-01,1970-06-04,60150,1969-07-08
PAYEMS,1965-04-01,1971-09-02,60146,1970-06-05
PAYEMS,1965-04-01,1978-10-05,60144,1971-09-03
PAYEMS,1965-04-01,1994-06-02,60080,1978-10-06
PAYEMS,1965-04-01,2003-06-05,60124,1994-06-03
PAYEMS,1965-04-01,2003-10-09,60257,2003-06-06
PAYEMS,1965-04-01,2014-02-06,60258,2003-10-10
PAYEMS,1965-04-01,2026-07-31,60259,2014-02-07
PAYEMS,1965-05-01,1965-06-30,60064,1965-06-03
PAYEMS,1965-05-01,1965-08-04,60098,1965-07-01
PAYEMS,1965-05-01,1965-12-01,60110,1965-08-05
PAYEMS,1965-05-01,1966-09-01,60032,1965-12-02
PAYEMS,1965-05-01,1967-09-05,60363,1966-09-02
PAYEMS,1965-05-01,1968-06-11,60453,1967-09-06
PAYEMS,1965-05-01,1969-07-07,60464,1968-06-12
PAYEMS,1965-05-01,1970-06-04,60450,1969-07-08
PAYEMS,1965-05-01,1971-09-02,60433,1970-06-05
PAYEMS,1965-05-01,1978-10-05,60436,1971-09-03
PAYEMS,1965-05-01,1994-06-02,60389,1978-10-06
PAYEMS,1965-05-01,2003-06-05,60363,1994-06-03
PAYEMS,1965-05-01,2019-01-31,60492,2003-06-06
PAYEMS,1965-05-01,2026-07-31,60491,2019-02-01
PAYEMS,1965-06-01,1965-08-04,60306,1965-07-01
PAYEMS,1965-06-01,1965-09-01,60362,1965-08-05
PAYEMS,1965-06-01,1965-12-01,60382,1965-09-02
PAYEMS,1965-06-01,1966-09-01,60290,1965-12-02
PAYEMS,1965-06-01,1967-09-05,60623,1966-09-02
PAYEMS,1965-06-01,1968-06-11,60692,1967-09-06
PAYEMS,1965-06-01,1969-07-07,60667,1968-06-12
PAYEMS,1965-06-01,1970-06-04,60648,1969-07-08
PAYEMS,1965-06-01,1971-09-02,60647,1970-06-05
PAYEMS,1965-06-01,1978-10-05,60655,1971-09-03
PAYEMS,1965-06-01,1994-06-02,60590,1978-10-06
PAYEMS,1965-06-01,2003-06-05,60595,1994-06-03
PAYEMS,1965-06-01,2003-10-09,60693,2003-06-06
PAYEMS,1965-06-01,2026-07-31,60690,2003-10-10
PAYEMS,1965-07-01,1965-09-01,60528,1965-08-05
PAYEMS,1965-07-01,1965-10-06,60589,1965-09-02
PAYEMS,1965-07-01,1965-12-01,60602,1965-10-07
PAYEMS,1965-07-01,1966-09-01,60501,1965-12-02
PAYEMS,1965-07-01,1967-09-05,60841,1966-09-02
PAYEMS,1965-07-01,1968-06-11,60928,1967-09-06
PAYEMS,1965-07-01,1969-07-07,60927,1968-06-12
PAYEMS,1965-07-01,1970-06-04,60922,1969-07-08
PAYEMS,1965-07-01,1971-09-02,60910,1970-06-05
PAYEMS,1965-07-01,1978-10-05,60929,1971-09-03
PAYEMS,1965-07-01,1994-06-02,60868,1978-10-06
PAYEMS,1965-07-01,2003-06-05,60860,1994-06-03
PAYEMS,1965-07-01,2003-10-09,60964,2003-06-06
PAYEMS,1965-07-01,2019-01-31,60963,2003-10-10
PAYEMS,1965-07-01,2026-07-31,60965,2019-02-01
PAYEMS,1965-08-01,1965-10-06,60711,1965-09-02
PAYEMS,1965-08-01,1965-11-03,60680,1965-10-07
PAYEMS,1965-08-01,1965-12-01,60685,1965-11-04
PAYEMS,1965-08-01,1966-09-01,60621,1965-12-02
PAYEMS,1965-08-01,1967-09-05,61021,1966-09-02
PAYEMS,1965-08-01,1968-06-11,61132,1967-09-06
PAYEMS,1965-08-01,1969-07-07,61131,1968-06-12
PAYEMS,1965-08-01,1970-06-04,61142,1969-07-08
PAYEMS,1965-08-01,1971-09-02,61121,1970-06-05
PAYEMS,1965-08-01,1978-10-05,61130,1971-09-03
PAYEMS,1965-08-01,1994-06-02,61072,1978-10-06
PAYEMS,1965-08-01,2003-06-05,61085,1994-06-03
PAYEMS,1965-08-01,2003-10-09,61229,2003-06-06
PAYEMS,1965-08-01,2026-07-31,61228,2003-10-10
PAYEMS,1965-09-01,1965-11-03,60806,1965-10-07
PAYEMS,1965-09-01,1965-12-01,60796,1965-11-04
PAYEMS,1965-09-01,1966-09-01,60756,1965-12-02
PAYEMS,1965-09-01,1967-09-05,61180,1966-09-02
PAYEMS,1965-09-01,1968-06-11,61319,1967-09-06
PAYEMS,1965-09-01,1969-07-07,61364,1968-06-12
PAYEMS,1965-09-01,1970-06-04,61396,1969-07-08
PAYEMS,1965-09-01,1971-09-02,61388,1970-06-05
PAYEMS,1965-09-01,1978-10-05,61399,1971-09-03
PAYEMS,1965-09-01,1994-06-02,61333,1978-10-06
PAYEMS,1965-09-01,2003-06-05,61367,1994-06-03
PAYEMS,1965-09-01,2026-07-31,61490,2003-06-06
PAYEMS,1965-10-01,1965-12-01,61019,1965-11-04
PAYEMS,1965-10-01,1966-01-06,60975,1965-12-02
PAYEMS,1965-10-01,1966-09-01,61001,1966-01-07
PAYEMS,1965-10-01,1967-09-05,61437,1966-09-02
PAYEMS,1965-10-01,1968-06-11,61553,1967-09-06
PAYEMS,1965-10-01,1969-07-07,61592,1968-06-12
PAYEMS,1965-10-01,1970-06-04,61599,1969-07-08
PAYEMS,1965-10-01,1971-09-02,61610,1970-06-05
PAYEMS,1965-10-01,1978-10-05,61608,1971-09-03
PAYEMS,1965-10-01,1994-06-02,61538,1978-10-06
PAYEMS,1965-10-01,2003-06-05,61578,1994-06-03
PAYEMS,1965-10-01,2003-10-09,61717,2003-06-06
PAYEMS,1965-10-01,2019-01-31,61718,2003-10-10
PAYEMS,1965-10-01,2026-07-31,61719,2019-02-01
PAYEMS,1965-11-01,1966-01-06,61268,1965-12-02
PAYEMS,1965-11-01,1966-02-07,61430,1966-01-07
PAYEMS,1965-11-01,1966-09-01,61472,1966-02-08
PAYEMS,1965-11-01,1967-09-05,61864,1966-09-02
PAYEMS,1965-11-01,1968-06-11,61933,1967-09-06
PAYEMS,1965-11-01,1969-07-07,61917,1968-06-12
PAYEMS,1965-11-01,1970-06-04,61897,1969-07-08
PAYEMS,1965-11-01,1971-09-02,61910,1970-06-05
PAYEMS,1965-11-01,1978-10-05,61908,1971-09-03
PAYEMS,1965-11-01,1994-06-02,61859,1978-10-06
PAYEMS,1965-11-01,2003-06-05,61882,1994-06-03
PAYEMS,1965-11-01,2003-10-09,61996,2003-06-06
PAYEMS,1965-11-01,2019-01-31,61997,2003-10-10
PAYEMS,1965-11-01,2026-07-31,61996,2019-02-01
PAYEMS,1965-12-01,1966-02-07,61797,1966-01-07
PAYEMS,1965-12-01,1966-03-07,61865,1966-02-08
PAYEMS,1965-12-01,1966-09-01,61884,1966-03-08
PAYEMS,1965-12-01,1967-09-05,62241,1966-09-02
PAYEMS,1965-12-01,1968-06-11,62319,1967-09-06
PAYEMS,1965-12-01,1969-07-07,62300,1968-06-12
PAYEMS,1965-12-01,1970-06-04,62232,1969-07-08
PAYEMS,1965-12-01,1971-09-02,62245,1970-06-05
PAYEMS,1965-12-01,1978-10-05,62242,1971-09-03
PAYEMS,1965-12-01,1994-06-02,62209,1978-10-06
PAYEMS,1965-12-01,2003-06-05,62230,1994-06-03
PAYEMS,1965-12-01,2003-10-09,62320,2003-06-06
PAYEMS,1965-12-01,2019-01-31,62321,2003-10-10
PAYEMS,1965-12-01,2026-07-31,62322,2019-02-01
PAYEMS,1966-01-01,1966-03-07,62111,1966-02-08
PAYEMS,1966-01-01,1966-04-04,62146,1966-03-08
PAYEMS,1966-01-01,1966-09-01,62148,1966-04-05
PAYEMS,1966-01-01,1967-09-05,62469,1966-09-02
PAYEMS,1966-01-01,1968-06-11,62503,1967-09-06
PAYEMS,1966-01-01,1969-07-07,62535,1968-06-12
PAYEMS,1966-01-01,1970-06-04,62475,1969-07-08
PAYEMS,1966-01-01,1978-10-05,62454,1970-06-05
PAYEMS,1966-01-01,1994-06-02,62415,1978-10-06
PAYEMS,1966-01-01,2003-06-05,62386,1994-06-03
PAYEMS,1966-01-01,2003-10-09,62529,2003-06-06
PAYEMS,1966-01-01,2019-01-31,62528,2003-10-10
PAYEMS,1966-01-01,2026-07-31,62529,2019-02-01
PAYEMS,1966-02-01,1966-04-04,62404,1966-03-08
PAYEMS,1966-02-01,1966-05-05,62488,1966-04-05
PAYEMS,1966-02-01,1966-09-01,62501,1966-05-06
PAYEMS,1966-02-01,1967-09-05,62811,1966-09-02
PAYEMS,1966-02-01,1968-06-11,62889,1967-09-06
PAYEMS,1966-02-01,1969-07-07,62884,1968-06-12
PAYEMS,1966-02-01,1970-06-04,62825,1969-07-08
PAYEMS,1966-02-01,1971-09-02,62754,1970-06-05
PAYEMS,1966-02-01,1978-10-05,62744,1971-09-03
PAYEMS,1966-02-01,1994-06-02,62766,1978-10-06
PAYEMS,1966-02-01,2003-06-05,62720,1994-06-03
PAYEMS,1966-02-01,2026-07-31,62796,2003-06-06
PAYEMS,1966-03-01,1966-05-05,62809,1966-04-05
PAYEMS,1966-03-01,1966-06-05,62881,1966-05-06
PAYEMS,1966-03-01,1966-09-01,62918,1966-06-06
PAYEMS,1966-03-01,1967-09-05,63247,1966-09-02
PAYEMS,1966-03-01,1968-06-11,63296,1967-09-06
PAYEMS,1966-03-01,1969-07-07,63253,1968-06-12
PAYEMS,1966-03-01,1970-06-04,63185,1969-07-08
PAYEMS,1966-03-01,1971-09-02,63138,1970-06-05
PAYEMS,1966-03-01,1978-10-05,63134,1971-09-03
PAYEMS,1966-03-01,1994-06-02,63129,1978-10-06
PAYEMS,1966-03-01,2003-06-05,63087,1994-06-03
PAYEMS,1966-03-01,2014-02-06,63191,2003-06-06
PAYEMS,1966-03-01,2026-07-31,63192,2014-02-07
PAYEMS,1966-04-01,1966-06-05,62887,1966-05-06
PAYEMS,1966-04-01,1966-07-10,62933,1966-06-06
PAYEMS,1966-04-01,1966-09-01,62935,1966-07-11
PAYEMS,1966-04-01,1967-09-05,63350,1966-09-02
PAYEMS,1966-04-01,1968-06-11,63427,1967-09-06
PAYEMS,1966-04-01,1969-07-07,63456,1968-06-12
PAYEMS,1966-04-01,1970-06-04,63402,1969-07-08
PAYEMS,1966-04-01,1971-09-02,63406,1970-06-05
PAYEMS,1966-04-01,1978-10-05,63390,1971-09-03
PAYEMS,1966-04-01,1994-06-02,63318,1978-10-06
PAYEMS,1966-04-01,2003-06-05,63317,1994-06-03
PAYEMS,1966-04-01,2019-01-31,63436,2003-06-06
PAYEMS,1966-04-01,2026-07-31,63437,2019-02-01
PAYEMS,1966-05-01,1966-07-10,63099,1966-06-06
PAYEMS,1966-05-01,1966-08-07,63060,1966-07-11
PAYEMS,1966-05-01,1966-09-01,63050,1966-08-08
PAYEMS,1966-05-01,1967-09-05,63517,1966-09-02
PAYEMS,1966-05-01,1968-06-11,63616,1967-09-06
PAYEMS,1966-05-01,1969-07-07,63714,1968-06-12
PAYEMS,1966-05-01,1970-06-04,63649,1969-07-08
PAYEMS,1966-05-01,1971-09-02,63646,1970-06-05
PAYEMS,1966-05-01,1978-10-05,63638,1971-09-03
PAYEMS,1966-05-01,1994-06-02,63595,1978-10-06
PAYEMS,1966-05-01,2003-06-05,63560,1994-06-03
PAYEMS,1966-05-01,2019-01-31,63711,2003-06-06
PAYEMS,1966-05-01,2026-07-31,63712,2019-02-01
PAYEMS,1966-06-01,1966-08-07,63384,1966-07-11
PAYEMS,1966-06-01,1966-09-01,63496,1966-08-08
PAYEMS,1966-06-01,1967-09-05,63983,1966-09-02
PAYEMS,1966-06-01,1968-06-11,64069,1967-09-06
PAYEMS,1966-06-01,1969-07-07,64141,1968-06-12
PAYEMS,1966-06-01,1970-06-04,64058,1969-07-08
PAYEMS,1966-06-01,1971-09-02,64035,1970-06-05
PAYEMS,1966-06-01,1978-10-05,64026,1971-09-03
PAYEMS,1966-06-01,1994-06-02,63989,1978-10-06
PAYEMS,1966-06-01,2003-06-05,63978,1994-06-03
PAYEMS,1966-06-01,2003-10-09,64111,2003-06-06
PAYEMS,1966-06-01,2019-01-31,64110,2003-10-10
PAYEMS,1966-06-01,2026-07-31,64111,2019-02-01
PAYEMS,1966-07-01,1966-09-01,63646,1966-08-08
PAYEMS,1966-07-01,1966-10-09,64089,1966-09-02
PAYEMS,1966-07-01,1967-09-05,64072,1966-10-10
PAYEMS,1966-07-01,1968-06-11,64180,1967-09-06
PAYEMS,1966-07-01,1969-07-07,64273,1968-06-12
PAYEMS,1966-07-01,1970-06-04,64216,1969-07-08
PAYEMS,1966-07-01,1978-10-05,64246,1970-06-05
PAYEMS,1966-07-01,1994-06-02,64166,1978-10-06
PAYEMS,1966-07-01,2003-06-05,64185,1994-06-03
PAYEMS,1966-07-01,2026-07-31,64301,2003-06-06
PAYEMS,1966-08-01,1966-10-09,64299,1966-09-02
PAYEMS,1966-08-01,1966-11-03,64196,1966-10-10
PAYEMS,1966-08-01,1967-09-05,64199,1966-11-04
PAYEMS,1966-08-01,1968-06-11,64345,1967-09-06
PAYEMS,1966-08-01,1969-07-07,64438,1968-06-12
PAYEMS,1966-08-01,1970-06-04,64379,1969-07-08
PAYEMS,1966-08-01,1971-09-02,64402,1970-06-05
PAYEMS,1966-08-01,1978-10-05,64399,1971-09-03
PAYEMS,1966-08-01,1994-06-02,64306,1978-10-06
PAYEMS,1966-08-01,2003-06-05,64344,1994-06-03
PAYEMS,1966-08-01,2026-07-31,64507,2003-06-06
PAYEMS,1966-09-01,1966-11-03,64181,1966-10-10
PAYEMS,1966-09-01,1966-12-01,64159,1966-11-04
PAYEMS,1966-09-01,1967-09-05,64168,1966-12-02
PAYEMS,1966-09-01,1968-06-11,64394,1967-09-06
PAYEMS,1966-09-01,1969-07-07,64539,1968-06-12
PAYEMS,1966-09-01,1970-06-04,64498,1969-07-08
PAYEMS,1966-09-01,1971-09-02,64492,1970-06-05
PAYEMS,1966-09-01,1978-10-05,64504,1971-09-03
PAYEMS,1966-09-01,1994-06-02,64367,1978-10-06
PAYEMS,1966-09-01,2003-06-05,64433,1994-06-03
PAYEMS,1966-09-01,2003-10-09,64644,2003-06-06
PAYEMS,1966-09-01,2014-02-06,64645,2003-10-10
PAYEMS,1966-09-01,2019-01-31,64644,2014-02-07
PAYEMS,1966-09-01,2026-07-31,64643,2019-02-01
PAYEMS,1966-10-01,1966-12-01,64351,1966-11-04
PAYEMS,1966-10-01,1967-01-08,64428,1966-12-02
PAYEMS,1966-10-01,1967-09-05,64466,1967-01-09
PAYEMS,1966-10-01,1968-06-11,64694,1967-09-06
PAYEMS,1966-10-01,1969-07-07,64779,1968-06-12
PAYEMS,1966-10-01,1970-06-04,64701,1969-07-08
PAYEMS,1966-10-01,1971-09-02,64702,1970-06-05
PAYEMS,1966-10-01,1978-10-05,64687,1971-09-03
PAYEMS,1966-10-01,1994-06-02,64614,1978-10-06
PAYEMS,1966-10-01,2003-06-05,64655,1994-06-03
PAYEMS,1966-10-01,2003-10-09,64853,2003-06-06
PAYEMS,1966-10-01,2026-07-31,64854,2003-10-10
PAYEMS,1966-11-01,1967-01-08,64699,1966-12-02
PAYEMS,1966-11-01,1967-02-08,64818,1967-01-09
PAYEMS,1966-11-01,1967-09-05,64823,1967-02-09
PAYEMS,1966-11-01,1968-06-11,65014,1967-09-06
PAYEMS,1966-11-01,1969-07-07,65000,1968-06-12
PAYEMS,1966-11-01,1970-06-04,64897,1969-07-08
PAYEMS,1966-11-01,1971-09-02,64909,1970-06-05
PAYEMS,1966-11-01,1978-10-05,64892,1971-09-03
PAYEMS,1966-11-01,1994-06-02,64839,1978-10-06
PAYEMS,1966-11-01,2003-06-05,64854,1994-06-03
PAYEMS,1966-11-01,2003-10-09,65018,2003-06-06
PAYEMS,1966-11-01,2026-07-31,65019,2003-10-10
PAYEMS,1966-12-01,1967-02-08,65066,1967-01-09
PAYEMS,1966-12-01,1967-03-15,65081,1967-02-09
PAYEMS,1966-12-01,1967-09-05,65076,1967-03-16
PAYEMS,1966-12-01,1968-06-11,65251,1967-09-06
PAYEMS,1966-12-01,1969-07-07,65272,1968-06-12
PAYEMS,1966-12-01,1970-06-04,65094,1969-07-08
PAYEMS,1966-12-01,1971-09-02,65109,1970-06-05
PAYEMS,1966-12-01,1978-10-05,65062,1971-09-03
PAYEMS,1966-12-01,1994-06-02,65042,1978-10-06
PAYEMS,1966-12-01,2003-06-05,65076,1994-06-03
PAYEMS,1966-12-01,2003-10-09,65198,2003-06-06
PAYEMS,1966-12-01,2014-02-06,65199,2003-10-10
PAYEMS,1966-12-01,2019-01-31,65200,2014-02-07
PAYEMS,1966-12-01,2026-07-31,65199,2019-02-01
PAYEMS,1967-01-01,1967-03-15,65360,1967-02-09
PAYEMS,1967-01-01,1967-04-10,65372,1967-03-16
PAYEMS,1967-01-01,1967-09-05,65381,1967-04-11
PAYEMS,1967-01-01,1968-06-11,65564,1967-09-06
PAYEMS,1967-01-01,1969-07-07,65524,1968-06-12
PAYEMS,1967-01-01,1970-06-04,65342,1969-07-08
PAYEMS,1967-01-01,1971-09-02,65347,1970-06-05
PAYEMS,1967-01-01,1972-10-05,65327,1971-09-03
PAYEMS,1967-01-01,1978-10-05,65284,1972-10-06
PAYEMS,1967-01-01,1994-06-02,65240,1978-10-06
PAYEMS,1967-01-01,2003-06-05,65215,1994-06-03
PAYEMS,1967-01-01,2026-07-31,65407,2003-06-06
PAYEMS,1967-02-01,1967-04-10,65495,1967-03-16
PAYEMS,1967-02-01,1967-05-08,65463,1967-04-11
PAYEMS,1967-02-01,1967-09-05,65497,1967-05-09
PAYEMS,1967-02-01,1968-06-11,65692,1967-09-06
PAYEMS,1967-02-01,1969-07-07,65646,1968-06-12
PAYEMS,1967-02-01,1970-06-04,65379,1969-07-08
PAYEMS,1967-02-01,1971-09-02,65378,1970-06-05
PAYEMS,1967-02-01,1972-10-05,65337,1971-09-03
PAYEMS,1967-02-01,1978-10-05,65281,1972-10-06
PAYEMS,1967-02-01,1994-06-02,65224,1978-10-06
PAYEMS,1967-02-01,2003-06-05,65208,1994-06-03
PAYEMS,1967-02-01,2003-10-09,65428,2003-06-06
PAYEMS,1967-02-01,2014-02-06,65427,2003-10-10
PAYEMS,1967-02-01,2019-01-31,65428,2014-02-07
PAYEMS,1967-02-01,2026-07-31,65429,2019-02-01
PAYEMS,1967-03-01,1967-05-08,65486,1967-04-11
PAYEMS,1967-03-01,1967-06-04,65513,1967-05-09
PAYEMS,1967-03-01,1967-09-05,65600,1967-06-05
PAYEMS,1967-03-01,1968-06-11,65749,1967-09-06
PAYEMS,1967-03-01,1969-07-07,65672,1968-06-12
PAYEMS,1967-03-01,1970-06-04,65459,1969-07-08
PAYEMS,1967-03-01,1971-09-02,65455,1970-06-05
PAYEMS,1967-03-01,1972-10-05,65416,1971-09-03
PAYEMS,1967-03-01,1978-10-05,65361,1972-10-06
PAYEMS,1967-03-01,1994-06-02,65305,1978-10-06
PAYEMS,1967-03-01,2003-06-05,65338,1994-06-03
PAYEMS,1967-03-01,2003-10-09,65531,2003-06-06
PAYEMS,1967-03-01,2026-07-31,65530,2003-10-10
PAYEMS,1967-04-01,1967-06-04,65611,1967-05-09
PAYEMS,1967-04-01,1967-07-10,65479,1967-06-05
PAYEMS,1967-04-01,1967-09-05,65476,1967-07-11
PAYEMS,1967-04-01,1968-06-11,65653,1967-09-06
PAYEMS,1967-04-01,1969-07-07,65619,1968-06-12
PAYEMS,1967-04-01,1970-06-04,65469,1969-07-08
PAYEMS,1967-04-01,1971-09-02,65475,1970-06-05
PAYEMS,1967-04-01,1972-10-05,65454,1971-09-03
PAYEMS,1967-04-01,1978-10-05,65442,1972-10-06
PAYEMS,1967-04-01,1994-06-02,65373,1978-10-06
PAYEMS,1967-04-01,2003-06-05,65323,1994-06-03
PAYEMS,1967-04-01,2019-01-31,65467,2003-06-06
PAYEMS,1967-04-01,2026-07-31,65466,2019-02-01
PAYEMS,1967-05-01,1967-07-10,65435,1967-06-05
PAYEMS,1967-05-01,1967-08-07,65412,1967-07-11
PAYEMS,1967-05-01,1967-09-05,65428,1967-08-08
PAYEMS,1967-05-01,1968-06-11,65639,1967-09-06
PAYEMS,1967-05-01,1969-07-07,65677,1968-06-12
PAYEMS,1967-05-01,1970-06-04,65563,1969-07-08
PAYEMS,1967-05-01,1971-09-02,65547,1970-06-05
PAYEMS,1967-05-01,1972-10-05,65544,1971-09-03
PAYEMS,1967-05-01,1978-10-05,65553,1972-10-06
PAYEMS,1967-05-01,2003-06-05,65478,1978-10-06
PAYEMS,1967-05-01,2003-10-09,65617,2003-06-06
PAYEMS,1967-05-01,2014-02-06,65618,2003-10-10
PAYEMS,1967-05-01,2019-01-31,65619,2014-02-07
PAYEMS,1967-05-01,2026-07-31,65620,2019-02-01
PAYEMS,1967-06-01,1967-08-07,65565,1967-07-11
PAYEMS,1967-06-01,1967-09-05,65687,1967-08-08
PAYEMS,1967-06-01,1968-06-11,65903,1967-09-06
PAYEMS,1967-06-01,1969-07-07,65821,1968-06-12
PAYEMS,1967-06-01,1970-06-04,65747,1969-07-08
PAYEMS,1967-06-01,1971-09-02,65699,1970-06-05
PAYEMS,1967-06-01,1972-10-05,65685,1971-09-03
PAYEMS,1967-06-01,1978-10-05,65677,1972-10-06
PAYEMS,1967-06-01,1994-06-02,65642,1978-10-06
PAYEMS,1967-06-01,2003-06-05,65654,1994-06-03
PAYEMS,1967-06-01,2003-10-09,65752,2003-06-06
PAYEMS,1967-06-01,2026-07-31,65750,2003-10-10
PAYEMS,1967-07-01,1967-09-05,65882,1967-08-08
PAYEMS,1967-07-01,1967-10-10,65947,1967-09-06
PAYEMS,1967-07-01,1968-06-11,65939,1967-10-11
PAYEMS,1967-07-01,1969-07-07,65920,1968-06-12
PAYEMS,1967-07-01,1970-06-04,65799,1969-07-08
PAYEMS,1967-07-01,1971-09-02,65820,1970-06-05
PAYEMS,1967-07-01,1972-10-05,65826,1971-09-03
PAYEMS,1967-07-01,1978-10-05,65838,1972-10-06
PAYEMS,1967-07-01,1994-06-02,65816,1978-10-06
PAYEMS,1967-07-01,2003-06-05,65831,1994-06-03
PAYEMS,1967-07-01,2019-01-31,65887,2003-06-06
PAYEMS,1967-07-01,2026-07-31,65888,2019-02-01
PAYEMS,1967-08-01,1967-10-10,66250,1967-09-06
PAYEMS,1967-08-01,1967-11-06,66216,1967-10-11
PAYEMS,1967-08-01,1968-06-11,66190,1967-11-07
PAYEMS,1967-08-01,1969-07-07,66186,1968-06-12
PAYEMS,1967-08-01,1970-06-04,66016,1969-07-08
PAYEMS,1967-08-01,1971-09-02,65965,1970-06-05
PAYEMS,1967-08-01,1972-10-05,65989,1971-09-03
PAYEMS,1967-08-01,1978-10-05,66001,1972-10-06
PAYEMS,1967-08-01,1994-06-02,65933,1978-10-06
PAYEMS,1967-08-01,2003-06-05,65964,1994-06-03
PAYEMS,1967-08-01,2019-01-31,66142,2003-06-06
PAYEMS,1967-08-01,2026-07-31,66143,2019-02-01
PAYEMS,1967-09-01,1967-11-06,66100,1967-10-11
PAYEMS,1967-09-01,1967-12-12,66047,1967-11-07
PAYEMS,1967-09-01,1968-06-11,66055,1967-12-13
PAYEMS,1967-09-01,1969-07-07,66123,1968-06-12
PAYEMS,1967-09-01,1970-06-04,66003,1969-07-08
PAYEMS,1967-09-01,1971-09-02,66034,1970-06-05
PAYEMS,1967-09-01,1972-10-05,66053,1971-09-03
PAYEMS,1967-09-01,1978-10-05,66084,1972-10-06
PAYEMS,1967-09-01,1994-06-02,66074,1978-10-06
PAYEMS,1967-09-01,2003-06-05,66089,1994-06-03
PAYEMS,1967-09-01,2014-02-06,66163,2003-06-06
PAYEMS,1967-09-01,2026-07-31,66164,2014-02-07
PAYEMS,1967-10-01,1967-12-12,66165,1967-11-07
PAYEMS,1967-10-01,1968-01-09,66231,1967-12-13
PAYEMS,1967-10-01,1968-06-11,66243,1968-01-10
PAYEMS,1967-10-01,1969-07-07,66286,1968-06-12
PAYEMS,1967-10-01,1970-06-04,66083,1969-07-08
PAYEMS,1967-10-01,1971-09-02,66098,1970-06-05
PAYEMS,1967-10-01,1972-10-05,66104,1971-09-03
PAYEMS,1967-10-01,1978-10-05,66124,1972-10-06
PAYEMS,1967-10-01,1994-06-02,66091,1978-10-06
PAYEMS,1967-10-01,2003-06-05,66111,1994-06-03
PAYEMS,1967-10-01,2026-07-31,66225,2003-06-06
PAYEMS,1967-11-01,1968-01-09,66709,1967-12-13
PAYEMS,1967-11-01,1968-02-06,66929,1968-01-10
PAYEMS,1967-11-01,1968-06-11,66918,1968-02-07
PAYEMS,1967-11-01,1969-07-07,66778,1968-06-12
PAYEMS,1967-11-01,1970-06-04,66600,1969-07-08
PAYEMS,1967-11-01,1971-09-02,66613,1970-06-05
PAYEMS,1967-11-01,1972-10-05,66611,1971-09-03
PAYEMS,1967-11-01,1978-10-05,66624,1972-10-06
PAYEMS,1967-11-01,1994-06-02,66570,1978-10-06
PAYEMS,1967-11-01,2003-06-05,66591,1994-06-03
PAYEMS,1967-11-01,2003-10-09,66702,2003-06-06
PAYEMS,1967-11-01,2026-07-31,66703,2003-10-10
PAYEMS,1967-12-01,1968-02-06,67128,1968-01-10
PAYEMS,1967-12-01,1968-03-11,67110,1968-02-07
PAYEMS,1967-12-01,1968-06-11,67126,1968-03-12
PAYEMS,1967-12-01,1969-07-07,67060,1968-06-12
PAYEMS,1967-12-01,1970-06-04,66734,1969-07-08
PAYEMS,1967-12-01,1971-09-02,66772,1970-06-05
PAYEMS,1967-12-01,1972-10-05,66753,1971-09-03
PAYEMS,1967-12-01,1978-10-05,66816,1972-10-06
PAYEMS,1967-12-01,1994-06-02,66767,1978-10-06
PAYEMS,1967-12-01,2003-06-05,66776,1994-06-03
PAYEMS,1967-12-01,2003-10-09,66899,2003-06-06
PAYEMS,1967-12-01,2026-07-31,66900,2003-10-10
PAYEMS,1968-01-01,1968-04-09,67146,1968-02-07
PAYEMS,1968-01-01,1968-06-11,67137,1968-04-10
PAYEMS,1968-01-01,1969-07-07,67058,1968-06-12
PAYEMS,1968-01-01,1970-06-04,66720,1969-07-08
PAYEMS,1968-01-01,1971-09-02,66754,1970-06-05
PAYEMS,1968-01-01,1972-10-05,66722,1971-09-03
PAYEMS,1968-01-01,1973-05-31,66687,1972-10-06
PAYEMS,1968-01-01,1974-12-05,66706,1973-06-01
PAYEMS,1968-01-01,1978-10-05,66701,1974-12-06
PAYEMS,1968-01-01,1994-06-02,66656,1978-10-06
PAYEMS,1968-01-01,2003-06-05,66606,1994-06-03
PAYEMS,1968-01-01,2003-10-09,66804,2003-06-06
PAYEMS,1968-01-01,2019-01-31,66805,2003-10-10
PAYEMS,1968-01-01,2026-07-31,66804,2019-02-01
PAYEMS,1968-02-01,1968-04-09,67694,1968-03-12
PAYEMS,1968-02-01,1968-06-11,67712,1968-04-10
PAYEMS,1968-02-01,1969-07-07,67600,1968-06-12
PAYEMS,1968-02-01,1970-06-04,67165,1969-07-08
PAYEMS,1968-02-01,1971-09-02,67166,1970-06-05
PAYEMS,1968-02-01,1972-10-05,67119,1971-09-03
PAYEMS,1968-02-01,1973-05-31,67090,1972-10-06
PAYEMS,1968-02-01,1974-12-05,67075,1973-06-01
PAYEMS,1968-02-01,1978-10-05,67077,1974-12-06
PAYEMS,1968-02-01,1994-06-02,67026,1978-10-06
PAYEMS,1968-02-01,2003-06-05,67029,1994-06-03
PAYEMS,1968-02-01,2014-02-06,67214,2003-06-06
PAYEMS,1968-02-01,2026-07-31,67215,2014-02-07
PAYEMS,1968-03-01,1968-05-07,67855,1968-04-10
PAYEMS,1968-03-01,1968-06-11,67813,1968-05-08
PAYEMS,1968-03-01,1969-07-07,67656,1968-06-12
PAYEMS,1968-03-01,1970-06-04,67286,1969-07-08
PAYEMS,1968-03-01,1971-09-02,67306,1970-06-05
PAYEMS,1968-03-01,1972-10-05,67253,1971-09-03
PAYEMS,1968-03-01,1973-05-31,67206,1972-10-06
PAYEMS,1968-03-01,1974-12-05,67190,1973-06-01
PAYEMS,1968-03-01,1978-10-05,67197,1974-12-06
PAYEMS,1968-03-01,1994-06-02,67156,1978-10-06
PAYEMS,1968-03-01,2003-06-05,67132,1994-06-03
PAYEMS,1968-03-01,2014-02-06,67296,2003-06-06
PAYEMS,1968-03-01,2026-07-31,67295,2014-02-07
PAYEMS,1968-04-01,1968-06-11,67921,1968-05-08
PAYEMS,1968-04-01,1968-07-09,67784,1968-06-12
PAYEMS,1968-04-01,1969-07-07,67755,1968-07-10
PAYEMS,1968-04-01,1970-06-04,67466,1969-07-08
PAYEMS,1968-04-01,1971-09-02,67500,1970-06-05
PAYEMS,1968-04-01,1972-10-05,67466,1971-09-03
PAYEMS,1968-04-01,1973-05-31,67431,1972-10-06
PAYEMS,1968-04-01,1974-12-05,67426,1973-06-01
PAYEMS,1968-04-01,1978-10-05,67455,1974-12-06
PAYEMS,1968-04-01,1994-06-02,67422,1978-10-06
PAYEMS,1968-04-01,2003-06-05,67417,1994-06-03
PAYEMS,1968-04-01,2003-10-09,67557,2003-06-06
PAYEMS,1968-04-01,2019-01-31,67555,2003-10-10
PAYEMS,1968-04-01,2026-07-31,67556,2019-02-01
PAYEMS,1968-05-01,1968-07-09,67788,1968-06-12
PAYEMS,1968-05-01,1968-08-06,67781,1968-07-10
PAYEMS,1968-05-01,1969-07-07,67792,1968-08-07
PAYEMS,1968-05-01,1970-06-04,67550,1969-07-08
PAYEMS,1968-05-01,1971-09-02,67567,1970-06-05
PAYEMS,1968-05-01,1972-10-05,67555,1971-09-03
PAYEMS,1968-05-01,1973-05-31,67534,1972-10-06
PAYEMS,1968-05-01,1974-12-05,67530,1973-06-01
PAYEMS,1968-05-01,1978-10-05,67560,1974-12-06
PAYEMS,1968-05-01,1994-06-02,67519,1978-10-06
PAYEMS,1968-05-01,2003-06-05,67495,1994-06-03
PAYEMS,1968-05-01,2003-10-09,67651,2003-06-06
PAYEMS,1968-05-01,2014-02-06,67652,2003-10-10
PAYEMS,1968-05-01,2019-01-31,67653,2014-02-07
PAYEMS,1968-05-01,2026-07-31,67652,2019-02-01
PAYEMS,1968-06-01,1968-08-06,67863,1968-07-10
PAYEMS,1968-06-01,1968-09-10,67997,1968-08-07
PAYEMS,1968-06-01,1969-07-07,68039,1968-09-11
PAYEMS,1968-06-01,1970-06-04,67816,1969-07-08
PAYEMS,1968-06-01,1971-09-02,67809,1970-06-05
PAYEMS,1968-06-01,1972-10-05,67774,1971-09-03
PAYEMS,1968-06-01,1973-05-31,67754,1972-10-06
PAYEMS,1968-06-01,1974-12-05,67752,1973-06-01
PAYEMS,1968-06-01,1978-10-05,67825,1974-12-06
PAYEMS,1968-06-01,1994-06-02,67779,1978-10-06
PAYEMS,1968-06-01,2003-06-05,67783,1994-06-03
PAYEMS,1968-06-01,2003-10-09,67905,2003-06-06
PAYEMS,1968-06-01,2019-01-31,67904,2003-10-10
PAYEMS,1968-06-01,2026-07-31,67905,2019-02-01
PAYEMS,1968-07-01,1968-09-10,68156,1968-08-07
PAYEMS,1968-07-01,1968-10-08,68201,1968-09-11
PAYEMS,1968-07-01,1969-07-07,68170,1968-10-09
PAYEMS,1968-07-01,1970-06-04,67945,1969-07-08
PAYEMS,1968-07-01,1971-09-02,67962,1970-06-05
PAYEMS,1968-07-01,1972-10-05,67920,1971-09-03
PAYEMS,1968-07-01,1973-05-31,67946,1972-10-06
PAYEMS,1968-07-01,1974-12-05,67961,1973-06-01
PAYEMS,1968-07-01,1978-10-05,68046,1974-12-06
PAYEMS,1968-07-01,1994-06-02,67979,1978-10-06
PAYEMS,1968-07-01,2003-06-05,68003,1994-06-03
PAYEMS,1968-07-01,2014-02-06,68126,2003-06-06
PAYEMS,1968-07-01,2019-01-31,68125,2014-02-07
PAYEMS,1968-07-01,2026-07-31,68126,2019-02-01
PAYEMS,1968-08-01,1968-10-08,68409,1968-09-11
PAYEMS,1968-08-01,1968-11-05,68335,1968-10-09
PAYEMS,1968-08-01,1969-07-07,68314,1968-11-06
PAYEMS,1968-08-01,1970-06-04,68088,1969-07-08
PAYEMS,1968-08-01,1971-09-02,68152,1970-06-05
PAYEMS,1968-08-01,1972-10-05,68137,1971-09-03
PAYEMS,1968-08-01,1973-05-31,68186,1972-10-06
PAYEMS,1968-08-01,1974-12-05,68190,1973-06-01
PAYEMS,1968-08-01,1978-10-05,68256,1974-12-06
PAYEMS,1968-08-01,1994-06-02,68189,1978-10-06
PAYEMS,1968-08-01,2003-06-05,68219,1994-06-03
PAYEMS,1968-08-01,2019-01-31,68328,2003-06-06
PAYEMS,1968-08-01,2026-07-31,68330,2019-02-01
PAYEMS,1968-09-01,1968-11-05,68458,1968-10-09
PAYEMS,1968-09-01,1968-12-10,68389,1968-11-06
PAYEMS,1968-09-01,1969-07-07,68382,1968-12-11
PAYEMS,1968-09-01,1970-06-04,68195,1969-07-08
PAYEMS,1968-09-01,1971-09-02,68288,1970-06-05
PAYEMS,1968-09-01,1972-10-05,68284,1971-09-03
PAYEMS,1968-09-01,1973-05-31,68353,1972-10-06
PAYEMS,1968-09-01,1974-12-05,68348,1973-06-01
PAYEMS,1968-09-01,1978-10-05,68421,1974-12-06
PAYEMS,1968-09-01,1994-06-02,68333,1978-10-06
PAYEMS,1968-09-01,2003-06-05,68365,1994-06-03
PAYEMS,1968-09-01,2019-01-31,68487,2003-06-06
PAYEMS,1968-09-01,2026-07-31,68484,2019-02-01
PAYEMS,1968-10-01,1968-12-10,68525,1968-11-06
PAYEMS,1968-10-01,1969-01-08,68640,1968-12-11
PAYEMS,1968-10-01,1969-07-07,68701,1969-01-09
PAYEMS,1968-10-01,1970-06-04,68427,1969-07-08
PAYEMS,1968-10-01,1971-09-02,68547,1970-06-05
PAYEMS,1968-10-01,1972-10-05,68527,1971-09-03
PAYEMS,1968-10-01,1973-05-31,68563,1972-10-06
PAYEMS,1968-10-01,1974-12-05,68567,1973-06-01
PAYEMS,1968-10-01,1978-10-05,68645,1974-12-06
PAYEMS,1968-10-01,1994-06-02,68569,1978-10-06
PAYEMS,1968-10-01,2003-06-05,68603,1994-06-03
PAYEMS,1968-10-01,2019-01-31,68720,2003-06-06
PAYEMS,1968-10-01,2026-07-31,68721,2019-02-01
PAYEMS,1968-11-01,1969-01-08,68803,1968-12-11
PAYEMS,1968-11-01,1969-02-10,68920,1969-01-09
PAYEMS,1968-11-01,1969-07-07,68955,1969-02-11
PAYEMS,1968-11-01,1970-06-04,68664,1969-07-08
PAYEMS,1968-11-01,1971-09-02,68805,1970-06-05
PAYEMS,1968-11-01,1972-10-05,68813,1971-09-03
PAYEMS,1968-11-01,1973-05-31,68827,1972-10-06
PAYEMS,1968-11-01,1974-12-05,68829,1973-06-01
PAYEMS,1968-11-01,1978-10-05,68905,1974-12-06
PAYEMS,1968-11-01,1994-06-02,68837,1978-10-06
PAYEMS,1968-11-01,2003-06-05,68855,1994-06-03
PAYEMS,1968-11-01,2003-10-09,68984,2003-06-06
PAYEMS,1968-11-01,2019-01-31,68985,2003-10-10
PAYEMS,1968-11-01,2026-07-31,68984,2019-02-01
PAYEMS,1968-12-01,1969-02-10,69186,1969-01-09
PAYEMS,1968-12-01,1969-03-09,69280,1969-02-11
PAYEMS,1968-12-01,1969-07-07,69310,1969-03-10
PAYEMS,1968-12-01,1970-06-04,68875,1969-07-08
PAYEMS,1968-12-01,1971-09-02,69039,1970-06-05
PAYEMS,1968-12-01,1972-10-05,69098,1971-09-03
PAYEMS,1968-12-01,1973-05-31,69106,1972-10-06
PAYEMS,1968-12-01,1974-12-05,69115,1973-06-01
PAYEMS,1968-12-01,1978-10-05,69221,1974-12-06
PAYEMS,1968-12-01,1994-06-02,69151,1978-10-06
PAYEMS,1968-12-01,2003-06-05,69161,1994-06-03
PAYEMS,1968-12-01,2003-10-09,69243,2003-06-06
PAYEMS,1968-12-01,2014-02-06,69245,2003-10-10
PAYEMS,1968-12-01,2019-01-31,69246,2014-02-07
PAYEMS,1968-12-01,2026-07-31,69248,2019-02-01
PAYEMS,1969-01-01,1969-03-09,69538,1969-02-11
PAYEMS,1969-01-01,1969-04-07,69618,1969-03-10
PAYEMS,1969-01-01,1969-07-07,69620,1969-04-08
PAYEMS,1969-01-01,1970-06-04,69199,1969-07-08
PAYEMS,1969-01-01,1971-09-02,69352,1970-06-05
PAYEMS,1969-01-01,1972-10-05,69287,1971-09-03
PAYEMS,1969-01-01,1973-05-31,69272,1972-10-06
PAYEMS,1969-01-01,1974-12-05,69259,1973-06-01
PAYEMS,1969-01-01,1978-10-05,69381,1974-12-06
PAYEMS,1969-01-01,1994-06-02,69297,1978-10-06
PAYEMS,1969-01-01,2003-06-05,69272,1994-06-03
PAYEMS,1969-01-01,2019-01-31,69438,2003-06-06
PAYEMS,1969-01-01,2026-07-31,69439,2019-02-01
PAYEMS,1969-02-01,1969-04-07,69997,1969-03-10
PAYEMS,1969-02-01,1969-05-04,69955,1969-04-08
PAYEMS,1969-02-01,1969-07-07,69983,1969-05-05
PAYEMS,1969-02-01,1970-06-04,69487,1969-07-08
PAYEMS,1969-02-01,1971-09-02,69605,1970-06-05
PAYEMS,1969-02-01,1972-10-05,69529,1971-09-03
PAYEMS,1969-02-01,1973-05-31,69507,1972-10-06
PAYEMS,1969-02-01,1974-12-05,69508,1973-06-01
PAYEMS,1969-02-01,1978-10-05,69618,1974-12-06
PAYEMS,1969-02-01,1994-06-02,69575,1978-10-06
PAYEMS,1969-02-01,2003-06-05,69542,1994-06-03
PAYEMS,1969-02-01,2003-10-09,69699,2003-06-06
PAYEMS,1969-02-01,2014-02-06,69698,2003-10-10
PAYEMS,1969-02-01,2019-01-31,69700,2014-02-07
PAYEMS,1969-02-01,2026-07-31,69699,2019-02-01
PAYEMS,1969-03-01,1969-05-04,70102,1969-04-08
PAYEMS,1969-03-01,1969-06-08,70180,1969-05-05
PAYEMS,1969-03-01,1969-07-07,70159,1969-06-09
PAYEMS,1969-03-01,1970-06-04,69710,1969-07-08
PAYEMS,1969-03-01,1971-09-02,69827,1970-06-05
PAYEMS,1969-03-01,1972-10-05,69766,1971-09-03
PAYEMS,1969-03-01,1973-05-31,69708,1972-10-06
PAYEMS,1969-03-01,1974-12-05,69716,1973-06-01
PAYEMS,1969-03-01,1978-10-05,69835,1974-12-06
PAYEMS,1969-03-01,1994-06-02,69803,1978-10-06
PAYEMS,1969-03-01,2003-06-05,69791,1994-06-03
PAYEMS,1969-03-01,2014-02-06,69906,2003-06-06
PAYEMS,1969-03-01,2026-07-31,69905,2014-02-07
PAYEMS,1969-04-01,1969-06-08,70214,1969-05-05
PAYEMS,1969-04-01,1969-07-07,70190,1969-06-09
PAYEMS,1969-04-01,1970-06-04,69789,1969-07-08
PAYEMS,1969-04-01,1971-09-02,69992,1970-06-05
PAYEMS,1969-04-01,1972-10-05,69941,1971-09-03
PAYEMS,1969-04-01,1973-05-31,69892,1972-10-06
PAYEMS,1969-04-01,1974-12-05,69883,1973-06-01
PAYEMS,1969-04-01,1978-10-05,70008,1974-12-06
PAYEMS,1969-04-01,1994-06-02,69980,1978-10-06
PAYEMS,1969-04-01,2003-06-05,69948,1994-06-03
PAYEMS,1969-04-01,2003-10-09,70074,2003-06-06
PAYEMS,1969-04-01,2026-07-31,70072,2003-10-10
PAYEMS,1969-05-01,1969-07-07,70282,1969-06-09
PAYEMS,1969-05-01,1969-08-03,70024,1969-07-08
PAYEMS,1969-05-01,1970-06-04,70013,1969-08-04
PAYEMS,1969-05-01,1971-09-02,70172,1970-06-05
PAYEMS,1969-05-01,1972-10-05,70171,1971-09-03
PAYEMS,1969-05-01,1973-05-31,70145,1972-10-06
PAYEMS,1969-05-01,1974-12-05,70068,1973-06-01
PAYEMS,1969-05-01,1978-10-05,70228,1974-12-06
PAYEMS,1969-05-01,1994-06-02,70197,1978-10-06
PAYEMS,1969-05-01,2003-06-05,70180,1994-06-03
PAYEMS,1969-05-01,2026-07-31,70328,2003-06-06
PAYEMS,1969-06-01,1969-08-03,70216,1969-07-08
PAYEMS,1969-06-01,1969-09-07,70270,1969-08-04
PAYEMS,1969-06-01,1970-06-04,70300,1969-09-08
PAYEMS,1969-06-01,1971-09-02,70347,1970-06-05
PAYEMS,1969-06-01,1972-10-05,70368,1971-09-03
PAYEMS,1969-06-01,1973-05-31,70352,1972-10-06
PAYEMS,1969-06-01,1974-12-05,70347,1973-06-01
PAYEMS,1969-06-01,1978-10-05,70520,1974-12-06
PAYEMS,1969-06-01,1994-06-02,70478,1978-10-06
PAYEMS,1969-06-01,2003-06-05,70498,1994-06-03
PAYEMS,1969-06-01,2026-07-31,70636,2003-06-06
PAYEMS,1969-07-01,1969-09-07,70462,1969-08-04
PAYEMS,1969-07-01,1969-10-05,70269,1969-09-08
PAYEMS,1969-07-01,1970-06-04,70247,1969-10-06
PAYEMS,1969-07-01,1971-09-02,70400,1970-06-05
PAYEMS,1969-07-01,1972-10-05,70406,1971-09-03
PAYEMS,1969-07-01,1973-05-31,70461,1972-10-06
PAYEMS,1969-07-01,1974-12-05,70468,1973-06-01
PAYEMS,1969-07-01,1978-10-05,70693,1974-12-06
PAYEMS,1969-07-01,1994-06-02,70629,1978-10-06
PAYEMS,1969-07-01,2003-06-05,70668,1994-06-03
PAYEMS,1969-07-01,2003-10-09,70729,2003-06-06
PAYEMS,1969-07-01,2014-02-06,70730,2003-10-10
PAYEMS,1969-07-01,2026-07-31,70729,2014-02-07
PAYEMS,1969-08-01,1969-10-05,70436,1969-09-08
PAYEMS,1969-08-01,1969-11-06,70405,1969-10-06
PAYEMS,1969-08-01,1970-06-04,70500,1969-11-07
PAYEMS,1969-08-01,1971-09-02,70497,1970-06-05
PAYEMS,1969-08-01,1972-10-05,70512,1971-09-03
PAYEMS,1969-08-01,1973-05-31,70572,1972-10-06
PAYEMS,1969-08-01,1974-12-05,70584,1973-06-01
PAYEMS,1969-08-01,1978-10-05,70798,1974-12-06
PAYEMS,1969-08-01,1994-06-02,70742,1978-10-06
PAYEMS,1969-08-01,2003-06-05,70799,1994-06-03
PAYEMS,1969-08-01,2003-10-09,71004,2003-06-06
PAYEMS,1969-08-01,2014-02-06,71005,2003-10-10
PAYEMS,1969-08-01,2019-01-31,71006,2014-02-07
PAYEMS,1969-08-01,2026-07-31,71008,2019-02-01
PAYEMS,1969-09-01,1969-11-06,70398,1969-10-06
PAYEMS,1969-09-01,1969-12-04,70486,1969-11-07
PAYEMS,1969-09-01,1970-06-04,70390,1969-12-05
PAYEMS,1969-09-01,1971-09-02,70567,1970-06-05
PAYEMS,1969-09-01,1972-10-05,70616,1971-09-03
PAYEMS,1969-09-01,1973-05-31,70651,1972-10-06
PAYEMS,1969-09-01,1974-12-05,70645,1973-06-01
PAYEMS,1969-09-01,1978-10-05,70873,1974-12-06
PAYEMS,1969-09-01,1994-06-02,70800,1978-10-06
PAYEMS,1969-09-01,2003-06-05,70833,1994-06-03
PAYEMS,1969-09-01,2003-10-09,70917,2003-06-06
PAYEMS,1969-09-01,2014-02-06,70918,2003-10-10
PAYEMS,1969-09-01,2019-01-31,70917,2014-02-07
PAYEMS,1969-09-01,2026-07-31,70914,2019-02-01
PAYEMS,1969-10-01,1969-12-04,70673,1969-11-07
PAYEMS,1969-10-01,1970-01-08,70642,1969-12-05
PAYEMS,1969-10-01,1970-06-04,70651,1970-01-09
PAYEMS,1969-10-01,1971-09-02,70836,1970-06-05
PAYEMS,1969-10-01,1972-10-05,70827,1971-09-03
PAYEMS,1969-10-01,1973-05-31,70846,1972-10-06
PAYEMS,1969-10-01,1974-12-05,70837,1973-06-01
PAYEMS,1969-10-01,1978-10-05,71047,1974-12-06
PAYEMS,1969-10-01,1994-06-02,70957,1978-10-06
PAYEMS,1969-10-01,2003-06-05,70993,1994-06-03
PAYEMS,1969-10-01,2014-02-06,71119,2003-06-06
PAYEMS,1969-10-01,2019-01-31,71120,2014-02-07
PAYEMS,1969-10-01,2026-07-31,71121,2019-02-01
PAYEMS,1969-11-01,1970-01-08,70621,1969-12-05
PAYEMS,1969-11-01,1970-02-05,70653,1970-01-09
PAYEMS,1969-11-01,1970-06-04,70635,1970-02-06
PAYEMS,1969-11-01,1971-09-02,70808,1970-06-05
PAYEMS,1969-11-01,1972-10-05,70797,1971-09-03
PAYEMS,1969-11-01,1973-05-31,70823,1972-10-06
PAYEMS,1969-11-01,1974-12-05,70794,1973-06-01
PAYEMS,1969-11-01,1978-10-05,71001,1974-12-06
PAYEMS,1969-11-01,1994-06-02,70921,1978-10-06
PAYEMS,1969-11-01,2003-06-05,70941,1994-06-03
PAYEMS,1969-11-01,2014-02-06,71088,2003-06-06
PAYEMS,1969-11-01,2019-01-31,71087,2014-02-07
PAYEMS,1969-11-01,2026-07-31,71086,2019-02-01
PAYEMS,1969-12-01,1970-02-05,70639,1970-01-09
PAYEMS,1969-12-01,1970-03-05,70656,1970-02-06
PAYEMS,1969-12-01,1970-06-04,70679,1970-03-06
PAYEMS,1969-12-01,1971-09-02,70842,1970-06-05
PAYEMS,1969-12-01,1972-10-05,70912,1971-09-03
PAYEMS,1969-12-01,1973-05-31,70949,1972-10-06
PAYEMS,1969-12-01,1974-12-05,70950,1973-06-01
PAYEMS,1969-12-01,1978-10-05,71178,1974-12-06
PAYEMS,1969-12-01,1994-06-02,71119,1978-10-06
PAYEMS,1969-12-01,2003-06-05,71127,1994-06-03
PAYEMS,1969-12-01,2003-10-09,71239,2003-06-06
PAYEMS,1969-12-01,2019-01-31,71240,2003-10-10
PAYEMS,1969-12-01,2026-07-31,71241,2019-02-01
PAYEMS,1970-01-01,1970-03-05,70649,1970-02-06
PAYEMS,1970-01-01,1970-04-09,70778,1970-03-06
PAYEMS,1970-01-01,1970-06-04,70818,1970-04-10
PAYEMS,1970-01-01,1971-09-02,70992,1970-06-05
PAYEMS,1970-01-01,1972-10-05,70873,1971-09-03
PAYEMS,1970-01-01,1973-05-31,70875,1972-10-06
PAYEMS,1970-01-01,1974-12-05,70881,1973-06-01
PAYEMS,1970-01-01,1975-10-02,71111,1974-12-06
PAYEMS,1970-01-01,1978-10-05,71156,1975-10-03
PAYEMS,1970-01-01,1994-06-02,71059,1978-10-06
PAYEMS,1970-01-01,2003-06-05,71018,1994-06-03
PAYEMS,1970-01-01,2003-10-09,71175,2003-06-06
PAYEMS,1970-01-01,2026-07-31,71176,2003-10-10
PAYEMS,1970-02-01,1970-04-09,70766,1970-03-06
PAYEMS,1970-02-01,1970-05-07,70990,1970-04-10
PAYEMS,1970-02-01,1970-06-04,71004,1970-05-08
PAYEMS,1970-02-01,1971-09-02,71135,1970-06-05
PAYEMS,1970-02-01,1972-10-05,70988,1971-09-03
PAYEMS,1970-02-01,1974-12-05,71007,1972-10-06
PAYEMS,1970-02-01,1975-10-02,71225,1974-12-06
PAYEMS,1970-02-01,1978-10-05,71219,1975-10-03
PAYEMS,1970-02-01,1994-06-02,71201,1978-10-06
PAYEMS,1970-02-01,2003-06-05,71165,1994-06-03
PAYEMS,1970-02-01,2003-10-09,71303,2003-06-06
PAYEMS,1970-02-01,2014-02-06,71302,2003-10-10
PAYEMS,1970-02-01,2019-01-31,71304,2014-02-07
PAYEMS,1970-02-01,2026-07-31,71305,2019-02-01
PAYEMS,1970-03-01,1970-05-07,71033,1970-04-10
PAYEMS,1970-03-01,1970-06-04,71060,1970-05-08
PAYEMS,1970-03-01,1970-11-05,71256,1970-06-05
PAYEMS,1970-03-01,1971-09-02,71242,1970-11-06
PAYEMS,1970-03-01,1972-10-05,71147,1971-09-03
PAYEMS,1970-03-01,1973-05-31,71081,1972-10-06
PAYEMS,1970-03-01,1974-12-05,71107,1973-06-01
PAYEMS,1970-03-01,1975-10-02,71355,1974-12-06
PAYEMS,1970-03-01,1978-10-05,71353,1975-10-03
PAYEMS,1970-03-01,1994-06-02,71363,1978-10-06
PAYEMS,1970-03-01,2003-06-05,71347,1994-06-03
PAYEMS,1970-03-01,2003-10-09,71454,2003-06-06
PAYEMS,1970-03-01,2014-02-06,71453,2003-10-10
PAYEMS,1970-03-01,2019-01-31,71452,2014-02-07
PAYEMS,1970-03-01,2026-07-31,71451,2019-02-01
PAYEMS,1970-04-01,1970-06-04,70972,1970-05-08
PAYEMS,1970-04-01,1970-07-01,71124,1970-06-05
PAYEMS,1970-04-01,1970-11-05,71163,1970-07-02
PAYEMS,1970-04-01,1971-09-02,71149,1970-11-06
PAYEMS,1970-04-01,1972-10-05,71063,1971-09-03
PAYEMS,1970-04-01,1973-05-31,71007,1972-10-06
PAYEMS,1970-04-01,1974-12-05,71033,1973-06-01
PAYEMS,1970-04-01,1975-10-02,71310,1974-12-06
PAYEMS,1970-04-01,1978-10-05,71304,1975-10-03
PAYEMS,1970-04-01,1994-06-02,71283,1978-10-06
PAYEMS,1970-04-01,2003-06-05,71251,1994-06-03
PAYEMS,1970-04-01,2003-10-09,71350,2003-06-06
PAYEMS,1970-04-01,2026-07-31,71348,2003-10-10
PAYEMS,1970-05-01,1970-07-01,70855,1970-06-05
PAYEMS,1970-05-01,1970-08-06,70881,1970-07-02
PAYEMS,1970-05-01,1970-11-05,70852,1970-08-07
PAYEMS,1970-05-01,1971-09-02,70839,1970-11-06
PAYEMS,1970-05-01,1972-10-05,70796,1971-09-03
PAYEMS,1970-05-01,1973-05-31,70730,1972-10-06
PAYEMS,1970-05-01,1974-12-05,70724,1973-06-01
PAYEMS,1970-05-01,1975-10-02,71003,1974-12-06
PAYEMS,1970-05-01,1978-10-05,71008,1975-10-03
PAYEMS,1970-05-01,1994-06-02,70998,1978-10-06
PAYEMS,1970-05-01,2003-06-05,70993,1994-06-03
PAYEMS,1970-05-01,2014-02-06,71122,2003-06-06
PAYEMS,1970-05-01,2019-01-31,71123,2014-02-07
PAYEMS,1970-05-01,2026-07-31,71124,2019-02-01
PAYEMS,1970-06-01,1970-08-06,70666,1970-07-02
PAYEMS,1970-06-01,1970-09-03,70598,1970-08-07
PAYEMS,1970-06-01,1970-11-05,70603,1970-09-04
PAYEMS,1970-06-01,1971-09-02,70629,1970-11-06
PAYEMS,1970-06-01,1972-10-05,70634,1971-09-03
PAYEMS,1970-06-01,1973-05-31,70574,1972-10-06
PAYEMS,1970-06-01,1974-12-05,70598,1973-06-01
PAYEMS,1970-06-01,1975-10-02,70914,1974-12-06
PAYEMS,1970-06-01,1978-10-05,70902,1975-10-03
PAYEMS,1970-06-01,1994-06-02,70888,1978-10-06
PAYEMS,1970-06-01,2003-06-05,70905,1994-06-03
PAYEMS,1970-06-01,2003-10-09,71027,2003-06-06
PAYEMS,1970-06-01,2014-02-06,71028,2003-10-10
PAYEMS,1970-06-01,2026-07-31,71029,2014-02-07
PAYEMS,1970-07-01,1970-09-03,70455,1970-08-07
PAYEMS,1970-07-01,1970-10-01,70635,1970-09-04
PAYEMS,1970-07-01,1970-11-05,70546,1970-10-02
PAYEMS,1970-07-01,1971-09-02,70587,1970-11-06
PAYEMS,1970-07-01,1972-10-05,70605,1971-09-03
PAYEMS,1970-07-01,1973-05-31,70612,1972-10-06
PAYEMS,1970-07-01,1974-12-05,70619,1973-06-01
PAYEMS,1970-07-01,1975-10-02,70980,1974-12-06
PAYEMS,1970-07-01,1978-10-05,70960,1975-10-03
PAYEMS,1970-07-01,1994-06-02,70927,1978-10-06
PAYEMS,1970-07-01,2003-06-05,70969,1994-06-03
PAYEMS,1970-07-01,2003-10-09,71054,2003-06-06
PAYEMS,1970-07-01,2014-02-06,71055,2003-10-10
PAYEMS,1970-07-01,2026-07-31,71053,2014-02-07
PAYEMS,1970-08-01,1970-10-01,70543,1970-09-04
PAYEMS,1970-08-01,1970-11-05,70384,1970-10-02
PAYEMS,1970-08-01,1971-09-02,70414,1970-11-06
PAYEMS,1970-08-01,1972-10-05,70445,1971-09-03
PAYEMS,1970-08-01,1973-05-31,70472,1972-10-06
PAYEMS,1970-08-01,1974-12-05,70432,1973-06-01
PAYEMS,1970-08-01,1975-10-02,70814,1974-12-06
PAYEMS,1970-08-01,1978-10-05,70797,1975-10-03
PAYEMS,1970-08-01,1994-06-02,70750,1978-10-06
PAYEMS,1970-08-01,2003-06-05,70789,1994-06-03
PAYEMS,1970-08-01,2003-10-09,70931,2003-06-06
PAYEMS,1970-08-01,2014-02-06,70932,2003-10-10
PAYEMS,1970-08-01,2019-01-31,70933,2014-02-07
PAYEMS,1970-08-01,2026-07-31,70937,2019-02-01
PAYEMS,1970-09-01,1970-11-05,70380,1970-10-02
PAYEMS,1970-09-01,1970-12-03,70610,1970-11-06
PAYEMS,1970-09-01,1971-09-02,70531,1970-12-04
PAYEMS,1970-09-01,1972-10-05,70480,1971-09-03
PAYEMS,1970-09-01,1973-05-31,70499,1972-10-06
PAYEMS,1970-09-01,1974-12-05,70528,1973-06-01
PAYEMS,1970-09-01,1975-10-02,70915,1974-12-06
PAYEMS,1970-09-01,1978-10-05,70865,1975-10-03
PAYEMS,1970-09-01,1994-06-02,70815,1978-10-06
PAYEMS,1970-09-01,2003-06-05,70857,1994-06-03
PAYEMS,1970-09-01,2003-10-09,70948,2003-06-06
PAYEMS,1970-09-01,2014-02-06,70949,2003-10-10
PAYEMS,1970-09-01,2019-01-31,70948,2014-02-07
PAYEMS,1970-09-01,2026-07-31,70944,2019-02-01
PAYEMS,1970-10-01,1970-12-03,70129,1970-11-06
PAYEMS,1970-10-01,1971-01-07,70216,1970-12-04
PAYEMS,1970-10-01,1971-09-02,70182,1971-01-08
PAYEMS,1970-10-01,1972-10-05,70082,1971-09-03
PAYEMS,1970-10-01,1973-05-31,70065,1972-10-06
PAYEMS,1970-10-01,1974-12-05,70068,1973-06-01
PAYEMS,1970-10-01,1975-10-02,70440,1974-12-06
PAYEMS,1970-10-01,1978-10-05,70462,1975-10-03
PAYEMS,1970-10-01,1994-06-02,70383,1978-10-06
PAYEMS,1970-10-01,2003-06-05,70416,1994-06-03
PAYEMS,1970-10-01,2019-01-31,70519,2003-06-06
PAYEMS,1970-10-01,2026-07-31,70521,2019-02-01
PAYEMS,1970-11-01,1971-01-07,70082,1970-12-04
PAYEMS,1970-11-01,1971-02-04,70076,1971-01-08
PAYEMS,1970-11-01,1971-09-02,70085,1971-02-05
PAYEMS,1970-11-01,1972-10-05,69985,1971-09-03
PAYEMS,1970-11-01,1973-05-31,69968,1972-10-06
PAYEMS,1970-11-01,1974-12-05,69939,1973-06-01
PAYEMS,1970-11-01,1975-10-02,70319,1974-12-06
PAYEMS,1970-11-01,1978-10-05,70326,1975-10-03
PAYEMS,1970-11-01,1994-06-02,70264,1978-10-06
PAYEMS,1970-11-01,2003-06-05,70296,1994-06-03
PAYEMS,1970-11-01,2026-07-31,70409,2003-06-06
PAYEMS,1970-12-01,1971-02-04,70364,1971-01-08
PAYEMS,1970-12-01,1971-03-04,70264,1971-02-05
PAYEMS,1970-12-01,1971-09-02,70303,1971-03-05
PAYEMS,1970-12-01,1972-10-05,70313,1971-09-03
PAYEMS,1970-12-01,1973-05-31,70274,1972-10-06
PAYEMS,1970-12-01,1974-12-05,70271,1973-06-01
PAYEMS,1970-12-01,1975-10-02,70696,1974-12-06
PAYEMS,1970-12-01,1978-10-05,70699,1975-10-03
PAYEMS,1970-12-01,1994-06-02,70661,1978-10-06
PAYEMS,1970-12-01,2003-06-05,70666,1994-06-03
PAYEMS,1970-12-01,2019-01-31,70790,2003-06-06
PAYEMS,1970-12-01,2026-07-31,70792,2019-02-01
PAYEMS,1971-01-01,1971-03-04,70487,1971-02-05
PAYEMS,1971-01-01,1971-04-01,70609,1971-03-05
PAYEMS,1971-01-01,1971-09-02,70652,1971-04-02
PAYEMS,1971-01-01,1972-10-05,70454,1971-09-03
PAYEMS,1971-01-01,1973-05-31,70331,1972-10-06
PAYEMS,1971-01-01,1974-12-05,70329,1973-06-01
PAYEMS,1971-01-01,1975-10-02,70775,1974-12-06
PAYEMS,1971-01-01,1976-12-02,70817,1975-10-03
PAYEMS,1971-01-01,1978-10-05,70807,1976-12-03
PAYEMS,1971-01-01,1994-06-02,70752,1978-10-06
PAYEMS,1971-01-01,2003-06-05,70718,1994-06-03
PAYEMS,1971-01-01,2019-01-31,70866,2003-06-06
PAYEMS,1971-01-01,2026-07-31,70865,2019-02-01
PAYEMS,1971-02-01,1971-04-01,70514,1971-03-05
PAYEMS,1971-02-01,1971-05-06,70559,1971-04-02
PAYEMS,1971-02-01,1971-09-02,70590,1971-05-07
PAYEMS,1971-02-01,1972-10-05,70391,1971-09-03
PAYEMS,1971-02-01,1973-05-31,70266,1972-10-06
PAYEMS,1971-02-01,1974-12-05,70276,1973-06-01
PAYEMS,1971-02-01,1975-10-02,70671,1974-12-06
PAYEMS,1971-02-01,1976-12-02,70686,1975-10-03
PAYEMS,1971-02-01,1978-10-05,70698,1976-12-03
PAYEMS,1971-02-01,1994-06-02,70689,1978-10-06
PAYEMS,1971-02-01,2003-06-05,70657,1994-06-03
PAYEMS,1971-02-01,2003-10-09,70806,2003-06-06
PAYEMS,1971-02-01,2014-02-06,70805,2003-10-10
PAYEMS,1971-02-01,2019-01-31,70806,2014-02-07
PAYEMS,1971-02-01,2026-07-31,70807,2019-02-01
PAYEMS,1971-03-01,1971-05-06,70568,1971-04-02
PAYEMS,1971-03-01,1971-06-03,70662,1971-05-07
PAYEMS,1971-03-01,1971-09-02,70659,1971-06-04
PAYEMS,1971-03-01,1972-10-05,70480,1971-09-03
PAYEMS,1971-03-01,1973-05-31,70299,1972-10-06
PAYEMS,1971-03-01,1974-12-05,70321,1973-06-01
PAYEMS,1971-03-01,1975-10-02,70762,1974-12-06
PAYEMS,1971-03-01,1976-12-02,70754,1975-10-03
PAYEMS,1971-03-01,1978-10-05,70786,1976-12-03
PAYEMS,1971-03-01,1994-06-02,70766,1978-10-06
PAYEMS,1971-03-01,2003-06-05,70746,1994-06-03
PAYEMS,1971-03-01,2003-10-09,70861,2003-06-06
PAYEMS,1971-03-01,2019-01-31,70859,2003-10-10
PAYEMS,1971-03-01,2026-07-31,70860,2019-02-01
PAYEMS,1971-04-01,1971-06-03,70719,1971-05-07
PAYEMS,1971-04-01,1971-07-01,70696,1971-06-04
PAYEMS,1971-04-01,1971-09-02,70735,1971-07-02
PAYEMS,1971-04-01,1972-10-05,70599,1971-09-03
PAYEMS,1971-04-01,1973-05-31,70461,1972-10-06
PAYEMS,1971-04-01,1974-12-05,70457,1973-06-01
PAYEMS,1971-04-01,1975-10-02,70935,1974-12-06
PAYEMS,1971-04-01,1976-12-02,70946,1975-10-03
PAYEMS,1971-04-01,1978-10-05,70987,1976-12-03
PAYEMS,1971-04-01,1994-06-02,70969,1978-10-06
PAYEMS,1971-04-01,2003-06-05,70936,1994-06-03
PAYEMS,1971-04-01,2019-01-31,71037,2003-06-06
PAYEMS,1971-04-01,2026-07-31,71036,2019-02-01
PAYEMS,1971-05-01,1971-07-01,70826,1971-06-04
PAYEMS,1971-05-01,1971-08-05,70891,1971-07-02
PAYEMS,1971-05-01,1971-09-02,70885,1971-08-06
PAYEMS,1971-05-01,1972-10-05,70769,1971-09-03
PAYEMS,1971-05-01,1973-05-31,70643,1972-10-06
PAYEMS,1971-05-01,1974-12-05,70601,1973-06-01
PAYEMS,1971-05-01,1975-10-02,71099,1974-12-06
PAYEMS,1971-05-01,1976-12-02,71101,1975-10-03
PAYEMS,1971-05-01,1978-10-05,71163,1976-12-03
PAYEMS,1971-05-01,2003-06-05,71129,1978-10-06
PAYEMS,1971-05-01,2003-10-09,71248,2003-06-06
PAYEMS,1971-05-01,2026-07-31,71247,2003-10-10
PAYEMS,1971-06-01,1971-08-05,70581,1971-07-02
PAYEMS,1971-06-01,1971-09-02,70647,1971-08-06
PAYEMS,1971-06-01,1972-10-05,70657,1971-09-03
PAYEMS,1971-06-01,1973-05-31,70574,1972-10-06
PAYEMS,1971-06-01,1974-12-05,70570,1973-06-01
PAYEMS,1971-06-01,1975-10-02,71117,1974-12-06
PAYEMS,1971-06-01,1976-12-02,71121,1975-10-03
PAYEMS,1971-06-01,1978-10-05,71142,1976-12-03
PAYEMS,1971-06-01,1994-06-02,71136,1978-10-06
PAYEMS,1971-06-01,2003-06-05,71163,1994-06-03
PAYEMS,1971-06-01,2003-10-09,71251,2003-06-06
PAYEMS,1971-06-01,2019-01-31,71253,2003-10-10
PAYEMS,1971-06-01,2026-07-31,71254,2019-02-01
PAYEMS,1971-07-01,1971-09-02,70456,1971-08-06
PAYEMS,1971-07-01,1971-10-07,70566,1971-09-03
PAYEMS,1971-07-01,1972-10-05,70531,1971-10-08
PAYEMS,1971-07-01,1973-05-31,70532,1972-10-06
PAYEMS,1971-07-01,1974-12-05,70533,1973-06-01
PAYEMS,1971-07-01,1975-10-02,71178,1974-12-06
PAYEMS,1971-07-01,1978-10-05,71180,1975-10-03
PAYEMS,1971-07-01,1994-06-02,71169,1978-10-06
PAYEMS,1971-07-01,2003-06-05,71219,1994-06-03
PAYEMS,1971-07-01,2003-10-09,71315,2003-06-06
PAYEMS,1971-07-01,2014-02-06,71316,2003-10-10
PAYEMS,1971-07-01,2026-07-31,71315,2014-02-07
PAYEMS,1971-08-01,1971-10-07,70552,1971-09-03
PAYEMS,1971-08-01,1971-11-04,70554,1971-10-08
PAYEMS,1971-08-01,1972-10-05,70529,1971-11-05
PAYEMS,1971-08-01,1973-05-31,70548,1972-10-06
PAYEMS,1971-08-01,1974-12-05,70529,1973-06-01
PAYEMS,1971-08-01,1975-10-02,71190,1974-12-06
PAYEMS,1971-08-01,1976-12-02,71179,1975-10-03
PAYEMS,1971-08-01,1978-10-05,71174,1976-12-03
PAYEMS,1971-08-01,1994-06-02,71168,1978-10-06
PAYEMS,1971-08-01,2003-06-05,71220,1994-06-03
PAYEMS,1971-08-01,2003-10-09,71367,2003-06-06
PAYEMS,1971-08-01,2014-02-06,71368,2003-10-10
PAYEMS,1971-08-01,2019-01-31,71370,2014-02-07
PAYEMS,1971-08-01,2026-07-31,71373,2019-02-01
PAYEMS,1971-09-01,1971-11-04,70855,1971-10-08
PAYEMS,1971-09-01,1971-12-02,70907,1971-11-05
PAYEMS,1971-09-01,1972-10-05,70853,1971-12-03
PAYEMS,1971-09-01,1973-05-31,70843,1972-10-06
PAYEMS,1971-09-01,1974-12-05,70897,1973-06-01
PAYEMS,1971-09-01,1975-10-02,71591,1974-12-06
PAYEMS,1971-09-01,1976-12-02,71519,1975-10-03
PAYEMS,1971-09-01,1978-10-05,71502,1976-12-03
PAYEMS,1971-09-01,1994-06-02,71499,1978-10-06
PAYEMS,1971-09-01,2003-06-05,71527,1994-06-03
PAYEMS,1971-09-01,2014-02-06,71620,2003-06-06
PAYEMS,1971-09-01,2019-01-31,71617,2014-02-07
PAYEMS,1971-09-01,2026-07-31,71614,2019-02-01
PAYEMS,1971-10-01,1971-12-02,70901,1971-11-05
PAYEMS,1971-10-01,1972-01-06,70831,1971-12-03
PAYEMS,1971-10-01,1972-10-05,70848,1972-01-07
PAYEMS,1971-10-01,1974-12-05,70861,1972-10-06
PAYEMS,1971-10-01,1975-10-02,71513,1974-12-06
PAYEMS,1971-10-01,1976-12-02,71533,1975-10-03
PAYEMS,1971-10-01,1978-10-05,71491,1976-12-03
PAYEMS,1971-10-01,1994-06-02,71485,1978-10-06
PAYEMS,1971-10-01,2003-06-05,71532,1994-06-03
PAYEMS,1971-10-01,2003-10-09,71643,2003-06-06
PAYEMS,1971-10-01,2026-07-31,71642,2003-10-10
PAYEMS,1971-11-01,1972-01-06,70915,1971-12-03
PAYEMS,1971-11-01,1972-02-03,70981,1972-01-07
PAYEMS,1971-11-01,1972-10-05,71042,1972-02-04
PAYEMS,1971-11-01,1973-05-31,71103,1972-10-06
PAYEMS,1971-11-01,1974-12-05,71078,1973-06-01
PAYEMS,1971-11-01,1975-10-02,71737,1974-12-06
PAYEMS,1971-11-01,1976-12-02,71723,1975-10-03
PAYEMS,1971-11-01,1978-10-05,71691,1976-12-03
PAYEMS,1971-11-01,1994-06-02,71723,1978-10-06
PAYEMS,1971-11-01,2003-06-05,71734,1994-06-03
PAYEMS,1971-11-01,2014-02-06,71844,2003-06-06
PAYEMS,1971-11-01,2019-01-31,71846,2014-02-07
PAYEMS,1971-11-01,2026-07-31,71847,2019-02-01
PAYEMS,1971-12-01,1972-02-03,71104,1972-01-07
PAYEMS,1971-12-01,1972-03-02,71167,1972-02-04
PAYEMS,1971-12-01,1972-10-05,71185,1972-03-03
PAYEMS,1971-12-01,1973-05-31,71291,1972-10-06
PAYEMS,1971-12-01,1974-12-05,71264,1973-06-01
PAYEMS,1971-12-01,1975-10-02,71990,1974-12-06
PAYEMS,1971-12-01,1976-12-02,71992,1975-10-03
PAYEMS,1971-12-01,1978-10-05,71971,1976-12-03
PAYEMS,1971-12-01,1994-06-02,71977,1978-10-06
PAYEMS,1971-12-01,2003-06-05,71996,1994-06-03
PAYEMS,1971-12-01,2019-01-31,72108,2003-06-06
PAYEMS,1971-12-01,2026-07-31,72109,2019-02-01
PAYEMS,1972-01-01,1972-03-02,71407,1972-02-04
PAYEMS,1972-01-01,1972-04-06,71603,1972-03-03
PAYEMS,1972-01-01,1972-10-05,71584,1972-04-07
PAYEMS,1972-01-01,1973-05-31,71552,1972-10-06
PAYEMS,1972-01-01,1974-12-05,71545,1973-06-01
PAYEMS,1972-01-01,1975-10-02,72350,1974-12-06
PAYEMS,1972-01-01,1976-12-02,72401,1975-10-03
PAYEMS,1972-01-01,1977-12-01,72386,1976-12-03
PAYEMS,1972-01-01,1978-10-05,72366,1977-12-02
PAYEMS,1972-01-01,1994-06-02,72357,1978-10-06
PAYEMS,1972-01-01,2003-06-05,72303,1994-06-03
PAYEMS,1972-01-01,2019-01-31,72445,2003-06-06
PAYEMS,1972-01-01,2026-07-31,72441,2019-02-01
PAYEMS,1972-02-01,1972-04-06,71686,1972-03-03
PAYEMS,1972-02-01,1972-05-04,71702,1972-04-07
PAYEMS,1972-02-01,1972-10-05,71729,1972-05-05
PAYEMS,1972-02-01,1973-05-31,71744,1972-10-06
PAYEMS,1972-02-01,1974-12-05,71747,1973-06-01
PAYEMS,1972-02-01,1975-10-02,72490,1974-12-06
PAYEMS,1972-02-01,1976-12-02,72520,1975-10-03
PAYEMS,1972-02-01,1977-12-01,72529,1976-12-03
PAYEMS,1972-02-01,1978-10-05,72543,1977-12-02
PAYEMS,1972-02-01,1994-06-02,72542,1978-10-06
PAYEMS,1972-02-01,2003-06-05,72525,1994-06-03
PAYEMS,1972-02-01,2019-01-31,72652,2003-06-06
PAYEMS,1972-02-01,2026-07-31,72648,2019-02-01
PAYEMS,1972-03-01,1972-05-04,71978,1972-04-07
PAYEMS,1972-03-01,1972-06-01,71990,1972-05-05
PAYEMS,1972-03-01,1972-10-05,72030,1972-06-02
PAYEMS,1972-03-01,1973-05-31,72011,1972-10-06
PAYEMS,1972-03-01,1974-12-05,72033,1973-06-01
PAYEMS,1972-03-01,1975-10-02,72831,1974-12-06
PAYEMS,1972-03-01,1976-12-02,72870,1975-10-03
PAYEMS,1972-03-01,1977-12-01,72894,1976-12-03
PAYEMS,1972-03-01,1978-10-05,72923,1977-12-02
PAYEMS,1972-03-01,1994-06-02,72850,1978-10-06
PAYEMS,1972-03-01,2003-06-05,72808,1994-06-03
PAYEMS,1972-03-01,2003-10-09,72947,2003-06-06
PAYEMS,1972-03-01,2019-01-31,72945,2003-10-10
PAYEMS,1972-03-01,2026-07-31,72944,2019-02-01
PAYEMS,1972-04-01,1972-06-01,72172,1972-05-05
PAYEMS,1972-04-01,1972-07-06,72269,1972-06-02
PAYEMS,1972-04-01,1972-10-05,72263,1972-07-07
PAYEMS,1972-04-01,1973-05-31,72246,1972-10-06
PAYEMS,1972-04-01,1974-12-05,72224,1973-06-01
PAYEMS,1972-04-01,1975-10-02,73093,1974-12-06
PAYEMS,1972-04-01,1976-12-02,73118,1975-10-03
PAYEMS,1972-04-01,1977-12-01,73151,1976-12-03
PAYEMS,1972-04-01,1978-10-05,73133,1977-12-02
PAYEMS,1972-04-01,1994-06-02,73079,1978-10-06
PAYEMS,1972-04-01,2003-06-05,73061,1994-06-03
PAYEMS,1972-04-01,2003-10-09,73164,2003-06-06
PAYEMS,1972-04-01,2019-01-31,73163,2003-10-10
PAYEMS,1972-04-01,2026-07-31,73162,2019-02-01
PAYEMS,1972-05-01,1972-07-06,72475,1972-06-02
PAYEMS,1972-05-01,1972-08-03,72540,1972-07-07
PAYEMS,1972-05-01,1972-10-05,72558,1972-08-04
PAYEMS,1972-05-01,1973-05-31,72592,1972-10-06
PAYEMS,1972-05-01,1974-12-05,72534,1973-06-01
PAYEMS,1972-05-01,1975-10-02,73386,1974-12-06
PAYEMS,1972-05-01,1976-12-02,73400,1975-10-03
PAYEMS,1972-05-01,1977-12-01,73440,1976-12-03
PAYEMS,1972-05-01,1978-10-05,73432,1977-12-02
PAYEMS,1972-05-01,1994-06-02,73346,1978-10-06
PAYEMS,1972-05-01,2003-06-05,73341,1994-06-03
PAYEMS,1972-05-01,2003-10-09,73468,2003-06-06
PAYEMS,1972-05-01,2019-01-31,73467,2003-10-10
PAYEMS,1972-05-01,2026-07-31,73469,2019-02-01
PAYEMS,1972-06-01,1972-08-03,72556,1972-07-07
PAYEMS,1972-06-01,1972-08-31,72647,1972-08-04
PAYEMS,1972-06-01,1972-10-05,72630,1972-09-01
PAYEMS,1972-06-01,1973-05-31,72699,1972-10-06
PAYEMS,1972-06-01,1974-12-05,72705,1973-06-01
PAYEMS,1972-06-01,1975-10-02,73637,1974-12-06
PAYEMS,1972-06-01,1976-12-02,73641,1975-10-03
PAYEMS,1972-06-01,1977-12-01,73679,1976-12-03
PAYEMS,1972-06-01,1978-10-05,73681,1977-12-02
PAYEMS,1972-06-01,1994-06-02,73639,1978-10-06
PAYEMS,1972-06-01,2003-06-05,73643,1994-06-03
PAYEMS,1972-06-01,2003-10-09,73757,2003-06-06
PAYEMS,1972-06-01,2019-01-31,73760,2003-10-10
PAYEMS,1972-06-01,2026-07-31,73758,2019-02-01
PAYEMS,1972-07-01,1972-08-31,72565,1972-08-04
PAYEMS,1972-07-01,1972-10-05,72592,1972-09-01
PAYEMS,1972-07-01,1973-05-31,72661,1972-10-06
PAYEMS,1972-07-01,1974-12-05,72694,1973-06-01
PAYEMS,1972-07-01,1975-10-02,73697,1974-12-06
PAYEMS,1972-07-01,1976-12-02,73687,1975-10-03
PAYEMS,1972-07-01,1977-12-01,73707,1976-12-03
PAYEMS,1972-07-01,1978-10-05,73723,1977-12-02
PAYEMS,1972-07-01,1994-06-02,73576,1978-10-06
PAYEMS,1972-07-01,2003-06-05,73636,1994-06-03
PAYEMS,1972-07-01,2014-02-06,73709,2003-06-06
PAYEMS,1972-07-01,2019-01-31,73708,2014-02-07
PAYEMS,1972-07-01,2026-07-31,73709,2019-02-01
PAYEMS,1972-08-01,1972-10-05,72871,1972-09-01
PAYEMS,1972-08-01,1972-11-02,72980,1972-10-06
PAYEMS,1972-08-01,1973-05-31,72984,1972-11-03
PAYEMS,1972-08-01,1974-12-05,73016,1973-06-01
PAYEMS,1972-08-01,1975-10-02,74054,1974-12-06
PAYEMS,1972-08-01,1976-12-02,74007,1975-10-03
PAYEMS,1972-08-01,1977-12-01,74009,1976-12-03
PAYEMS,1972-08-01,1978-10-05,74012,1977-12-02
PAYEMS,1972-08-01,1994-06-02,73908,1978-10-06
PAYEMS,1972-08-01,2003-06-05,73929,1994-06-03
PAYEMS,1972-08-01,2003-10-09,74136,2003-06-06
PAYEMS,1972-08-01,2014-02-06,74137,2003-10-10
PAYEMS,1972-08-01,2019-01-31,74138,2014-02-07
PAYEMS,1972-08-01,2026-07-31,74141,2019-02-01
PAYEMS,1972-09-01,1972-11-02,73221,1972-10-06
PAYEMS,1972-09-01,1972-12-07,73232,1972-11-03
PAYEMS,1972-09-01,1973-05-31,73176,1972-12-08
PAYEMS,1972-09-01,1974-12-05,73268,1973-06-01
PAYEMS,1972-09-01,1975-10-02,74307,1974-12-06
PAYEMS,1972-09-01,1976-12-02,74241,1975-10-03
PAYEMS,1972-09-01,1977-12-01,74200,1976-12-03
PAYEMS,1972-09-01,1978-10-05,74191,1977-12-02
PAYEMS,1972-09-01,1994-06-02,74107,1978-10-06
PAYEMS,1972-09-01,2003-06-05,74115,1994-06-03
PAYEMS,1972-09-01,2014-02-06,74268,2003-06-06
PAYEMS,1972-09-01,2019-01-31,74263,2014-02-07
PAYEMS,1972-09-01,2026-07-31,74264,2019-02-01
PAYEMS,1972-10-01,1972-12-07,73535,1972-11-03
PAYEMS,1972-10-01,1973-01-04,73559,1972-12-08
PAYEMS,1972-10-01,1973-05-31,73589,1973-01-05
PAYEMS,1972-10-01,1974-12-05,73584,1973-06-01
PAYEMS,1972-10-01,1975-10-02,74646,1974-12-06
PAYEMS,1972-10-01,1976-12-02,74591,1975-10-03
PAYEMS,1972-10-01,1977-12-01,74543,1976-12-03
PAYEMS,1972-10-01,1978-10-05,74549,1977-12-02
PAYEMS,1972-10-01,1994-06-02,74537,1978-10-06
PAYEMS,1972-10-01,2003-06-05,74527,1994-06-03
PAYEMS,1972-10-01,2014-02-06,74672,2003-06-06
PAYEMS,1972-10-01,2019-01-31,74673,2014-02-07
PAYEMS,1972-10-01,2026-07-31,74674,2019-02-01
PAYEMS,1972-11-01,1973-01-04,73765,1972-12-08
PAYEMS,1972-11-01,1973-02-01,73868,1973-01-05
PAYEMS,1972-11-01,1973-05-31,73899,1973-02-02
PAYEMS,1972-11-01,1974-12-05,73835,1973-06-01
PAYEMS,1972-11-01,1975-10-02,74916,1974-12-06
PAYEMS,1972-11-01,1976-12-02,74845,1975-10-03
PAYEMS,1972-11-01,1977-12-01,74820,1976-12-03
PAYEMS,1972-11-01,1978-10-05,74822,1977-12-02
PAYEMS,1972-11-01,1994-06-02,74904,1978-10-06
PAYEMS,1972-11-01,2003-06-05,74881,1994-06-03
PAYEMS,1972-11-01,2014-02-06,74965,2003-06-06
PAYEMS,1972-11-01,2019-01-31,74967,2014-02-07
PAYEMS,1972-11-01,2026-07-31,74973,2019-02-01
PAYEMS,1972-12-01,1973-02-01,73892,1973-01-05
PAYEMS,1972-12-01,1973-03-08,74024,1973-02-02
PAYEMS,1972-12-01,1973-05-31,74026,1973-03-09
PAYEMS,1972-12-01,1974-12-05,74002,1973-06-01
PAYEMS,1972-12-01,1975-10-02,75118,1974-12-06
PAYEMS,1972-12-01,1976-12-02,75099,1975-10-03
PAYEMS,1972-12-01,1977-12-01,75077,1976-12-03
PAYEMS,1972-12-01,1978-10-05,75109,1977-12-02
PAYEMS,1972-12-01,1994-06-02,75164,1978-10-06
PAYEMS,1972-12-01,2003-06-05,75235,1994-06-03
PAYEMS,1972-12-01,2019-01-31,75270,2003-06-06
PAYEMS,1972-12-01,2026-07-31,75268,2019-02-01
PAYEMS,1973-01-01,1973-03-08,74221,1973-02-02
PAYEMS,1973-01-01,1973-04-05,74155,1973-03-09
PAYEMS,1973-01-01,1973-05-31,74245,1973-04-06
PAYEMS,1973-01-01,1974-12-05,74252,1973-06-01
PAYEMS,1973-01-01,1975-10-02,75472,1974-12-06
PAYEMS,1973-01-01,1976-12-02,75516,1975-10-03
PAYEMS,1973-01-01,1977-12-01,75487,1976-12-03
PAYEMS,1973-01-01,1978-10-05,75464,1977-12-02
PAYEMS,1973-01-01,1994-06-02,75521,1978-10-06
PAYEMS,1973-01-01,2003-06-05,75474,1994-06-03
PAYEMS,1973-01-01,2014-02-06,75620,2003-06-06
PAYEMS,1973-01-01,2019-01-31,75621,2014-02-07
PAYEMS,1973-01-01,2026-07-31,75617,2019-02-01
PAYEMS,1973-02-01,1973-04-05,74596,1973-03-09
PAYEMS,1973-02-01,1973-05-03,74713,1973-04-06
PAYEMS,1973-02-01,1973-05-31,74725,1973-05-04
PAYEMS,1973-02-01,1974-12-05,74715,1973-06-01
PAYEMS,1973-02-01,1975-10-02,75851,1974-12-06
PAYEMS,1973-02-01,1976-12-02,75915,1975-10-03
PAYEMS,1973-02-01,1977-12-01,75925,1976-12-03
PAYEMS,1973-02-01,1978-10-05,75910,1977-12-02
PAYEMS,1973-02-01,1994-06-02,75923,1978-10-06
PAYEMS,1973-02-01,2003-06-05,75908,1994-06-03
PAYEMS,1973-02-01,2019-01-31,76017,2003-06-06
PAYEMS,1973-02-01,2026-07-31,76014,2019-02-01
PAYEMS,1973-03-01,1973-05-03,74901,1973-04-06
PAYEMS,1973-03-01,1973-05-31,74933,1973-05-04
PAYEMS,1973-03-01,1974-12-05,74914,1973-06-01
PAYEMS,1973-03-01,1975-10-02,76111,1974-12-06
PAYEMS,1973-03-01,1976-12-02,76159,1975-10-03
PAYEMS,1973-03-01,1977-12-01,76219,1976-12-03
PAYEMS,1973-03-01,1978-10-05,76217,1977-12-02
PAYEMS,1973-03-01,1994-06-02,76168,1978-10-06
PAYEMS,1973-03-01,2003-06-05,76137,1994-06-03
PAYEMS,1973-03-01,2014-02-06,76286,2003-06-06
PAYEMS,1973-03-01,2019-01-31,76285,2014-02-07
PAYEMS,1973-03-01,2026-07-31,76284,2019-02-01
PAYEMS,1973-04-01,1973-05-31,75042,1973-05-04
PAYEMS,1973-04-01,1973-07-05,75074,1973-06-01
PAYEMS,1973-04-01,1974-12-05,75105,1973-07-06
PAYEMS,1973-04-01,1975-10-02,76339,1974-12-06
PAYEMS,1973-04-01,1976-12-02,76367,1975-10-03
PAYEMS,1973-04-01,1977-12-01,76416,1976-12-03
PAYEMS,1973-04-01,1978-10-05,76402,1977-12-02
PAYEMS,1973-04-01,1994-06-02,76308,1978-10-06
PAYEMS,1973-04-01,2003-06-05,76312,1994-06-03
PAYEMS,1973-04-01,2014-02-06,76456,2003-06-06
PAYEMS,1973-04-01,2026-07-31,76455,2014-02-07
PAYEMS,1973-05-01,1973-07-05,75222,1973-06-01
PAYEMS,1973-05-01,1973-08-02,75269,1973-07-06
PAYEMS,1973-05-01,1974-12-05,75321,1973-08-03
PAYEMS,1973-05-01,1975-10-02,76508,1974-12-06
PAYEMS,1973-05-01,1976-12-02,76569,1975-10-03
PAYEMS,1973-05-01,1977-12-01,76619,1976-12-03
PAYEMS,1973-05-01,1978-10-05,76622,1977-12-02
PAYEMS,1973-05-01,1994-06-02,76473,1978-10-06
PAYEMS,1973-05-01,2003-06-05,76516,1994-06-03
PAYEMS,1973-05-01,2003-10-09,76647,2003-06-06
PAYEMS,1973-05-01,2019-01-31,76646,2003-10-10
PAYEMS,1973-05-01,2026-07-31,76648,2019-02-01
PAYEMS,1973-06-01,1973-08-02,75464,1973-07-06
PAYEMS,1973-06-01,1973-09-06,75432,1973-08-03
PAYEMS,1973-06-01,1974-12-05,75526,1973-09-07
PAYEMS,1973-06-01,1975-10-02,76787,1974-12-06
PAYEMS,1973-06-01,1976-12-02,76878,1975-10-03
PAYEMS,1973-06-01,1977-12-01,76935,1976-12-03
PAYEMS,1973-06-01,1978-10-05,76954,1977-12-02
PAYEMS,1973-06-01,1994-06-02,76743,1978-10-06
PAYEMS,1973-06-01,2003-06-05,76738,1994-06-03
PAYEMS,1973-06-01,2003-10-09,76885,2003-06-06
PAYEMS,1973-06-01,2014-02-06,76886,2003-10-10
PAYEMS,1973-06-01,2026-07-31,76887,2014-02-07
PAYEMS,1973-07-01,1973-09-06,75471,1973-08-03
PAYEMS,1973-07-01,1973-10-04,75515,1973-09-07
PAYEMS,1973-07-01,1973-11-01,75493,1973-10-05
PAYEMS,1973-07-01,1974-12-05,75478,1973-11-02
PAYEMS,1973-07-01,1975-10-02,76867,1974-12-06
PAYEMS,1973-07-01,1976-12-02,76940,1975-10-03
PAYEMS,1973-07-01,1977-12-01,76967,1976-12-03
PAYEMS,1973-07-01,1978-10-05,76987,1977-12-02
PAYEMS,1973-07-01,1994-06-02,76713,1978-10-06
PAYEMS,1973-07-01,2003-06-05,76758,1994-06-03
PAYEMS,1973-07-01,2003-10-09,76910,2003-06-06
PAYEMS,1973-07-01,2019-01-31,76911,2003-10-10
PAYEMS,1973-07-01,2026-07-31,76913,2019-02-01
PAYEMS,1973-08-01,1973-10-04,75807,1973-09-07
PAYEMS,1973-08-01,1973-11-01,75702,1973-10-05
PAYEMS,1973-08-01,1974-12-05,75747,1973-11-02
PAYEMS,1973-08-01,1975-10-02,77163,1974-12-06
PAYEMS,1973-08-01,1976-12-02,77207,1975-10-03
PAYEMS,1973-08-01,1977-12-01,77186,1976-12-03
PAYEMS,1973-08-01,1978-10-05,77195,1977-12-02
PAYEMS,1973-08-01,1994-06-02,77009,1978-10-06
PAYEMS,1973-08-01,2003-06-05,77018,1994-06-03
PAYEMS,1973-08-01,2019-01-31,77166,2003-06-06
PAYEMS,1973-08-01,2026-07-31,77168,2019-02-01
PAYEMS,1973-09-01,1973-11-01,75892,1973-10-05
PAYEMS,1973-09-01,1973-12-06,75972,1973-11-02
PAYEMS,1973-09-01,1974-12-05,75961,1973-12-07
PAYEMS,1973-09-01,1975-10-02,77315,1974-12-06
PAYEMS,1973-09-01,1976-12-02,77366,1975-10-03
PAYEMS,1973-09-01,1977-12-01,77326,1976-12-03
PAYEMS,1973-09-01,1978-10-05,77303,1977-12-02
PAYEMS,1973-09-01,1994-06-02,77170,1978-10-06
PAYEMS,1973-09-01,2003-06-05,77164,1994-06-03
PAYEMS,1973-09-01,2014-02-06,77281,2003-06-06
PAYEMS,1973-09-01,2026-07-31,77276,2014-02-07
PAYEMS,1973-10-01,1973-12-06,76277,1973-11-02
PAYEMS,1973-10-01,1974-01-03,76275,1973-12-07
PAYEMS,1973-10-01,1974-12-05,76363,1974-01-04
PAYEMS,1973-10-01,1975-10-02,77649,1974-12-06
PAYEMS,1973-10-01,1976-12-02,77673,1975-10-03
PAYEMS,1973-10-01,1977-12-01,77607,1976-12-03
PAYEMS,1973-10-01,1978-10-05,77622,1977-12-02
PAYEMS,1973-10-01,1994-06-02,77506,1978-10-06
PAYEMS,1973-10-01,2003-06-05,77502,1994-06-03
PAYEMS,1973-10-01,2003-10-09,77606,2003-06-06
PAYEMS,1973-10-01,2014-02-06,77605,2003-10-10
PAYEMS,1973-10-01,2019-01-31,77606,2014-02-07
PAYEMS,1973-10-01,2026-07-31,77607,2019-02-01
PAYEMS,1973-11-01,1974-01-03,76476,1973-12-07
PAYEMS,1973-11-01,1974-01-31,76642,1974-01-04
PAYEMS,1973-11-01,1974-12-05,76679,1974-02-01
PAYEMS,1973-11-01,1975-10-02,77915,1974-12-06
PAYEMS,1973-11-01,1976-12-02,77973,1975-10-03
PAYEMS,1973-11-01,1977-12-01,77940,1976-12-03
PAYEMS,1973-11-01,1978-10-05,77944,1977-12-02
PAYEMS,1973-11-01,1994-06-02,77867,1978-10-06
PAYEMS,1973-11-01,2003-06-05,77833,1994-06-03
PAYEMS,1973-11-01,2014-02-06,77909,2003-06-06
PAYEMS,1973-11-01,2019-01-31,77912,2014-02-07
PAYEMS,1973-11-01,2026-07-31,77920,2019-02-01
PAYEMS,1973-12-01,1974-01-31,76677,1974-01-04
PAYEMS,1973-12-01,1974-03-07,76631,1974-02-01
PAYEMS,1973-12-01,1974-12-05,76626,1974-03-08
PAYEMS,1973-12-01,1975-10-02,77924,1974-12-06
PAYEMS,1973-12-01,1976-12-02,78058,1975-10-03
PAYEMS,1973-12-01,1977-12-01,78037,1976-12-03
PAYEMS,1973-12-01,1978-10-05,78042,1977-12-02
PAYEMS,1973-12-01,1994-06-02,77933,1978-10-06
PAYEMS,1973-12-01,2003-06-05,77992,1994-06-03
PAYEMS,1973-12-01,2003-10-09,78034,2003-06-06
PAYEMS,1973-12-01,2019-01-31,78035,2003-10-10
PAYEMS,1973-12-01,2026-07-31,78031,2019-02-01
PAYEMS,1974-01-01,1974-03-07,76372,1974-02-01
PAYEMS,1974-01-01,1974-04-04,76520,1974-03-08
PAYEMS,1974-01-01,1974-12-05,76526,1974-04-05
PAYEMS,1974-01-01,1975-10-02,77925,1974-12-06
PAYEMS,1974-01-01,1976-12-02,78068,1975-10-03
PAYEMS,1974-01-01,1977-12-01,78033,1976-12-03
PAYEMS,1974-01-01,1978-10-05,78043,1977-12-02
PAYEMS,1974-01-01,1979-10-04,78002,1978-10-06
PAYEMS,1974-01-01,1994-06-02,78020,1979-10-05
PAYEMS,1974-01-01,2003-06-05,77953,1994-06-03
PAYEMS,1974-01-01,2019-01-31,78104,2003-06-06
PAYEMS,1974-01-01,2026-07-31,78100,2019-02-01
PAYEMS,1974-02-01,1974-04-04,76695,1974-03-08
PAYEMS,1974-02-01,1974-05-02,76773,1974-04-05
PAYEMS,1974-02-01,1974-12-05,76813,1974-05-03
PAYEMS,1974-02-01,1975-10-02,78053,1974-12-06
PAYEMS,1974-02-01,1976-12-02,78196,1975-10-03
PAYEMS,1974-02-01,1977-12-01,78205,1976-12-03
PAYEMS,1974-02-01,1978-10-05,78219,1977-12-02
PAYEMS,1974-02-01,1979-10-04,78178,1978-10-06
PAYEMS,1974-02-01,1994-06-02,78181,1979-10-05
PAYEMS,1974-02-01,2003-06-05,78177,1994-06-03
PAYEMS,1974-02-01,2003-10-09,78252,2003-06-06
PAYEMS,1974-02-01,2014-02-06,78253,2003-10-10
PAYEMS,1974-02-01,2026-07-31,78254,2014-02-07
PAYEMS,1974-03-01,1974-05-02,76648,1974-04-05
PAYEMS,1974-03-01,1974-06-06,76785,1974-05-03
PAYEMS,1974-03-01,1974-12-05,76804,1974-06-07
PAYEMS,1974-03-01,1975-10-02,78089,1974-12-06
PAYEMS,1974-03-01,1976-12-02,78236,1975-10-03
PAYEMS,1974-03-01,1977-12-01,78275,1976-12-03
PAYEMS,1974-03-01,1978-10-05,78251,1977-12-02
PAYEMS,1974-03-01,1979-10-04,78151,1978-10-06
PAYEMS,1974-03-01,1994-06-02,78184,1979-10-05
PAYEMS,1974-03-01,2003-06-05,78177,1994-06-03
PAYEMS,1974-03-01,2014-02-06,78295,2003-06-06
PAYEMS,1974-03-01,2026-07-31,78296,2014-02-07
PAYEMS,1974-04-01,1974-06-06,76911,1974-05-03
PAYEMS,1974-04-01,1974-07-04,76928,1974-06-07
PAYEMS,1974-04-01,1974-12-05,76941,1974-07-05
PAYEMS,1974-04-01,1975-10-02,78226,1974-12-06
PAYEMS,1974-04-01,1976-12-02,78351,1975-10-03
PAYEMS,1974-04-01,1977-12-01,78423,1976-12-03
PAYEMS,1974-04-01,1978-10-05,78372,1977-12-02
PAYEMS,1974-04-01,1979-10-04,78220,1978-10-06
PAYEMS,1974-04-01,1994-06-02,78239,1979-10-05
PAYEMS,1974-04-01,2003-06-05,78261,1994-06-03
PAYEMS,1974-04-01,2014-02-06,78384,2003-06-06
PAYEMS,1974-04-01,2026-07-31,78382,2014-02-07
PAYEMS,1974-05-01,1974-07-04,77110,1974-06-07
PAYEMS,1974-05-01,1974-08-01,77155,1974-07-05
PAYEMS,1974-05-01,1974-12-05,77136,1974-08-02
PAYEMS,1974-05-01,1975-10-02,78357,1974-12-06
PAYEMS,1974-05-01,1976-12-02,78486,1975-10-03
PAYEMS,1974-05-01,1977-12-01,78559,1976-12-03
PAYEMS,1974-05-01,1978-10-05,78512,1977-12-02
PAYEMS,1974-05-01,1979-10-04,78374,1978-10-06
PAYEMS,1974-05-01,1994-06-02,78381,1979-10-05
PAYEMS,1974-05-01,2003-06-05,78407,1994-06-03
PAYEMS,1974-05-01,2019-01-31,78547,2003-06-06
PAYEMS,1974-05-01,2026-07-31,78549,2019-02-01
PAYEMS,1974-06-01,1974-08-01,77107,1974-07-05
PAYEMS,1974-06-01,1974-09-05,77073,1974-08-02
PAYEMS,1974-06-01,1974-12-05,77101,1974-09-06
PAYEMS,1974-06-01,1975-10-02,78421,1974-12-06
PAYEMS,1974-06-01,1976-12-02,78530,1975-10-03
PAYEMS,1974-06-01,1977-12-01,78628,1976-12-03
PAYEMS,1974-06-01,1978-10-05,78627,1977-12-02
PAYEMS,1974-06-01,1979-10-04,78450,1978-10-06
PAYEMS,1974-06-01,1994-06-02,78443,1979-10-05
PAYEMS,1974-06-01,2003-06-05,78434,1994-06-03
PAYEMS,1974-06-01,2003-10-09,78601,2003-06-06
PAYEMS,1974-06-01,2019-01-31,78602,2003-10-10
PAYEMS,1974-06-01,2026-07-31,78604,2019-02-01
PAYEMS,1974-07-01,1974-09-05,76951,1974-08-02
PAYEMS,1974-07-01,1974-10-03,77100,1974-09-06
PAYEMS,1974-07-01,1974-12-05,77047,1974-10-04
PAYEMS,1974-07-01,1975-10-02,78479,1974-12-06
PAYEMS,1974-07-01,1976-12-02,78648,1975-10-03
PAYEMS,1974-07-01,1977-12-01,78660,1976-12-03
PAYEMS,1974-07-01,1978-10-05,78663,1977-12-02
PAYEMS,1974-07-01,1979-10-04,78489,1978-10-06
PAYEMS,1974-07-01,1994-06-02,78492,1979-10-05
PAYEMS,1974-07-01,2003-06-05,78517,1994-06-03
PAYEMS,1974-07-01,2014-02-06,78634,2003-06-06
PAYEMS,1974-07-01,2019-01-31,78635,2014-02-07
PAYEMS,1974-07-01,2026-07-31,78636,2019-02-01
PAYEMS,1974-08-01,1974-10-03,77177,1974-09-06
PAYEMS,1974-08-01,1974-10-31,77113,1974-10-04
PAYEMS,1974-08-01,1974-12-05,77203,1974-11-01
PAYEMS,1974-08-01,1975-10-02,78661,1974-12-06
PAYEMS,1974-08-01,1976-12-02,78733,1975-10-03
PAYEMS,1974-08-01,1977-12-01,78709,1976-12-03
PAYEMS,1974-08-01,1978-10-05,78731,1977-12-02
PAYEMS,1974-08-01,1979-10-04,78498,1978-10-06
PAYEMS,1974-08-01,1994-06-02,78511,1979-10-05
PAYEMS,1974-08-01,2003-06-05,78478,1994-06-03
PAYEMS,1974-08-01,2026-07-31,78619,2003-06-06
PAYEMS,1974-09-01,1974-10-31,77146,1974-10-04
PAYEMS,1974-09-01,1974-12-05,77409,1974-11-01
PAYEMS,1974-09-01,1975-10-02,78844,1974-12-06
PAYEMS,1974-09-01,1976-12-02,78830,1975-10-03
PAYEMS,1974-09-01,1977-12-01,78774,1976-12-03
PAYEMS,1974-09-01,1978-10-05,78785,1977-12-02
PAYEMS,1974-09-01,1979-10-04,78556,1978-10-06
PAYEMS,1974-09-01,1994-06-02,78542,1979-10-05
PAYEMS,1974-09-01,2003-06-05,78498,1994-06-03
PAYEMS,1974-09-01,2014-02-06,78614,2003-06-06
PAYEMS,1974-09-01,2019-01-31,78611,2014-02-07
PAYEMS,1974-09-01,2026-07-31,78610,2019-02-01
PAYEMS,1974-10-01,1974-12-05,77439,1974-11-01
PAYEMS,1974-10-01,1975-01-02,78811,1974-12-06
PAYEMS,1974-10-01,1975-10-02,78865,1975-01-03
PAYEMS,1974-10-01,1976-12-02,78790,1975-10-03
PAYEMS,1974-10-01,1977-12-01,78718,1976-12-03
PAYEMS,1974-10-01,1978-10-05,78751,1977-12-02
PAYEMS,1974-10-01,1979-10-04,78602,1978-10-06
PAYEMS,1974-10-01,1994-06-02,78599,1979-10-05
PAYEMS,1974-10-01,2003-06-05,78569,1994-06-03
PAYEMS,1974-10-01,2014-02-06,78627,2003-06-06
PAYEMS,1974-10-01,2019-01-31,78629,2014-02-07
PAYEMS,1974-10-01,2026-07-31,78630,2019-02-01
PAYEMS,1974-11-01,1975-01-02,78368,1974-12-06
PAYEMS,1974-11-01,1975-02-06,78400,1975-01-03
PAYEMS,1974-11-01,1975-10-02,78404,1975-02-07
PAYEMS,1974-11-01,1976-12-02,78374,1975-10-03
PAYEMS,1974-11-01,1977-12-01,78339,1976-12-03
PAYEMS,1974-11-01,1978-10-05,78361,1977-12-02
PAYEMS,1974-11-01,1979-10-04,78220,1978-10-06
PAYEMS,1974-11-01,1994-06-02,78234,1979-10-05
PAYEMS,1974-11-01,2003-06-05,78238,1994-06-03
PAYEMS,1974-11-01,2014-02-06,78259,2003-06-06
PAYEMS,1974-11-01,2019-01-31,78261,2014-02-07
PAYEMS,1974-11-01,2026-07-31,78265,2019-02-01
PAYEMS,1974-12-01,1975-02-06,77726,1975-01-03
PAYEMS,1974-12-01,1975-03-06,77733,1975-02-07
PAYEMS,1974-12-01,1975-10-02,77690,1975-03-07
PAYEMS,1974-12-01,1976-12-02,77723,1975-10-03
PAYEMS,1974-12-01,1977-12-01,77703,1976-12-03
PAYEMS,1974-12-01,1978-10-05,77708,1977-12-02
PAYEMS,1974-12-01,1979-10-04,77579,1978-10-06
PAYEMS,1974-12-01,1994-06-02,77531,1979-10-05
PAYEMS,1974-12-01,2003-06-05,77565,1994-06-03
PAYEMS,1974-12-01,2003-10-09,77656,2003-06-06
PAYEMS,1974-12-01,2019-01-31,77657,2003-10-10
PAYEMS,1974-12-01,2026-07-31,77652,2019-02-01
PAYEMS,1975-01-01,1975-03-06,77295,1975-02-07
PAYEMS,1975-01-01,1975-04-03,77166,1975-03-07
PAYEMS,1975-01-01,1975-10-02,77227,1975-04-04
PAYEMS,1975-01-01,1976-12-02,77319,1975-10-03
PAYEMS,1975-01-01,1977-12-01,77300,1976-12-03
PAYEMS,1975-01-01,1978-10-05,77280,1977-12-02
PAYEMS,1975-01-01,1979-10-04,77084,1978-10-06
PAYEMS,1975-01-01,1980-07-02,77130,1979-10-05
PAYEMS,1975-01-01,1994-06-02,77153,1980-07-03
PAYEMS,1975-01-01,2003-06-05,77145,1994-06-03
PAYEMS,1975-01-01,2019-01-31,77297,2003-06-06
PAYEMS,1975-01-01,2026-07-31,77293,2019-02-01
PAYEMS,1975-02-01,1975-04-03,76558,1975-03-07
PAYEMS,1975-02-01,1975-05-01,76678,1975-04-04
PAYEMS,1975-02-01,1975-10-02,76708,1975-05-02
PAYEMS,1975-02-01,1977-12-01,76804,1975-10-03
PAYEMS,1975-02-01,1978-10-05,76832,1977-12-02
PAYEMS,1975-02-01,1979-10-04,76637,1978-10-06
PAYEMS,1975-02-01,1980-07-02,76699,1979-10-05
PAYEMS,1975-02-01,1994-06-02,76743,1980-07-03
PAYEMS,1975-02-01,2003-06-05,76742,1994-06-03
PAYEMS,1975-02-01,2003-10-09,76920,2003-06-06
PAYEMS,1975-02-01,2019-01-31,76919,2003-10-10
PAYEMS,1975-02-01,2026-07-31,76918,2019-02-01
PAYEMS,1975-03-01,1975-05-01,76353,1975-04-04
PAYEMS,1975-03-01,1975-06-05,76346,1975-05-02
PAYEMS,1975-03-01,1975-10-02,76368,1975-06-06
PAYEMS,1975-03-01,1976-12-02,76468,1975-10-03
PAYEMS,1975-03-01,1977-12-01,76518,1976-12-03
PAYEMS,1975-03-01,1978-10-05,76507,1977-12-02
PAYEMS,1975-03-01,1979-10-04,76321,1978-10-06
PAYEMS,1975-03-01,1980-07-02,76404,1979-10-05
PAYEMS,1975-03-01,1994-06-02,76429,1980-07-03
PAYEMS,1975-03-01,2003-06-05,76419,1994-06-03
PAYEMS,1975-03-01,2019-01-31,76649,2003-06-06
PAYEMS,1975-03-01,2026-07-31,76648,2019-02-01
PAYEMS,1975-04-01,1975-06-05,76293,1975-05-02
PAYEMS,1975-04-01,1975-07-02,76381,1975-06-06
PAYEMS,1975-04-01,1975-10-02,76349,1975-07-03
PAYEMS,1975-04-01,1976-12-02,76462,1975-10-03
PAYEMS,1975-04-01,1977-12-01,76491,1976-12-03
PAYEMS,1975-04-01,1978-10-05,76441,1977-12-02
PAYEMS,1975-04-01,1979-10-04,76305,1978-10-06
PAYEMS,1975-04-01,1980-07-02,76312,1979-10-05
PAYEMS,1975-04-01,1994-06-02,76333,1980-07-03
PAYEMS,1975-04-01,2003-06-05,76298,1994-06-03
PAYEMS,1975-04-01,2003-10-09,76464,2003-06-06
PAYEMS,1975-04-01,2014-02-06,76463,2003-10-10
PAYEMS,1975-04-01,2019-01-31,76461,2014-02-07
PAYEMS,1975-04-01,2026-07-31,76460,2019-02-01
PAYEMS,1975-05-01,1975-07-02,76443,1975-06-06
PAYEMS,1975-05-01,1975-07-31,76439,1975-07-03
PAYEMS,1975-05-01,1975-10-02,76428,1975-08-01
PAYEMS,1975-05-01,1976-12-02,76510,1975-10-03
PAYEMS,1975-05-01,1977-12-01,76577,1976-12-03
PAYEMS,1975-05-01,1978-10-05,76524,1977-12-02
PAYEMS,1975-05-01,1979-10-04,76486,1978-10-06
PAYEMS,1975-05-01,1980-07-02,76476,1979-10-05
PAYEMS,1975-05-01,1994-06-02,76470,1980-07-03
PAYEMS,1975-05-01,2003-06-05,76459,1994-06-03
PAYEMS,1975-05-01,2019-01-31,76623,2003-06-06
PAYEMS,1975-05-01,2026-07-31,76624,2019-02-01
PAYEMS,1975-06-01,1975-07-31,76464,1975-07-03
PAYEMS,1975-06-01,1975-09-04,76264,1975-08-01
PAYEMS,1975-06-01,1975-10-02,76291,1975-09-05
PAYEMS,1975-06-01,1976-12-02,76343,1975-10-03
PAYEMS,1975-06-01,1977-12-01,76444,1976-12-03
PAYEMS,1975-06-01,1978-10-05,76460,1977-12-02
PAYEMS,1975-06-01,1979-10-04,76431,1978-10-06
PAYEMS,1975-06-01,1980-07-02,76409,1979-10-05
PAYEMS,1975-06-01,1994-06-02,76400,1980-07-03
PAYEMS,1975-06-01,2003-06-05,76388,1994-06-03
PAYEMS,1975-06-01,2003-10-09,76518,2003-06-06
PAYEMS,1975-06-01,2014-02-06,76519,2003-10-10
PAYEMS,1975-06-01,2019-01-31,76520,2014-02-07
PAYEMS,1975-06-01,2026-07-31,76521,2019-02-01
PAYEMS,1975-07-01,1975-09-04,76352,1975-08-01
PAYEMS,1975-07-01,1975-10-02,76507,1975-09-05
PAYEMS,1975-07-01,1976-12-02,76679,1975-10-03
PAYEMS,1975-07-01,1977-02-03,76706,1976-12-03
PAYEMS,1975-07-01,1977-12-01,76719,1977-02-04
PAYEMS,1975-07-01,1978-10-05,76720,1977-12-02
PAYEMS,1975-07-01,1979-10-04,76663,1978-10-06
PAYEMS,1975-07-01,1980-07-02,76683,1979-10-05
PAYEMS,1975-07-01,1994-06-02,76640,1980-07-03
PAYEMS,1975-07-01,2003-06-05,76626,1994-06-03
PAYEMS,1975-07-01,2014-02-06,76768,2003-06-06
PAYEMS,1975-07-01,2019-01-31,76769,2014-02-07
PAYEMS,1975-07-01,2026-07-31,76770,2019-02-01
PAYEMS,1975-08-01,1975-10-02,77035,1975-09-05
PAYEMS,1975-08-01,1975-11-06,77029,1975-10-03
PAYEMS,1975-08-01,1976-12-02,77023,1975-11-07
PAYEMS,1975-08-01,1977-02-03,76988,1976-12-03
PAYEMS,1975-08-01,1977-12-01,77059,1977-02-04
PAYEMS,1975-08-01,1978-10-05,77064,1977-12-02
PAYEMS,1975-08-01,1979-10-04,77084,1978-10-06
PAYEMS,1975-08-01,1980-07-02,77092,1979-10-05
PAYEMS,1975-08-01,1994-06-02,77034,1980-07-03
PAYEMS,1975-08-01,2003-06-05,76980,1994-06-03
PAYEMS,1975-08-01,2014-02-06,77154,2003-06-06
PAYEMS,1975-08-01,2019-01-31,77155,2014-02-07
PAYEMS,1975-08-01,2026-07-31,77153,2019-02-01
PAYEMS,1975-09-01,1975-11-06,77211,1975-10-03
PAYEMS,1975-09-01,1975-12-04,77275,1975-11-07
PAYEMS,1975-09-01,1976-12-02,77310,1975-12-05
PAYEMS,1975-09-01,1977-02-03,77239,1976-12-03
PAYEMS,1975-09-01,1977-12-01,77344,1977-02-04
PAYEMS,1975-09-01,1978-10-05,77384,1977-12-02
PAYEMS,1975-09-01,1979-10-04,77247,1978-10-06
PAYEMS,1975-09-01,1980-07-02,77277,1979-10-05
PAYEMS,1975-09-01,1994-06-02,77216,1980-07-03
PAYEMS,1975-09-01,2003-06-05,77188,1994-06-03
PAYEMS,1975-09-01,2014-02-06,77232,2003-06-06
PAYEMS,1975-09-01,2019-01-31,77230,2014-02-07
PAYEMS,1975-09-01,2026-07-31,77228,2019-02-01
PAYEMS,1975-10-01,1975-12-04,77492,1975-11-07
PAYEMS,1975-10-01,1976-01-08,77508,1975-12-05
PAYEMS,1975-10-01,1976-12-02,77555,1976-01-09
PAYEMS,1975-10-01,1977-02-03,77470,1976-12-03
PAYEMS,1975-10-01,1977-12-01,77596,1977-02-04
PAYEMS,1975-10-01,1978-10-05,77626,1977-12-02
PAYEMS,1975-10-01,1979-10-04,77513,1978-10-06
PAYEMS,1975-10-01,1980-07-02,77523,1979-10-05
PAYEMS,1975-10-01,1994-06-02,77479,1980-07-03
PAYEMS,1975-10-01,2003-06-05,77499,1994-06-03
PAYEMS,1975-10-01,2019-01-31,77535,2003-06-06
PAYEMS,1975-10-01,2026-07-31,77540,2019-02-01
PAYEMS,1975-11-01,1976-01-08,77549,1975-12-05
PAYEMS,1975-11-01,1976-02-05,77558,1976-01-09
PAYEMS,1975-11-01,1976-12-02,77574,1976-02-06
PAYEMS,1975-11-01,1977-02-03,77542,1976-12-03
PAYEMS,1975-11-01,1977-12-01,77730,1977-02-04
PAYEMS,1975-11-01,1978-10-05,77749,1977-12-02
PAYEMS,1975-11-01,1979-10-04,77612,1978-10-06
PAYEMS,1975-11-01,1980-07-02,77607,1979-10-05
PAYEMS,1975-11-01,1994-06-02,77582,1980-07-03
PAYEMS,1975-11-01,2003-06-05,77619,1994-06-03
PAYEMS,1975-11-01,2014-02-06,77679,2003-06-06
PAYEMS,1975-11-01,2019-01-31,77680,2014-02-07
PAYEMS,1975-11-01,2026-07-31,77685,2019-02-01
PAYEMS,1975-12-01,1976-02-05,77798,1976-01-09
PAYEMS,1975-12-01,1976-03-04,77782,1976-02-06
PAYEMS,1975-12-01,1976-12-02,77796,1976-03-05
PAYEMS,1975-12-01,1977-02-03,77764,1976-12-03
PAYEMS,1975-12-01,1977-12-01,78012,1977-02-04
PAYEMS,1975-12-01,1978-10-05,78032,1977-12-02
PAYEMS,1975-12-01,1979-10-04,77854,1978-10-06
PAYEMS,1975-12-01,1980-07-02,77843,1979-10-05
PAYEMS,1975-12-01,1994-06-02,77878,1980-07-03
PAYEMS,1975-12-01,2003-06-05,77915,1994-06-03
PAYEMS,1975-12-01,2003-10-09,78016,2003-06-06
PAYEMS,1975-12-01,2014-02-06,78017,2003-10-10
PAYEMS,1975-12-01,2019-01-31,78018,2014-02-07
PAYEMS,1975-12-01,2026-07-31,78017,2019-02-01
PAYEMS,1976-01-01,1976-03-04,78140,1976-02-06
PAYEMS,1976-01-01,1976-04-01,78137,1976-03-05
PAYEMS,1976-01-01,1976-12-02,78179,1976-04-02
PAYEMS,1976-01-01,1977-02-03,78142,1976-12-03
PAYEMS,1976-01-01,1977-12-01,78406,1977-02-04
PAYEMS,1976-01-01,1978-10-05,78413,1977-12-02
PAYEMS,1976-01-01,1979-10-04,78305,1978-10-06
PAYEMS,1976-01-01,1980-07-02,78329,1979-10-05
PAYEMS,1976-01-01,1981-07-01,78381,1980-07-03
PAYEMS,1976-01-01,1994-06-02,78317,1981-07-02
PAYEMS,1976-01-01,2003-06-05,78326,1994-06-03
PAYEMS,1976-01-01,2003-10-09,78505,2003-06-06
PAYEMS,1976-01-01,2019-01-31,78506,2003-10-10
PAYEMS,1976-01-01,2026-07-31,78503,2019-02-01
PAYEMS,1976-02-01,1976-04-01,78344,1976-03-05
PAYEMS,1976-02-01,1976-05-06,78320,1976-04-02
PAYEMS,1976-02-01,1976-12-02,78368,1976-05-07
PAYEMS,1976-02-01,1977-02-03,78358,1976-12-03
PAYEMS,1976-02-01,1977-12-01,78635,1977-02-04
PAYEMS,1976-02-01,1978-10-05,78650,1977-12-02
PAYEMS,1976-02-01,1979-10-04,78530,1978-10-06
PAYEMS,1976-02-01,1980-07-02,78592,1979-10-05
PAYEMS,1976-02-01,1981-07-01,78637,1980-07-03
PAYEMS,1976-02-01,1994-06-02,78614,1981-07-02
PAYEMS,1976-02-01,2003-06-05,78606,1994-06-03
PAYEMS,1976-02-01,2019-01-31,78817,2003-06-06
PAYEMS,1976-02-01,2026-07-31,78816,2019-02-01
PAYEMS,1976-03-01,1976-05-06,78511,1976-04-02
PAYEMS,1976-03-01,1976-06-03,78545,1976-05-07
PAYEMS,1976-03-01,1976-12-02,78630,1976-06-04
PAYEMS,1976-03-01,1977-02-03,78692,1976-12-03
PAYEMS,1976-03-01,1977-12-01,78980,1977-02-04
PAYEMS,1976-03-01,1978-10-05,78929,1977-12-02
PAYEMS,1976-03-01,1979-10-04,78831,1978-10-06
PAYEMS,1976-03-01,1980-07-02,78839,1979-10-05
PAYEMS,1976-03-01,1981-07-01,78877,1980-07-03
PAYEMS,1976-03-01,1994-06-02,78828,1981-07-02
PAYEMS,1976-03-01,2003-06-05,78819,1994-06-03
PAYEMS,1976-03-01,2003-10-09,79050,2003-06-06
PAYEMS,1976-03-01,2019-01-31,79049,2003-10-10
PAYEMS,1976-03-01,2026-07-31,79048,2019-02-01
PAYEMS,1976-04-01,1976-06-03,78888,1976-05-07
PAYEMS,1976-04-01,1976-07-01,78942,1976-06-04
PAYEMS,1976-04-01,1976-12-02,78963,1976-07-02
PAYEMS,1976-04-01,1977-02-03,79011,1976-12-03
PAYEMS,1976-04-01,1977-12-01,79312,1977-02-04
PAYEMS,1976-04-01,1978-10-05,79228,1977-12-02
PAYEMS,1976-04-01,1979-10-04,79169,1978-10-06
PAYEMS,1976-04-01,1980-07-02,79121,1979-10-05
PAYEMS,1976-04-01,1981-07-01,79139,1980-07-03
PAYEMS,1976-04-01,1994-06-02,79142,1981-07-02
PAYEMS,1976-04-01,2003-06-05,79134,1994-06-03
PAYEMS,1976-04-01,2014-02-06,79293,2003-06-06
PAYEMS,1976-04-01,2026-07-31,79292,2014-02-07
PAYEMS,1976-05-01,1976-07-01,78999,1976-06-04
PAYEMS,1976-05-01,1976-08-05,78964,1976-07-02
PAYEMS,1976-05-01,1976-12-02,78923,1976-08-06
PAYEMS,1976-05-01,1977-02-03,79006,1976-12-03
PAYEMS,1976-05-01,1977-12-01,79319,1977-02-04
PAYEMS,1976-05-01,1978-10-05,79263,1977-12-02
PAYEMS,1976-05-01,1979-10-04,79236,1978-10-06
PAYEMS,1976-05-01,1980-07-02,79208,1979-10-05
PAYEMS,1976-05-01,1981-07-01,79186,1980-07-03
PAYEMS,1976-05-01,1994-06-02,79188,1981-07-02
PAYEMS,1976-05-01,2003-06-05,79192,1994-06-03
PAYEMS,1976-05-01,2019-01-31,79311,2003-06-06
PAYEMS,1976-05-01,2026-07-31,79312,2019-02-01
PAYEMS,1976-06-01,1976-08-05,78988,1976-07-02
PAYEMS,1976-06-01,1976-09-02,78900,1976-08-06
PAYEMS,1976-06-01,1976-12-02,78943,1976-09-03
PAYEMS,1976-06-01,1977-02-03,79043,1976-12-03
PAYEMS,1976-06-01,1977-12-01,79368,1977-02-04
PAYEMS,1976-06-01,1978-10-05,79402,1977-12-02
PAYEMS,1976-06-01,1979-10-04,79332,1978-10-06
PAYEMS,1976-06-01,1980-07-02,79279,1979-10-05
PAYEMS,1976-06-01,1981-07-01,79244,1980-07-03
PAYEMS,1976-06-01,1994-06-02,79264,1981-07-02
PAYEMS,1976-06-01,2003-06-05,79258,1994-06-03
PAYEMS,1976-06-01,2026-07-31,79376,2003-06-06
PAYEMS,1976-07-01,1976-09-02,79121,1976-08-06
PAYEMS,1976-07-01,1976-10-07,79192,1976-09-03
PAYEMS,1976-07-01,1976-12-02,79176,1976-10-08
PAYEMS,1976-07-01,1977-02-03,79183,1976-12-03
PAYEMS,1976-07-01,1977-12-01,79513,1977-02-04
PAYEMS,1976-07-01,1978-10-05,79520,1977-12-02
PAYEMS,1976-07-01,1979-10-04,79478,1978-10-06
PAYEMS,1976-07-01,1980-07-02,79471,1979-10-05
PAYEMS,1976-07-01,1981-07-01,79436,1980-07-03
PAYEMS,1976-07-01,1994-06-02,79469,1981-07-02
PAYEMS,1976-07-01,2003-06-05,79485,1994-06-03
PAYEMS,1976-07-01,2014-02-06,79546,2003-06-06
PAYEMS,1976-07-01,2026-07-31,79547,2014-02-07
PAYEMS,1976-08-01,1976-10-07,79431,1976-09-03
PAYEMS,1976-08-01,1976-11-04,79317,1976-10-08
PAYEMS,1976-08-01,1976-12-02,79333,1976-11-05
PAYEMS,1976-08-01,1977-02-03,79278,1976-12-03
PAYEMS,1976-08-01,1977-12-01,79618,1977-02-04
PAYEMS,1976-08-01,1978-10-05,79606,1977-12-02
PAYEMS,1976-08-01,1979-10-04,79596,1978-10-06
PAYEMS,1976-08-01,1980-07-02,79604,1979-10-05
PAYEMS,1976-08-01,1981-07-01,79584,1980-07-03
PAYEMS,1976-08-01,1994-06-02,79591,1981-07-02
PAYEMS,1976-08-01,2003-06-05,79581,1994-06-03
PAYEMS,1976-08-01,2026-07-31,79704,2003-06-06
PAYEMS,1976-09-01,1976-11-04,79561,1976-10-08
PAYEMS,1976-09-01,1976-12-02,79567,1976-11-05
PAYEMS,1976-09-01,1977-02-03,79572,1976-12-03
PAYEMS,1976-09-01,1977-12-01,79918,1977-02-04
PAYEMS,1976-09-01,1978-10-05,79895,1977-12-02
PAYEMS,1976-09-01,1979-10-04,79836,1978-10-06
PAYEMS,1976-09-01,1980-07-02,79862,1979-10-05
PAYEMS,1976-09-01,1981-07-01,79873,1980-07-03
PAYEMS,1976-09-01,1994-06-02,79857,1981-07-02
PAYEMS,1976-09-01,2003-06-05,79842,1994-06-03
PAYEMS,1976-09-01,2026-07-31,79892,2003-06-06
PAYEMS,1976-10-01,1976-12-02,79513,1976-11-05
PAYEMS,1976-10-01,1977-01-11,79451,1976-12-03
PAYEMS,1976-10-01,1977-02-03,79467,1977-01-12
PAYEMS,1976-10-01,1977-12-01,79819,1977-02-04
PAYEMS,1976-10-01,1978-10-05,79835,1977-12-02
PAYEMS,1976-10-01,1979-10-04,79804,1978-10-06
PAYEMS,1976-10-01,1980-07-02,79833,1979-10-05
PAYEMS,1976-10-01,1981-07-01,79825,1980-07-03
PAYEMS,1976-10-01,1994-06-02,79847,1981-07-02
PAYEMS,1976-10-01,2003-06-05,79842,1994-06-03
PAYEMS,1976-10-01,2019-01-31,79905,2003-06-06
PAYEMS,1976-10-01,2026-07-31,79911,2019-02-01
PAYEMS,1976-11-01,1977-01-11,79711,1976-12-03
PAYEMS,1976-11-01,1977-02-03,79700,1977-01-12
PAYEMS,1976-11-01,1977-12-01,80106,1977-02-04
PAYEMS,1976-11-01,1978-10-05,80127,1977-12-02
PAYEMS,1976-11-01,1979-10-04,80133,1978-10-06
PAYEMS,1976-11-01,1981-07-01,80129,1979-10-05
PAYEMS,1976-11-01,1994-06-02,80122,1981-07-02
PAYEMS,1976-11-01,2003-06-05,80141,1994-06-03
PAYEMS,1976-11-01,2019-01-31,80237,2003-06-06
PAYEMS,1976-11-01,2026-07-31,80240,2019-02-01
PAYEMS,1976-12-01,1977-02-03,79957,1977-01-12
PAYEMS,1976-12-01,1977-03-03,80322,1977-02-04
PAYEMS,1976-12-01,1977-12-01,80344,1977-03-04
PAYEMS,1976-12-01,1978-10-05,80370,1977-12-02
PAYEMS,1976-12-01,1979-10-04,80306,1978-10-06
PAYEMS,1976-12-01,1980-07-02,80261,1979-10-05
PAYEMS,1976-12-01,1981-07-01,80324,1980-07-03
PAYEMS,1976-12-01,1994-06-02,80310,1981-07-02
PAYEMS,1976-12-01,2003-06-05,80338,1994-06-03
PAYEMS,1976-12-01,2003-10-09,80446,2003-06-06
PAYEMS,1976-12-01,2026-07-31,80448,2003-10-10
PAYEMS,1977-01-01,1977-03-03,80553,1977-02-04
PAYEMS,1977-01-01,1977-03-31,80559,1977-03-04
PAYEMS,1977-01-01,1977-12-01,80561,1977-04-01
PAYEMS,1977-01-01,1978-10-05,80574,1977-12-02
PAYEMS,1977-01-01,1979-10-04,80483,1978-10-06
PAYEMS,1977-01-01,1980-07-02,80565,1979-10-05
PAYEMS,1977-01-01,1981-07-01,80594,1980-07-03
PAYEMS,1977-01-01,1982-06-03,80548,1981-07-02
PAYEMS,1977-01-01,1994-06-02,80527,1982-06-04
PAYEMS,1977-01-01,2003-06-05,80517,1994-06-03
PAYEMS,1977-01-01,2019-01-31,80692,2003-06-06
PAYEMS,1977-01-01,2026-07-31,80690,2019-02-01
PAYEMS,1977-02-01,1977-03-31,80818,1977-03-04
PAYEMS,1977-02-01,1977-05-05,80816,1977-04-01
PAYEMS,1977-02-01,1977-12-01,80824,1977-05-06
PAYEMS,1977-02-01,1978-10-05,80870,1977-12-02
PAYEMS,1977-02-01,1979-10-04,80796,1978-10-06
PAYEMS,1977-02-01,1980-07-02,80794,1979-10-05
PAYEMS,1977-02-01,1981-07-01,80838,1980-07-03
PAYEMS,1977-02-01,1982-06-03,80793,1981-07-02
PAYEMS,1977-02-01,1994-06-02,80783,1982-06-04
PAYEMS,1977-02-01,2003-06-05,80794,1994-06-03
PAYEMS,1977-02-01,2014-02-06,80987,2003-06-06
PAYEMS,1977-02-01,2026-07-31,80988,2014-02-07
PAYEMS,1977-03-01,1977-05-05,81304,1977-04-01
PAYEMS,1977-03-01,1977-06-02,81372,1977-05-06
PAYEMS,1977-03-01,1977-12-01,81395,1977-06-03
PAYEMS,1977-03-01,1978-10-05,81331,1977-12-02
PAYEMS,1977-03-01,1979-10-04,81264,1978-10-06
PAYEMS,1977-03-01,1980-07-02,81233,1979-10-05
PAYEMS,1977-03-01,1981-07-01,81242,1980-07-03
PAYEMS,1977-03-01,1982-06-03,81218,1981-07-02
PAYEMS,1977-03-01,1994-06-02,81228,1982-06-04
PAYEMS,1977-03-01,2003-06-05,81221,1994-06-03
PAYEMS,1977-03-01,2003-10-09,81392,2003-06-06
PAYEMS,1977-03-01,2026-07-31,81391,2003-10-10
PAYEMS,1977-04-01,1977-06-02,81644,1977-05-06
PAYEMS,1977-04-01,1977-07-07,81605,1977-06-03
PAYEMS,1977-04-01,1977-12-01,81686,1977-07-08
PAYEMS,1977-04-01,1978-10-05,81620,1977-12-02
PAYEMS,1977-04-01,1979-10-04,81654,1978-10-06
PAYEMS,1977-04-01,1980-07-02,81622,1979-10-05
PAYEMS,1977-04-01,1981-07-01,81615,1980-07-03
PAYEMS,1977-04-01,1982-06-03,81607,1981-07-02
PAYEMS,1977-04-01,1994-06-02,81615,1982-06-04
PAYEMS,1977-04-01,2003-06-05,81610,1994-06-03
PAYEMS,1977-04-01,2014-02-06,81730,2003-06-06
PAYEMS,1977-04-01,2019-01-31,81729,2014-02-07
PAYEMS,1977-04-01,2026-07-31,81728,2019-02-01
PAYEMS,1977-05-01,1977-07-07,81792,1977-06-03
PAYEMS,1977-05-01,1977-12-01,81921,1977-07-08
PAYEMS,1977-05-01,1978-10-05,81837,1977-12-02
PAYEMS,1977-05-01,1979-10-04,81934,1978-10-06
PAYEMS,1977-05-01,1980-07-02,81986,1979-10-05
PAYEMS,1977-05-01,1981-07-01,81966,1980-07-03
PAYEMS,1977-05-01,1982-06-03,81982,1981-07-02
PAYEMS,1977-05-01,1994-06-02,81984,1982-06-04
PAYEMS,1977-05-01,2003-06-05,81977,1994-06-03
PAYEMS,1977-05-01,2003-10-09,82088,2003-06-06
PAYEMS,1977-05-01,2019-01-31,82089,2003-10-10
PAYEMS,1977-05-01,2026-07-31,82088,2019-02-01
PAYEMS,1977-06-01,1977-08-04,82056,1977-07-08
PAYEMS,1977-06-01,1977-09-01,82095,1977-08-05
PAYEMS,1977-06-01,1977-12-01,82121,1977-09-02
PAYEMS,1977-06-01,1978-10-05,82157,1977-12-02
PAYEMS,1977-06-01,1979-10-04,82277,1978-10-06
PAYEMS,1977-06-01,1980-07-02,82369,1979-10-05
PAYEMS,1977-06-01,1981-07-01,82339,1980-07-03
PAYEMS,1977-06-01,1982-06-03,82375,1981-07-02
PAYEMS,1977-06-01,1994-06-02,82392,1982-06-04
PAYEMS,1977-06-01,2003-06-05,82381,1994-06-03
PAYEMS,1977-06-01,2026-07-31,82488,2003-06-06
PAYEMS,1977-07-01,1977-09-01,82351,1977-08-05
PAYEMS,1977-07-01,1977-10-06,82356,1977-09-02
PAYEMS,1977-07-01,1977-12-01,82366,1977-10-07
PAYEMS,1977-07-01,1978-10-05,82407,1977-12-02
PAYEMS,1977-07-01,1979-10-04,82455,1978-10-06
PAYEMS,1977-07-01,1980-07-02,82616,1979-10-05
PAYEMS,1977-07-01,1981-07-01,82640,1980-07-03
PAYEMS,1977-07-01,1982-06-03,82715,1981-07-02
PAYEMS,1977-07-01,1994-06-02,82743,1982-06-04
PAYEMS,1977-07-01,2003-06-05,82760,1994-06-03
PAYEMS,1977-07-01,2019-01-31,82836,2003-06-06
PAYEMS,1977-07-01,2026-07-31,82834,2019-02-01
PAYEMS,1977-08-01,1977-10-06,82448,1977-09-02
PAYEMS,1977-08-01,1977-11-03,82459,1977-10-07
PAYEMS,1977-08-01,1977-12-01,82480,1977-11-04
PAYEMS,1977-08-01,1978-10-05,82474,1977-12-02
PAYEMS,1977-08-01,1979-10-04,82603,1978-10-06
PAYEMS,1977-08-01,1980-07-02,82849,1979-10-05
PAYEMS,1977-08-01,1981-07-01,82919,1980-07-03
PAYEMS,1977-08-01,1982-06-03,82975,1981-07-02
PAYEMS,1977-08-01,1994-06-02,82954,1982-06-04
PAYEMS,1977-08-01,2003-06-05,82974,1994-06-03
PAYEMS,1977-08-01,2019-01-31,83074,2003-06-06
PAYEMS,1977-08-01,2026-07-31,83075,2019-02-01
PAYEMS,1977-09-01,1977-11-03,82750,1977-10-07
PAYEMS,1977-09-01,1977-12-01,82807,1977-11-04
PAYEMS,1977-09-01,1978-10-05,82763,1977-12-02
PAYEMS,1977-09-01,1979-10-04,82973,1978-10-06
PAYEMS,1977-09-01,1980-07-02,83287,1979-10-05
PAYEMS,1977-09-01,1981-07-01,83426,1980-07-03
PAYEMS,1977-09-01,1982-06-03,83486,1981-07-02
PAYEMS,1977-09-01,1994-06-02,83460,1982-06-04
PAYEMS,1977-09-01,2003-06-05,83431,1994-06-03
PAYEMS,1977-09-01,2026-07-31,83532,2003-06-06
PAYEMS,1977-10-01,1977-12-01,82926,1977-11-04
PAYEMS,1977-10-01,1978-01-10,82905,1977-12-02
PAYEMS,1977-10-01,1978-10-05,82902,1978-01-11
PAYEMS,1977-10-01,1979-10-04,83199,1978-10-06
PAYEMS,1977-10-01,1980-07-02,83549,1979-10-05
PAYEMS,1977-10-01,1981-07-01,83662,1980-07-03
PAYEMS,1977-10-01,1982-06-03,83678,1981-07-02
PAYEMS,1977-10-01,1994-06-02,83659,1982-06-04
PAYEMS,1977-10-01,2003-06-05,83661,1994-06-03
PAYEMS,1977-10-01,2019-01-31,83794,2003-06-06
PAYEMS,1977-10-01,2026-07-31,83800,2019-02-01
PAYEMS,1977-11-01,1978-01-10,83217,1977-12-02
PAYEMS,1977-11-01,1978-02-02,83222,1978-01-11
PAYEMS,1977-11-01,1978-10-05,83245,1978-02-03
PAYEMS,1977-11-01,1979-10-04,83549,1978-10-06
PAYEMS,1977-11-01,1980-07-02,83908,1979-10-05
PAYEMS,1977-11-01,1981-07-01,84032,1980-07-03
PAYEMS,1977-11-01,1982-06-03,84018,1981-07-02
PAYEMS,1977-11-01,1994-06-02,84012,1982-06-04
PAYEMS,1977-11-01,2003-06-05,84031,1994-06-03
PAYEMS,1977-11-01,2026-07-31,84173,2003-06-06
PAYEMS,1977-12-01,1978-02-02,83439,1978-01-11
PAYEMS,1977-12-01,1978-03-09,83432,1978-02-03
PAYEMS,1977-12-01,1978-10-05,83429,1978-03-10
PAYEMS,1977-12-01,1979-10-04,83719,1978-10-06
PAYEMS,1977-12-01,1980-07-02,84125,1979-10-05
PAYEMS,1977-12-01,1981-07-01,84287,1980-07-03
PAYEMS,1977-12-01,1982-06-03,84243,1981-07-02
PAYEMS,1977-12-01,1994-06-02,84260,1982-06-04
PAYEMS,1977-12-01,2003-06-05,84271,1994-06-03
PAYEMS,1977-12-01,2003-10-09,84407,2003-06-06
PAYEMS,1977-12-01,2019-01-31,84408,2003-10-10
PAYEMS,1977-12-01,2026-07-31,84410,2019-02-01
PAYEMS,1978-01-01,1978-03-09,83685,1978-02-03
PAYEMS,1978-01-01,1978-04-06,83725,1978-03-10
PAYEMS,1978-01-01,1978-10-05,83719,1978-04-07
PAYEMS,1978-01-01,1979-10-04,83871,1978-10-06
PAYEMS,1978-01-01,1980-07-02,84421,1979-10-05
PAYEMS,1978-01-01,1981-07-01,84582,1980-07-03
PAYEMS,1978-01-01,1982-06-03,84477,1981-07-02
PAYEMS,1978-01-01,1994-06-02,84478,1982-06-04
PAYEMS,1978-01-01,2003-06-05,84464,1994-06-03
PAYEMS,1978-01-01,2019-01-31,84595,2003-06-06
PAYEMS,1978-01-01,2026-07-31,84594,2019-02-01
PAYEMS,1978-02-01,1978-04-06,84074,1978-03-10
PAYEMS,1978-02-01,1978-05-04,84055,1978-04-07
PAYEMS,1978-02-01,1978-10-05,84046,1978-05-05
PAYEMS,1978-02-01,1979-10-04,84188,1978-10-06
PAYEMS,1978-02-01,1980-07-02,84735,1979-10-05
PAYEMS,1978-02-01,1981-07-01,84892,1980-07-03
PAYEMS,1978-02-01,1982-06-03,84798,1981-07-02
PAYEMS,1978-02-01,1983-06-02,84782,1982-06-04
PAYEMS,1978-02-01,1994-06-02,84800,1983-06-03
PAYEMS,1978-02-01,2003-06-05,84808,1994-06-03
PAYEMS,1978-02-01,2003-10-09,84947,2003-06-06
PAYEMS,1978-02-01,2026-07-31,84948,2003-10-10
PAYEMS,1978-03-01,1978-05-04,84498,1978-04-07
PAYEMS,1978-03-01,1978-06-01,84537,1978-05-05
PAYEMS,1978-03-01,1978-10-05,84555,1978-06-02
PAYEMS,1978-03-01,1979-10-04,84726,1978-10-06
PAYEMS,1978-03-01,1980-07-02,85246,1979-10-05
PAYEMS,1978-03-01,1981-07-01,85396,1980-07-03
PAYEMS,1978-03-01,1982-06-03,85305,1981-07-02
PAYEMS,1978-03-01,1983-06-02,85325,1982-06-04
PAYEMS,1978-03-01,1994-06-02,85339,1983-06-03
PAYEMS,1978-03-01,2003-06-05,85338,1994-06-03
PAYEMS,1978-03-01,2003-10-09,85462,2003-06-06
PAYEMS,1978-03-01,2019-01-31,85461,2003-10-10
PAYEMS,1978-03-01,2026-07-31,85460,2019-02-01
PAYEMS,1978-04-01,1978-06-01,85156,1978-05-05
PAYEMS,1978-04-01,1978-07-06,85170,1978-06-02
PAYEMS,1978-04-01,1978-10-05,85223,1978-07-07
PAYEMS,1978-04-01,1979-10-04,85418,1978-10-06
PAYEMS,1978-04-01,1980-07-02,85961,1979-10-05
PAYEMS,1978-04-01,1981-07-01,86104,1980-07-03
PAYEMS,1978-04-01,1982-06-03,86072,1981-07-02
PAYEMS,1978-04-01,1983-06-02,86071,1982-06-04
PAYEMS,1978-04-01,1994-06-02,86064,1983-06-03
PAYEMS,1978-04-01,2003-06-05,86083,1994-06-03
PAYEMS,1978-04-01,2019-01-31,86163,2003-06-06
PAYEMS,1978-04-01,2026-07-31,86162,2019-02-01
PAYEMS,1978-05-01,1978-07-06,85345,1978-06-02
PAYEMS,1978-05-01,1978-08-03,85454,1978-07-07
PAYEMS,1978-05-01,1978-10-05,85466,1978-08-04
PAYEMS,1978-05-01,1979-10-04,85618,1978-10-06
PAYEMS,1978-05-01,1980-07-02,86227,1979-10-05
PAYEMS,1978-05-01,1981-07-01,86368,1980-07-03
PAYEMS,1978-05-01,1982-06-03,86407,1981-07-02
PAYEMS,1978-05-01,1983-06-02,86409,1982-06-04
PAYEMS,1978-05-01,1994-06-02,86396,1983-06-03
PAYEMS,1978-05-01,2003-06-05,86404,1994-06-03
PAYEMS,1978-05-01,2003-10-09,86508,2003-06-06
PAYEMS,1978-05-01,2026-07-31,86509,2003-10-10
PAYEMS,1978-06-01,1978-08-03,85729,1978-07-07
PAYEMS,1978-06-01,1978-08-31,85767,1978-08-04
PAYEMS,1978-06-01,1978-10-05,85820,1978-09-01
PAYEMS,1978-06-01,1979-10-04,85996,1978-10-06
PAYEMS,1978-06-01,1980-07-02,86590,1979-10-05
PAYEMS,1978-06-01,1981-07-01,86746,1980-07-03
PAYEMS,1978-06-01,1982-06-03,86815,1981-07-02
PAYEMS,1978-06-01,1983-06-02,86845,1982-06-04
PAYEMS,1978-06-01,1994-06-02,86833,1983-06-03
PAYEMS,1978-06-01,2003-06-05,86811,1994-06-03
PAYEMS,1978-06-01,2019-01-31,86951,2003-06-06
PAYEMS,1978-06-01,2026-07-31,86950,2019-02-01
PAYEMS,1978-07-01,1978-08-31,86031,1978-08-04
PAYEMS,1978-07-01,1978-10-05,86003,1978-09-01
PAYEMS,1978-07-01,1979-10-04,86033,1978-10-06
PAYEMS,1978-07-01,1980-07-02,86686,1979-10-05
PAYEMS,1978-07-01,1981-07-01,86924,1980-07-03
PAYEMS,1978-07-01,1982-06-03,87052,1981-07-02
PAYEMS,1978-07-01,1983-06-02,87071,1982-06-04
PAYEMS,1978-07-01,1994-06-02,87060,1983-06-03
PAYEMS,1978-07-01,2003-06-05,87037,1994-06-03
PAYEMS,1978-07-01,2003-10-09,87206,2003-06-06
PAYEMS,1978-07-01,2019-01-31,87205,2003-10-10
PAYEMS,1978-07-01,2026-07-31,87204,2019-02-01
PAYEMS,1978-08-01,1978-10-05,86116,1978-09-01
PAYEMS,1978-08-01,1978-11-02,86164,1978-10-06
PAYEMS,1978-08-01,1979-10-04,86149,1978-11-03
PAYEMS,1978-08-01,1980-07-02,86880,1979-10-05
PAYEMS,1978-08-01,1981-07-01,87231,1980-07-03
PAYEMS,1978-08-01,1982-06-03,87337,1981-07-02
PAYEMS,1978-08-01,1983-06-02,87332,1982-06-04
PAYEMS,1978-08-01,1994-06-02,87319,1983-06-03
PAYEMS,1978-08-01,2003-06-05,87324,1994-06-03
PAYEMS,1978-08-01,2019-01-31,87481,2003-06-06
PAYEMS,1978-08-01,2026-07-31,87483,2019-02-01
PAYEMS,1978-09-01,1978-11-02,86106,1978-10-06
PAYEMS,1978-09-01,1978-12-07,86167,1978-11-03
PAYEMS,1978-09-01,1979-10-04,86163,1978-12-08
PAYEMS,1978-09-01,1980-07-02,87032,1979-10-05
PAYEMS,1978-09-01,1981-07-01,87419,1980-07-03
PAYEMS,1978-09-01,1982-06-03,87510,1981-07-02
PAYEMS,1978-09-01,1983-06-02,87487,1982-06-04
PAYEMS,1978-09-01,1994-06-02,87470,1983-06-03
PAYEMS,1978-09-01,2003-06-05,87434,1994-06-03
PAYEMS,1978-09-01,2019-01-31,87618,2003-06-06
PAYEMS,1978-09-01,2026-07-31,87621,2019-02-01
PAYEMS,1978-10-01,1978-12-07,86597,1978-11-03
PAYEMS,1978-10-01,1979-01-11,86567,1978-12-08
PAYEMS,1978-10-01,1979-10-04,86573,1979-01-12
PAYEMS,1978-10-01,1980-07-02,87424,1979-10-05
PAYEMS,1978-10-01,1981-07-01,87790,1980-07-03
PAYEMS,1978-10-01,1982-06-03,87808,1981-07-02
PAYEMS,1978-10-01,1983-06-02,87775,1982-06-04
PAYEMS,1978-10-01,1994-06-02,87788,1983-06-03
PAYEMS,1978-10-01,2003-06-05,87797,1994-06-03
PAYEMS,1978-10-01,2003-10-09,87955,2003-06-06
PAYEMS,1978-10-01,2019-01-31,87954,2003-10-10
PAYEMS,1978-10-01,2026-07-31,87956,2019-02-01
PAYEMS,1978-11-01,1979-01-11,87034,1978-12-08
PAYEMS,1978-11-01,1979-02-01,87020,1979-01-12
PAYEMS,1978-11-01,1979-10-04,87036,1979-02-02
PAYEMS,1978-11-01,1980-07-02,87840,1979-10-05
PAYEMS,1978-11-01,1981-07-01,88242,1980-07-03
PAYEMS,1978-11-01,1982-06-03,88221,1981-07-02
PAYEMS,1978-11-01,1983-06-02,88214,1982-06-04
PAYEMS,1978-11-01,1994-06-02,88233,1983-06-03
PAYEMS,1978-11-01,2003-06-05,88249,1994-06-03
PAYEMS,1978-11-01,2026-07-31,88391,2003-06-06
PAYEMS,1978-12-01,1979-02-01,87270,1979-01-12
PAYEMS,1978-12-01,1979-03-08,87248,1979-02-02
PAYEMS,1978-12-01,1979-10-04,87281,1979-03-09
PAYEMS,1978-12-01,1980-07-02,88133,1979-10-05
PAYEMS,1978-12-01,1981-07-01,88567,1980-07-03
PAYEMS,1978-12-01,1982-06-03,88502,1981-07-02
PAYEMS,1978-12-01,1983-06-02,88518,1982-06-04
PAYEMS,1978-12-01,1994-06-02,88534,1983-06-03
PAYEMS,1978-12-01,2003-06-05,88559,1994-06-03
PAYEMS,1978-12-01,2003-10-09,88673,2003-06-06
PAYEMS,1978-12-01,2014-02-06,88674,2003-10-10
PAYEMS,1978-12-01,2019-01-31,88673,2014-02-07
PAYEMS,1978-12-01,2026-07-31,88671,2019-02-01
PAYEMS,1979-01-01,1979-03-08,87573,1979-02-02
PAYEMS,1979-01-01,1979-04-05,87465,1979-03-09
PAYEMS,1979-01-01,1979-10-04,87524,1979-04-06
PAYEMS,1979-01-01,1980-07-02,88433,1979-10-05
PAYEMS,1979-01-01,1981-07-01,88858,1980-07-03
PAYEMS,1979-01-01,1982-06-03,88693,1981-07-02
PAYEMS,1979-01-01,1983-06-02,88724,1982-06-04
PAYEMS,1979-01-01,1984-05-31,88733,1983-06-03
PAYEMS,1979-01-01,1994-06-02,88711,1984-06-01
PAYEMS,1979-01-01,2003-06-05,88728,1994-06-03
PAYEMS,1979-01-01,2014-02-06,88811,2003-06-06
PAYEMS,1979-01-01,2019-01-31,88810,2014-02-07
PAYEMS,1979-01-01,2026-07-31,88808,2019-02-01
PAYEMS,1979-02-01,1979-04-05,87766,1979-03-09
PAYEMS,1979-02-01,1979-05-03,87832,1979-04-06
PAYEMS,1979-02-01,1979-10-04,87818,1979-05-04
PAYEMS,1979-02-01,1980-07-02,88700,1979-10-05
PAYEMS,1979-02-01,1981-07-01,89109,1980-07-03
PAYEMS,1979-02-01,1982-06-03,88946,1981-07-02
PAYEMS,1979-02-01,1983-06-02,88927,1982-06-04
PAYEMS,1979-02-01,1984-05-31,88957,1983-06-03
PAYEMS,1979-02-01,1994-06-02,88955,1984-06-01
PAYEMS,1979-02-01,2003-06-05,88985,1994-06-03
PAYEMS,1979-02-01,2019-01-31,89054,2003-06-06
PAYEMS,1979-02-01,2026-07-31,89055,2019-02-01
PAYEMS,1979-03-01,1979-05-03,88156,1979-04-06
PAYEMS,1979-03-01,1979-05-31,88240,1979-05-04
PAYEMS,1979-03-01,1979-10-04,88263,1979-06-01
PAYEMS,1979-03-01,1980-07-02,89039,1979-10-05
PAYEMS,1979-03-01,1981-07-01,89455,1980-07-03
PAYEMS,1979-03-01,1982-06-03,89329,1981-07-02
PAYEMS,1979-03-01,1983-06-02,89367,1982-06-04
PAYEMS,1979-03-01,1984-05-31,89374,1983-06-03
PAYEMS,1979-03-01,1994-06-02,89406,1984-06-01
PAYEMS,1979-03-01,2003-06-05,89426,1994-06-03
PAYEMS,1979-03-01,2019-01-31,89480,2003-06-06
PAYEMS,1979-03-01,2026-07-31,89479,2019-02-01
PAYEMS,1979-04-01,1979-05-31,88312,1979-05-04
PAYEMS,1979-04-01,1979-07-05,88267,1979-06-01
PAYEMS,1979-04-01,1979-10-04,88248,1979-07-06
PAYEMS,1979-04-01,1980-07-02,89036,1979-10-05
PAYEMS,1979-04-01,1981-07-01,89386,1980-07-03
PAYEMS,1979-04-01,1982-06-03,89348,1981-07-02
PAYEMS,1979-04-01,1983-06-02,89329,1982-06-04
PAYEMS,1979-04-01,1984-05-31,89324,1983-06-03
PAYEMS,1979-04-01,1994-06-02,89356,1984-06-01
PAYEMS,1979-04-01,2003-06-05,89363,1994-06-03
PAYEMS,1979-04-01,2019-01-31,89418,2003-06-06
PAYEMS,1979-04-01,2026-07-31,89417,2019-02-01
PAYEMS,1979-05-01,1979-07-05,88438,1979-06-01
PAYEMS,1979-05-01,1979-08-02,88516,1979-07-06
PAYEMS,1979-05-01,1979-10-04,88539,1979-08-03
PAYEMS,1979-05-01,1980-07-02,89398,1979-10-05
PAYEMS,1979-05-01,1981-07-01,89708,1980-07-03
PAYEMS,1979-05-01,1982-06-03,89699,1981-07-02
PAYEMS,1979-05-01,1983-06-02,89694,1982-06-04
PAYEMS,1979-05-01,1984-05-31,89663,1983-06-03
PAYEMS,1979-05-01,1994-06-02,89671,1984-06-01
PAYEMS,1979-05-01,2003-06-05,89681,1994-06-03
PAYEMS,1979-05-01,2014-02-06,89790,2003-06-06
PAYEMS,1979-05-01,2019-01-31,89791,2014-02-07
PAYEMS,1979-05-01,2026-07-31,89789,2019-02-01
PAYEMS,1979-06-01,1979-08-02,88613,1979-07-06
PAYEMS,1979-06-01,1979-09-06,88709,1979-08-03
PAYEMS,1979-06-01,1979-10-04,88764,1979-09-07
PAYEMS,1979-06-01,1980-07-02,89626,1979-10-05
PAYEMS,1979-06-01,1981-07-01,89909,1980-07-03
PAYEMS,1979-06-01,1982-06-03,89958,1981-07-02
PAYEMS,1979-06-01,1983-06-02,90010,1982-06-04
PAYEMS,1979-06-01,1984-05-31,89980,1983-06-03
PAYEMS,1979-06-01,1994-06-02,89985,1984-06-01
PAYEMS,1979-06-01,2003-06-05,89955,1994-06-03
PAYEMS,1979-06-01,2014-02-06,90108,2003-06-06
PAYEMS,1979-06-01,2019-01-31,90109,2014-02-07
PAYEMS,1979-06-01,2026-07-31,90108,2019-02-01
PAYEMS,1979-07-01,1979-09-06,88753,1979-08-03
PAYEMS,1979-07-01,1979-10-04,88813,1979-09-07
PAYEMS,1979-07-01,1980-07-02,89713,1979-10-05
PAYEMS,1979-07-01,1981-07-01,90054,1980-07-03
PAYEMS,1979-07-01,1982-06-03,90080,1981-07-02
PAYEMS,1979-07-01,1983-06-02,90099,1982-06-04
PAYEMS,1979-07-01,1984-05-31,90082,1983-06-03
PAYEMS,1979-07-01,1994-06-02,90088,1984-06-01
PAYEMS,1979-07-01,2003-06-05,90019,1994-06-03
PAYEMS,1979-07-01,2014-02-06,90214,2003-06-06
PAYEMS,1979-07-01,2019-01-31,90215,2014-02-07
PAYEMS,1979-07-01,2026-07-31,90217,2019-02-01
PAYEMS,1979-08-01,1979-10-04,88815,1979-09-07
PAYEMS,1979-08-01,1979-11-01,89718,1979-10-05
PAYEMS,1979-08-01,1980-07-02,89762,1979-11-02
PAYEMS,1979-08-01,1981-07-01,90222,1980-07-03
PAYEMS,1979-08-01,1982-06-03,90228,1981-07-02
PAYEMS,1979-08-01,1983-06-02,90169,1982-06-04
PAYEMS,1979-08-01,1984-05-31,90150,1983-06-03
PAYEMS,1979-08-01,1994-06-02,90148,1984-06-01
PAYEMS,1979-08-01,2003-06-05,90159,1994-06-03
PAYEMS,1979-08-01,2014-02-06,90296,2003-06-06
PAYEMS,1979-08-01,2019-01-31,90297,2014-02-07
PAYEMS,1979-08-01,2026-07-31,90300,2019-02-01
PAYEMS,1979-09-01,1979-11-01,89853,1979-10-05
PAYEMS,1979-09-01,1979-12-06,89845,1979-11-02
PAYEMS,1979-09-01,1980-07-02,89803,1979-12-07
PAYEMS,1979-09-01,1981-07-01,90283,1980-07-03
PAYEMS,1979-09-01,1982-06-03,90276,1981-07-02
PAYEMS,1979-09-01,1983-06-02,90232,1982-06-04
PAYEMS,1979-09-01,1984-05-31,90212,1983-06-03
PAYEMS,1979-09-01,1994-06-02,90166,1984-06-01
PAYEMS,1979-09-01,2003-06-05,90149,1994-06-03
PAYEMS,1979-09-01,2014-02-06,90323,2003-06-06
PAYEMS,1979-09-01,2019-01-31,90325,2014-02-07
PAYEMS,1979-09-01,2026-07-31,90327,2019-02-01
PAYEMS,1979-10-01,1979-12-06,90151,1979-11-02
PAYEMS,1979-10-01,1980-01-10,89967,1979-12-07
PAYEMS,1979-10-01,1980-07-02,89982,1980-01-11
PAYEMS,1979-10-01,1981-07-01,90441,1980-07-03
PAYEMS,1979-10-01,1982-06-03,90402,1981-07-02
PAYEMS,1979-10-01,1983-06-02,90344,1982-06-04
PAYEMS,1979-10-01,1984-05-31,90367,1983-06-03
PAYEMS,1979-10-01,1994-06-02,90356,1984-06-01
PAYEMS,1979-10-01,2003-06-05,90360,1994-06-03
PAYEMS,1979-10-01,2014-02-06,90480,2003-06-06
PAYEMS,1979-10-01,2019-01-31,90482,2014-02-07
PAYEMS,1979-10-01,2026-07-31,90481,2019-02-01
PAYEMS,1979-11-01,1980-01-10,90185,1979-12-07
PAYEMS,1979-11-01,1980-01-31,90109,1980-01-11
PAYEMS,1979-11-01,1980-07-02,90100,1980-02-01
PAYEMS,1979-11-01,1981-07-01,90552,1980-07-03
PAYEMS,1979-11-01,1982-06-03,90442,1981-07-02
PAYEMS,1979-11-01,1983-06-02,90432,1982-06-04
PAYEMS,1979-11-01,1984-05-31,90465,1983-06-03
PAYEMS,1979-11-01,1994-06-02,90449,1984-06-01
PAYEMS,1979-11-01,2003-06-05,90466,1994-06-03
PAYEMS,1979-11-01,2014-02-06,90574,2003-06-06
PAYEMS,1979-11-01,2019-01-31,90576,2014-02-07
PAYEMS,1979-11-01,2026-07-31,90573,2019-02-01
PAYEMS,1979-12-01,1980-01-31,90426,1980-01-11
PAYEMS,1979-12-01,1980-03-06,90231,1980-02-01
PAYEMS,1979-12-01,1980-07-02,90241,1980-03-07
PAYEMS,1979-12-01,1981-07-01,90678,1980-07-03
PAYEMS,1979-12-01,1982-06-03,90536,1981-07-02
PAYEMS,1979-12-01,1983-06-02,90556,1982-06-04
PAYEMS,1979-12-01,1984-05-31,90596,1983-06-03
PAYEMS,1979-12-01,1994-06-02,90595,1984-06-01
PAYEMS,1979-12-01,2003-06-05,90617,1994-06-03
PAYEMS,1979-12-01,2014-02-06,90669,2003-06-06
PAYEMS,1979-12-01,2019-01-31,90673,2014-02-07
PAYEMS,1979-12-01,2026-07-31,90672,2019-02-01
PAYEMS,1980-01-01,1980-03-06,90536,1980-02-01
PAYEMS,1980-01-01,1980-04-03,90590,1980-03-07
PAYEMS,1980-01-01,1980-07-02,90652,1980-04-04
PAYEMS,1980-01-01,1981-07-01,91031,1980-07-03
PAYEMS,1980-01-01,1982-06-03,90687,1981-07-02
PAYEMS,1980-01-01,1983-06-02,90801,1982-06-04
PAYEMS,1980-01-01,1984-05-31,90804,1983-06-03
PAYEMS,1980-01-01,1985-06-06,90790,1984-06-01
PAYEMS,1980-01-01,1994-06-02,90784,1985-06-07
PAYEMS,1980-01-01,2003-06-05,90729,1994-06-03
PAYEMS,1980-01-01,2014-02-06,90800,2003-06-06
PAYEMS,1980-01-01,2019-01-31,90802,2014-02-07
PAYEMS,1980-01-01,2026-07-31,90800,2019-02-01
PAYEMS,1980-02-01,1980-04-03,90731,1980-03-07
PAYEMS,1980-02-01,1980-05-01,90774,1980-04-04
PAYEMS,1980-02-01,1980-07-02,90845,1980-05-02
PAYEMS,1980-02-01,1981-07-01,91186,1980-07-03
PAYEMS,1980-02-01,1982-06-03,90865,1981-07-02
PAYEMS,1980-02-01,1983-06-02,90846,1982-06-04
PAYEMS,1980-02-01,1984-05-31,90895,1983-06-03
PAYEMS,1980-02-01,1985-06-06,90893,1984-06-01
PAYEMS,1980-02-01,1994-06-02,90889,1985-06-07
PAYEMS,1980-02-01,2003-06-05,90876,1994-06-03
PAYEMS,1980-02-01,2003-10-09,90878,2003-06-06
PAYEMS,1980-02-01,2014-02-06,90879,2003-10-10
PAYEMS,1980-02-01,2019-01-31,90882,2014-02-07
PAYEMS,1980-02-01,2026-07-31,90883,2019-02-01
PAYEMS,1980-03-01,1980-05-01,90634,1980-04-04
PAYEMS,1980-03-01,1980-06-05,90799,1980-05-02
PAYEMS,1980-03-01,1980-07-02,90819,1980-06-06
PAYEMS,1980-03-01,1981-07-01,91144,1980-07-03
PAYEMS,1980-03-01,1982-06-03,90871,1981-07-02
PAYEMS,1980-03-01,1983-06-02,90929,1982-06-04
PAYEMS,1980-03-01,1984-05-31,90933,1983-06-03
PAYEMS,1980-03-01,1985-06-06,90989,1984-06-01
PAYEMS,1980-03-01,1994-06-02,90970,1985-06-07
PAYEMS,1980-03-01,2003-06-05,90995,1994-06-03
PAYEMS,1980-03-01,2014-02-06,90991,2003-06-06
PAYEMS,1980-03-01,2026-07-31,90994,2014-02-07
PAYEMS,1980-04-01,1980-06-05,90320,1980-05-02
PAYEMS,1980-04-01,1980-07-02,90508,1980-06-06
PAYEMS,1980-04-01,1981-07-01,90951,1980-07-03
PAYEMS,1980-04-01,1982-06-03,90817,1981-07-02
PAYEMS,1980-04-01,1983-06-02,90723,1982-06-04
PAYEMS,1980-04-01,1984-05-31,90718,1983-06-03
PAYEMS,1980-04-01,1985-06-06,90766,1984-06-01
PAYEMS,1980-04-01,1994-06-02,90747,1985-06-07
PAYEMS,1980-04-01,2003-06-05,90780,1994-06-03
PAYEMS,1980-04-01,2003-10-09,90845,2003-06-06
PAYEMS,1980-04-01,2014-02-06,90846,2003-10-10
PAYEMS,1980-04-01,2019-01-31,90850,2014-02-07
PAYEMS,1980-04-01,2026-07-31,90849,2019-02-01
PAYEMS,1980-05-01,1980-07-02,90328,1980-06-06
PAYEMS,1980-05-01,1980-07-31,90602,1980-07-03
PAYEMS,1980-05-01,1981-07-01,90468,1980-08-01
PAYEMS,1980-05-01,1982-06-03,90446,1981-07-02
PAYEMS,1980-05-01,1983-06-02,90308,1982-06-04
PAYEMS,1980-05-01,1984-05-31,90255,1983-06-03
PAYEMS,1980-05-01,1985-06-06,90272,1984-06-01
PAYEMS,1980-05-01,1994-06-02,90269,1985-06-07
PAYEMS,1980-05-01,2003-06-05,90316,1994-06-03
PAYEMS,1980-05-01,2003-10-09,90416,2003-06-06
PAYEMS,1980-05-01,2014-02-06,90415,2003-10-10
PAYEMS,1980-05-01,2019-01-31,90419,2014-02-07
PAYEMS,1980-05-01,2026-07-31,90420,2019-02-01
PAYEMS,1980-06-01,1980-07-31,90088,1980-07-03
PAYEMS,1980-06-01,1980-09-04,89973,1980-08-01
PAYEMS,1980-06-01,1981-07-01,90047,1980-09-05
PAYEMS,1980-06-01,1982-06-03,90087,1981-07-02
PAYEMS,1980-06-01,1983-06-02,89976,1982-06-04
PAYEMS,1980-06-01,1984-05-31,89937,1983-06-03
PAYEMS,1980-06-01,1985-06-06,89938,1984-06-01
PAYEMS,1980-06-01,1994-06-02,89931,1985-06-07
PAYEMS,1980-06-01,2003-06-05,89974,1994-06-03
PAYEMS,1980-06-01,2003-10-09,90096,2003-06-06
PAYEMS,1980-06-01,2014-02-06,90095,2003-10-10
PAYEMS,1980-06-01,2019-01-31,90099,2014-02-07
PAYEMS,1980-06-01,2026-07-31,90101,2019-02-01
PAYEMS,1980-07-01,1980-09-04,89735,1980-08-01
PAYEMS,1980-07-01,1980-10-02,89865,1980-09-05
PAYEMS,1980-07-01,1981-07-01,89867,1980-10-03
PAYEMS,1980-07-01,1982-06-03,89960,1981-07-02
PAYEMS,1980-07-01,1983-06-02,89692,1982-06-04
PAYEMS,1980-07-01,1984-05-31,89674,1983-06-03
PAYEMS,1980-07-01,1985-06-06,89671,1984-06-01
PAYEMS,1980-07-01,1994-06-02,89670,1985-06-07
PAYEMS,1980-07-01,2003-06-05,89676,1994-06-03
PAYEMS,1980-07-01,2014-02-06,89832,2003-06-06
PAYEMS,1980-07-01,2019-01-31,89837,2014-02-07
PAYEMS,1980-07-01,2026-07-31,89840,2019-02-01
PAYEMS,1980-08-01,1980-10-02,90066,1980-09-05
PAYEMS,1980-08-01,1980-11-06,90109,1980-10-03
PAYEMS,1980-08-01,1981-07-01,90142,1980-11-07
PAYEMS,1980-08-01,1982-06-03,90219,1981-07-02
PAYEMS,1980-08-01,1983-06-02,89955,1982-06-04
PAYEMS,1980-08-01,1984-05-31,89932,1983-06-03
PAYEMS,1980-08-01,1985-06-06,89908,1984-06-01
PAYEMS,1980-08-01,1994-06-02,89933,1985-06-07
PAYEMS,1980-08-01,2003-06-05,89964,1994-06-03
PAYEMS,1980-08-01,2014-02-06,90092,2003-06-06
PAYEMS,1980-08-01,2019-01-31,90097,2014-02-07
PAYEMS,1980-08-01,2026-07-31,90099,2019-02-01
PAYEMS,1980-09-01,1980-11-06,90296,1980-10-03
PAYEMS,1980-09-01,1980-12-04,90365,1980-11-07
PAYEMS,1980-09-01,1981-07-01,90384,1980-12-05
PAYEMS,1980-09-01,1982-06-03,90461,1981-07-02
PAYEMS,1980-09-01,1983-06-02,90126,1982-06-04
PAYEMS,1980-09-01,1984-05-31,90092,1983-06-03
PAYEMS,1980-09-01,1985-06-06,90042,1984-06-01
PAYEMS,1980-09-01,1994-06-02,90058,1985-06-07
PAYEMS,1980-09-01,2003-06-05,90046,1994-06-03
PAYEMS,1980-09-01,2014-02-06,90205,2003-06-06
PAYEMS,1980-09-01,2019-01-31,90210,2014-02-07
PAYEMS,1980-09-01,2026-07-31,90213,2019-02-01
PAYEMS,1980-10-01,1980-12-04,90622,1980-11-07
PAYEMS,1980-10-01,1981-01-08,90612,1980-12-05
PAYEMS,1980-10-01,1981-07-01,90710,1981-01-09
PAYEMS,1980-10-01,1982-06-03,90668,1981-07-02
PAYEMS,1980-10-01,1983-06-02,90320,1982-06-04
PAYEMS,1980-10-01,1984-05-31,90364,1983-06-03
PAYEMS,1980-10-01,1985-06-06,90336,1984-06-01
PAYEMS,1980-10-01,1994-06-02,90350,1985-06-07
PAYEMS,1980-10-01,2003-06-05,90334,1994-06-03
PAYEMS,1980-10-01,2014-02-06,90485,2003-06-06
PAYEMS,1980-10-01,2019-01-31,90491,2014-02-07
PAYEMS,1980-10-01,2026-07-31,90490,2019-02-01
PAYEMS,1980-11-01,1981-01-08,90880,1980-12-05
PAYEMS,1980-11-01,1981-02-05,90917,1981-01-09
PAYEMS,1980-11-01,1981-07-01,90961,1981-02-06
PAYEMS,1980-11-01,1982-06-03,90844,1981-07-02
PAYEMS,1980-11-01,1983-06-02,90560,1982-06-04
PAYEMS,1980-11-01,1984-05-31,90606,1983-06-03
PAYEMS,1980-11-01,1985-06-06,90588,1984-06-01
PAYEMS,1980-11-01,1994-06-02,90583,1985-06-07
PAYEMS,1980-11-01,2003-06-05,90550,1994-06-03
PAYEMS,1980-11-01,2003-10-09,90740,2003-06-06
PAYEMS,1980-11-01,2014-02-06,90741,2003-10-10
PAYEMS,1980-11-01,2019-01-31,90748,2014-02-07
PAYEMS,1980-11-01,2026-07-31,90747,2019-02-01
PAYEMS,1980-12-01,1981-02-05,91122,1981-01-09
PAYEMS,1980-12-01,1981-03-05,91116,1981-02-06
PAYEMS,1980-12-01,1981-07-01,91125,1981-03-06
PAYEMS,1980-12-01,1982-06-03,90949,1981-07-02
PAYEMS,1980-12-01,1983-06-02,90725,1982-06-04
PAYEMS,1980-12-01,1984-05-31,90805,1983-06-03
PAYEMS,1980-12-01,1985-06-06,90803,1984-06-01
PAYEMS,1980-12-01,1994-06-02,90818,1985-06-07
PAYEMS,1980-12-01,2003-06-05,90774,1994-06-03
PAYEMS,1980-12-01,2014-02-06,90936,2003-06-06
PAYEMS,1980-12-01,2026-07-31,90943,2014-02-07
PAYEMS,1981-01-01,1981-03-05,91490,1981-02-06
PAYEMS,1981-01-01,1981-04-02,91499,1981-03-06
PAYEMS,1981-01-01,1981-07-01,91481,1981-04-03
PAYEMS,1981-01-01,1982-06-03,91091,1981-07-02
PAYEMS,1981-01-01,1983-06-02,90909,1982-06-04
PAYEMS,1981-01-01,1984-05-31,90920,1983-06-03
PAYEMS,1981-01-01,1985-06-06,90915,1984-06-01
PAYEMS,1981-01-01,1986-06-05,90906,1985-06-07
PAYEMS,1981-01-01,1993-06-03,90927,1986-06-06
PAYEMS,1981-01-01,1994-06-02,91021,1993-06-04
PAYEMS,1981-01-01,2003-06-05,91003,1994-06-03
PAYEMS,1981-01-01,2014-02-06,91031,2003-06-06
PAYEMS,1981-01-01,2019-01-31,91037,2014-02-07
PAYEMS,1981-01-01,2026-07-31,91033,2019-02-01
PAYEMS,1981-02-01,1981-04-02,91550,1981-03-06
PAYEMS,1981-02-01,1981-05-07,91644,1981-04-03
PAYEMS,1981-02-01,1981-06-04,91652,1981-05-08
PAYEMS,1981-02-01,1981-07-01,91653,1981-06-05
PAYEMS,1981-02-01,1982-06-03,91258,1981-07-02
PAYEMS,1981-02-01,1983-06-02,90913,1982-06-04
PAYEMS,1981-02-01,1984-05-31,90990,1983-06-03
PAYEMS,1981-02-01,1986-06-05,90981,1984-06-01
PAYEMS,1981-02-01,1993-06-03,90987,1986-06-06
PAYEMS,1981-02-01,1994-06-02,91080,1993-06-04
PAYEMS,1981-02-01,2003-06-05,91095,1994-06-03
PAYEMS,1981-02-01,2003-10-09,91100,2003-06-06
PAYEMS,1981-02-01,2014-02-06,91098,2003-10-10
PAYEMS,1981-02-01,2026-07-31,91105,2014-02-07
PAYEMS,1981-03-01,1981-05-07,91645,1981-04-03
PAYEMS,1981-03-01,1981-06-04,91714,1981-05-08
PAYEMS,1981-03-01,1981-07-01,91705,1981-06-05
PAYEMS,1981-03-01,1982-06-03,91347,1981-07-02
PAYEMS,1981-03-01,1983-06-02,91014,1982-06-04
PAYEMS,1981-03-01,1984-05-31,91030,1983-06-03
PAYEMS,1981-03-01,1985-06-06,91100,1984-06-01
PAYEMS,1981-03-01,1986-06-05,91082,1985-06-07
PAYEMS,1981-03-01,1993-06-03,91085,1986-06-06
PAYEMS,1981-03-01,1994-06-02,91184,1993-06-04
PAYEMS,1981-03-01,2003-06-05,91206,1994-06-03
PAYEMS,1981-03-01,2003-10-09,91201,2003-06-06
PAYEMS,1981-03-01,2014-02-06,91202,2003-10-10
PAYEMS,1981-03-01,2026-07-31,91210,2014-02-07
PAYEMS,1981-04-01,1981-06-04,91494,1981-05-08
PAYEMS,1981-04-01,1981-07-01,91490,1981-06-05
PAYEMS,1981-04-01,1982-06-03,91458,1981-07-02
PAYEMS,1981-04-01,1983-06-02,91099,1982-06-04
PAYEMS,1981-04-01,1984-05-31,91128,1983-06-03
PAYEMS,1981-04-01,1985-06-06,91209,1984-06-01
PAYEMS,1981-04-01,1986-06-05,91181,1985-06-07
PAYEMS,1981-04-01,1993-06-03,91175,1986-06-06
PAYEMS,1981-04-01,1994-06-02,91214,1993-06-04
PAYEMS,1981-04-01,2003-06-05,91219,1994-06-03
PAYEMS,1981-04-01,2003-10-09,91274,2003-06-06
PAYEMS,1981-04-01,2014-02-06,91276,2003-10-10
PAYEMS,1981-04-01,2026-07-31,91283,2014-02-07
PAYEMS,1981-05-01,1981-07-01,91474,1981-06-05
PAYEMS,1981-05-01,1981-08-06,91530,1981-07-02
PAYEMS,1981-05-01,1982-06-03,91564,1981-08-07
PAYEMS,1981-05-01,1984-05-31,91131,1982-06-04
PAYEMS,1981-05-01,1985-06-06,91165,1984-06-01
PAYEMS,1981-05-01,1986-06-05,91160,1985-06-07
PAYEMS,1981-05-01,1993-06-03,91151,1986-06-06
PAYEMS,1981-05-01,1994-06-02,91132,1993-06-04
PAYEMS,1981-05-01,2003-06-05,91142,1994-06-03
PAYEMS,1981-05-01,2003-10-09,91287,2003-06-06
PAYEMS,1981-05-01,2014-02-06,91286,2003-10-10
PAYEMS,1981-05-01,2019-01-31,91293,2014-02-07
PAYEMS,1981-05-01,2026-07-31,91296,2019-02-01
PAYEMS,1981-06-01,1981-08-06,91516,1981-07-02
PAYEMS,1981-06-01,1981-09-03,91583,1981-08-07
PAYEMS,1981-06-01,1982-06-03,91615,1981-09-04
PAYEMS,1981-06-01,1983-06-02,91286,1982-06-04
PAYEMS,1981-06-01,1984-05-31,91322,1983-06-03
PAYEMS,1981-06-01,1985-06-06,91336,1984-06-01
PAYEMS,1981-06-01,1986-06-05,91327,1985-06-07
PAYEMS,1981-06-01,1993-06-03,91328,1986-06-06
PAYEMS,1981-06-01,1994-06-02,91292,1993-06-04
PAYEMS,1981-06-01,2003-06-05,91285,1994-06-03
PAYEMS,1981-06-01,2014-02-06,91482,2003-06-06
PAYEMS,1981-06-01,2026-07-31,91490,2014-02-07
PAYEMS,1981-07-01,1981-10-01,91966,1981-08-07
PAYEMS,1981-07-01,1982-06-03,91880,1981-10-02
PAYEMS,1981-07-01,1983-06-02,91396,1982-06-04
PAYEMS,1981-07-01,1984-05-31,91484,1983-06-03
PAYEMS,1981-07-01,1985-06-06,91460,1984-06-01
PAYEMS,1981-07-01,1986-06-05,91461,1985-06-07
PAYEMS,1981-07-01,1993-06-03,91467,1986-06-06
PAYEMS,1981-07-01,1994-06-02,91394,1993-06-04
PAYEMS,1981-07-01,2003-06-05,91410,1994-06-03
PAYEMS,1981-07-01,2014-02-06,91594,2003-06-06
PAYEMS,1981-07-01,2019-01-31,91602,2014-02-07
PAYEMS,1981-07-01,2026-07-31,91601,2019-02-01
PAYEMS,1981-08-01,1981-10-01,92027,1981-09-04
PAYEMS,1981-08-01,1981-11-05,91929,1981-10-02
PAYEMS,1981-08-01,1982-06-03,91901,1981-11-06
PAYEMS,1981-08-01,1983-06-02,91322,1982-06-04
PAYEMS,1981-08-01,1984-05-31,91424,1983-06-03
PAYEMS,1981-08-01,1985-06-06,91380,1984-06-01
PAYEMS,1981-08-01,1993-06-03,91415,1985-06-07
PAYEMS,1981-08-01,1994-06-02,91299,1993-06-04
PAYEMS,1981-08-01,2003-06-05,91320,1994-06-03
PAYEMS,1981-08-01,2014-02-06,91558,2003-06-06
PAYEMS,1981-08-01,2019-01-31,91566,2014-02-07
PAYEMS,1981-08-01,2026-07-31,91565,2019-02-01
PAYEMS,1981-09-01,1981-11-05,91875,1981-10-02
PAYEMS,1981-09-01,1981-12-03,91948,1981-11-06
PAYEMS,1981-09-01,1982-06-03,92033,1981-12-04
PAYEMS,1981-09-01,1983-06-02,91363,1982-06-04
PAYEMS,1981-09-01,1984-05-31,91411,1983-06-03
PAYEMS,1981-09-01,1985-06-06,91345,1984-06-01
PAYEMS,1981-09-01,1986-06-05,91361,1985-06-07
PAYEMS,1981-09-01,1993-06-03,91354,1986-06-06
PAYEMS,1981-09-01,1994-06-02,91206,1993-06-04
PAYEMS,1981-09-01,2003-06-05,91191,1994-06-03
PAYEMS,1981-09-01,2014-02-06,91471,2003-06-06
PAYEMS,1981-09-01,2019-01-31,91479,2014-02-07
PAYEMS,1981-09-01,2026-07-31,91477,2019-02-01
PAYEMS,1981-10-01,1981-12-03,91743,1981-11-06
PAYEMS,1981-10-01,1982-01-07,91798,1981-12-04
PAYEMS,1981-10-01,1982-06-03,91832,1982-01-08
PAYEMS,1981-10-01,1983-06-02,91224,1982-06-04
PAYEMS,1981-10-01,1984-05-31,91295,1983-06-03
PAYEMS,1981-10-01,1985-06-06,91243,1984-06-01
PAYEMS,1981-10-01,1986-06-05,91262,1985-06-07
PAYEMS,1981-10-01,1993-06-03,91259,1986-06-06
PAYEMS,1981-10-01,1994-06-02,91185,1993-06-04
PAYEMS,1981-10-01,2003-06-05,91216,1994-06-03
PAYEMS,1981-10-01,2014-02-06,91371,2003-06-06
PAYEMS,1981-10-01,2026-07-31,91380,2014-02-07
PAYEMS,1981-11-01,1982-01-07,91561,1981-12-04
PAYEMS,1981-11-01,1982-02-04,91499,1982-01-08
PAYEMS,1981-11-01,1982-06-03,91522,1982-02-05
PAYEMS,1981-11-01,1983-06-02,90996,1982-06-04
PAYEMS,1981-11-01,1984-05-31,91041,1983-06-03
PAYEMS,1981-11-01,1985-06-06,91013,1984-06-01
PAYEMS,1981-11-01,1986-06-05,91007,1985-06-07
PAYEMS,1981-11-01,1993-06-03,91020,1986-06-06
PAYEMS,1981-11-01,1994-06-02,91039,1993-06-04
PAYEMS,1981-11-01,2003-06-05,91014,1994-06-03
PAYEMS,1981-11-01,2003-10-09,91161,2003-06-06
PAYEMS,1981-11-01,2014-02-06,91162,2003-10-10
PAYEMS,1981-11-01,2026-07-31,91171,2014-02-07
PAYEMS,1981-12-01,1982-02-04,91206,1982-01-08
PAYEMS,1981-12-01,1982-03-04,91096,1982-02-05
PAYEMS,1981-12-01,1982-06-03,91113,1982-03-05
PAYEMS,1981-12-01,1983-06-02,90642,1982-06-04
PAYEMS,1981-12-01,1984-05-31,90730,1983-06-03
PAYEMS,1981-12-01,1985-06-06,90742,1984-06-01
PAYEMS,1981-12-01,1986-06-05,90748,1985-06-07
PAYEMS,1981-12-01,1993-06-03,90750,1986-06-06
PAYEMS,1981-12-01,1994-06-02,90834,1993-06-04
PAYEMS,1981-12-01,2003-06-05,90831,1994-06-03
PAYEMS,1981-12-01,2014-02-06,90884,2003-06-06
PAYEMS,1981-12-01,2019-01-31,90893,2014-02-07
PAYEMS,1981-12-01,2026-07-31,90895,2019-02-01
PAYEMS,1982-01-01,1982-03-04,90859,1982-02-05
PAYEMS,1982-01-01,1982-04-01,90839,1982-03-05
PAYEMS,1982-01-01,1982-06-03,90879,1982-04-02
PAYEMS,1982-01-01,1983-06-02,90460,1982-06-04
PAYEMS,1982-01-01,1984-05-31,90396,1983-06-03
PAYEMS,1982-01-01,1985-06-06,90402,1984-06-01
PAYEMS,1982-01-01,1987-06-04,90394,1985-06-07
PAYEMS,1982-01-01,1993-06-03,90391,1987-06-05
PAYEMS,1982-01-01,1994-06-02,90466,1993-06-04
PAYEMS,1982-01-01,2003-06-05,90448,1994-06-03
PAYEMS,1982-01-01,2014-02-06,90557,2003-06-06
PAYEMS,1982-01-01,2019-01-31,90567,2014-02-07
PAYEMS,1982-01-01,2026-07-31,90565,2019-02-01
PAYEMS,1982-02-01,1982-04-01,90936,1982-03-05
PAYEMS,1982-02-01,1982-05-06,91040,1982-04-02
PAYEMS,1982-02-01,1982-06-03,91019,1982-05-07
PAYEMS,1982-02-01,1983-06-02,90459,1982-06-04
PAYEMS,1982-02-01,1984-05-31,90417,1983-06-03
PAYEMS,1982-02-01,1985-06-06,90409,1984-06-01
PAYEMS,1982-02-01,1986-06-05,90402,1985-06-07
PAYEMS,1982-02-01,1987-06-04,90397,1986-06-06
PAYEMS,1982-02-01,1993-06-03,90391,1987-06-05
PAYEMS,1982-02-01,1994-06-02,90467,1993-06-04
PAYEMS,1982-02-01,2003-06-05,90474,1994-06-03
PAYEMS,1982-02-01,2003-10-09,90554,2003-06-06
PAYEMS,1982-02-01,2014-02-06,90551,2003-10-10
PAYEMS,1982-02-01,2019-01-31,90562,2014-02-07
PAYEMS,1982-02-01,2026-07-31,90563,2019-02-01
PAYEMS,1982-03-01,1982-05-06,90822,1982-04-02
PAYEMS,1982-03-01,1982-06-03,90760,1982-05-07
PAYEMS,1982-03-01,1983-06-02,90304,1982-06-04
PAYEMS,1982-03-01,1984-05-31,90207,1983-06-03
PAYEMS,1982-03-01,1985-06-06,90301,1984-06-01
PAYEMS,1982-03-01,1986-06-05,90270,1985-06-07
PAYEMS,1982-03-01,1987-06-04,90269,1986-06-06
PAYEMS,1982-03-01,1993-06-03,90264,1987-06-05
PAYEMS,1982-03-01,1994-06-02,90331,1993-06-04
PAYEMS,1982-03-01,2003-06-05,90337,1994-06-03
PAYEMS,1982-03-01,2014-02-06,90422,2003-06-06
PAYEMS,1982-03-01,2019-01-31,90432,2014-02-07
PAYEMS,1982-03-01,2026-07-31,90434,2019-02-01
PAYEMS,1982-04-01,1982-06-03,90593,1982-05-07
PAYEMS,1982-04-01,1982-07-01,89993,1982-06-04
PAYEMS,1982-04-01,1983-06-02,90083,1982-07-02
PAYEMS,1982-04-01,1984-05-31,90024,1983-06-03
PAYEMS,1982-04-01,1985-06-06,90059,1984-06-01
PAYEMS,1982-04-01,1986-06-05,90026,1985-06-07
PAYEMS,1982-04-01,1987-06-04,90030,1986-06-06
PAYEMS,1982-04-01,1994-06-02,90028,1987-06-05
PAYEMS,1982-04-01,2003-06-05,90031,1994-06-03
PAYEMS,1982-04-01,2003-10-09,90139,2003-06-06
PAYEMS,1982-04-01,2014-02-06,90141,2003-10-10
PAYEMS,1982-04-01,2019-01-31,90152,2014-02-07
PAYEMS,1982-04-01,2026-07-31,90150,2019-02-01
PAYEMS,1982-05-01,1982-07-01,89969,1982-06-04
PAYEMS,1982-05-01,1982-08-05,90151,1982-07-02
PAYEMS,1982-05-01,1983-06-02,90166,1982-08-06
PAYEMS,1982-05-01,1984-05-31,90016,1983-06-03
PAYEMS,1982-05-01,1985-06-06,90006,1984-06-01
PAYEMS,1982-05-01,1986-06-05,90015,1985-06-07
PAYEMS,1982-05-01,1987-06-04,90005,1986-06-06
PAYEMS,1982-05-01,1993-06-03,90006,1987-06-05
PAYEMS,1982-05-01,2003-06-05,89965,1993-06-04
PAYEMS,1982-05-01,2003-10-09,90097,2003-06-06
PAYEMS,1982-05-01,2014-02-06,90096,2003-10-10
PAYEMS,1982-05-01,2026-07-31,90107,2014-02-07
PAYEMS,1982-06-01,1982-08-05,90010,1982-07-02
PAYEMS,1982-06-01,1982-09-02,89860,1982-08-06
PAYEMS,1982-06-01,1983-06-02,89839,1982-09-03
PAYEMS,1982-06-01,1984-05-31,89775,1983-06-03
PAYEMS,1982-06-01,1985-06-06,89755,1984-06-01
PAYEMS,1982-06-01,1986-06-05,89757,1985-06-07
PAYEMS,1982-06-01,1987-06-04,89762,1986-06-06
PAYEMS,1982-06-01,1993-06-03,89769,1987-06-05
PAYEMS,1982-06-01,1994-06-02,89710,1993-06-04
PAYEMS,1982-06-01,2003-06-05,89703,1994-06-03
PAYEMS,1982-06-01,2003-10-09,89852,2003-06-06
PAYEMS,1982-06-01,2014-02-06,89853,2003-10-10
PAYEMS,1982-06-01,2019-01-31,89864,2014-02-07
PAYEMS,1982-06-01,2026-07-31,89865,2019-02-01
PAYEMS,1982-07-01,1982-09-02,89843,1982-08-06
PAYEMS,1982-07-01,1982-10-07,89662,1982-09-03
PAYEMS,1982-07-01,1983-06-02,89535,1982-10-08
PAYEMS,1982-07-01,1984-05-31,89450,1983-06-03
PAYEMS,1982-07-01,1986-06-05,89412,1984-06-01
PAYEMS,1982-07-01,1987-06-04,89428,1986-06-06
PAYEMS,1982-07-01,1993-06-03,89435,1987-06-05
PAYEMS,1982-07-01,1994-06-02,89371,1993-06-04
PAYEMS,1982-07-01,2003-06-05,89380,1994-06-03
PAYEMS,1982-07-01,2003-10-09,89509,2003-06-06
PAYEMS,1982-07-01,2014-02-06,89510,2003-10-10
PAYEMS,1982-07-01,2019-01-31,89522,2014-02-07
PAYEMS,1982-07-01,2026-07-31,89521,2019-02-01
PAYEMS,1982-08-01,1982-10-07,89451,1982-09-03
PAYEMS,1982-08-01,1982-11-04,89268,1982-10-08
PAYEMS,1982-08-01,1983-02-03,89312,1982-11-05
PAYEMS,1982-08-01,1983-06-02,89313,1983-02-04
PAYEMS,1982-08-01,1984-05-31,89264,1983-06-03
PAYEMS,1982-08-01,1985-06-06,89208,1984-06-01
PAYEMS,1982-08-01,1986-06-05,89258,1985-06-07
PAYEMS,1982-08-01,1987-06-04,89263,1986-06-06
PAYEMS,1982-08-01,1993-06-03,89272,1987-06-05
PAYEMS,1982-08-01,1994-06-02,89163,1993-06-04
PAYEMS,1982-08-01,2003-06-05,89177,1994-06-03
PAYEMS,1982-08-01,2003-10-09,89351,2003-06-06
PAYEMS,1982-08-01,2014-02-06,89352,2003-10-10
PAYEMS,1982-08-01,2019-01-31,89364,2014-02-07
PAYEMS,1982-08-01,2026-07-31,89363,2019-02-01
PAYEMS,1982-09-01,1982-11-04,89038,1982-10-08
PAYEMS,1982-09-01,1982-12-02,89188,1982-11-05
PAYEMS,1982-09-01,1983-02-03,89267,1982-12-03
PAYEMS,1982-09-01,1983-06-02,89264,1983-02-04
PAYEMS,1982-09-01,1984-05-31,89235,1983-06-03
PAYEMS,1982-09-01,1985-06-06,89103,1984-06-01
PAYEMS,1982-09-01,1986-06-05,89116,1985-06-07
PAYEMS,1982-09-01,1987-06-04,89117,1986-06-06
PAYEMS,1982-09-01,1993-06-03,89122,1987-06-05
PAYEMS,1982-09-01,1994-06-02,89011,1993-06-04
PAYEMS,1982-09-01,2003-06-05,88995,1994-06-03
PAYEMS,1982-09-01,2003-10-09,89170,2003-06-06
PAYEMS,1982-09-01,2014-02-06,89171,2003-10-10
PAYEMS,1982-09-01,2026-07-31,89183,2014-02-07
PAYEMS,1982-10-01,1982-12-02,88925,1982-11-05
PAYEMS,1982-10-01,1983-01-06,88878,1982-12-03
PAYEMS,1982-10-01,1983-02-03,88860,1983-01-07
PAYEMS,1982-10-01,1983-06-02,88877,1983-02-04
PAYEMS,1982-10-01,1984-05-31,88938,1983-06-03
PAYEMS,1982-10-01,1985-06-06,88820,1984-06-01
PAYEMS,1982-10-01,1986-06-05,88843,1985-06-07
PAYEMS,1982-10-01,1987-06-04,88835,1986-06-06
PAYEMS,1982-10-01,1993-06-03,88836,1987-06-05
PAYEMS,1982-10-01,1994-06-02,88759,1993-06-04
PAYEMS,1982-10-01,2003-06-05,88787,1994-06-03
PAYEMS,1982-10-01,2014-02-06,88894,2003-06-06
PAYEMS,1982-10-01,2019-01-31,88906,2014-02-07
PAYEMS,1982-10-01,2026-07-31,88907,2019-02-01
PAYEMS,1982-11-01,1983-01-06,88715,1982-12-03
PAYEMS,1982-11-01,1983-02-03,88684,1983-01-07
PAYEMS,1982-11-01,1983-06-02,88750,1983-02-04
PAYEMS,1982-11-01,1984-05-31,88785,1983-06-03
PAYEMS,1982-11-01,1985-06-06,88674,1984-06-01
PAYEMS,1982-11-01,1986-06-05,88666,1985-06-07
PAYEMS,1982-11-01,1987-06-04,88682,1986-06-06
PAYEMS,1982-11-01,1993-06-03,88671,1987-06-05
PAYEMS,1982-11-01,1994-06-02,88664,1993-06-04
PAYEMS,1982-11-01,2003-06-05,88649,1994-06-03
PAYEMS,1982-11-01,2003-10-09,88769,2003-06-06
PAYEMS,1982-11-01,2014-02-06,88770,2003-10-10
PAYEMS,1982-11-01,2019-01-31,88783,2014-02-07
PAYEMS,1982-11-01,2026-07-31,88786,2019-02-01
PAYEMS,1982-12-01,1983-02-03,88518,1983-01-07
PAYEMS,1982-12-01,1983-03-03,88535,1983-02-04
PAYEMS,1982-12-01,1983-06-02,88565,1983-03-04
PAYEMS,1982-12-01,1984-05-31,88665,1983-06-03
PAYEMS,1982-12-01,1985-06-06,88646,1984-06-01
PAYEMS,1982-12-01,1986-06-05,88655,1985-06-07
PAYEMS,1982-12-01,1987-06-04,88657,1986-06-06
PAYEMS,1982-12-01,1993-06-03,88644,1987-06-05
PAYEMS,1982-12-01,1994-06-02,88666,1993-06-04
PAYEMS,1982-12-01,2003-06-05,88675,1994-06-03
PAYEMS,1982-12-01,2014-02-06,88756,2003-06-06
PAYEMS,1982-12-01,2019-01-31,88769,2014-02-07
PAYEMS,1982-12-01,2026-07-31,88771,2019-02-01
PAYEMS,1983-01-01,1983-03-03,88874,1983-02-04
PAYEMS,1983-01-01,1983-03-31,88895,1983-03-04
PAYEMS,1983-01-01,1983-06-02,88920,1983-04-01
PAYEMS,1983-01-01,1983-07-07,88886,1983-06-03
PAYEMS,1983-01-01,1984-05-31,88885,1983-07-08
PAYEMS,1983-01-01,1985-06-06,88827,1984-06-01
PAYEMS,1983-01-01,1986-06-05,88835,1985-06-07
PAYEMS,1983-01-01,1987-06-04,88815,1986-06-06
PAYEMS,1983-01-01,1988-06-02,88818,1987-06-05
PAYEMS,1983-01-01,1993-06-03,88807,1988-06-03
PAYEMS,1983-01-01,1994-06-02,88841,1993-06-04
PAYEMS,1983-01-01,2003-06-05,88826,1994-06-03
PAYEMS,1983-01-01,2014-02-06,88981,2003-06-06
PAYEMS,1983-01-01,2019-01-31,88993,2014-02-07
PAYEMS,1983-01-01,2026-07-31,88990,2019-02-01
PAYEMS,1983-02-01,1983-03-31,88715,1983-03-04
PAYEMS,1983-02-01,1983-05-05,88735,1983-04-01
PAYEMS,1983-02-01,1983-06-02,88759,1983-05-06
PAYEMS,1983-02-01,1983-07-07,88745,1983-06-03
PAYEMS,1983-02-01,1984-05-31,88746,1983-07-08
PAYEMS,1983-02-01,1985-06-06,88728,1984-06-01
PAYEMS,1983-02-01,1986-06-05,88740,1985-06-07
PAYEMS,1983-02-01,1988-06-02,88725,1986-06-06
PAYEMS,1983-02-01,1993-06-03,88715,1988-06-03
PAYEMS,1983-02-01,1994-06-02,88754,1993-06-04
PAYEMS,1983-02-01,2003-06-05,88758,1994-06-03
PAYEMS,1983-02-01,2003-10-09,88907,2003-06-06
PAYEMS,1983-02-01,2014-02-06,88903,2003-10-10
PAYEMS,1983-02-01,2019-01-31,88918,2014-02-07
PAYEMS,1983-02-01,2026-07-31,88917,2019-02-01
PAYEMS,1983-03-01,1983-05-05,88854,1983-04-01
PAYEMS,1983-03-01,1983-06-02,88955,1983-05-06
PAYEMS,1983-03-01,1984-05-31,88814,1983-06-03
PAYEMS,1983-03-01,1985-06-06,88945,1984-06-01
PAYEMS,1983-03-01,1986-06-05,88942,1985-06-07
PAYEMS,1983-03-01,1987-06-04,88933,1986-06-06
PAYEMS,1983-03-01,1988-06-02,88932,1987-06-05
PAYEMS,1983-03-01,1993-06-03,88919,1988-06-03
PAYEMS,1983-03-01,1994-06-02,88936,1993-06-04
PAYEMS,1983-03-01,2003-06-05,88946,1994-06-03
PAYEMS,1983-03-01,2003-10-09,89077,2003-06-06
PAYEMS,1983-03-01,2014-02-06,89076,2003-10-10
PAYEMS,1983-03-01,2026-07-31,89090,2014-02-07
PAYEMS,1983-04-01,1983-06-02,89213,1983-05-06
PAYEMS,1983-04-01,1983-07-07,89087,1983-06-03
PAYEMS,1983-04-01,1983-08-04,89101,1983-07-08
PAYEMS,1983-04-01,1984-05-31,89090,1983-08-05
PAYEMS,1983-04-01,1985-06-06,89259,1984-06-01
PAYEMS,1983-04-01,1986-06-05,89244,1985-06-07
PAYEMS,1983-04-01,1987-06-04,89250,1986-06-06
PAYEMS,1983-04-01,1988-06-02,89248,1987-06-05
PAYEMS,1983-04-01,1993-06-03,89244,1988-06-03
PAYEMS,1983-04-01,1994-06-02,89209,1993-06-04
PAYEMS,1983-04-01,2003-06-05,89211,1994-06-03
PAYEMS,1983-04-01,2003-10-09,89350,2003-06-06
PAYEMS,1983-04-01,2014-02-06,89352,2003-10-10
PAYEMS,1983-04-01,2019-01-31,89366,2014-02-07
PAYEMS,1983-04-01,2026-07-31,89364,2019-02-01
PAYEMS,1983-05-01,1983-07-07,89461,1983-06-03
PAYEMS,1983-05-01,1983-08-04,89416,1983-07-08
PAYEMS,1983-05-01,1984-05-31,89421,1983-08-05
PAYEMS,1983-05-01,1986-06-05,89578,1984-06-01
PAYEMS,1983-05-01,1988-06-02,89557,1986-06-06
PAYEMS,1983-05-01,1993-06-03,89558,1988-06-03
PAYEMS,1983-05-01,1994-06-02,89496,1993-06-04
PAYEMS,1983-05-01,2003-06-05,89497,1994-06-03
PAYEMS,1983-05-01,2014-02-06,89629,2003-06-06
PAYEMS,1983-05-01,2019-01-31,89643,2014-02-07
PAYEMS,1983-05-01,2026-07-31,89644,2019-02-01
PAYEMS,1983-06-01,1983-08-04,89760,1983-07-08
PAYEMS,1983-06-01,1983-09-01,89832,1983-08-05
PAYEMS,1983-06-01,1984-05-31,89844,1983-09-02
PAYEMS,1983-06-01,1985-06-06,89927,1984-06-01
PAYEMS,1983-06-01,1986-06-05,89945,1985-06-07
PAYEMS,1983-06-01,1987-06-04,89957,1986-06-06
PAYEMS,1983-06-01,1988-06-02,89964,1987-06-05
PAYEMS,1983-06-01,1993-06-03,89970,1988-06-03
PAYEMS,1983-06-01,1994-06-02,89894,1993-06-04
PAYEMS,1983-06-01,2003-06-05,89886,1994-06-03
PAYEMS,1983-06-01,2014-02-06,90007,2003-06-06
PAYEMS,1983-06-01,2019-01-31,90022,2014-02-07
PAYEMS,1983-06-01,2026-07-31,90021,2019-02-01
PAYEMS,1983-07-01,1983-09-01,90319,1983-08-05
PAYEMS,1983-07-01,1983-10-06,90202,1983-09-02
PAYEMS,1983-07-01,1984-05-31,90152,1983-10-07
PAYEMS,1983-07-01,1985-06-06,90274,1984-06-01
PAYEMS,1983-07-01,1986-06-05,90341,1985-06-07
PAYEMS,1983-07-01,1987-06-04,90370,1986-06-06
PAYEMS,1983-07-01,1988-06-02,90381,1987-06-05
PAYEMS,1983-07-01,1993-06-03,90404,1988-06-03
PAYEMS,1983-07-01,1994-06-02,90318,1993-06-04
PAYEMS,1983-07-01,2003-06-05,90313,1994-06-03
PAYEMS,1983-07-01,2014-02-06,90425,2003-06-06
PAYEMS,1983-07-01,2019-01-31,90440,2014-02-07
PAYEMS,1983-07-01,2026-07-31,90437,2019-02-01
PAYEMS,1983-08-01,1983-10-06,89791,1983-09-02
PAYEMS,1983-08-01,1983-12-01,89735,1983-10-07
PAYEMS,1983-08-01,1984-05-31,89748,1983-12-02
PAYEMS,1983-08-01,1985-06-06,89918,1984-06-01
PAYEMS,1983-08-01,1986-06-05,90041,1985-06-07
PAYEMS,1983-08-01,1987-06-04,90057,1986-06-06
PAYEMS,1983-08-01,1988-06-02,90064,1987-06-05
PAYEMS,1983-08-01,1993-06-03,90065,1988-06-03
PAYEMS,1983-08-01,1994-06-02,89966,1993-06-04
PAYEMS,1983-08-01,2003-06-05,89973,1994-06-03
PAYEMS,1983-08-01,2014-02-06,90117,2003-06-06
PAYEMS,1983-08-01,2019-01-31,90132,2014-02-07
PAYEMS,1983-08-01,2026-07-31,90129,2019-02-01
PAYEMS,1983-09-01,1983-11-03,90468,1983-10-07
PAYEMS,1983-09-01,1983-12-01,90753,1983-11-04
PAYEMS,1983-09-01,1984-05-31,90851,1983-12-02
PAYEMS,1983-09-01,1985-06-06,91018,1984-06-01
PAYEMS,1983-09-01,1987-06-04,91182,1985-06-07
PAYEMS,1983-09-01,1988-06-02,91194,1987-06-05
PAYEMS,1983-09-01,1993-06-03,91214,1988-06-03
PAYEMS,1983-09-01,1994-06-02,91099,1993-06-04
PAYEMS,1983-09-01,2003-06-05,91088,1994-06-03
PAYEMS,1983-09-01,2014-02-06,91231,2003-06-06
PAYEMS,1983-09-01,2026-07-31,91247,2014-02-07
PAYEMS,1983-10-01,1983-12-01,91073,1983-11-04
PAYEMS,1983-10-01,1984-01-05,91055,1983-12-02
PAYEMS,1983-10-01,1984-02-02,91087,1984-01-06
PAYEMS,1983-10-01,1984-05-31,91084,1984-02-03
PAYEMS,1983-10-01,1985-06-06,91345,1984-06-01
PAYEMS,1983-10-01,1986-06-05,91473,1985-06-07
PAYEMS,1983-10-01,1987-06-04,91470,1986-06-06
PAYEMS,1983-10-01,1988-06-02,91467,1987-06-05
PAYEMS,1983-10-01,1993-06-03,91457,1988-06-03
PAYEMS,1983-10-01,1994-06-02,91382,1993-06-04
PAYEMS,1983-10-01,2003-06-05,91408,1994-06-03
PAYEMS,1983-10-01,2003-10-09,91503,2003-06-06
PAYEMS,1983-10-01,2014-02-06,91502,2003-10-10
PAYEMS,1983-10-01,2019-01-31,91518,2014-02-07
PAYEMS,1983-10-01,2026-07-31,91520,2019-02-01
PAYEMS,1983-11-01,1984-01-05,91425,1983-12-02
PAYEMS,1983-11-01,1984-02-02,91413,1984-01-06
PAYEMS,1983-11-01,1984-05-31,91355,1984-02-03
PAYEMS,1983-11-01,1985-06-06,91688,1984-06-01
PAYEMS,1983-11-01,1986-06-05,91773,1985-06-07
PAYEMS,1983-11-01,1987-06-04,91796,1986-06-06
PAYEMS,1983-11-01,1988-06-02,91776,1987-06-05
PAYEMS,1983-11-01,1993-06-03,91771,1988-06-03
PAYEMS,1983-11-01,1994-06-02,91735,1993-06-04
PAYEMS,1983-11-01,2003-06-05,91727,1994-06-03
PAYEMS,1983-11-01,2014-02-06,91854,2003-06-06
PAYEMS,1983-11-01,2019-01-31,91871,2014-02-07
PAYEMS,1983-11-01,2026-07-31,91875,2019-02-01
PAYEMS,1983-12-01,1984-02-02,91644,1984-01-06
PAYEMS,1983-12-01,1984-03-08,91583,1984-02-03
PAYEMS,1983-12-01,1984-05-31,91599,1984-03-09
PAYEMS,1983-12-01,1985-06-06,92026,1984-06-01
PAYEMS,1983-12-01,1986-06-05,92167,1985-06-07
PAYEMS,1983-12-01,1987-06-04,92164,1986-06-06
PAYEMS,1983-12-01,1988-06-02,92140,1987-06-05
PAYEMS,1983-12-01,1993-06-03,92131,1988-06-03
PAYEMS,1983-12-01,1994-06-02,92104,1993-06-04
PAYEMS,1983-12-01,2003-06-05,92110,1994-06-03
PAYEMS,1983-12-01,2014-02-06,92210,2003-06-06
PAYEMS,1983-12-01,2019-01-31,92227,2014-02-07
PAYEMS,1983-12-01,2026-07-31,92230,2019-02-01
PAYEMS,1984-01-01,1984-03-08,91870,1984-02-03
PAYEMS,1984-01-01,1984-04-05,91863,1984-03-09
PAYEMS,1984-01-01,1984-05-31,91930,1984-04-06
PAYEMS,1984-01-01,1985-06-06,92391,1984-06-01
PAYEMS,1984-01-01,1986-06-05,92603,1985-06-07
PAYEMS,1984-01-01,1987-06-04,92568,1986-06-06
PAYEMS,1984-01-01,1988-06-02,92569,1987-06-05
PAYEMS,1984-01-01,1989-06-01,92568,1988-06-03
PAYEMS,1984-01-01,1993-06-03,92572,1989-06-02
PAYEMS,1984-01-01,1994-06-02,92537,1993-06-04
PAYEMS,1984-01-01,2003-06-05,92524,1994-06-03
PAYEMS,1984-01-01,2014-02-06,92657,2003-06-06
PAYEMS,1984-01-01,2026-07-31,92673,2014-02-07
PAYEMS,1984-02-01,1984-04-05,92249,1984-03-09
PAYEMS,1984-02-01,1984-05-03,92347,1984-04-06
PAYEMS,1984-02-01,1984-05-31,92357,1984-05-04
PAYEMS,1984-02-01,1985-06-06,92846,1984-06-01
PAYEMS,1984-02-01,1986-06-05,93115,1985-06-07
PAYEMS,1984-02-01,1987-06-04,93076,1986-06-06
PAYEMS,1984-02-01,1988-06-02,93085,1987-06-05
PAYEMS,1984-02-01,1989-06-01,93072,1988-06-03
PAYEMS,1984-02-01,1993-06-03,93068,1989-06-02
PAYEMS,1984-02-01,1994-06-02,93045,1993-06-04
PAYEMS,1984-02-01,2003-06-05,93043,1994-06-03
PAYEMS,1984-02-01,2003-10-09,93138,2003-06-06
PAYEMS,1984-02-01,2014-02-06,93136,2003-10-10
PAYEMS,1984-02-01,2019-01-31,93154,2014-02-07
PAYEMS,1984-02-01,2026-07-31,93157,2019-02-01
PAYEMS,1984-03-01,1984-05-03,92490,1984-04-06
PAYEMS,1984-03-01,1984-05-31,92506,1984-05-04
PAYEMS,1984-03-01,1985-06-06,93058,1984-06-01
PAYEMS,1984-03-01,1986-06-05,93387,1985-06-07
PAYEMS,1984-03-01,1987-06-04,93369,1986-06-06
PAYEMS,1984-03-01,1988-06-02,93377,1987-06-05
PAYEMS,1984-03-01,1989-06-01,93359,1988-06-03
PAYEMS,1984-03-01,1993-06-03,93355,1989-06-02
PAYEMS,1984-03-01,1994-06-02,93307,1993-06-04
PAYEMS,1984-03-01,2003-06-05,93312,1994-06-03
PAYEMS,1984-03-01,2014-02-06,93411,2003-06-06
PAYEMS,1984-03-01,2026-07-31,93429,2014-02-07
PAYEMS,1984-04-01,1984-05-31,92913,1984-05-04
PAYEMS,1984-04-01,1984-07-05,93456,1984-06-01
PAYEMS,1984-04-01,1985-06-06,93449,1984-07-06
PAYEMS,1984-04-01,1986-06-05,93725,1985-06-07
PAYEMS,1984-04-01,1987-06-04,93743,1986-06-06
PAYEMS,1984-04-01,1988-06-02,93737,1987-06-05
PAYEMS,1984-04-01,1989-06-01,93719,1988-06-03
PAYEMS,1984-04-01,1993-06-03,93722,1989-06-02
PAYEMS,1984-04-01,1994-06-02,93651,1993-06-04
PAYEMS,1984-04-01,2003-06-05,93650,1994-06-03
PAYEMS,1984-04-01,2003-10-09,93771,2003-06-06
PAYEMS,1984-04-01,2014-02-06,93774,2003-10-10
PAYEMS,1984-04-01,2026-07-31,93792,2014-02-07
PAYEMS,1984-05-01,1984-07-05,93688,1984-06-01
PAYEMS,1984-05-01,1984-08-02,93718,1984-07-06
PAYEMS,1984-05-01,1984-09-06,93768,1984-08-03
PAYEMS,1984-05-01,1985-06-06,93786,1984-09-07
PAYEMS,1984-05-01,1986-06-05,93998,1985-06-07
PAYEMS,1984-05-01,1987-06-04,94041,1986-06-06
PAYEMS,1984-05-01,1988-06-02,94040,1987-06-05
PAYEMS,1984-05-01,1989-06-01,94041,1988-06-03
PAYEMS,1984-05-01,1993-06-03,94039,1989-06-02
PAYEMS,1984-05-01,1994-06-02,93950,1993-06-04
PAYEMS,1984-05-01,2003-06-05,93952,1994-06-03
PAYEMS,1984-05-01,2003-10-09,94081,2003-06-06
PAYEMS,1984-05-01,2014-02-06,94082,2003-10-10
PAYEMS,1984-05-01,2019-01-31,94100,2014-02-07
PAYEMS,1984-05-01,2026-07-31,94098,2019-02-01
PAYEMS,1984-06-01,1984-08-02,94019,1984-07-06
PAYEMS,1984-06-01,1984-09-06,94076,1984-08-03
PAYEMS,1984-06-01,1985-06-06,94135,1984-09-07
PAYEMS,1984-06-01,1986-06-05,94317,1985-06-07
PAYEMS,1984-06-01,1987-06-04,94408,1986-06-06
PAYEMS,1984-06-01,1988-06-02,94420,1987-06-05
PAYEMS,1984-06-01,1989-06-01,94433,1988-06-03
PAYEMS,1984-06-01,1993-06-03,94432,1989-06-02
PAYEMS,1984-06-01,1994-06-02,94331,1993-06-04
PAYEMS,1984-06-01,2003-06-05,94325,1994-06-03
PAYEMS,1984-06-01,2003-10-09,94460,2003-06-06
PAYEMS,1984-06-01,2014-02-06,94461,2003-10-10
PAYEMS,1984-06-01,2026-07-31,94479,2014-02-07
PAYEMS,1984-07-01,1984-09-06,94378,1984-08-03
PAYEMS,1984-07-01,1984-10-04,94351,1984-09-07
PAYEMS,1984-07-01,1985-06-06,94350,1984-10-05
PAYEMS,1984-07-01,1986-06-05,94615,1985-06-07
PAYEMS,1984-07-01,1987-06-04,94707,1986-06-06
PAYEMS,1984-07-01,1988-06-02,94723,1987-06-05
PAYEMS,1984-07-01,1989-06-01,94752,1988-06-03
PAYEMS,1984-07-01,1993-06-03,94760,1989-06-02
PAYEMS,1984-07-01,1994-06-02,94646,1993-06-04
PAYEMS,1984-07-01,2003-06-05,94647,1994-06-03
PAYEMS,1984-07-01,2014-02-06,94773,2003-06-06
PAYEMS,1984-07-01,2019-01-31,94792,2014-02-07
PAYEMS,1984-07-01,2026-07-31,94789,2019-02-01
PAYEMS,1984-08-01,1984-10-04,94510,1984-09-07
PAYEMS,1984-08-01,1984-11-01,94532,1984-10-05
PAYEMS,1984-08-01,1985-06-06,94523,1984-11-02
PAYEMS,1984-08-01,1986-06-05,94893,1985-06-07
PAYEMS,1984-08-01,1987-06-04,94956,1986-06-06
PAYEMS,1984-08-01,1988-06-02,94970,1987-06-05
PAYEMS,1984-08-01,1993-06-03,94988,1988-06-03
PAYEMS,1984-08-01,1994-06-02,94861,1993-06-04
PAYEMS,1984-08-01,2003-06-05,94885,1994-06-03
PAYEMS,1984-08-01,2003-10-09,95013,2003-06-06
PAYEMS,1984-08-01,2014-02-06,95014,2003-10-10
PAYEMS,1984-08-01,2019-01-31,95034,2014-02-07
PAYEMS,1984-08-01,2026-07-31,95032,2019-02-01
PAYEMS,1984-09-01,1984-11-01,94671,1984-10-05
PAYEMS,1984-09-01,1984-12-06,94754,1984-11-02
PAYEMS,1984-09-01,1985-06-06,94807,1984-12-07
PAYEMS,1984-09-01,1986-06-05,95238,1985-06-07
PAYEMS,1984-09-01,1987-06-04,95269,1986-06-06
PAYEMS,1984-09-01,1988-06-02,95278,1987-06-05
PAYEMS,1984-09-01,1989-06-01,95324,1988-06-03
PAYEMS,1984-09-01,1993-06-03,95302,1989-06-02
PAYEMS,1984-09-01,1994-06-02,95185,1993-06-04
PAYEMS,1984-09-01,2003-06-05,95186,1994-06-03
PAYEMS,1984-09-01,2003-10-09,95327,2003-06-06
PAYEMS,1984-09-01,2014-02-06,95325,2003-10-10
PAYEMS,1984-09-01,2026-07-31,95344,2014-02-07
PAYEMS,1984-10-01,1984-12-06,95195,1984-11-02
PAYEMS,1984-10-01,1985-01-08,95150,1984-12-07
PAYEMS,1984-10-01,1985-01-31,95154,1985-01-09
PAYEMS,1984-10-01,1985-06-06,95157,1985-02-01
PAYEMS,1984-10-01,1986-06-05,95573,1985-06-07
PAYEMS,1984-10-01,1987-06-04,95607,1986-06-06
PAYEMS,1984-10-01,1988-06-02,95606,1987-06-05
PAYEMS,1984-10-01,1989-06-01,95587,1988-06-03
PAYEMS,1984-10-01,1993-06-03,95594,1989-06-02
PAYEMS,1984-10-01,1994-06-02,95485,1993-06-04
PAYEMS,1984-10-01,2003-06-05,95499,1994-06-03
PAYEMS,1984-10-01,2003-10-09,95612,2003-06-06
PAYEMS,1984-10-01,2014-02-06,95611,2003-10-10
PAYEMS,1984-10-01,2019-01-31,95630,2014-02-07
PAYEMS,1984-10-01,2026-07-31,95629,2019-02-01
PAYEMS,1984-11-01,1985-01-08,95453,1984-12-07
PAYEMS,1984-11-01,1985-01-31,95489,1985-01-09
PAYEMS,1984-11-01,1985-03-07,95494,1985-02-01
PAYEMS,1984-11-01,1985-06-06,95497,1985-03-08
PAYEMS,1984-11-01,1986-06-05,95882,1985-06-07
PAYEMS,1984-11-01,1987-06-04,95966,1986-06-06
PAYEMS,1984-11-01,1988-06-02,95941,1987-06-05
PAYEMS,1984-11-01,1993-06-03,95936,1988-06-03
PAYEMS,1984-11-01,1994-06-02,95843,1993-06-04
PAYEMS,1984-11-01,2003-06-05,95829,1994-06-03
PAYEMS,1984-11-01,2014-02-06,95960,2003-06-06
PAYEMS,1984-11-01,2019-01-31,95979,2014-02-07
PAYEMS,1984-11-01,2026-07-31,95982,2019-02-01
PAYEMS,1984-12-01,1985-01-31,95798,1985-01-09
PAYEMS,1984-12-01,1985-03-07,95661,1985-02-01
PAYEMS,1984-12-01,1985-06-06,95681,1985-03-08
PAYEMS,1984-12-01,1986-06-05,96092,1985-06-07
PAYEMS,1984-12-01,1987-06-04,96147,1986-06-06
PAYEMS,1984-12-01,1988-06-02,96099,1987-06-05
PAYEMS,1984-12-01,1989-06-01,96082,1988-06-03
PAYEMS,1984-12-01,1993-06-03,96078,1989-06-02
PAYEMS,1984-12-01,1994-06-02,95992,1993-06-04
PAYEMS,1984-12-01,2003-06-05,95997,1994-06-03
PAYEMS,1984-12-01,2003-10-09,96086,2003-06-06
PAYEMS,1984-12-01,2014-02-06,96087,2003-10-10
PAYEMS,1984-12-01,2026-07-31,96107,2014-02-07
PAYEMS,1985-01-01,1985-03-07,96009,1985-02-01
PAYEMS,1985-01-01,1985-04-04,95993,1985-03-08
PAYEMS,1985-01-01,1985-06-06,96045,1985-04-05
PAYEMS,1985-01-01,1986-06-05,96419,1985-06-07
PAYEMS,1985-01-01,1987-06-04,96366,1986-06-06
PAYEMS,1985-01-01,1988-06-02,96364,1987-06-05
PAYEMS,1985-01-01,1990-09-06,96371,1988-06-03
PAYEMS,1985-01-01,1993-06-03,96391,1990-09-07
PAYEMS,1985-01-01,1994-06-02,96271,1993-06-04
PAYEMS,1985-01-01,2003-06-05,96249,1994-06-03
PAYEMS,1985-01-01,2014-02-06,96353,2003-06-06
PAYEMS,1985-01-01,2019-01-31,96373,2014-02-07
PAYEMS,1985-01-01,2026-07-31,96372,2019-02-01
PAYEMS,1985-02-01,1985-04-04,96112,1985-03-08
PAYEMS,1985-02-01,1985-05-02,96157,1985-04-05
PAYEMS,1985-02-01,1985-06-06,96161,1985-05-03
PAYEMS,1985-02-01,1986-06-05,96591,1985-06-07
PAYEMS,1985-02-01,1987-06-04,96507,1986-06-06
PAYEMS,1985-02-01,1988-06-02,96512,1987-06-05
PAYEMS,1985-02-01,1989-06-01,96501,1988-06-03
PAYEMS,1985-02-01,1990-09-06,96500,1989-06-02
PAYEMS,1985-02-01,1993-06-03,96503,1990-09-07
PAYEMS,1985-02-01,1994-06-02,96406,1993-06-04
PAYEMS,1985-02-01,2003-06-05,96397,1994-06-03
PAYEMS,1985-02-01,2014-02-06,96477,2003-06-06
PAYEMS,1985-02-01,2019-01-31,96497,2014-02-07
PAYEMS,1985-02-01,2026-07-31,96503,2019-02-01
PAYEMS,1985-03-01,1985-05-02,96538,1985-04-05
PAYEMS,1985-03-01,1985-06-06,96514,1985-05-03
PAYEMS,1985-03-01,1986-06-05,96910,1985-06-07
PAYEMS,1985-03-01,1987-06-04,96870,1986-06-06
PAYEMS,1985-03-01,1988-06-02,96880,1987-06-05
PAYEMS,1985-03-01,1990-09-06,96852,1988-06-03
PAYEMS,1985-03-01,1993-06-03,96840,1990-09-07
PAYEMS,1985-03-01,1994-06-02,96739,1993-06-04
PAYEMS,1985-03-01,2003-06-05,96734,1994-06-03
PAYEMS,1985-03-01,2014-02-06,96823,2003-06-06
PAYEMS,1985-03-01,2019-01-31,96843,2014-02-07
PAYEMS,1985-03-01,2026-07-31,96842,2019-02-01
PAYEMS,1985-04-01,1985-06-06,96731,1985-05-03
PAYEMS,1985-04-01,1985-07-04,97118,1985-06-07
PAYEMS,1985-04-01,1986-06-05,97120,1985-07-05
PAYEMS,1985-04-01,1987-06-04,97104,1986-06-06
PAYEMS,1985-04-01,1988-06-02,97058,1987-06-05
PAYEMS,1985-04-01,1989-06-01,97017,1988-06-03
PAYEMS,1985-04-01,1990-09-06,97025,1989-06-02
PAYEMS,1985-04-01,1993-06-03,97017,1990-09-07
PAYEMS,1985-04-01,1994-06-02,96903,1993-06-04
PAYEMS,1985-04-01,2003-06-05,96896,1994-06-03
PAYEMS,1985-04-01,2003-10-09,97017,2003-06-06
PAYEMS,1985-04-01,2014-02-06,97018,2003-10-10
PAYEMS,1985-04-01,2019-01-31,97039,2014-02-07
PAYEMS,1985-04-01,2026-07-31,97038,2019-02-01
PAYEMS,1985-05-01,1985-07-04,97463,1985-06-07
PAYEMS,1985-05-01,1985-08-01,97386,1985-07-05
PAYEMS,1985-05-01,1986-06-05,97421,1985-08-02
PAYEMS,1985-05-01,1987-06-04,97338,1986-06-06
PAYEMS,1985-05-01,1988-06-02,97299,1987-06-05
PAYEMS,1985-05-01,1989-06-01,97293,1988-06-03
PAYEMS,1985-05-01,1990-09-06,97297,1989-06-02
PAYEMS,1985-05-01,1993-06-03,97283,1990-09-07
PAYEMS,1985-05-01,1994-06-02,97160,1993-06-04
PAYEMS,1985-05-01,2003-06-05,97163,1994-06-03
PAYEMS,1985-05-01,2014-02-06,97292,2003-06-06
PAYEMS,1985-05-01,2019-01-31,97313,2014-02-07
PAYEMS,1985-05-01,2026-07-31,97312,2019-02-01
PAYEMS,1985-06-01,1985-08-01,97466,1985-07-05
PAYEMS,1985-06-01,1985-09-05,97449,1985-08-02
PAYEMS,1985-06-01,1986-06-05,97473,1985-09-06
PAYEMS,1985-06-01,1987-06-04,97442,1986-06-06
PAYEMS,1985-06-01,1988-06-02,97409,1987-06-05
PAYEMS,1985-06-01,1989-06-01,97428,1988-06-03
PAYEMS,1985-06-01,1990-09-06,97422,1989-06-02
PAYEMS,1985-06-01,1993-06-03,97413,1990-09-07
PAYEMS,1985-06-01,1994-06-02,97288,1993-06-04
PAYEMS,1985-06-01,2003-06-05,97280,1994-06-03
PAYEMS,1985-06-01,2014-02-06,97437,2003-06-06
PAYEMS,1985-06-01,2026-07-31,97459,2014-02-07
PAYEMS,1985-07-01,1985-09-05,97692,1985-08-02
PAYEMS,1985-07-01,1985-10-03,97722,1985-09-06
PAYEMS,1985-07-01,1986-06-05,97707,1985-10-04
PAYEMS,1985-07-01,1987-06-04,97672,1986-06-06
PAYEMS,1985-07-01,1988-06-02,97572,1987-06-05
PAYEMS,1985-07-01,1989-06-01,97606,1988-06-03
PAYEMS,1985-07-01,1990-09-06,97610,1989-06-02
PAYEMS,1985-07-01,1993-06-03,97608,1990-09-07
PAYEMS,1985-07-01,1994-06-02,97458,1993-06-04
PAYEMS,1985-07-01,2003-06-05,97465,1994-06-03
PAYEMS,1985-07-01,2014-02-06,97626,2003-06-06
PAYEMS,1985-07-01,2019-01-31,97649,2014-02-07
PAYEMS,1985-07-01,2026-07-31,97648,2019-02-01
PAYEMS,1985-08-01,1985-10-03,98010,1985-09-06
PAYEMS,1985-08-01,1985-10-31,97987,1985-10-04
PAYEMS,1985-08-01,1986-06-05,97977,1985-11-01
PAYEMS,1985-08-01,1987-06-04,97890,1986-06-06
PAYEMS,1985-08-01,1988-06-02,97785,1987-06-05
PAYEMS,1985-08-01,1989-06-01,97811,1988-06-03
PAYEMS,1985-08-01,1990-09-06,97815,1989-06-02
PAYEMS,1985-08-01,1993-06-03,97814,1990-09-07
PAYEMS,1985-08-01,1994-06-02,97666,1993-06-04
PAYEMS,1985-08-01,2003-06-05,97696,1994-06-03
PAYEMS,1985-08-01,2014-02-06,97819,2003-06-06
PAYEMS,1985-08-01,2019-01-31,97842,2014-02-07
PAYEMS,1985-08-01,2026-07-31,97840,2019-02-01
PAYEMS,1985-09-01,1985-12-05,98115,1985-10-04
PAYEMS,1985-09-01,1986-06-05,98217,1985-12-06
PAYEMS,1985-09-01,1987-06-04,98128,1986-06-06
PAYEMS,1985-09-01,1988-06-02,97968,1987-06-05
PAYEMS,1985-09-01,1989-06-01,98040,1988-06-03
PAYEMS,1985-09-01,1990-09-06,98013,1989-06-02
PAYEMS,1985-09-01,1993-06-03,98021,1990-09-07
PAYEMS,1985-09-01,1994-06-02,97871,1993-06-04
PAYEMS,1985-09-01,2003-06-05,97878,1994-06-03
PAYEMS,1985-09-01,2003-10-09,98024,2003-06-06
PAYEMS,1985-09-01,2014-02-06,98023,2003-10-10
PAYEMS,1985-09-01,2026-07-31,98045,2014-02-07
PAYEMS,1985-10-01,1985-12-05,98529,1985-11-01
PAYEMS,1985-10-01,1986-01-07,98571,1985-12-06
PAYEMS,1985-10-01,1986-06-05,98559,1986-01-08
PAYEMS,1985-10-01,1987-06-04,98428,1986-06-06
PAYEMS,1985-10-01,1988-06-02,98230,1987-06-05
PAYEMS,1985-10-01,1989-06-01,98206,1988-06-03
PAYEMS,1985-10-01,1990-09-06,98225,1989-06-02
PAYEMS,1985-10-01,1993-06-03,98240,1990-09-07
PAYEMS,1985-10-01,1994-06-02,98085,1993-06-04
PAYEMS,1985-10-01,2003-06-05,98098,1994-06-03
PAYEMS,1985-10-01,2014-02-06,98210,2003-06-06
PAYEMS,1985-10-01,2026-07-31,98233,2014-02-07
PAYEMS,1985-11-01,1986-01-07,98753,1985-12-06
PAYEMS,1985-11-01,1986-02-06,98739,1986-01-08
PAYEMS,1985-11-01,1986-06-05,98801,1986-02-07
PAYEMS,1985-11-01,1987-06-04,98666,1986-06-06
PAYEMS,1985-11-01,1988-06-02,98445,1987-06-05
PAYEMS,1985-11-01,1989-06-01,98432,1988-06-03
PAYEMS,1985-11-01,1990-09-06,98433,1989-06-02
PAYEMS,1985-11-01,1993-06-03,98435,1990-09-07
PAYEMS,1985-11-01,1994-06-02,98289,1993-06-04
PAYEMS,1985-11-01,2003-06-05,98286,1994-06-03
PAYEMS,1985-11-01,2014-02-06,98419,2003-06-06
PAYEMS,1985-11-01,2019-01-31,98442,2014-02-07
PAYEMS,1985-11-01,2026-07-31,98443,2019-02-01
PAYEMS,1985-12-01,1986-02-06,99059,1986-01-08
PAYEMS,1985-12-01,1986-03-06,99069,1986-02-07
PAYEMS,1985-12-01,1986-06-05,99086,1986-03-07
PAYEMS,1985-12-01,1987-06-04,98910,1986-06-06
PAYEMS,1985-12-01,1988-06-02,98658,1987-06-05
PAYEMS,1985-12-01,1989-06-01,98623,1988-06-03
PAYEMS,1985-12-01,1990-09-06,98624,1989-06-02
PAYEMS,1985-12-01,1993-06-03,98634,1990-09-07
PAYEMS,1985-12-01,1994-06-02,98491,1993-06-04
PAYEMS,1985-12-01,2003-06-05,98500,1994-06-03
PAYEMS,1985-12-01,2014-02-06,98587,2003-06-06
PAYEMS,1985-12-01,2026-07-31,98609,2014-02-07
PAYEMS,1986-01-01,1986-03-06,99635,1986-02-07
PAYEMS,1986-01-01,1986-04-03,99507,1986-03-07
PAYEMS,1986-01-01,1986-06-05,99496,1986-04-04
PAYEMS,1986-01-01,1987-06-04,99296,1986-06-06
PAYEMS,1986-01-01,1988-06-02,98776,1987-06-05
PAYEMS,1986-01-01,1989-06-01,98788,1988-06-03
PAYEMS,1986-01-01,1990-09-06,98790,1989-06-02
PAYEMS,1986-01-01,1991-06-06,98786,1990-09-07
PAYEMS,1986-01-01,1993-06-03,98771,1991-06-07
PAYEMS,1986-01-01,1994-06-02,98628,1993-06-04
PAYEMS,1986-01-01,2003-06-05,98599,1994-06-03
PAYEMS,1986-01-01,2014-02-06,98710,2003-06-06
PAYEMS,1986-01-01,2019-01-31,98734,2014-02-07
PAYEMS,1986-01-01,2026-07-31,98732,2019-02-01
PAYEMS,1986-02-01,1986-04-03,99733,1986-03-07
PAYEMS,1986-02-01,1986-05-01,99649,1986-04-04
PAYEMS,1986-02-01,1986-06-05,99656,1986-05-02
PAYEMS,1986-02-01,1987-06-04,99429,1986-06-06
PAYEMS,1986-02-01,1988-06-02,98914,1987-06-05
PAYEMS,1986-02-01,1989-06-01,98887,1988-06-03
PAYEMS,1986-02-01,1990-09-06,98886,1989-06-02
PAYEMS,1986-02-01,1991-06-06,98872,1990-09-07
PAYEMS,1986-02-01,1993-06-03,98892,1991-06-07
PAYEMS,1986-02-01,1994-06-02,98731,1993-06-04
PAYEMS,1986-02-01,2003-06-05,98718,1994-06-03
PAYEMS,1986-02-01,2003-10-09,98816,2003-06-06
PAYEMS,1986-02-01,2014-02-06,98817,2003-10-10
PAYEMS,1986-02-01,2019-01-31,98841,2014-02-07
PAYEMS,1986-02-01,2026-07-31,98847,2019-02-01
PAYEMS,1986-03-01,1986-05-01,99841,1986-04-04
PAYEMS,1986-03-01,1986-06-05,99834,1986-05-02
PAYEMS,1986-03-01,1987-06-04,99484,1986-06-06
PAYEMS,1986-03-01,1988-06-02,99013,1987-06-05
PAYEMS,1986-03-01,1989-06-01,98973,1988-06-03
PAYEMS,1986-03-01,1990-09-06,98970,1989-06-02
PAYEMS,1986-03-01,1991-06-06,98946,1990-09-07
PAYEMS,1986-03-01,1993-06-03,98957,1991-06-07
PAYEMS,1986-03-01,1994-06-02,98805,1993-06-04
PAYEMS,1986-03-01,2003-06-05,98796,1994-06-03
PAYEMS,1986-03-01,2003-10-09,98911,2003-06-06
PAYEMS,1986-03-01,2014-02-06,98910,2003-10-10
PAYEMS,1986-03-01,2019-01-31,98935,2014-02-07
PAYEMS,1986-03-01,2026-07-31,98934,2019-02-01
PAYEMS,1986-04-01,1986-06-05,100040,1986-05-02
PAYEMS,1986-04-01,1986-07-02,99797,1986-06-06
PAYEMS,1986-04-01,1987-06-04,99783,1986-07-03
PAYEMS,1986-04-01,1988-06-02,99252,1987-06-05
PAYEMS,1986-04-01,1989-06-01,99136,1988-06-03
PAYEMS,1986-04-01,1990-09-06,99146,1989-06-02
PAYEMS,1986-04-01,1991-06-06,99128,1990-09-07
PAYEMS,1986-04-01,1993-06-03,99143,1991-06-07
PAYEMS,1986-04-01,1994-06-02,98978,1993-06-04
PAYEMS,1986-04-01,2003-06-05,98974,1994-06-03
PAYEMS,1986-04-01,2014-02-06,99098,2003-06-06
PAYEMS,1986-04-01,2019-01-31,99122,2014-02-07
PAYEMS,1986-04-01,2026-07-31,99121,2019-02-01
PAYEMS,1986-05-01,1986-07-02,99946,1986-06-06
PAYEMS,1986-05-01,1986-07-31,99908,1986-07-03
PAYEMS,1986-05-01,1987-06-04,99918,1986-08-01
PAYEMS,1986-05-01,1988-06-02,99389,1987-06-05
PAYEMS,1986-05-01,1990-09-06,99262,1988-06-03
PAYEMS,1986-05-01,1991-06-06,99253,1990-09-07
PAYEMS,1986-05-01,1993-06-03,99263,1991-06-07
PAYEMS,1986-05-01,1994-06-02,99095,1993-06-04
PAYEMS,1986-05-01,2003-06-05,99096,1994-06-03
PAYEMS,1986-05-01,2014-02-06,99223,2003-06-06
PAYEMS,1986-05-01,2019-01-31,99249,2014-02-07
PAYEMS,1986-05-01,2026-07-31,99248,2019-02-01
PAYEMS,1986-06-01,1986-07-31,99819,1986-07-03
PAYEMS,1986-06-01,1986-09-04,99864,1986-08-01
PAYEMS,1986-06-01,1987-06-04,99843,1986-09-05
PAYEMS,1986-06-01,1988-06-02,99323,1987-06-05
PAYEMS,1986-06-01,1989-06-01,99170,1988-06-03
PAYEMS,1986-06-01,1990-09-06,99152,1989-06-02
PAYEMS,1986-06-01,1991-06-06,99149,1990-09-07
PAYEMS,1986-06-01,1993-06-03,99152,1991-06-07
PAYEMS,1986-06-01,1994-06-02,98977,1993-06-04
PAYEMS,1986-06-01,2003-06-05,98973,1994-06-03
PAYEMS,1986-06-01,2014-02-06,99130,2003-06-06
PAYEMS,1986-06-01,2026-07-31,99155,2014-02-07
PAYEMS,1986-07-01,1986-09-04,100253,1986-08-01
PAYEMS,1986-07-01,1986-10-02,100122,1986-09-05
PAYEMS,1986-07-01,1987-06-04,100105,1986-10-03
PAYEMS,1986-07-01,1988-06-02,99601,1987-06-05
PAYEMS,1986-07-01,1989-06-01,99457,1988-06-03
PAYEMS,1986-07-01,1990-09-06,99459,1989-06-02
PAYEMS,1986-07-01,1991-06-06,99460,1990-09-07
PAYEMS,1986-07-01,1993-06-03,99454,1991-06-07
PAYEMS,1986-07-01,1994-06-02,99264,1993-06-04
PAYEMS,1986-07-01,2003-06-05,99276,1994-06-03
PAYEMS,1986-07-01,2014-02-06,99448,2003-06-06
PAYEMS,1986-07-01,2026-07-31,99473,2014-02-07
PAYEMS,1986-08-01,1986-10-02,100324,1986-09-05
PAYEMS,1986-08-01,1986-11-06,100261,1986-10-03
PAYEMS,1986-08-01,1987-06-04,100283,1986-11-07
PAYEMS,1986-08-01,1988-06-02,99772,1987-06-05
PAYEMS,1986-08-01,1989-06-01,99608,1988-06-03
PAYEMS,1986-08-01,1990-09-06,99617,1989-06-02
PAYEMS,1986-08-01,1991-06-06,99616,1990-09-07
PAYEMS,1986-08-01,1993-06-03,99615,1991-06-07
PAYEMS,1986-08-01,1994-06-02,99416,1993-06-04
PAYEMS,1986-08-01,2003-06-05,99435,1994-06-03
PAYEMS,1986-08-01,2003-10-09,99560,2003-06-06
PAYEMS,1986-08-01,2014-02-06,99561,2003-10-10
PAYEMS,1986-08-01,2019-01-31,99587,2014-02-07
PAYEMS,1986-08-01,2026-07-31,99588,2019-02-01
PAYEMS,1986-09-01,1986-11-06,100368,1986-10-03
PAYEMS,1986-09-01,1986-12-04,100448,1986-11-07
PAYEMS,1986-09-01,1987-06-04,100560,1986-12-05
PAYEMS,1986-09-01,1988-06-02,100039,1987-06-05
PAYEMS,1986-09-01,1989-06-01,99963,1988-06-03
PAYEMS,1986-09-01,1990-09-06,99935,1989-06-02
PAYEMS,1986-09-01,1991-06-06,99945,1990-09-07
PAYEMS,1986-09-01,1993-06-03,99943,1991-06-07
PAYEMS,1986-09-01,1994-06-02,99740,1993-06-04
PAYEMS,1986-09-01,2003-06-05,99747,1994-06-03
PAYEMS,1986-09-01,2003-10-09,99909,2003-06-06
PAYEMS,1986-09-01,2014-02-06,99907,2003-10-10
PAYEMS,1986-09-01,2026-07-31,99934,2014-02-07
PAYEMS,1986-10-01,1986-12-04,100746,1986-11-07
PAYEMS,1986-10-01,1987-01-08,100820,1986-12-05
PAYEMS,1986-10-01,1987-06-04,100826,1987-01-09
PAYEMS,1986-10-01,1988-06-02,100209,1987-06-05
PAYEMS,1986-10-01,1989-06-01,100120,1988-06-03
PAYEMS,1986-10-01,1990-09-06,100154,1989-06-02
PAYEMS,1986-10-01,1991-06-06,100179,1990-09-07
PAYEMS,1986-10-01,1993-06-03,100174,1991-06-07
PAYEMS,1986-10-01,1994-06-02,99974,1993-06-04
PAYEMS,1986-10-01,2003-06-05,99980,1994-06-03
PAYEMS,1986-10-01,2003-10-09,100093,2003-06-06
PAYEMS,1986-10-01,2014-02-06,100094,2003-10-10
PAYEMS,1986-10-01,2019-01-31,100120,2014-02-07
PAYEMS,1986-10-01,2026-07-31,100121,2019-02-01
PAYEMS,1986-11-01,1987-01-08,101069,1986-12-05
PAYEMS,1986-11-01,1987-02-05,101065,1987-01-09
PAYEMS,1986-11-01,1987-06-04,101068,1987-02-06
PAYEMS,1986-11-01,1988-06-02,100415,1987-06-05
PAYEMS,1986-11-01,1989-06-01,100349,1988-06-03
PAYEMS,1986-11-01,1990-09-06,100341,1989-06-02
PAYEMS,1986-11-01,1991-06-06,100346,1990-09-07
PAYEMS,1986-11-01,1993-06-03,100348,1991-06-07
PAYEMS,1986-11-01,1994-06-02,100142,1993-06-04
PAYEMS,1986-11-01,2003-06-05,100145,1994-06-03
PAYEMS,1986-11-01,2014-02-06,100280,2003-06-06
PAYEMS,1986-11-01,2019-01-31,100306,2014-02-07
PAYEMS,1986-11-01,2026-07-31,100308,2019-02-01
PAYEMS,1986-12-01,1987-02-05,101334,1987-01-09
PAYEMS,1986-12-01,1987-03-05,101293,1987-02-06
PAYEMS,1986-12-01,1987-06-04,101322,1987-03-06
PAYEMS,1986-12-01,1988-06-02,100567,1987-06-05
PAYEMS,1986-12-01,1989-06-01,100571,1988-06-03
PAYEMS,1986-12-01,1990-09-06,100575,1989-06-02
PAYEMS,1986-12-01,1991-06-06,100583,1990-09-07
PAYEMS,1986-12-01,1993-06-03,100596,1991-06-07
PAYEMS,1986-12-01,1994-06-02,100386,1993-06-04
PAYEMS,1986-12-01,2003-06-05,100394,1994-06-03
PAYEMS,1986-12-01,2014-02-06,100484,2003-06-06
PAYEMS,1986-12-01,2019-01-31,100511,2014-02-07
PAYEMS,1986-12-01,2026-07-31,100509,2019-02-01
PAYEMS,1987-01-01,1987-03-05,101741,1987-02-06
PAYEMS,1987-01-01,1987-04-02,101641,1987-03-06
PAYEMS,1987-01-01,1987-06-04,101626,1987-04-03
PAYEMS,1987-01-01,1988-06-02,100919,1987-06-05
PAYEMS,1987-01-01,1989-06-01,100795,1988-06-03
PAYEMS,1987-01-01,1990-09-06,100798,1989-06-02
PAYEMS,1987-01-01,1991-06-06,100778,1990-09-07
PAYEMS,1987-01-01,1992-06-04,100765,1991-06-07
PAYEMS,1987-01-01,1993-06-03,100779,1992-06-05
PAYEMS,1987-01-01,1994-06-02,100576,1993-06-04
PAYEMS,1987-01-01,2003-06-05,100543,1994-06-03
PAYEMS,1987-01-01,2014-02-06,100655,2003-06-06
PAYEMS,1987-01-01,2019-01-31,100683,2014-02-07
PAYEMS,1987-01-01,2026-07-31,100678,2019-02-01
PAYEMS,1987-02-01,1987-04-02,101978,1987-03-06
PAYEMS,1987-02-01,1987-05-07,101862,1987-04-03
PAYEMS,1987-02-01,1987-06-04,101854,1987-05-08
PAYEMS,1987-02-01,1988-06-02,101150,1987-06-05
PAYEMS,1987-02-01,1989-06-01,101016,1988-06-03
PAYEMS,1987-02-01,1990-09-06,101015,1989-06-02
PAYEMS,1987-02-01,1991-06-06,100982,1990-09-07
PAYEMS,1987-02-01,1992-06-04,101004,1991-06-07
PAYEMS,1987-02-01,1993-06-03,100990,1992-06-05
PAYEMS,1987-02-01,1994-06-02,100788,1993-06-04
PAYEMS,1987-02-01,2003-06-05,100772,1994-06-03
PAYEMS,1987-02-01,2014-02-06,100887,2003-06-06
PAYEMS,1987-02-01,2019-01-31,100915,2014-02-07
PAYEMS,1987-02-01,2026-07-31,100919,2019-02-01
PAYEMS,1987-03-01,1987-05-07,102026,1987-04-03
PAYEMS,1987-03-01,1987-06-04,102009,1987-05-08
PAYEMS,1987-03-01,1988-06-02,101329,1987-06-05
PAYEMS,1987-03-01,1989-06-01,101260,1988-06-03
PAYEMS,1987-03-01,1990-09-06,101254,1989-06-02
PAYEMS,1987-03-01,1991-06-06,101216,1990-09-07
PAYEMS,1987-03-01,1992-06-04,101228,1991-06-07
PAYEMS,1987-03-01,1993-06-03,101236,1992-06-05
PAYEMS,1987-03-01,1994-06-02,101015,1993-06-04
PAYEMS,1987-03-01,2003-06-05,101005,1994-06-03
PAYEMS,1987-03-01,2014-02-06,101136,2003-06-06
PAYEMS,1987-03-01,2026-07-31,101164,2014-02-07
PAYEMS,1987-04-01,1987-06-04,102325,1987-05-08
PAYEMS,1987-04-01,1987-07-01,101609,1987-06-05
PAYEMS,1987-04-01,1988-06-02,101598,1987-07-02
PAYEMS,1987-04-01,1989-06-01,101615,1988-06-03
PAYEMS,1987-04-01,1990-09-06,101582,1989-06-02
PAYEMS,1987-04-01,1991-06-06,101567,1990-09-07
PAYEMS,1987-04-01,1992-06-04,101582,1991-06-07
PAYEMS,1987-04-01,1993-06-03,101594,1992-06-05
PAYEMS,1987-04-01,1994-06-02,101369,1993-06-04
PAYEMS,1987-04-01,2003-06-05,101367,1994-06-03
PAYEMS,1987-04-01,2014-02-06,101474,2003-06-06
PAYEMS,1987-04-01,2019-01-31,101502,2014-02-07
PAYEMS,1987-04-01,2026-07-31,101499,2019-02-01
PAYEMS,1987-05-01,1987-07-01,101732,1987-06-05
PAYEMS,1987-05-01,1987-08-06,101672,1987-07-02
PAYEMS,1987-05-01,1988-06-02,101708,1987-08-07
PAYEMS,1987-05-01,1989-06-01,101829,1988-06-03
PAYEMS,1987-05-01,1990-09-06,101777,1989-06-02
PAYEMS,1987-05-01,1991-06-06,101774,1990-09-07
PAYEMS,1987-05-01,1992-06-04,101789,1991-06-07
PAYEMS,1987-05-01,1993-06-03,101802,1992-06-05
PAYEMS,1987-05-01,2003-06-05,101564,1993-06-04
PAYEMS,1987-05-01,2014-02-06,101701,2003-06-06
PAYEMS,1987-05-01,2026-07-31,101728,2014-02-07
PAYEMS,1987-06-01,1987-08-06,101788,1987-07-02
PAYEMS,1987-06-01,1987-09-03,101811,1987-08-07
PAYEMS,1987-06-01,1988-06-02,101818,1987-09-04
PAYEMS,1987-06-01,1989-06-01,102078,1988-06-03
PAYEMS,1987-06-01,1990-09-06,101956,1989-06-02
PAYEMS,1987-06-01,1991-06-06,101953,1990-09-07
PAYEMS,1987-06-01,1992-06-04,101954,1991-06-07
PAYEMS,1987-06-01,1993-06-03,101960,1992-06-05
PAYEMS,1987-06-01,1994-06-02,101719,1993-06-04
PAYEMS,1987-06-01,2003-06-05,101713,1994-06-03
PAYEMS,1987-06-01,2014-02-06,101872,2003-06-06
PAYEMS,1987-06-01,2026-07-31,101900,2014-02-07
PAYEMS,1987-07-01,1987-09-03,102115,1987-08-07
PAYEMS,1987-07-01,1987-10-01,102114,1987-09-04
PAYEMS,1987-07-01,1988-06-02,102126,1987-10-02
PAYEMS,1987-07-01,1989-06-01,102430,1988-06-03
PAYEMS,1987-07-01,1990-09-06,102293,1989-06-02
PAYEMS,1987-07-01,1991-06-06,102308,1990-09-07
PAYEMS,1987-07-01,1992-06-04,102285,1991-06-07
PAYEMS,1987-07-01,1993-06-03,102287,1992-06-05
PAYEMS,1987-07-01,1994-06-02,102034,1993-06-04
PAYEMS,1987-07-01,2003-06-05,102047,1994-06-03
PAYEMS,1987-07-01,2014-02-06,102218,2003-06-06
PAYEMS,1987-07-01,2026-07-31,102247,2014-02-07
PAYEMS,1987-08-01,1987-10-01,102270,1987-09-04
PAYEMS,1987-08-01,1987-11-05,102278,1987-10-02
PAYEMS,1987-08-01,1988-06-02,102275,1987-11-06
PAYEMS,1987-08-01,1989-06-01,102672,1988-06-03
PAYEMS,1987-08-01,1990-09-06,102525,1989-06-02
PAYEMS,1987-08-01,1991-06-06,102535,1990-09-07
PAYEMS,1987-08-01,1992-06-04,102525,1991-06-07
PAYEMS,1987-08-01,1993-06-03,102522,1992-06-05
PAYEMS,1987-08-01,1994-06-02,102252,1993-06-04
PAYEMS,1987-08-01,2003-06-05,102266,1994-06-03
PAYEMS,1987-08-01,2014-02-06,102388,2003-06-06
PAYEMS,1987-08-01,2019-01-31,102418,2014-02-07
PAYEMS,1987-08-01,2026-07-31,102420,2019-02-01
PAYEMS,1987-09-01,1987-11-05,102410,1987-10-02
PAYEMS,1987-09-01,1987-12-03,102396,1987-11-06
PAYEMS,1987-09-01,1988-06-02,102434,1987-12-04
PAYEMS,1987-09-01,1989-06-01,102906,1988-06-03
PAYEMS,1987-09-01,1990-09-06,102683,1989-06-02
PAYEMS,1987-09-01,1991-06-06,102713,1990-09-07
PAYEMS,1987-09-01,1992-06-04,102699,1991-06-07
PAYEMS,1987-09-01,1993-06-03,102682,1992-06-05
PAYEMS,1987-09-01,1994-06-02,102420,1993-06-04
PAYEMS,1987-09-01,2003-06-05,102430,1994-06-03
PAYEMS,1987-09-01,2003-10-09,102619,2003-06-06
PAYEMS,1987-09-01,2014-02-06,102617,2003-10-10
PAYEMS,1987-09-01,2019-01-31,102646,2014-02-07
PAYEMS,1987-09-01,2026-07-31,102647,2019-02-01
PAYEMS,1987-10-01,1987-12-03,102945,1987-11-06
PAYEMS,1987-10-01,1988-01-07,102970,1987-12-04
PAYEMS,1987-10-01,1988-06-02,102983,1988-01-08
PAYEMS,1987-10-01,1989-06-01,103371,1988-06-03
PAYEMS,1987-10-01,1990-09-06,103213,1989-06-02
PAYEMS,1987-10-01,1991-06-06,103259,1990-09-07
PAYEMS,1987-10-01,1992-06-04,103250,1991-06-07
PAYEMS,1987-10-01,1993-06-03,103238,1992-06-05
PAYEMS,1987-10-01,1994-06-02,102976,1993-06-04
PAYEMS,1987-10-01,2003-06-05,102980,1994-06-03
PAYEMS,1987-10-01,2003-10-09,103108,2003-06-06
PAYEMS,1987-10-01,2014-02-06,103109,2003-10-10
PAYEMS,1987-10-01,2026-07-31,103138,2014-02-07
PAYEMS,1987-11-01,1988-01-07,103244,1987-12-04
PAYEMS,1987-11-01,1988-02-04,103246,1988-01-08
PAYEMS,1987-11-01,1988-06-02,103285,1988-02-05
PAYEMS,1987-11-01,1989-06-01,103678,1988-06-03
PAYEMS,1987-11-01,1990-09-06,103470,1989-06-02
PAYEMS,1987-11-01,1991-06-06,103471,1990-09-07
PAYEMS,1987-11-01,1992-06-04,103473,1991-06-07
PAYEMS,1987-11-01,1993-06-03,103458,1992-06-05
PAYEMS,1987-11-01,1994-06-02,103191,1993-06-04
PAYEMS,1987-11-01,2003-06-05,103200,1994-06-03
PAYEMS,1987-11-01,2014-02-06,103340,2003-06-06
PAYEMS,1987-11-01,2019-01-31,103370,2014-02-07
PAYEMS,1987-11-01,2026-07-31,103372,2019-02-01
PAYEMS,1987-12-01,1988-02-04,103572,1988-01-08
PAYEMS,1987-12-01,1988-03-03,103596,1988-02-05
PAYEMS,1987-12-01,1988-06-02,103612,1988-03-04
PAYEMS,1987-12-01,1989-06-01,104001,1988-06-03
PAYEMS,1987-12-01,1990-09-06,103791,1989-06-02
PAYEMS,1987-12-01,1991-06-06,103805,1990-09-07
PAYEMS,1987-12-01,1992-06-04,103814,1991-06-07
PAYEMS,1987-12-01,1993-06-03,103804,1992-06-05
PAYEMS,1987-12-01,1994-06-02,103537,1993-06-04
PAYEMS,1987-12-01,2003-06-05,103544,1994-06-03
PAYEMS,1987-12-01,2014-02-06,103634,2003-06-06
PAYEMS,1987-12-01,2019-01-31,103664,2014-02-07
PAYEMS,1987-12-01,2026-07-31,103661,2019-02-01
PAYEMS,1988-01-01,1988-03-03,103703,1988-02-05
PAYEMS,1988-01-01,1988-03-31,103786,1988-03-04
PAYEMS,1988-01-01,1988-06-02,103827,1988-04-01
PAYEMS,1988-01-01,1989-06-01,104262,1988-06-03
PAYEMS,1988-01-01,1990-09-06,103970,1989-06-02
PAYEMS,1988-01-01,1991-06-06,103924,1990-09-07
PAYEMS,1988-01-01,1992-06-04,103897,1991-06-07
PAYEMS,1988-01-01,1993-06-03,103931,1992-06-05
PAYEMS,1988-01-01,1994-06-02,103641,1993-06-04
PAYEMS,1988-01-01,1996-06-06,103593,1994-06-03
PAYEMS,1988-01-01,1997-06-05,103607,1996-06-07
PAYEMS,1988-01-01,2003-06-05,103623,1997-06-06
PAYEMS,1988-01-01,2003-10-09,103727,2003-06-06
PAYEMS,1988-01-01,2014-02-06,103728,2003-10-10
PAYEMS,1988-01-01,2019-01-31,103758,2014-02-07
PAYEMS,1988-01-01,2026-07-31,103753,2019-02-01
PAYEMS,1988-02-01,1988-03-31,104317,1988-03-04
PAYEMS,1988-02-01,1988-05-05,104344,1988-04-01
PAYEMS,1988-02-01,1988-06-02,104365,1988-05-06
PAYEMS,1988-02-01,1989-06-01,104729,1988-06-03
PAYEMS,1988-02-01,1990-09-06,104414,1989-06-02
PAYEMS,1988-02-01,1991-06-06,104356,1990-09-07
PAYEMS,1988-02-01,1992-06-04,104393,1991-06-07
PAYEMS,1988-02-01,1993-06-03,104384,1992-06-05
PAYEMS,1988-02-01,1994-06-02,104076,1993-06-04
PAYEMS,1988-02-01,1996-06-06,104063,1994-06-03
PAYEMS,1988-02-01,1997-06-05,104059,1996-06-07
PAYEMS,1988-02-01,2003-06-05,104046,1997-06-06
PAYEMS,1988-02-01,2003-10-09,104179,2003-06-06
PAYEMS,1988-02-01,2014-02-06,104180,2003-10-10
PAYEMS,1988-02-01,2019-01-31,104211,2014-02-07
PAYEMS,1988-02-01,2026-07-31,104214,2019-02-01
PAYEMS,1988-03-01,1988-05-05,104606,1988-04-01
PAYEMS,1988-03-01,1988-06-02,104661,1988-05-06
PAYEMS,1988-03-01,1989-06-01,105020,1988-06-03
PAYEMS,1988-03-01,1990-09-06,104682,1989-06-02
PAYEMS,1988-03-01,1991-06-06,104626,1990-09-07
PAYEMS,1988-03-01,1992-06-04,104646,1991-06-07
PAYEMS,1988-03-01,1993-06-03,104662,1992-06-05
PAYEMS,1988-03-01,1994-06-02,104354,1993-06-04
PAYEMS,1988-03-01,1996-06-06,104349,1994-06-03
PAYEMS,1988-03-01,1997-06-05,104321,1996-06-07
PAYEMS,1988-03-01,2003-06-05,104311,1997-06-06
PAYEMS,1988-03-01,2014-02-06,104456,2003-06-06
PAYEMS,1988-03-01,2019-01-31,104487,2014-02-07
PAYEMS,1988-03-01,2026-07-31,104489,2019-02-01
PAYEMS,1988-04-01,1988-06-02,104835,1988-05-06
PAYEMS,1988-04-01,1988-07-07,105269,1988-06-03
PAYEMS,1988-04-01,1989-06-01,105281,1988-07-08
PAYEMS,1988-04-01,1990-09-06,104901,1989-06-02
PAYEMS,1988-04-01,1991-06-06,104860,1990-09-07
PAYEMS,1988-04-01,1992-06-04,104886,1991-06-07
PAYEMS,1988-04-01,1993-06-03,104908,1992-06-05
PAYEMS,1988-04-01,1994-06-02,104604,1993-06-04
PAYEMS,1988-04-01,1996-06-06,104611,1994-06-03
PAYEMS,1988-04-01,1997-06-05,104552,1996-06-07
PAYEMS,1988-04-01,2003-06-05,104537,1997-06-06
PAYEMS,1988-04-01,2003-10-09,104700,2003-06-06
PAYEMS,1988-04-01,2014-02-06,104701,2003-10-10
PAYEMS,1988-04-01,2026-07-31,104732,2014-02-07
PAYEMS,1988-05-01,1988-07-07,105478,1988-06-03
PAYEMS,1988-05-01,1988-08-04,105502,1988-07-08
PAYEMS,1988-05-01,1989-06-01,105489,1988-08-05
PAYEMS,1988-05-01,1990-09-06,105091,1989-06-02
PAYEMS,1988-05-01,1991-06-06,105052,1990-09-07
PAYEMS,1988-05-01,1992-06-04,105078,1991-06-07
PAYEMS,1988-05-01,1993-06-03,105092,1992-06-05
PAYEMS,1988-05-01,1994-06-02,104789,1993-06-04
PAYEMS,1988-05-01,1996-06-06,104794,1994-06-03
PAYEMS,1988-05-01,1997-06-05,104804,1996-06-07
PAYEMS,1988-05-01,2003-06-05,104811,1997-06-06
PAYEMS,1988-05-01,2014-02-06,104928,2003-06-06
PAYEMS,1988-05-01,2019-01-31,104961,2014-02-07
PAYEMS,1988-05-01,2026-07-31,104962,2019-02-01
PAYEMS,1988-06-01,1988-08-04,105848,1988-07-08
PAYEMS,1988-06-01,1988-09-01,106021,1988-08-05
PAYEMS,1988-06-01,1989-06-01,106057,1988-09-02
PAYEMS,1988-06-01,1990-09-06,105561,1989-06-02
PAYEMS,1988-06-01,1991-06-06,105489,1990-09-07
PAYEMS,1988-06-01,1992-06-04,105472,1991-06-07
PAYEMS,1988-06-01,1993-06-03,105483,1992-06-05
PAYEMS,1988-06-01,1994-06-02,105162,1993-06-04
PAYEMS,1988-06-01,1996-06-06,105156,1994-06-03
PAYEMS,1988-06-01,1997-06-05,105136,1996-06-07
PAYEMS,1988-06-01,2003-06-05,105132,1997-06-06
PAYEMS,1988-06-01,2014-02-06,105291,2003-06-06
PAYEMS,1988-06-01,2019-01-31,105324,2014-02-07
PAYEMS,1988-06-01,2026-07-31,105326,2019-02-01
PAYEMS,1988-07-01,1988-09-01,106304,1988-08-05
PAYEMS,1988-07-01,1988-10-06,106257,1988-09-02
PAYEMS,1988-07-01,1989-06-01,106271,1988-10-07
PAYEMS,1988-07-01,1990-09-06,105768,1989-06-02
PAYEMS,1988-07-01,1991-06-06,105735,1990-09-07
PAYEMS,1988-07-01,1992-06-04,105700,1991-06-07
PAYEMS,1988-07-01,1993-06-03,105697,1992-06-05
PAYEMS,1988-07-01,1994-06-02,105377,1993-06-04
PAYEMS,1988-07-01,1996-06-06,105397,1994-06-03
PAYEMS,1988-07-01,1997-06-05,105428,1996-06-07
PAYEMS,1988-07-01,2003-06-05,105400,1997-06-06
PAYEMS,1988-07-01,2014-02-06,105514,2003-06-06
PAYEMS,1988-07-01,2019-01-31,105546,2014-02-07
PAYEMS,1988-07-01,2026-07-31,105550,2019-02-01
PAYEMS,1988-08-01,1988-10-06,106476,1988-09-02
PAYEMS,1988-08-01,1988-11-03,106440,1988-10-07
PAYEMS,1988-08-01,1989-06-01,106425,1988-11-04
PAYEMS,1988-08-01,1990-09-06,105954,1989-06-02
PAYEMS,1988-08-01,1991-06-06,105902,1990-09-07
PAYEMS,1988-08-01,1992-06-04,105887,1991-06-07
PAYEMS,1988-08-01,1993-06-03,105869,1992-06-05
PAYEMS,1988-08-01,1994-06-02,105534,1993-06-04
PAYEMS,1988-08-01,1996-06-06,105549,1994-06-03
PAYEMS,1988-08-01,1997-06-05,105566,1996-06-07
PAYEMS,1988-08-01,2003-06-05,105599,1997-06-06
PAYEMS,1988-08-01,2014-02-06,105635,2003-06-06
PAYEMS,1988-08-01,2019-01-31,105670,2014-02-07
PAYEMS,1988-08-01,2026-07-31,105674,2019-02-01
PAYEMS,1988-09-01,1988-11-03,106695,1988-10-07
PAYEMS,1988-09-01,1988-12-01,106729,1988-11-04
PAYEMS,1988-09-01,1989-06-01,106737,1988-12-02
PAYEMS,1988-09-01,1990-09-06,106207,1989-06-02
PAYEMS,1988-09-01,1991-06-06,106178,1990-09-07
PAYEMS,1988-09-01,1992-06-04,106153,1991-06-07
PAYEMS,1988-09-01,1993-06-03,106111,1992-06-05
PAYEMS,1988-09-01,1994-06-02,105780,1993-06-04
PAYEMS,1988-09-01,1996-06-06,105789,1994-06-03
PAYEMS,1988-09-01,1997-06-05,105824,1996-06-07
PAYEMS,1988-09-01,2003-06-05,105814,1997-06-06
PAYEMS,1988-09-01,2003-10-09,105977,2003-06-06
PAYEMS,1988-09-01,2014-02-06,105975,2003-10-10
PAYEMS,1988-09-01,2019-01-31,106009,2014-02-07
PAYEMS,1988-09-01,2026-07-31,106013,2019-02-01
PAYEMS,1988-10-01,1988-12-01,107052,1988-11-04
PAYEMS,1988-10-01,1989-01-05,106975,1988-12-02
PAYEMS,1988-10-01,1989-06-01,106973,1989-01-06
PAYEMS,1988-10-01,1990-09-06,106475,1989-06-02
PAYEMS,1988-10-01,1991-06-06,106458,1990-09-07
PAYEMS,1988-10-01,1992-06-04,106450,1991-06-07
PAYEMS,1988-10-01,1993-06-03,106419,1992-06-05
PAYEMS,1988-10-01,1994-06-02,106067,1993-06-04
PAYEMS,1988-10-01,1996-06-06,106070,1994-06-03
PAYEMS,1988-10-01,1997-06-05,106087,1996-06-07
PAYEMS,1988-10-01,2003-06-05,106091,1997-06-06
PAYEMS,1988-10-01,2014-02-06,106243,2003-06-06
PAYEMS,1988-10-01,2019-01-31,106277,2014-02-07
PAYEMS,1988-10-01,2026-07-31,106276,2019-02-01
PAYEMS,1988-11-01,1989-01-05,107438,1988-12-02
PAYEMS,1988-11-01,1989-02-02,107377,1989-01-06
PAYEMS,1988-11-01,1989-06-01,107419,1989-02-03
PAYEMS,1988-11-01,1990-09-06,106824,1989-06-02
PAYEMS,1988-11-01,1991-06-06,106768,1990-09-07
PAYEMS,1988-11-01,1992-06-04,106766,1991-06-07
PAYEMS,1988-11-01,1993-06-03,106740,1992-06-05
PAYEMS,1988-11-01,1994-06-02,106382,1993-06-04
PAYEMS,1988-11-01,1996-06-06,106400,1994-06-03
PAYEMS,1988-11-01,1997-06-05,106370,1996-06-07
PAYEMS,1988-11-01,2003-06-05,106368,1997-06-06
PAYEMS,1988-11-01,2014-02-06,106582,2003-06-06
PAYEMS,1988-11-01,2019-01-31,106616,2014-02-07
PAYEMS,1988-11-01,2026-07-31,106617,2019-02-01
PAYEMS,1988-12-01,1989-02-02,107656,1989-01-06
PAYEMS,1988-12-01,1989-03-09,107640,1989-02-03
PAYEMS,1988-12-01,1989-06-01,107641,1989-03-10
PAYEMS,1988-12-01,1990-09-06,107097,1989-06-02
PAYEMS,1988-12-01,1991-06-06,107071,1990-09-07
PAYEMS,1988-12-01,1992-06-04,107081,1991-06-07
PAYEMS,1988-12-01,1993-06-03,107064,1992-06-05
PAYEMS,1988-12-01,1994-06-02,106694,1993-06-04
PAYEMS,1988-12-01,1996-06-06,106703,1994-06-03
PAYEMS,1988-12-01,1997-06-05,106699,1996-06-07
PAYEMS,1988-12-01,2003-06-05,106691,1997-06-06
PAYEMS,1988-12-01,2014-02-06,106871,2003-06-06
PAYEMS,1988-12-01,2019-01-31,106906,2014-02-07
PAYEMS,1988-12-01,2026-07-31,106898,2019-02-01
PAYEMS,1989-01-01,1989-03-09,108048,1989-02-03
PAYEMS,1989-01-01,1989-04-06,108056,1989-03-10
PAYEMS,1989-01-01,1989-06-01,108065,1989-04-07
PAYEMS,1989-01-01,1990-09-06,107442,1989-06-02
PAYEMS,1989-01-01,1991-06-06,107430,1990-09-07
PAYEMS,1989-01-01,1992-06-04,107395,1991-06-07
PAYEMS,1989-01-01,1993-06-03,107447,1992-06-05
PAYEMS,1989-01-01,1994-06-02,107076,1993-06-04
PAYEMS,1989-01-01,1996-06-06,107046,1994-06-03
PAYEMS,1989-01-01,1997-06-05,106991,1996-06-07
PAYEMS,1989-01-01,2003-06-05,106993,1997-06-06
PAYEMS,1989-01-01,2003-10-09,107132,2003-06-06
PAYEMS,1989-01-01,2014-02-06,107133,2003-10-10
PAYEMS,1989-01-01,2019-01-31,107168,2014-02-07
PAYEMS,1989-01-01,2026-07-31,107161,2019-02-01
PAYEMS,1989-02-01,1989-05-04,108345,1989-03-10
PAYEMS,1989-02-01,1989-06-01,108341,1989-05-05
PAYEMS,1989-02-01,1990-09-06,107711,1989-06-02
PAYEMS,1989-02-01,1991-06-06,107648,1990-09-07
PAYEMS,1989-02-01,1993-06-03,107700,1991-06-07
PAYEMS,1989-02-01,1994-06-02,107294,1993-06-04
PAYEMS,1989-02-01,1996-06-06,107276,1994-06-03
PAYEMS,1989-02-01,1997-06-05,107243,1996-06-07
PAYEMS,1989-02-01,2003-06-05,107244,1997-06-06
PAYEMS,1989-02-01,2003-10-09,107390,2003-06-06
PAYEMS,1989-02-01,2014-02-06,107391,2003-10-10
PAYEMS,1989-02-01,2019-01-31,107426,2014-02-07
PAYEMS,1989-02-01,2026-07-31,107427,2019-02-01
PAYEMS,1989-03-01,1989-05-04,108525,1989-04-07
PAYEMS,1989-03-01,1989-06-01,108512,1989-05-05
PAYEMS,1989-03-01,1990-09-06,107888,1989-06-02
PAYEMS,1989-03-01,1991-06-06,107811,1990-09-07
PAYEMS,1989-03-01,1992-06-04,107842,1991-06-07
PAYEMS,1989-03-01,1993-06-03,107877,1992-06-05
PAYEMS,1989-03-01,1994-06-02,107471,1993-06-04
PAYEMS,1989-03-01,1996-06-06,107466,1994-06-03
PAYEMS,1989-03-01,1997-06-05,107447,1996-06-07
PAYEMS,1989-03-01,2003-06-05,107438,1997-06-06
PAYEMS,1989-03-01,2003-10-09,107584,2003-06-06
PAYEMS,1989-03-01,2014-02-06,107583,2003-10-10
PAYEMS,1989-03-01,2019-01-31,107619,2014-02-07
PAYEMS,1989-03-01,2026-07-31,107621,2019-02-01
PAYEMS,1989-04-01,1989-06-01,108629,1989-05-05
PAYEMS,1989-04-01,1989-07-06,108094,1989-06-02
PAYEMS,1989-04-01,1990-09-06,108101,1989-07-07
PAYEMS,1989-04-01,1991-06-06,107988,1990-09-07
PAYEMS,1989-04-01,1992-06-04,107998,1991-06-07
PAYEMS,1989-04-01,1993-06-03,108049,1992-06-05
PAYEMS,1989-04-01,1994-06-02,107633,1993-06-04
PAYEMS,1989-04-01,1996-06-06,107636,1994-06-03
PAYEMS,1989-04-01,1997-06-05,107654,1996-06-07
PAYEMS,1989-04-01,2003-06-05,107637,1997-06-06
PAYEMS,1989-04-01,2014-02-06,107756,2003-06-06
PAYEMS,1989-04-01,2019-01-31,107792,2014-02-07
PAYEMS,1989-04-01,2026-07-31,107791,2019-02-01
PAYEMS,1989-05-01,1989-07-06,108195,1989-06-02
PAYEMS,1989-05-01,1989-08-03,108308,1989-07-07
PAYEMS,1989-05-01,1990-09-06,108310,1989-08-04
PAYEMS,1989-05-01,1991-06-06,108135,1990-09-07
PAYEMS,1989-05-01,1992-06-04,108129,1991-06-07
PAYEMS,1989-05-01,1993-06-03,108160,1992-06-05
PAYEMS,1989-05-01,1994-06-02,107731,1993-06-04
PAYEMS,1989-05-01,1996-06-06,107725,1994-06-03
PAYEMS,1989-05-01,1997-06-05,107737,1996-06-07
PAYEMS,1989-05-01,2003-06-05,107738,1997-06-06
PAYEMS,1989-05-01,2014-02-06,107874,2003-06-06
PAYEMS,1989-05-01,2019-01-31,107910,2014-02-07
PAYEMS,1989-05-01,2026-07-31,107913,2019-02-01
PAYEMS,1989-06-01,1989-08-03,108488,1989-07-07
PAYEMS,1989-06-01,1989-08-31,108560,1989-08-04
PAYEMS,1989-06-01,1990-09-06,108607,1989-09-01
PAYEMS,1989-06-01,1991-06-06,108364,1990-09-07
PAYEMS,1989-06-01,1992-06-04,108285,1991-06-07
PAYEMS,1989-06-01,1993-06-03,108292,1992-06-05
PAYEMS,1989-06-01,1994-06-02,107865,1993-06-04
PAYEMS,1989-06-01,1996-06-06,107871,1994-06-03
PAYEMS,1989-06-01,1997-06-05,107840,1996-06-07
PAYEMS,1989-06-01,2003-06-05,107838,1997-06-06
PAYEMS,1989-06-01,2003-10-09,107990,2003-06-06
PAYEMS,1989-06-01,2014-02-06,107991,2003-10-10
PAYEMS,1989-06-01,2019-01-31,108026,2014-02-07
PAYEMS,1989-06-01,2026-07-31,108027,2019-02-01
PAYEMS,1989-07-01,1989-08-31,108729,1989-08-04
PAYEMS,1989-07-01,1989-10-05,108791,1989-09-01
PAYEMS,1989-07-01,1990-09-06,108767,1989-10-06
PAYEMS,1989-07-01,1991-06-06,108490,1990-09-07
PAYEMS,1989-07-01,1993-06-03,108364,1991-06-07
PAYEMS,1989-07-01,1994-06-02,107924,1993-06-04
PAYEMS,1989-07-01,1996-06-06,107939,1994-06-03
PAYEMS,1989-07-01,1997-06-05,107965,1996-06-07
PAYEMS,1989-07-01,2003-06-05,107933,1997-06-06
PAYEMS,1989-07-01,2014-02-06,108030,2003-06-06
PAYEMS,1989-07-01,2019-01-31,108066,2014-02-07
PAYEMS,1989-07-01,2026-07-31,108069,2019-02-01
PAYEMS,1989-08-01,1989-10-05,108901,1989-09-01
PAYEMS,1989-08-01,1989-11-02,108855,1989-10-06
PAYEMS,1989-08-01,1990-09-06,108887,1989-11-03
PAYEMS,1989-08-01,1991-06-06,108628,1990-09-07
PAYEMS,1989-08-01,1992-06-04,108488,1991-06-07
PAYEMS,1989-08-01,1993-06-03,108454,1992-06-05
PAYEMS,1989-08-01,1994-06-02,108003,1993-06-04
PAYEMS,1989-08-01,1996-06-06,108026,1994-06-03
PAYEMS,1989-08-01,1997-06-05,108024,1996-06-07
PAYEMS,1989-08-01,2003-06-05,108048,1997-06-06
PAYEMS,1989-08-01,2014-02-06,108077,2003-06-06
PAYEMS,1989-08-01,2019-01-31,108115,2014-02-07
PAYEMS,1989-08-01,2026-07-31,108120,2019-02-01
PAYEMS,1989-09-01,1989-11-02,109064,1989-10-06
PAYEMS,1989-09-01,1989-12-07,109088,1989-11-03
PAYEMS,1989-09-01,1990-09-06,109096,1989-12-08
PAYEMS,1989-09-01,1991-06-06,108868,1990-09-07
PAYEMS,1989-09-01,1992-06-04,108681,1991-06-07
PAYEMS,1989-09-01,1993-06-03,108617,1992-06-05
PAYEMS,1989-09-01,1994-06-02,108175,1993-06-04
PAYEMS,1989-09-01,1996-06-06,108200,1994-06-03
PAYEMS,1989-09-01,1997-06-05,108197,1996-06-07
PAYEMS,1989-09-01,2003-06-05,108178,1997-06-06
PAYEMS,1989-09-01,2003-10-09,108327,2003-06-06
PAYEMS,1989-09-01,2014-02-06,108326,2003-10-10
PAYEMS,1989-09-01,2019-01-31,108365,2014-02-07
PAYEMS,1989-09-01,2026-07-31,108369,2019-02-01
PAYEMS,1989-10-01,1989-12-07,109321,1989-11-03
PAYEMS,1989-10-01,1990-01-04,109189,1989-12-08
PAYEMS,1989-10-01,1990-09-06,109171,1990-01-05
PAYEMS,1989-10-01,1991-06-06,108980,1990-09-07
PAYEMS,1989-10-01,1992-06-04,108800,1991-06-07
PAYEMS,1989-10-01,1993-06-03,108747,1992-06-05
PAYEMS,1989-10-01,1994-06-02,108287,1993-06-04
PAYEMS,1989-10-01,1996-06-06,108266,1994-06-03
PAYEMS,1989-10-01,1997-06-05,108300,1996-06-07
PAYEMS,1989-10-01,2003-06-05,108290,1997-06-06
PAYEMS,1989-10-01,2003-10-09,108438,2003-06-06
PAYEMS,1989-10-01,2014-02-06,108437,2003-10-10
PAYEMS,1989-10-01,2026-07-31,108476,2014-02-07
PAYEMS,1989-11-01,1990-01-04,109399,1989-12-08
PAYEMS,1989-11-01,1990-02-01,109393,1990-01-05
PAYEMS,1989-11-01,1990-09-06,109452,1990-02-02
PAYEMS,1989-11-01,1991-06-06,109245,1990-09-07
PAYEMS,1989-11-01,1992-06-04,109064,1991-06-07
PAYEMS,1989-11-01,1993-06-03,109022,1992-06-05
PAYEMS,1989-11-01,1994-06-02,108566,1993-06-04
PAYEMS,1989-11-01,1996-06-06,108588,1994-06-03
PAYEMS,1989-11-01,1997-06-05,108583,1996-06-07
PAYEMS,1989-11-01,2003-06-05,108571,1997-06-06
PAYEMS,1989-11-01,2014-02-06,108714,2003-06-06
PAYEMS,1989-11-01,2019-01-31,108753,2014-02-07
PAYEMS,1989-11-01,2026-07-31,108752,2019-02-01
PAYEMS,1989-12-01,1990-02-01,109535,1990-01-05
PAYEMS,1989-12-01,1990-03-08,109548,1990-02-02
PAYEMS,1989-12-01,1990-09-06,109570,1990-03-09
PAYEMS,1989-12-01,1991-06-06,109383,1990-09-07
PAYEMS,1989-12-01,1992-06-04,109189,1991-06-07
PAYEMS,1989-12-01,1993-06-03,109161,1992-06-05
PAYEMS,1989-12-01,1994-06-02,108701,1993-06-04
PAYEMS,1989-12-01,1996-06-06,108695,1994-06-03
PAYEMS,1989-12-01,1997-06-05,108698,1996-06-07
PAYEMS,1989-12-01,2003-06-05,108692,1997-06-06
PAYEMS,1989-12-01,2014-02-06,108809,2003-06-06
PAYEMS,1989-12-01,2019-01-31,108849,2014-02-07
PAYEMS,1989-12-01,2026-07-31,108836,2019-02-01
PAYEMS,1990-01-01,1990-03-08,109823,1990-02-02
PAYEMS,1990-01-01,1990-04-05,109902,1990-03-09
PAYEMS,1990-01-01,1990-09-06,109931,1990-04-06
PAYEMS,1990-01-01,1991-06-06,109654,1990-09-07
PAYEMS,1990-01-01,1992-06-04,109416,1991-06-07
PAYEMS,1990-01-01,1993-06-03,109488,1992-06-05
PAYEMS,1990-01-01,1994-06-02,109019,1993-06-04
PAYEMS,1990-01-01,1995-06-01,108994,1994-06-03
PAYEMS,1990-01-01,1996-06-06,108977,1995-06-02
PAYEMS,1990-01-01,1997-06-05,108944,1996-06-07
PAYEMS,1990-01-01,2003-06-05,108946,1997-06-06
PAYEMS,1990-01-01,2008-01-31,109144,2003-06-06
PAYEMS,1990-01-01,2012-02-02,109151,2008-02-01
PAYEMS,1990-01-01,2013-01-31,109147,2012-02-03
PAYEMS,1990-01-01,2014-02-06,109145,2013-02-01
PAYEMS,1990-01-01,2015-02-05,109183,2014-02-07
PAYEMS,1990-01-01,2017-02-02,109184,2015-02-06
PAYEMS,1990-01-01,2018-02-01,109185,2017-02-03
PAYEMS,1990-01-01,2019-01-31,109184,2018-02-02
PAYEMS,1990-01-01,2020-02-06,109197,2019-02-01
PAYEMS,1990-01-01,2023-02-02,109199,2020-02-07
PAYEMS,1990-01-01,2024-02-01,109188,2023-02-03
PAYEMS,1990-01-01,2025-02-06,109189,2024-02-02
PAYEMS,1990-01-01,2026-07-31,109196,2025-02-07
PAYEMS,1990-02-01,1990-04-05,110274,1990-03-09
PAYEMS,1990-02-01,1990-05-03,110287,1990-04-06
PAYEMS,1990-02-01,1990-09-06,110304,1990-05-04
PAYEMS,1990-02-01,1991-06-06,109958,1990-09-07
PAYEMS,1990-02-01,1992-06-04,109792,1991-06-07
PAYEMS,1990-02-01,1993-06-03,109810,1992-06-05
PAYEMS,1990-02-01,1994-06-02,109307,1993-06-04
PAYEMS,1990-02-01,1995-06-01,109294,1994-06-03
PAYEMS,1990-02-01,1996-06-06,109297,1995-06-02
PAYEMS,1990-02-01,1997-06-05,109269,1996-06-07
PAYEMS,1990-02-01,2003-06-05,109263,1997-06-06
PAYEMS,1990-02-01,2008-01-31,109397,2003-06-06
PAYEMS,1990-02-01,2013-01-31,109396,2008-02-01
PAYEMS,1990-02-01,2014-02-06,109394,2013-02-01
PAYEMS,1990-02-01,2016-02-04,109432,2014-02-07
PAYEMS,1990-02-01,2018-02-01,109433,2016-02-05
PAYEMS,1990-02-01,2019-01-31,109432,2018-02-02
PAYEMS,1990-02-01,2023-02-02,109435,2019-02-01
PAYEMS,1990-02-01,2025-02-06,109432,2023-02-03
PAYEMS,1990-02-01,2026-07-31,109436,2025-02-07
PAYEMS,1990-03-01,1990-05-03,110313,1990-04-06
PAYEMS,1990-03-01,1990-05-31,110407,1990-05-04
PAYEMS,1990-03-01,1990-09-06,110427,1990-06-01
PAYEMS,1990-03-01,1991-06-06,110122,1990-09-07
PAYEMS,1990-03-01,1992-06-04,109933,1991-06-07
PAYEMS,1990-03-01,1993-06-03,109997,1992-06-05
PAYEMS,1990-03-01,1994-06-02,109497,1993-06-04
PAYEMS,1990-03-01,1995-06-01,109486,1994-06-03
PAYEMS,1990-03-01,1996-06-06,109487,1995-06-02
PAYEMS,1990-03-01,1997-06-05,109471,1996-06-07
PAYEMS,1990-03-01,2003-06-05,109461,1997-06-06
PAYEMS,1990-03-01,2008-01-31,109618,2003-06-06
PAYEMS,1990-03-01,2012-02-02,109611,2008-02-01
PAYEMS,1990-03-01,2013-01-31,109610,2012-02-03
PAYEMS,1990-03-01,2014-02-06,109609,2013-02-01
PAYEMS,1990-03-01,2017-02-02,109647,2014-02-07
PAYEMS,1990-03-01,2018-02-01,109648,2017-02-03
PAYEMS,1990-03-01,2019-01-31,109647,2018-02-02
PAYEMS,1990-03-01,2023-02-02,109644,2019-02-01
PAYEMS,1990-03-01,2024-02-01,109636,2023-02-03
PAYEMS,1990-03-01,2025-02-06,109637,2024-02-02
PAYEMS,1990-03-01,2026-07-31,109640,2025-02-07
PAYEMS,1990-04-01,1990-05-31,110471,1990-05-04
PAYEMS,1990-04-01,1990-07-05,110404,1990-06-01
PAYEMS,1990-04-01,1990-09-06,110401,1990-07-06
PAYEMS,1990-04-01,1991-06-06,110177,1990-09-07
PAYEMS,1990-04-01,1992-06-04,109934,1991-06-07
PAYEMS,1990-04-01,1993-06-03,109969,1992-06-05
PAYEMS,1990-04-01,1994-06-02,109485,1993-06-04
PAYEMS,1990-04-01,1995-06-01,109491,1994-06-03
PAYEMS,1990-04-01,1996-06-06,109492,1995-06-02
PAYEMS,1990-04-01,1997-06-05,109510,1996-06-07
PAYEMS,1990-04-01,2003-06-05,109499,1997-06-06
PAYEMS,1990-04-01,2008-01-31,109652,2003-06-06
PAYEMS,1990-04-01,2012-02-02,109651,2008-02-01
PAYEMS,1990-04-01,2014-02-06,109650,2012-02-03
PAYEMS,1990-04-01,2015-02-05,109688,2014-02-07
PAYEMS,1990-04-01,2019-01-31,109687,2015-02-06
PAYEMS,1990-04-01,2020-02-06,109688,2019-02-01
PAYEMS,1990-04-01,2023-02-02,109686,2020-02-07
PAYEMS,1990-04-01,2024-02-01,109670,2023-02-03
PAYEMS,1990-04-01,2025-02-06,109671,2024-02-02
PAYEMS,1990-04-01,2026-07-31,109674,2025-02-07
PAYEMS,1990-05-01,1990-07-05,110568,1990-06-01
PAYEMS,1990-05-01,1990-08-02,110757,1990-07-06
PAYEMS,1990-05-01,1990-09-06,110770,1990-08-03
PAYEMS,1990-05-01,1991-06-06,110617,1990-09-07
PAYEMS,1990-05-01,1992-06-04,110304,1991-06-07
PAYEMS,1990-05-01,1993-06-03,110241,1992-06-05
PAYEMS,1990-05-01,1994-06-02,109783,1993-06-04
PAYEMS,1990-05-01,1995-06-01,109770,1994-06-03
PAYEMS,1990-05-01,1996-06-06,109777,1995-06-02
PAYEMS,1990-05-01,1997-06-05,109785,1996-06-07
PAYEMS,1990-05-01,2003-06-05,109790,1997-06-06
PAYEMS,1990-05-01,2008-01-31,109801,2003-06-06
PAYEMS,1990-05-01,2014-02-06,109800,2008-02-01
PAYEMS,1990-05-01,2015-02-05,109838,2014-02-07
PAYEMS,1990-05-01,2016-02-04,109839,2015-02-06
PAYEMS,1990-05-01,2017-02-02,109838,2016-02-05
PAYEMS,1990-05-01,2018-02-01,109839,2017-02-03
PAYEMS,1990-05-01,2019-01-31,109840,2018-02-02
PAYEMS,1990-05-01,2023-02-02,109839,2019-02-01
PAYEMS,1990-05-01,2024-02-01,109833,2023-02-03
PAYEMS,1990-05-01,2025-02-06,109834,2024-02-02
PAYEMS,1990-05-01,2026-07-31,109828,2025-02-07
PAYEMS,1990-06-01,1990-08-02,110797,1990-07-06
PAYEMS,1990-06-01,1990-09-06,110925,1990-08-03
PAYEMS,1990-06-01,1991-06-06,110829,1990-09-07
PAYEMS,1990-06-01,1992-06-04,110435,1991-06-07
PAYEMS,1990-06-01,1993-06-03,110304,1992-06-05
PAYEMS,1990-06-01,1994-06-02,109905,1993-06-04
PAYEMS,1990-06-01,1996-06-06,109911,1994-06-03
PAYEMS,1990-06-01,1997-06-05,109878,1996-06-07
PAYEMS,1990-06-01,2003-06-05,109869,1997-06-06
PAYEMS,1990-06-01,2008-01-31,109820,2003-06-06
PAYEMS,1990-06-01,2013-01-31,109817,2008-02-01
PAYEMS,1990-06-01,2014-02-06,109822,2013-02-01
PAYEMS,1990-06-01,2015-02-05,109863,2014-02-07
PAYEMS,1990-06-01,2017-02-02,109862,2015-02-06
PAYEMS,1990-06-01,2018-02-01,109861,2017-02-03
PAYEMS,1990-06-01,2019-01-31,109865,2018-02-02
PAYEMS,1990-06-01,2020-02-06,109857,2019-02-01
PAYEMS,1990-06-01,2023-02-02,109856,2020-02-07
PAYEMS,1990-06-01,2025-02-06,109857,2023-02-03
PAYEMS,1990-06-01,2026-07-31,109850,2025-02-07
PAYEMS,1990-07-01,1990-09-06,110706,1990-08-03
PAYEMS,1990-07-01,1991-06-06,110740,1990-09-07
PAYEMS,1990-07-01,1992-06-04,110269,1991-06-07
PAYEMS,1990-07-01,1993-06-03,110078,1992-06-05
PAYEMS,1990-07-01,1994-06-02,109701,1993-06-04
PAYEMS,1990-07-01,1996-06-06,109698,1994-06-03
PAYEMS,1990-07-01,1997-06-05,109733,1996-06-07
PAYEMS,1990-07-01,2003-06-05,109707,1997-06-06
PAYEMS,1990-07-01,2008-01-31,109773,2003-06-06
PAYEMS,1990-07-01,2012-02-02,109775,2008-02-01
PAYEMS,1990-07-01,2013-01-31,109777,2012-02-03
PAYEMS,1990-07-01,2014-02-06,109776,2013-02-01
PAYEMS,1990-07-01,2015-02-05,109833,2014-02-07
PAYEMS,1990-07-01,2016-02-04,109834,2015-02-06
PAYEMS,1990-07-01,2018-02-01,109830,2016-02-05
PAYEMS,1990-07-01,2019-01-31,109829,2018-02-02
PAYEMS,1990-07-01,2023-02-02,109824,2019-02-01
PAYEMS,1990-07-01,2024-02-01,109823,2023-02-03
PAYEMS,1990-07-01,2025-02-06,109822,2024-02-02
PAYEMS,1990-07-01,2026-07-31,109815,2025-02-07
PAYEMS,1990-08-01,1990-10-04,110665,1990-09-07
PAYEMS,1990-08-01,1990-11-01,110657,1990-10-05
PAYEMS,1990-08-01,1991-06-06,110613,1990-11-02
PAYEMS,1990-08-01,1992-06-04,110160,1991-06-07
PAYEMS,1990-08-01,1993-06-03,109877,1992-06-05
PAYEMS,1990-08-01,1994-06-02,109534,1993-06-04
PAYEMS,1990-08-01,1995-06-01,109561,1994-06-03
PAYEMS,1990-08-01,1996-06-06,109558,1995-06-02
PAYEMS,1990-08-01,1997-06-05,109554,1996-06-07
PAYEMS,1990-08-01,2003-06-05,109543,1997-06-06
PAYEMS,1990-08-01,2008-01-31,109569,2003-06-06
PAYEMS,1990-08-01,2012-02-02,109567,2008-02-01
PAYEMS,1990-08-01,2013-01-31,109569,2012-02-03
PAYEMS,1990-08-01,2014-02-06,109570,2013-02-01
PAYEMS,1990-08-01,2016-02-04,109613,2014-02-07
PAYEMS,1990-08-01,2018-02-01,109614,2016-02-05
PAYEMS,1990-08-01,2019-01-31,109619,2018-02-02
PAYEMS,1990-08-01,2020-02-06,109617,2019-02-01
PAYEMS,1990-08-01,2023-02-02,109616,2020-02-07
PAYEMS,1990-08-01,2024-02-01,109609,2023-02-03
PAYEMS,1990-08-01,2025-02-06,109610,2024-02-02
PAYEMS,1990-08-01,2026-02-10,109606,2025-02-07
PAYEMS,1990-08-01,2026-07-31,109607,2026-02-11
PAYEMS,1990-09-01,1990-11-01,110556,1990-10-05
PAYEMS,1990-09-01,1990-12-06,110561,1990-11-02
PAYEMS,1990-09-01,1991-06-06,110612,1990-12-07
PAYEMS,1990-09-01,1992-06-04,110113,1991-06-07
PAYEMS,1990-09-01,1993-06-03,109737,1992-06-05
PAYEMS,1990-09-01,1994-06-02,109470,1993-06-04
PAYEMS,1990-09-01,1995-06-01,109487,1994-06-03
PAYEMS,1990-09-01,1996-06-06,109484,1995-06-02
PAYEMS,1990-09-01,1997-06-05,109468,1996-06-07
PAYEMS,1990-09-01,2003-06-05,109457,1997-06-06
PAYEMS,1990-09-01,2012-02-02,109485,2003-06-06
PAYEMS,1990-09-01,2014-02-06,109484,2012-02-03
PAYEMS,1990-09-01,2017-02-02,109525,2014-02-07
PAYEMS,1990-09-01,2018-02-01,109524,2017-02-03
PAYEMS,1990-09-01,2019-01-31,109517,2018-02-02
PAYEMS,1990-09-01,2020-02-06,109520,2019-02-01
PAYEMS,1990-09-01,2023-02-02,109518,2020-02-07
PAYEMS,1990-09-01,2024-02-01,109521,2023-02-03
PAYEMS,1990-09-01,2025-02-06,109520,2024-02-02
PAYEMS,1990-09-01,2026-02-10,109523,2025-02-07
PAYEMS,1990-09-01,2026-07-31,109522,2026-02-11
PAYEMS,1990-10-01,1990-12-06,110493,1990-11-02
PAYEMS,1990-10-01,1991-01-03,110434,1990-12-07
PAYEMS,1990-10-01,1991-06-06,110432,1991-01-04
PAYEMS,1990-10-01,1992-06-04,109982,1991-06-07
PAYEMS,1990-10-01,1993-06-03,109548,1992-06-05
PAYEMS,1990-10-01,1994-06-02,109296,1993-06-04
PAYEMS,1990-10-01,1995-06-01,109284,1994-06-03
PAYEMS,1990-10-01,1996-06-06,109294,1995-06-02
PAYEMS,1990-10-01,1997-06-05,109300,1996-06-07
PAYEMS,1990-10-01,2003-06-05,109274,1997-06-06
PAYEMS,1990-10-01,2008-01-31,109321,2003-06-06
PAYEMS,1990-10-01,2012-02-02,109324,2008-02-01
PAYEMS,1990-10-01,2014-02-06,109325,2012-02-03
PAYEMS,1990-10-01,2017-02-02,109366,2014-02-07
PAYEMS,1990-10-01,2018-02-01,109364,2017-02-03
PAYEMS,1990-10-01,2019-01-31,109370,2018-02-02
PAYEMS,1990-10-01,2023-02-02,109367,2019-02-01
PAYEMS,1990-10-01,2024-02-01,109373,2023-02-03
PAYEMS,1990-10-01,2025-02-06,109374,2024-02-02
PAYEMS,1990-10-01,2026-07-31,109377,2025-02-07
PAYEMS,1990-11-01,1991-01-03,110167,1990-12-07
PAYEMS,1990-11-01,1991-01-31,110173,1991-01-04
PAYEMS,1990-11-01,1991-06-06,110165,1991-02-01
PAYEMS,1990-11-01,1992-06-04,109761,1991-06-07
PAYEMS,1990-11-01,1993-06-03,109284,1992-06-05
PAYEMS,1990-11-01,1994-06-02,109106,1993-06-04
PAYEMS,1990-11-01,1995-06-01,109115,1994-06-03
PAYEMS,1990-11-01,1996-06-06,109109,1995-06-02
PAYEMS,1990-11-01,1997-06-05,109098,1996-06-07
PAYEMS,1990-11-01,2003-06-05,109074,1997-06-06
PAYEMS,1990-11-01,2008-01-31,109175,2003-06-06
PAYEMS,1990-11-01,2012-02-02,109180,2008-02-01
PAYEMS,1990-11-01,2013-01-31,109179,2012-02-03
PAYEMS,1990-11-01,2014-02-06,109178,2013-02-01
PAYEMS,1990-11-01,2017-02-02,109216,2014-02-07
PAYEMS,1990-11-01,2018-02-01,109215,2017-02-03
PAYEMS,1990-11-01,2019-01-31,109220,2018-02-02
PAYEMS,1990-11-01,2020-02-06,109213,2019-02-01
PAYEMS,1990-11-01,2023-02-02,109214,2020-02-07
PAYEMS,1990-11-01,2025-02-06,109220,2023-02-03
PAYEMS,1990-11-01,2026-07-31,109222,2025-02-07
PAYEMS,1990-12-01,1991-01-31,110097,1991-01-04
PAYEMS,1990-12-01,1991-03-07,110017,1991-02-01
PAYEMS,1990-12-01,1991-06-06,110004,1991-03-08
PAYEMS,1990-12-01,1992-06-04,109621,1991-06-07
PAYEMS,1990-12-01,1993-06-03,109101,1992-06-05
PAYEMS,1990-12-01,1994-06-02,108977,1993-06-04
PAYEMS,1990-12-01,1995-06-01,108983,1994-06-03
PAYEMS,1990-12-01,1996-06-06,108976,1995-06-02
PAYEMS,1990-12-01,1997-06-05,108979,1996-06-07
PAYEMS,1990-12-01,2003-06-05,108965,1997-06-06
PAYEMS,1990-12-01,2008-01-31,109118,2003-06-06
PAYEMS,1990-12-01,2014-02-06,109120,2008-02-01
PAYEMS,1990-12-01,2017-02-02,109160,2014-02-07
PAYEMS,1990-12-01,2018-02-01,109159,2017-02-03
PAYEMS,1990-12-01,2019-01-31,109163,2018-02-02
PAYEMS,1990-12-01,2020-02-06,109167,2019-02-01
PAYEMS,1990-12-01,2023-02-02,109166,2020-02-07
PAYEMS,1990-12-01,2024-02-01,109172,2023-02-03
PAYEMS,1990-12-01,2026-07-31,109168,2024-02-02
PAYEMS,1991-01-01,1991-03-07,109785,1991-02-01
PAYEMS,1991-01-01,1991-04-04,109771,1991-03-08
PAYEMS,1991-01-01,1991-06-06,109813,1991-04-05
PAYEMS,1991-01-01,1992-06-04,109418,1991-06-07
PAYEMS,1991-01-01,1993-06-03,108845,1992-06-05
PAYEMS,1991-01-01,1994-06-02,108808,1993-06-04
PAYEMS,1991-01-01,1995-06-01,108806,1994-06-03
PAYEMS,1991-01-01,1996-06-06,108793,1995-06-02
PAYEMS,1991-01-01,1997-06-05,108756,1996-06-07
PAYEMS,1991-01-01,2003-06-05,108759,1997-06-06
PAYEMS,1991-01-01,2008-01-31,108998,2003-06-06
PAYEMS,1991-01-01,2012-02-02,109001,2008-02-01
PAYEMS,1991-01-01,2013-01-31,108998,2012-02-03
PAYEMS,1991-01-01,2014-02-06,108997,2013-02-01
PAYEMS,1991-01-01,2015-02-05,109039,2014-02-07
PAYEMS,1991-01-01,2017-02-02,109040,2015-02-06
PAYEMS,1991-01-01,2019-01-31,109042,2017-02-03
PAYEMS,1991-01-01,2020-02-06,109056,2019-02-01
PAYEMS,1991-01-01,2023-02-02,109055,2020-02-07
PAYEMS,1991-01-01,2024-02-01,109050,2023-02-03
PAYEMS,1991-01-01,2025-02-06,109051,2024-02-02
PAYEMS,1991-01-01,2026-07-31,109058,2025-02-07
PAYEMS,1991-02-01,1991-04-04,109587,1991-03-08
PAYEMS,1991-02-01,1991-05-02,109522,1991-04-05
PAYEMS,1991-02-01,1991-06-06,109527,1991-05-03
PAYEMS,1991-02-01,1992-06-04,109160,1991-06-07
PAYEMS,1991-02-01,1993-06-03,108557,1992-06-05
PAYEMS,1991-02-01,1994-06-02,108517,1993-06-04
PAYEMS,1991-02-01,1995-06-01,108529,1994-06-03
PAYEMS,1991-02-01,1996-06-06,108525,1995-06-02
PAYEMS,1991-02-01,1997-06-05,108498,1996-06-07
PAYEMS,1991-02-01,2003-06-05,108500,1997-06-06
PAYEMS,1991-02-01,2008-01-31,108698,2003-06-06
PAYEMS,1991-02-01,2012-02-02,108695,2008-02-01
PAYEMS,1991-02-01,2013-01-31,108696,2012-02-03
PAYEMS,1991-02-01,2014-02-06,108692,2013-02-01
PAYEMS,1991-02-01,2017-02-02,108735,2014-02-07
PAYEMS,1991-02-01,2018-02-01,108736,2017-02-03
PAYEMS,1991-02-01,2020-02-06,108735,2018-02-02
PAYEMS,1991-02-01,2023-02-02,108734,2020-02-07
PAYEMS,1991-02-01,2025-02-06,108731,2023-02-03
PAYEMS,1991-02-01,2026-07-31,108735,2025-02-07
PAYEMS,1991-03-01,1991-05-02,109316,1991-04-05
PAYEMS,1991-03-01,1991-06-06,109286,1991-05-03
PAYEMS,1991-03-01,1992-06-04,108902,1991-06-07
PAYEMS,1991-03-01,1993-06-03,108344,1992-06-05
PAYEMS,1991-03-01,1994-06-02,108364,1993-06-04
PAYEMS,1991-03-01,1995-06-01,108351,1994-06-03
PAYEMS,1991-03-01,1996-06-06,108346,1995-06-02
PAYEMS,1991-03-01,1997-06-05,108339,1996-06-07
PAYEMS,1991-03-01,2003-06-05,108330,1997-06-06
PAYEMS,1991-03-01,2008-01-31,108542,2003-06-06
PAYEMS,1991-03-01,2013-01-31,108535,2008-02-01
PAYEMS,1991-03-01,2014-02-06,108534,2013-02-01
PAYEMS,1991-03-01,2017-02-02,108577,2014-02-07
PAYEMS,1991-03-01,2018-02-01,108578,2017-02-03
PAYEMS,1991-03-01,2019-01-31,108577,2018-02-02
PAYEMS,1991-03-01,2020-02-06,108576,2019-02-01
PAYEMS,1991-03-01,2023-02-02,108574,2020-02-07
PAYEMS,1991-03-01,2024-02-01,108568,2023-02-03
PAYEMS,1991-03-01,2025-02-06,108569,2024-02-02
PAYEMS,1991-03-01,2026-07-31,108568,2025-02-07
PAYEMS,1991-04-01,1991-06-06,109162,1991-05-03
PAYEMS,1991-04-01,1991-07-04,108722,1991-06-07
PAYEMS,1991-04-01,1992-06-04,108736,1991-07-05
PAYEMS,1991-04-01,1993-06-03,108178,1992-06-05
PAYEMS,1991-04-01,1994-06-02,108133,1993-06-04
PAYEMS,1991-04-01,1995-06-01,108126,1994-06-03
PAYEMS,1991-04-01,1996-06-06,108131,1995-06-02
PAYEMS,1991-04-01,1997-06-05,108147,1996-06-07
PAYEMS,1991-04-01,2003-06-05,108145,1997-06-06
PAYEMS,1991-04-01,2008-01-31,108325,2003-06-06
PAYEMS,1991-04-01,2012-02-02,108324,2008-02-01
PAYEMS,1991-04-01,2013-01-31,108323,2012-02-03
PAYEMS,1991-04-01,2014-02-06,108322,2013-02-01
PAYEMS,1991-04-01,2015-02-05,108367,2014-02-07
PAYEMS,1991-04-01,2018-02-01,108366,2015-02-06
PAYEMS,1991-04-01,2019-01-31,108365,2018-02-02
PAYEMS,1991-04-01,2020-02-06,108367,2019-02-01
PAYEMS,1991-04-01,2023-02-02,108364,2020-02-07
PAYEMS,1991-04-01,2024-02-01,108351,2023-02-03
PAYEMS,1991-04-01,2025-02-06,108352,2024-02-02
PAYEMS,1991-04-01,2026-07-31,108350,2025-02-07
PAYEMS,1991-05-01,1991-07-04,108781,1991-06-07
PAYEMS,1991-05-01,1991-08-01,108855,1991-07-05
PAYEMS,1991-05-01,1992-06-04,108887,1991-08-02
PAYEMS,1991-05-01,1993-06-03,108265,1992-06-05
PAYEMS,1991-05-01,1994-06-02,108186,1993-06-04
PAYEMS,1991-05-01,1995-06-01,108156,1994-06-03
PAYEMS,1991-05-01,1996-06-06,108160,1995-06-02
PAYEMS,1991-05-01,1997-06-05,108138,1996-06-07
PAYEMS,1991-05-01,2003-06-05,108107,1997-06-06
PAYEMS,1991-05-01,2008-01-31,108203,2003-06-06
PAYEMS,1991-05-01,2014-02-06,108196,2008-02-01
PAYEMS,1991-05-01,2015-02-05,108240,2014-02-07
PAYEMS,1991-05-01,2017-02-02,108241,2015-02-06
PAYEMS,1991-05-01,2018-02-01,108243,2017-02-03
PAYEMS,1991-05-01,2019-01-31,108249,2018-02-02
PAYEMS,1991-05-01,2020-02-06,108251,2019-02-01
PAYEMS,1991-05-01,2024-02-01,108249,2020-02-07
PAYEMS,1991-05-01,2025-02-06,108250,2024-02-02
PAYEMS,1991-05-01,2026-07-31,108253,2025-02-07
PAYEMS,1991-06-01,1991-08-01,108805,1991-07-05
PAYEMS,1991-06-01,1991-09-05,108866,1991-08-02
PAYEMS,1991-06-01,1992-06-04,108885,1991-09-06
PAYEMS,1991-06-01,1993-06-03,108227,1992-06-05
PAYEMS,1991-06-01,1994-06-02,108169,1993-06-04
PAYEMS,1991-06-01,1995-06-01,108179,1994-06-03
PAYEMS,1991-06-01,1996-06-06,108176,1995-06-02
PAYEMS,1991-06-01,1997-06-05,108209,1996-06-07
PAYEMS,1991-06-01,2003-06-05,108200,1997-06-06
PAYEMS,1991-06-01,2012-02-02,108283,2003-06-06
PAYEMS,1991-06-01,2013-01-31,108284,2012-02-03
PAYEMS,1991-06-01,2014-02-06,108286,2013-02-01
PAYEMS,1991-06-01,2017-02-02,108338,2014-02-07
PAYEMS,1991-06-01,2020-02-06,108337,2017-02-03
PAYEMS,1991-06-01,2023-02-02,108334,2020-02-07
PAYEMS,1991-06-01,2024-02-01,108337,2023-02-03
PAYEMS,1991-06-01,2025-02-06,108338,2024-02-02
PAYEMS,1991-06-01,2026-07-31,108330,2025-02-07
PAYEMS,1991-07-01,1991-09-05,108815,1991-08-02
PAYEMS,1991-07-01,1991-10-03,108812,1991-09-06
PAYEMS,1991-07-01,1992-06-04,108859,1991-10-04
PAYEMS,1991-07-01,1993-06-03,108190,1992-06-05
PAYEMS,1991-07-01,1994-06-02,108111,1993-06-04
PAYEMS,1991-07-01,1995-06-01,108106,1994-06-03
PAYEMS,1991-07-01,1996-06-06,108102,1995-06-02
PAYEMS,1991-07-01,1997-06-05,108139,1996-06-07
PAYEMS,1991-07-01,2003-06-05,108131,1997-06-06
PAYEMS,1991-07-01,2008-01-31,108233,2003-06-06
PAYEMS,1991-07-01,2014-02-06,108236,2008-02-01
PAYEMS,1991-07-01,2016-02-04,108302,2014-02-07
PAYEMS,1991-07-01,2018-02-01,108298,2016-02-05
PAYEMS,1991-07-01,2019-01-31,108297,2018-02-02
PAYEMS,1991-07-01,2023-02-02,108292,2019-02-01
PAYEMS,1991-07-01,2026-07-31,108290,2023-02-03
PAYEMS,1991-08-01,1991-10-03,108846,1991-09-06
PAYEMS,1991-08-01,1991-10-31,108936,1991-10-04
PAYEMS,1991-08-01,1992-06-04,108971,1991-11-01
PAYEMS,1991-08-01,1993-06-03,108267,1992-06-05
PAYEMS,1991-08-01,1994-06-02,108172,1993-06-04
PAYEMS,1991-08-01,1995-06-01,108209,1994-06-03
PAYEMS,1991-08-01,1996-06-06,108214,1995-06-02
PAYEMS,1991-08-01,2003-06-05,108215,1996-06-07
PAYEMS,1991-08-01,2008-01-31,108252,2003-06-06
PAYEMS,1991-08-01,2012-02-02,108251,2008-02-01
PAYEMS,1991-08-01,2013-01-31,108253,2012-02-03
PAYEMS,1991-08-01,2014-02-06,108255,2013-02-01
PAYEMS,1991-08-01,2018-02-01,108308,2014-02-07
PAYEMS,1991-08-01,2019-01-31,108314,2018-02-02
PAYEMS,1991-08-01,2020-02-06,108313,2019-02-01
PAYEMS,1991-08-01,2023-02-02,108310,2020-02-07
PAYEMS,1991-08-01,2024-02-01,108301,2023-02-03
PAYEMS,1991-08-01,2025-02-06,108302,2024-02-02
PAYEMS,1991-08-01,2026-02-10,108299,2025-02-07
PAYEMS,1991-08-01,2026-07-31,108300,2026-02-11
PAYEMS,1991-09-01,1991-10-31,108960,1991-10-04
PAYEMS,1991-09-01,1991-12-05,109019,1991-11-01
PAYEMS,1991-09-01,1992-06-04,109066,1991-12-06
PAYEMS,1991-09-01,1993-06-03,108293,1992-06-05
PAYEMS,1991-09-01,1994-06-02,108221,1993-06-04
PAYEMS,1991-09-01,1995-06-01,108237,1994-06-03
PAYEMS,1991-09-01,1996-06-06,108231,1995-06-02
PAYEMS,1991-09-01,1997-06-05,108212,1996-06-07
PAYEMS,1991-09-01,2003-06-05,108223,1997-06-06
PAYEMS,1991-09-01,2008-01-31,108285,2003-06-06
PAYEMS,1991-09-01,2012-02-02,108286,2008-02-01
PAYEMS,1991-09-01,2013-01-31,108285,2012-02-03
PAYEMS,1991-09-01,2014-02-06,108289,2013-02-01
PAYEMS,1991-09-01,2018-02-01,108340,2014-02-07
PAYEMS,1991-09-01,2019-01-31,108334,2018-02-02
PAYEMS,1991-09-01,2020-02-06,108338,2019-02-01
PAYEMS,1991-09-01,2023-02-02,108336,2020-02-07
PAYEMS,1991-09-01,2024-02-01,108334,2023-02-03
PAYEMS,1991-09-01,2025-02-06,108333,2024-02-02
PAYEMS,1991-09-01,2026-07-31,108335,2025-02-07
PAYEMS,1991-10-01,1991-12-05,109018,1991-11-01
PAYEMS,1991-10-01,1992-01-09,109070,1991-12-06
PAYEMS,1991-10-01,1992-06-04,109073,1992-01-10
PAYEMS,1991-10-01,1993-06-03,108285,1992-06-05
PAYEMS,1991-10-01,1994-06-02,108215,1993-06-04
PAYEMS,1991-10-01,1995-06-01,108211,1994-06-03
PAYEMS,1991-10-01,1996-06-06,108214,1995-06-02
PAYEMS,1991-10-01,1997-06-05,108220,1996-06-07
PAYEMS,1991-10-01,2003-06-05,108209,1997-06-06
PAYEMS,1991-10-01,2008-01-31,108293,2003-06-06
PAYEMS,1991-10-01,2012-02-02,108298,2008-02-01
PAYEMS,1991-10-01,2013-01-31,108297,2012-02-03
PAYEMS,1991-10-01,2014-02-06,108305,2013-02-01
PAYEMS,1991-10-01,2016-02-04,108356,2014-02-07
PAYEMS,1991-10-01,2017-02-02,108357,2016-02-05
PAYEMS,1991-10-01,2018-02-01,108355,2017-02-03
PAYEMS,1991-10-01,2019-01-31,108359,2018-02-02
PAYEMS,1991-10-01,2023-02-02,108357,2019-02-01
PAYEMS,1991-10-01,2024-02-01,108361,2023-02-03
PAYEMS,1991-10-01,2025-02-06,108362,2024-02-02
PAYEMS,1991-10-01,2026-07-31,108361,2025-02-07
PAYEMS,1991-11-01,1992-01-09,108829,1991-12-06
PAYEMS,1991-11-01,1992-02-06,108808,1992-01-10
PAYEMS,1991-11-01,1992-06-04,108843,1992-02-07
PAYEMS,1991-11-01,1993-06-03,108139,1992-06-05
PAYEMS,1991-11-01,1994-06-02,108099,1993-06-04
PAYEMS,1991-11-01,1995-06-01,108129,1994-06-03
PAYEMS,1991-11-01,1996-06-06,108128,1995-06-02
PAYEMS,1991-11-01,1997-06-05,108123,1996-06-07
PAYEMS,1991-11-01,2003-06-05,108115,1997-06-06
PAYEMS,1991-11-01,2008-01-31,108235,2003-06-06
PAYEMS,1991-11-01,2012-02-02,108240,2008-02-01
PAYEMS,1991-11-01,2013-01-31,108239,2012-02-03
PAYEMS,1991-11-01,2014-02-06,108248,2013-02-01
PAYEMS,1991-11-01,2017-02-02,108299,2014-02-07
PAYEMS,1991-11-01,2018-02-01,108298,2017-02-03
PAYEMS,1991-11-01,2019-01-31,108303,2018-02-02
PAYEMS,1991-11-01,2020-02-06,108297,2019-02-01
PAYEMS,1991-11-01,2023-02-02,108296,2020-02-07
PAYEMS,1991-11-01,2024-02-01,108301,2023-02-03
PAYEMS,1991-11-01,2026-07-31,108300,2024-02-02
PAYEMS,1991-12-01,1992-02-06,108839,1992-01-10
PAYEMS,1991-12-01,1992-03-05,108846,1992-02-07
PAYEMS,1991-12-01,1992-06-04,108882,1992-03-06
PAYEMS,1991-12-01,1993-06-03,108154,1992-06-05
PAYEMS,1991-12-01,1994-06-02,108117,1993-06-04
PAYEMS,1991-12-01,1995-06-01,108123,1994-06-03
PAYEMS,1991-12-01,1996-06-06,108120,1995-06-02
PAYEMS,1991-12-01,1997-06-05,108138,1996-06-07
PAYEMS,1991-12-01,2003-06-05,108121,1997-06-06
PAYEMS,1991-12-01,2008-01-31,108261,2003-06-06
PAYEMS,1991-12-01,2012-02-02,108263,2008-02-01
PAYEMS,1991-12-01,2013-01-31,108262,2012-02-03
PAYEMS,1991-12-01,2014-02-06,108272,2013-02-01
PAYEMS,1991-12-01,2016-02-04,108324,2014-02-07
PAYEMS,1991-12-01,2017-02-02,108325,2016-02-05
PAYEMS,1991-12-01,2018-02-01,108324,2017-02-03
PAYEMS,1991-12-01,2019-01-31,108325,2018-02-02
PAYEMS,1991-12-01,2020-02-06,108330,2019-02-01
PAYEMS,1991-12-01,2023-02-02,108328,2020-02-07
PAYEMS,1991-12-01,2024-02-01,108333,2023-02-03
PAYEMS,1991-12-01,2026-07-31,108330,2024-02-02
PAYEMS,1992-01-01,1992-03-05,108755,1992-02-07
PAYEMS,1992-01-01,1992-04-02,108733,1992-03-06
PAYEMS,1992-01-01,1992-06-04,108760,1992-04-03
PAYEMS,1992-01-01,1993-06-03,108100,1992-06-05
PAYEMS,1992-01-01,1994-06-02,108051,1993-06-04
PAYEMS,1992-01-01,1995-06-01,108074,1994-06-03
PAYEMS,1992-01-01,1996-06-06,108062,1995-06-02
PAYEMS,1992-01-01,1997-06-05,108105,1996-06-07
PAYEMS,1992-01-01,2003-06-05,108084,1997-06-06
PAYEMS,1992-01-01,2008-01-31,108313,2003-06-06
PAYEMS,1992-01-01,2013-01-31,108312,2008-02-01
PAYEMS,1992-01-01,2014-02-06,108324,2013-02-01
PAYEMS,1992-01-01,2015-02-05,108378,2014-02-07
PAYEMS,1992-01-01,2017-02-02,108377,2015-02-06
PAYEMS,1992-01-01,2018-02-01,108375,2017-02-03
PAYEMS,1992-01-01,2019-01-31,108374,2018-02-02
PAYEMS,1992-01-01,2020-02-06,108372,2019-02-01
PAYEMS,1992-01-01,2023-02-02,108369,2020-02-07
PAYEMS,1992-01-01,2025-02-06,108367,2023-02-03
PAYEMS,1992-01-01,2026-07-31,108365,2025-02-07
PAYEMS,1992-02-01,1992-04-02,108897,1992-03-06
PAYEMS,1992-02-01,1992-05-07,108867,1992-04-03
PAYEMS,1992-02-01,1992-06-04,108866,1992-05-08
PAYEMS,1992-02-01,1993-06-03,108142,1992-06-05
PAYEMS,1992-02-01,1994-06-02,108045,1993-06-04
PAYEMS,1992-02-01,1995-06-01,108067,1994-06-03
PAYEMS,1992-02-01,1996-06-06,108059,1995-06-02
PAYEMS,1992-02-01,2003-06-05,108077,1996-06-07
PAYEMS,1992-02-01,2008-01-31,108242,2003-06-06
PAYEMS,1992-02-01,2013-01-31,108246,2008-02-01
PAYEMS,1992-02-01,2014-02-06,108257,2013-02-01
PAYEMS,1992-02-01,2015-02-05,108313,2014-02-07
PAYEMS,1992-02-01,2018-02-01,108314,2015-02-06
PAYEMS,1992-02-01,2019-01-31,108317,2018-02-02
PAYEMS,1992-02-01,2020-02-06,108313,2019-02-01
PAYEMS,1992-02-01,2023-02-02,108311,2020-02-07
PAYEMS,1992-02-01,2024-02-01,108313,2023-02-03
PAYEMS,1992-02-01,2025-02-06,108312,2024-02-02
PAYEMS,1992-02-01,2026-02-10,108313,2025-02-07
PAYEMS,1992-02-01,2026-07-31,108312,2026-02-11
PAYEMS,1992-03-01,1992-05-07,108886,1992-04-03
PAYEMS,1992-03-01,1992-06-04,108905,1992-05-08
PAYEMS,1992-03-01,1993-06-03,108200,1992-06-05
PAYEMS,1992-03-01,1994-06-02,108164,1993-06-04
PAYEMS,1992-03-01,1995-06-01,108148,1994-06-03
PAYEMS,1992-03-01,1996-06-06,108153,1995-06-02
PAYEMS,1992-03-01,1997-06-05,108124,1996-06-07
PAYEMS,1992-03-01,2003-06-05,108119,1997-06-06
PAYEMS,1992-03-01,2008-01-31,108301,2003-06-06
PAYEMS,1992-03-01,2012-02-02,108296,2008-02-01
PAYEMS,1992-03-01,2013-01-31,108298,2012-02-03
PAYEMS,1992-03-01,2014-02-06,108313,2013-02-01
PAYEMS,1992-03-01,2017-02-02,108368,2014-02-07
PAYEMS,1992-03-01,2019-01-31,108369,2017-02-03
PAYEMS,1992-03-01,2020-02-06,108368,2019-02-01
PAYEMS,1992-03-01,2023-02-02,108365,2020-02-07
PAYEMS,1992-03-01,2024-02-01,108360,2023-02-03
PAYEMS,1992-03-01,2025-02-06,108361,2024-02-02
PAYEMS,1992-03-01,2026-07-31,108367,2025-02-07
PAYEMS,1992-04-01,1992-06-04,109031,1992-05-08
PAYEMS,1992-04-01,1992-07-01,108382,1992-06-05
PAYEMS,1992-04-01,1993-06-03,108377,1992-07-02
PAYEMS,1992-04-01,1994-06-02,108347,1993-06-04
PAYEMS,1992-04-01,1995-06-01,108350,1994-06-03
PAYEMS,1992-04-01,1996-06-06,108344,1995-06-02
PAYEMS,1992-04-01,1997-06-05,108288,1996-06-07
PAYEMS,1992-04-01,2003-06-05,108301,1997-06-06
PAYEMS,1992-04-01,2008-01-31,108457,2003-06-06
PAYEMS,1992-04-01,2012-02-02,108454,2008-02-01
PAYEMS,1992-04-01,2013-01-31,108455,2012-02-03
PAYEMS,1992-04-01,2014-02-06,108472,2013-02-01
PAYEMS,1992-04-01,2018-02-01,108527,2014-02-07
PAYEMS,1992-04-01,2019-01-31,108526,2018-02-02
PAYEMS,1992-04-01,2020-02-06,108523,2019-02-01
PAYEMS,1992-04-01,2023-02-02,108519,2020-02-07
PAYEMS,1992-04-01,2025-02-06,108515,2023-02-03
PAYEMS,1992-04-01,2026-02-10,108517,2025-02-07
PAYEMS,1992-04-01,2026-07-31,108516,2026-02-11
PAYEMS,1992-05-01,1992-07-01,108450,1992-06-05
PAYEMS,1992-05-01,1992-08-06,108470,1992-07-02
PAYEMS,1992-05-01,1993-06-03,108496,1992-08-07
PAYEMS,1992-05-01,1994-06-02,108470,1993-06-04
PAYEMS,1992-05-01,1995-06-01,108478,1994-06-03
PAYEMS,1992-05-01,1996-06-06,108487,1995-06-02
PAYEMS,1992-05-01,1997-06-05,108498,1996-06-07
PAYEMS,1992-05-01,2003-06-05,108495,1997-06-06
PAYEMS,1992-05-01,2008-01-31,108584,2003-06-06
PAYEMS,1992-05-01,2012-02-02,108580,2008-02-01
PAYEMS,1992-05-01,2013-01-31,108581,2012-02-03
PAYEMS,1992-05-01,2014-02-06,108598,2013-02-01
PAYEMS,1992-05-01,2016-02-04,108654,2014-02-07
PAYEMS,1992-05-01,2017-02-02,108653,2016-02-05
PAYEMS,1992-05-01,2018-02-01,108654,2017-02-03
PAYEMS,1992-05-01,2019-01-31,108653,2018-02-02
PAYEMS,1992-05-01,2020-02-06,108652,2019-02-01
PAYEMS,1992-05-01,2023-02-02,108649,2020-02-07
PAYEMS,1992-05-01,2025-02-06,108648,2023-02-03
PAYEMS,1992-05-01,2026-02-10,108647,2025-02-07
PAYEMS,1992-05-01,2026-07-31,108646,2026-02-11
PAYEMS,1992-06-01,1992-08-06,108353,1992-07-02
PAYEMS,1992-06-01,1992-09-03,108433,1992-08-07
PAYEMS,1992-06-01,1993-06-03,108423,1992-09-04
PAYEMS,1992-06-01,1994-06-02,108454,1993-06-04
PAYEMS,1992-06-01,1995-06-01,108510,1994-06-03
PAYEMS,1992-06-01,1996-06-06,108517,1995-06-02
PAYEMS,1992-06-01,1997-06-05,108535,1996-06-07
PAYEMS,1992-06-01,2003-06-05,108541,1997-06-06
PAYEMS,1992-06-01,2012-02-02,108640,2003-06-06
PAYEMS,1992-06-01,2013-01-31,108641,2012-02-03
PAYEMS,1992-06-01,2014-02-06,108659,2013-02-01
PAYEMS,1992-06-01,2017-02-02,108721,2014-02-07
PAYEMS,1992-06-01,2018-02-01,108719,2017-02-03
PAYEMS,1992-06-01,2019-01-31,108718,2018-02-02
PAYEMS,1992-06-01,2020-02-06,108719,2019-02-01
PAYEMS,1992-06-01,2023-02-02,108715,2020-02-07
PAYEMS,1992-06-01,2025-02-06,108717,2023-02-03
PAYEMS,1992-06-01,2026-02-10,108707,2025-02-07
PAYEMS,1992-06-01,2026-07-31,108706,2026-02-11
PAYEMS,1992-07-01,1992-09-03,108631,1992-08-07
PAYEMS,1992-07-01,1992-10-01,108600,1992-09-04
PAYEMS,1992-07-01,1993-06-03,108594,1992-10-02
PAYEMS,1992-07-01,1994-06-02,108605,1993-06-04
PAYEMS,1992-07-01,1996-06-06,108651,1994-06-03
PAYEMS,1992-07-01,1997-06-05,108609,1996-06-07
PAYEMS,1992-07-01,2003-06-05,108595,1997-06-06
PAYEMS,1992-07-01,2008-01-31,108714,2003-06-06
PAYEMS,1992-07-01,2013-01-31,108711,2008-02-01
PAYEMS,1992-07-01,2014-02-06,108731,2013-02-01
PAYEMS,1992-07-01,2015-02-05,108790,2014-02-07
PAYEMS,1992-07-01,2016-02-04,108789,2015-02-06
PAYEMS,1992-07-01,2019-01-31,108792,2016-02-05
PAYEMS,1992-07-01,2020-02-06,108794,2019-02-01
PAYEMS,1992-07-01,2023-02-02,108793,2020-02-07
PAYEMS,1992-07-01,2025-02-06,108799,2023-02-03
PAYEMS,1992-07-01,2026-02-10,108792,2025-02-07
PAYEMS,1992-07-01,2026-07-31,108793,2026-02-11
PAYEMS,1992-08-01,1992-10-01,108517,1992-09-04
PAYEMS,1992-08-01,1992-11-05,108466,1992-10-02
PAYEMS,1992-08-01,1993-06-03,108485,1992-11-06
PAYEMS,1992-08-01,1994-06-02,108615,1993-06-04
PAYEMS,1992-08-01,1995-06-01,108708,1994-06-03
PAYEMS,1992-08-01,1996-06-06,108720,1995-06-02
PAYEMS,1992-08-01,1997-06-05,108738,1996-06-07
PAYEMS,1992-08-01,2003-06-05,108741,1997-06-06
PAYEMS,1992-08-01,2008-01-31,108851,2003-06-06
PAYEMS,1992-08-01,2013-01-31,108852,2008-02-01
PAYEMS,1992-08-01,2014-02-06,108872,2013-02-01
PAYEMS,1992-08-01,2018-02-01,108930,2014-02-07
PAYEMS,1992-08-01,2019-01-31,108927,2018-02-02
PAYEMS,1992-08-01,2020-02-06,108929,2019-02-01
PAYEMS,1992-08-01,2023-02-02,108925,2020-02-07
PAYEMS,1992-08-01,2024-02-01,108922,2023-02-03
PAYEMS,1992-08-01,2025-02-06,108923,2024-02-02
PAYEMS,1992-08-01,2026-07-31,108916,2025-02-07
PAYEMS,1992-09-01,1992-11-05,108409,1992-10-02
PAYEMS,1992-09-01,1992-12-03,108413,1992-11-06
PAYEMS,1992-09-01,1993-06-03,108497,1992-12-04
PAYEMS,1992-09-01,1994-06-02,108674,1993-06-04
PAYEMS,1992-09-01,1995-06-01,108802,1994-06-03
PAYEMS,1992-09-01,1996-06-06,108795,1995-06-02
PAYEMS,1992-09-01,1997-06-05,108782,1996-06-07
PAYEMS,1992-09-01,2003-06-05,108807,1997-06-06
PAYEMS,1992-09-01,2008-01-31,108888,2003-06-06
PAYEMS,1992-09-01,2013-01-31,108887,2008-02-01
PAYEMS,1992-09-01,2014-02-06,108909,2013-02-01
PAYEMS,1992-09-01,2018-02-01,108966,2014-02-07
PAYEMS,1992-09-01,2019-01-31,108959,2018-02-02
PAYEMS,1992-09-01,2020-02-06,108963,2019-02-01
PAYEMS,1992-09-01,2023-02-02,108959,2020-02-07
PAYEMS,1992-09-01,2024-02-01,108955,2023-02-03
PAYEMS,1992-09-01,2025-02-06,108954,2024-02-02
PAYEMS,1992-09-01,2026-02-10,108952,2025-02-07
PAYEMS,1992-09-01,2026-07-31,108951,2026-02-11
PAYEMS,1992-10-01,1992-12-03,108440,1992-11-06
PAYEMS,1992-10-01,1993-01-07,108531,1992-12-04
PAYEMS,1992-10-01,1993-06-03,108571,1993-01-08
PAYEMS,1992-10-01,1994-06-02,108789,1993-06-04
PAYEMS,1992-10-01,1995-06-01,108994,1994-06-03
PAYEMS,1992-10-01,1996-06-06,109003,1995-06-02
PAYEMS,1992-10-01,1997-06-05,108948,1996-06-07
PAYEMS,1992-10-01,2003-06-05,108941,1997-06-06
PAYEMS,1992-10-01,2008-01-31,109061,2003-06-06
PAYEMS,1992-10-01,2012-02-02,109064,2008-02-01
PAYEMS,1992-10-01,2013-01-31,109065,2012-02-03
PAYEMS,1992-10-01,2014-02-06,109088,2013-02-01
PAYEMS,1992-10-01,2015-02-05,109145,2014-02-07
PAYEMS,1992-10-01,2016-02-04,109146,2015-02-06
PAYEMS,1992-10-01,2017-02-02,109148,2016-02-05
PAYEMS,1992-10-01,2018-02-01,109147,2017-02-03
PAYEMS,1992-10-01,2019-01-31,109145,2018-02-02
PAYEMS,1992-10-01,2020-02-06,109144,2019-02-01
PAYEMS,1992-10-01,2023-02-02,109139,2020-02-07
PAYEMS,1992-10-01,2025-02-06,109135,2023-02-03
PAYEMS,1992-10-01,2026-02-10,109138,2025-02-07
PAYEMS,1992-10-01,2026-07-31,109139,2026-02-11
PAYEMS,1992-11-01,1993-01-07,108636,1992-12-04
PAYEMS,1992-11-01,1993-02-04,108647,1993-01-08
PAYEMS,1992-11-01,1993-06-03,108646,1993-02-05
PAYEMS,1992-11-01,1994-06-02,108921,1993-06-04
PAYEMS,1992-11-01,1995-06-01,109109,1994-06-03
PAYEMS,1992-11-01,1996-06-06,109098,1995-06-02
PAYEMS,1992-11-01,2003-06-05,109119,1996-06-07
PAYEMS,1992-11-01,2008-01-31,109205,2003-06-06
PAYEMS,1992-11-01,2013-01-31,109204,2008-02-01
PAYEMS,1992-11-01,2014-02-06,109227,2013-02-01
PAYEMS,1992-11-01,2017-02-02,109284,2014-02-07
PAYEMS,1992-11-01,2018-02-01,109283,2017-02-03
PAYEMS,1992-11-01,2020-02-06,109277,2018-02-02
PAYEMS,1992-11-01,2023-02-02,109272,2020-02-07
PAYEMS,1992-11-01,2024-02-01,109279,2023-02-03
PAYEMS,1992-11-01,2025-02-06,109280,2024-02-02
PAYEMS,1992-11-01,2026-07-31,109283,2025-02-07
PAYEMS,1992-12-01,1993-02-04,108711,1993-01-08
PAYEMS,1992-12-01,1993-03-04,108736,1993-02-05
PAYEMS,1992-12-01,1993-06-03,108752,1993-03-05
PAYEMS,1992-12-01,1994-06-02,109079,1993-06-04
PAYEMS,1992-12-01,1995-06-01,109280,1994-06-03
PAYEMS,1992-12-01,1996-06-06,109274,1995-06-02
PAYEMS,1992-12-01,1997-06-05,109279,1996-06-07
PAYEMS,1992-12-01,2003-06-05,109266,1997-06-06
PAYEMS,1992-12-01,2008-01-31,109418,2003-06-06
PAYEMS,1992-12-01,2012-02-02,109415,2008-02-01
PAYEMS,1992-12-01,2013-01-31,109416,2012-02-03
PAYEMS,1992-12-01,2014-02-06,109440,2013-02-01
PAYEMS,1992-12-01,2015-02-05,109494,2014-02-07
PAYEMS,1992-12-01,2016-02-04,109495,2015-02-06
PAYEMS,1992-12-01,2017-02-02,109496,2016-02-05
PAYEMS,1992-12-01,2019-01-31,109494,2017-02-03
PAYEMS,1992-12-01,2020-02-06,109499,2019-02-01
PAYEMS,1992-12-01,2023-02-02,109495,2020-02-07
PAYEMS,1992-12-01,2024-02-01,109502,2023-02-03
PAYEMS,1992-12-01,2025-02-06,109500,2024-02-02
PAYEMS,1992-12-01,2026-07-31,109502,2025-02-07
PAYEMS,1993-01-01,1993-03-04,108842,1993-02-05
PAYEMS,1993-01-01,1993-04-01,108796,1993-03-05
PAYEMS,1993-01-01,1993-06-03,108865,1993-04-02
PAYEMS,1993-01-01,1994-06-02,109235,1993-06-04
PAYEMS,1993-01-01,1995-06-01,109490,1994-06-03
PAYEMS,1993-01-01,1996-06-06,109477,1995-06-02
PAYEMS,1993-01-01,1997-06-05,109524,1996-06-07
PAYEMS,1993-01-01,1998-06-04,109516,1997-06-06
PAYEMS,1993-01-01,2003-06-05,109502,1998-06-05
PAYEMS,1993-01-01,2012-02-02,109725,2003-06-06
PAYEMS,1993-01-01,2013-01-31,109726,2012-02-03
PAYEMS,1993-01-01,2014-02-06,109750,2013-02-01
PAYEMS,1993-01-01,2017-02-02,109805,2014-02-07
PAYEMS,1993-01-01,2019-01-31,109804,2017-02-03
PAYEMS,1993-01-01,2020-02-06,109799,2019-02-01
PAYEMS,1993-01-01,2024-02-01,109794,2020-02-07
PAYEMS,1993-01-01,2025-02-06,109795,2024-02-02
PAYEMS,1993-01-01,2026-07-31,109790,2025-02-07
PAYEMS,1993-02-01,1993-04-01,109161,1993-03-05
PAYEMS,1993-02-01,1993-05-06,109232,1993-04-02
PAYEMS,1993-02-01,1993-06-03,109203,1993-05-07
PAYEMS,1993-02-01,1994-06-02,109539,1993-06-04
PAYEMS,1993-02-01,1995-06-01,109856,1994-06-03
PAYEMS,1993-02-01,1996-06-06,109839,1995-06-02
PAYEMS,1993-02-01,1997-06-05,109844,1996-06-07
PAYEMS,1993-02-01,1998-06-04,109852,1997-06-06
PAYEMS,1993-02-01,2003-06-05,109816,1998-06-05
PAYEMS,1993-02-01,2008-01-31,109962,2003-06-06
PAYEMS,1993-02-01,2012-02-02,109967,2008-02-01
PAYEMS,1993-02-01,2013-01-31,109968,2012-02-03
PAYEMS,1993-02-01,2014-02-06,109991,2013-02-01
PAYEMS,1993-02-01,2018-02-01,110047,2014-02-07
PAYEMS,1993-02-01,2019-01-31,110051,2018-02-02
PAYEMS,1993-02-01,2020-02-06,110047,2019-02-01
PAYEMS,1993-02-01,2025-02-06,110044,2020-02-07
PAYEMS,1993-02-01,2026-02-10,110048,2025-02-07
PAYEMS,1993-02-01,2026-07-31,110047,2026-02-11
PAYEMS,1993-03-01,1993-05-06,109210,1993-04-02
PAYEMS,1993-03-01,1993-06-03,109194,1993-05-07
PAYEMS,1993-03-01,1994-06-02,109565,1993-06-04
PAYEMS,1993-03-01,1995-06-01,109804,1994-06-03
PAYEMS,1993-03-01,1996-06-06,109820,1995-06-02
PAYEMS,1993-03-01,1997-06-05,109766,1996-06-07
PAYEMS,1993-03-01,1998-06-04,109757,1997-06-06
PAYEMS,1993-03-01,2003-06-05,109749,1998-06-05
PAYEMS,1993-03-01,2012-02-02,109916,2003-06-06
PAYEMS,1993-03-01,2013-01-31,109917,2012-02-03
PAYEMS,1993-03-01,2014-02-06,109942,2013-02-01
PAYEMS,1993-03-01,2018-02-01,109998,2014-02-07
PAYEMS,1993-03-01,2019-01-31,109997,2018-02-02
PAYEMS,1993-03-01,2020-02-06,109999,2019-02-01
PAYEMS,1993-03-01,2023-02-02,109994,2020-02-07
PAYEMS,1993-03-01,2025-02-06,109992,2023-02-03
PAYEMS,1993-03-01,2026-07-31,110004,2025-02-07
PAYEMS,1993-04-01,1993-06-03,109313,1993-05-07
PAYEMS,1993-04-01,1993-07-01,109781,1993-06-04
PAYEMS,1993-04-01,1994-06-02,109820,1993-07-02
PAYEMS,1993-04-01,1995-06-01,110096,1994-06-03
PAYEMS,1993-04-01,1996-06-06,110131,1995-06-02
PAYEMS,1993-04-01,1997-06-05,110066,1996-06-07
PAYEMS,1993-04-01,1998-06-04,110071,1997-06-06
PAYEMS,1993-04-01,2003-06-05,110055,1998-06-05
PAYEMS,1993-04-01,2008-01-31,110223,2003-06-06
PAYEMS,1993-04-01,2013-01-31,110225,2008-02-01
PAYEMS,1993-04-01,2014-02-06,110251,2013-02-01
PAYEMS,1993-04-01,2018-02-01,110306,2014-02-07
PAYEMS,1993-04-01,2019-01-31,110304,2018-02-02
PAYEMS,1993-04-01,2020-02-06,110302,2019-02-01
PAYEMS,1993-04-01,2023-02-02,110296,2020-02-07
PAYEMS,1993-04-01,2025-02-06,110295,2023-02-03
PAYEMS,1993-04-01,2026-07-31,110300,2025-02-07
PAYEMS,1993-05-01,1993-07-01,109990,1993-06-04
PAYEMS,1993-05-01,1993-08-05,110035,1993-07-02
PAYEMS,1993-05-01,1994-06-02,110058,1993-08-06
PAYEMS,1993-05-01,1995-06-01,110285,1994-06-03
PAYEMS,1993-05-01,1996-06-06,110401,1995-06-02
PAYEMS,1993-05-01,1997-06-05,110410,1996-06-07
PAYEMS,1993-05-01,1998-06-04,110386,1997-06-06
PAYEMS,1993-05-01,2003-06-05,110398,1998-06-05
PAYEMS,1993-05-01,2008-01-31,110496,2003-06-06
PAYEMS,1993-05-01,2013-01-31,110490,2008-02-01
PAYEMS,1993-05-01,2014-02-06,110519,2013-02-01
PAYEMS,1993-05-01,2016-02-04,110573,2014-02-07
PAYEMS,1993-05-01,2017-02-02,110572,2016-02-05
PAYEMS,1993-05-01,2020-02-06,110573,2017-02-03
PAYEMS,1993-05-01,2023-02-02,110568,2020-02-07
PAYEMS,1993-05-01,2025-02-06,110570,2023-02-03
PAYEMS,1993-05-01,2026-07-31,110571,2025-02-07
PAYEMS,1993-06-01,1993-08-05,110048,1993-07-02
PAYEMS,1993-06-01,1993-09-02,110102,1993-08-06
PAYEMS,1993-06-01,1994-06-02,110101,1993-09-03
PAYEMS,1993-06-01,1995-06-01,110372,1994-06-03
PAYEMS,1993-06-01,1996-06-06,110529,1995-06-02
PAYEMS,1993-06-01,1997-06-05,110557,1996-06-07
PAYEMS,1993-06-01,1998-06-04,110550,1997-06-06
PAYEMS,1993-06-01,2003-06-05,110539,1998-06-05
PAYEMS,1993-06-01,2008-01-31,110660,2003-06-06
PAYEMS,1993-06-01,2012-02-02,110663,2008-02-01
PAYEMS,1993-06-01,2013-01-31,110664,2012-02-03
PAYEMS,1993-06-01,2014-02-06,110693,2013-02-01
PAYEMS,1993-06-01,2017-02-02,110754,2014-02-07
PAYEMS,1993-06-01,2018-02-01,110752,2017-02-03
PAYEMS,1993-06-01,2019-01-31,110749,2018-02-02
PAYEMS,1993-06-01,2020-02-06,110752,2019-02-01
PAYEMS,1993-06-01,2023-02-02,110749,2020-02-07
PAYEMS,1993-06-01,2025-02-06,110751,2023-02-03
PAYEMS,1993-06-01,2026-07-31,110742,2025-02-07
PAYEMS,1993-07-01,1993-09-02,110264,1993-08-06
PAYEMS,1993-07-01,1993-10-07,110312,1993-09-03
PAYEMS,1993-07-01,1994-06-02,110338,1993-10-08
PAYEMS,1993-07-01,1995-06-01,110628,1994-06-03
PAYEMS,1993-07-01,1996-06-06,110836,1995-06-02
PAYEMS,1993-07-01,1997-06-05,110796,1996-06-07
PAYEMS,1993-07-01,1998-06-04,110759,1997-06-06
PAYEMS,1993-07-01,2003-06-05,110744,1998-06-05
PAYEMS,1993-07-01,2008-01-31,110960,2003-06-06
PAYEMS,1993-07-01,2012-02-02,110958,2008-02-01
PAYEMS,1993-07-01,2013-01-31,110959,2012-02-03
PAYEMS,1993-07-01,2014-02-06,110992,2013-02-01
PAYEMS,1993-07-01,2015-02-05,111053,2014-02-07
PAYEMS,1993-07-01,2016-02-04,111052,2015-02-06
PAYEMS,1993-07-01,2017-02-02,111055,2016-02-05
PAYEMS,1993-07-01,2018-02-01,111054,2017-02-03
PAYEMS,1993-07-01,2019-01-31,111055,2018-02-02
PAYEMS,1993-07-01,2020-02-06,111057,2019-02-01
PAYEMS,1993-07-01,2023-02-02,111055,2020-02-07
PAYEMS,1993-07-01,2025-02-06,111060,2023-02-03
PAYEMS,1993-07-01,2026-07-31,111054,2025-02-07
PAYEMS,1993-08-01,1993-10-07,110273,1993-09-03
PAYEMS,1993-08-01,1993-11-04,110297,1993-10-08
PAYEMS,1993-08-01,1994-06-02,110305,1993-11-05
PAYEMS,1993-08-01,1995-06-01,110714,1994-06-03
PAYEMS,1993-08-01,1996-06-06,110991,1995-06-02
PAYEMS,1993-08-01,1997-06-05,111011,1996-06-07
PAYEMS,1993-08-01,1998-06-04,110983,1997-06-06
PAYEMS,1993-08-01,2003-06-05,110957,1998-06-05
PAYEMS,1993-08-01,2013-01-31,111119,2003-06-06
PAYEMS,1993-08-01,2014-02-06,111154,2013-02-01
PAYEMS,1993-08-01,2016-02-04,111212,2014-02-07
PAYEMS,1993-08-01,2017-02-02,111211,2016-02-05
PAYEMS,1993-08-01,2018-02-01,111212,2017-02-03
PAYEMS,1993-08-01,2019-01-31,111210,2018-02-02
PAYEMS,1993-08-01,2020-02-06,111211,2019-02-01
PAYEMS,1993-08-01,2023-02-02,111206,2020-02-07
PAYEMS,1993-08-01,2025-02-06,111209,2023-02-03
PAYEMS,1993-08-01,2026-07-31,111200,2025-02-07
PAYEMS,1993-09-01,1993-11-04,110453,1993-10-08
PAYEMS,1993-09-01,1993-12-02,110467,1993-11-05
PAYEMS,1993-09-01,1994-06-02,110502,1993-12-03
PAYEMS,1993-09-01,1995-06-01,110923,1994-06-03
PAYEMS,1993-09-01,1996-06-06,111237,1995-06-02
PAYEMS,1993-09-01,1997-06-05,111239,1996-06-07
PAYEMS,1993-09-01,1998-06-04,111220,1997-06-06
PAYEMS,1993-09-01,2003-06-05,111204,1998-06-05
PAYEMS,1993-09-01,2008-01-31,111359,2003-06-06
PAYEMS,1993-09-01,2012-02-02,111360,2008-02-01
PAYEMS,1993-09-01,2013-01-31,111358,2012-02-03
PAYEMS,1993-09-01,2014-02-06,111396,2013-02-01
PAYEMS,1993-09-01,2017-02-02,111451,2014-02-07
PAYEMS,1993-09-01,2018-02-01,111453,2017-02-03
PAYEMS,1993-09-01,2019-01-31,111455,2018-02-02
PAYEMS,1993-09-01,2020-02-06,111452,2019-02-01
PAYEMS,1993-09-01,2023-02-02,111448,2020-02-07
PAYEMS,1993-09-01,2024-02-01,111455,2023-02-03
PAYEMS,1993-09-01,2025-02-06,111454,2024-02-02
PAYEMS,1993-09-01,2026-02-10,111449,2025-02-07
PAYEMS,1993-09-01,2026-07-31,111448,2026-02-11
PAYEMS,1993-10-01,1993-12-02,110644,1993-11-05
PAYEMS,1993-10-01,1994-01-06,110649,1993-12-03
PAYEMS,1993-10-01,1994-06-02,110664,1994-01-07
PAYEMS,1993-10-01,1995-06-01,111112,1994-06-03
PAYEMS,1993-10-01,1996-06-06,111559,1995-06-02
PAYEMS,1993-10-01,1997-06-05,111575,1996-06-07
PAYEMS,1993-10-01,1998-06-04,111541,1997-06-06
PAYEMS,1993-10-01,2003-06-05,111525,1998-06-05
PAYEMS,1993-10-01,2008-01-31,111638,2003-06-06
PAYEMS,1993-10-01,2012-02-02,111637,2008-02-01
PAYEMS,1993-10-01,2013-01-31,111636,2012-02-03
PAYEMS,1993-10-01,2014-02-06,111676,2013-02-01
PAYEMS,1993-10-01,2017-02-02,111737,2014-02-07
PAYEMS,1993-10-01,2018-02-01,111736,2017-02-03
PAYEMS,1993-10-01,2019-01-31,111741,2018-02-02
PAYEMS,1993-10-01,2020-02-06,111737,2019-02-01
PAYEMS,1993-10-01,2024-02-01,111733,2020-02-07
PAYEMS,1993-10-01,2026-07-31,111734,2024-02-02
PAYEMS,1993-11-01,1994-01-06,110857,1993-12-03
PAYEMS,1993-11-01,1994-02-03,110866,1994-01-07
PAYEMS,1993-11-01,1994-06-02,110880,1994-02-04
PAYEMS,1993-11-01,1995-06-01,111366,1994-06-03
PAYEMS,1993-11-01,1996-06-06,111795,1995-06-02
PAYEMS,1993-11-01,1997-06-05,111824,1996-06-07
PAYEMS,1993-11-01,1998-06-04,111795,1997-06-06
PAYEMS,1993-11-01,2003-06-05,111780,1998-06-05
PAYEMS,1993-11-01,2008-01-31,111901,2003-06-06
PAYEMS,1993-11-01,2012-02-02,111898,2008-02-01
PAYEMS,1993-11-01,2013-01-31,111897,2012-02-03
PAYEMS,1993-11-01,2014-02-06,111938,2013-02-01
PAYEMS,1993-11-01,2016-02-04,111999,2014-02-07
PAYEMS,1993-11-01,2017-02-02,112000,2016-02-05
PAYEMS,1993-11-01,2018-02-01,111999,2017-02-03
PAYEMS,1993-11-01,2019-01-31,111991,2018-02-02
PAYEMS,1993-11-01,2020-02-06,111990,2019-02-01
PAYEMS,1993-11-01,2023-02-02,111984,2020-02-07
PAYEMS,1993-11-01,2024-02-01,111989,2023-02-03
PAYEMS,1993-11-01,2025-02-06,111990,2024-02-02
PAYEMS,1993-11-01,2026-02-10,111988,2025-02-07
PAYEMS,1993-11-01,2026-07-31,111987,2026-02-11
PAYEMS,1993-12-01,1994-02-03,111049,1994-01-07
PAYEMS,1993-12-01,1994-03-03,111070,1994-02-04
PAYEMS,1993-12-01,1994-06-02,111110,1994-03-04
PAYEMS,1993-12-01,1995-06-01,111610,1994-06-03
PAYEMS,1993-12-01,1996-06-06,112094,1995-06-02
PAYEMS,1993-12-01,1997-06-05,112100,1996-06-07
PAYEMS,1993-12-01,1998-06-04,112050,1997-06-06
PAYEMS,1993-12-01,2003-06-05,112034,1998-06-05
PAYEMS,1993-12-01,2008-01-31,112203,2003-06-06
PAYEMS,1993-12-01,2012-02-02,112206,2008-02-01
PAYEMS,1993-12-01,2013-01-31,112204,2012-02-03
PAYEMS,1993-12-01,2014-02-06,112250,2013-02-01
PAYEMS,1993-12-01,2016-02-04,112311,2014-02-07
PAYEMS,1993-12-01,2017-02-02,112312,2016-02-05
PAYEMS,1993-12-01,2018-02-01,112315,2017-02-03
PAYEMS,1993-12-01,2019-01-31,112314,2018-02-02
PAYEMS,1993-12-01,2020-02-06,112319,2019-02-01
PAYEMS,1993-12-01,2023-02-02,112314,2020-02-07
PAYEMS,1993-12-01,2024-02-01,112323,2023-02-03
PAYEMS,1993-12-01,2026-02-10,112324,2024-02-02
PAYEMS,1993-12-01,2026-07-31,112325,2026-02-11
PAYEMS,1994-01-01,1994-03-03,111132,1994-02-04
PAYEMS,1994-01-01,1994-03-31,111108,1994-03-04
PAYEMS,1994-01-01,1994-06-02,111079,1994-04-01
PAYEMS,1994-01-01,1995-06-01,111711,1994-06-03
PAYEMS,1994-01-01,1996-06-06,112301,1995-06-02
PAYEMS,1994-01-01,1997-06-05,112302,1996-06-07
PAYEMS,1994-01-01,1998-06-04,112284,1997-06-06
PAYEMS,1994-01-01,1999-06-03,112290,1998-06-05
PAYEMS,1994-01-01,2003-06-05,112302,1999-06-04
PAYEMS,1994-01-01,2008-01-31,112473,2003-06-06
PAYEMS,1994-01-01,2013-01-31,112474,2008-02-01
PAYEMS,1994-01-01,2014-02-06,112519,2013-02-01
PAYEMS,1994-01-01,2017-02-02,112583,2014-02-07
PAYEMS,1994-01-01,2018-02-01,112587,2017-02-03
PAYEMS,1994-01-01,2019-01-31,112590,2018-02-02
PAYEMS,1994-01-01,2020-02-06,112601,2019-02-01
PAYEMS,1994-01-01,2023-02-02,112595,2020-02-07
PAYEMS,1994-01-01,2025-02-06,112598,2023-02-03
PAYEMS,1994-01-01,2026-07-31,112601,2025-02-07
PAYEMS,1994-02-01,1994-03-31,111325,1994-03-04
PAYEMS,1994-02-01,1994-05-05,111277,1994-04-01
PAYEMS,1994-02-01,1994-06-02,111357,1994-05-06
PAYEMS,1994-02-01,1995-06-01,111919,1994-06-03
PAYEMS,1994-02-01,1996-06-06,112576,1995-06-02
PAYEMS,1994-02-01,1997-06-05,112571,1996-06-07
PAYEMS,1994-02-01,1998-06-04,112577,1997-06-06
PAYEMS,1994-02-01,1999-06-03,112541,1998-06-05
PAYEMS,1994-02-01,2003-06-05,112532,1999-06-04
PAYEMS,1994-02-01,2008-01-31,112665,2003-06-06
PAYEMS,1994-02-01,2013-01-31,112675,2008-02-01
PAYEMS,1994-02-01,2014-02-06,112722,2013-02-01
PAYEMS,1994-02-01,2018-02-01,112783,2014-02-07
PAYEMS,1994-02-01,2019-01-31,112788,2018-02-02
PAYEMS,1994-02-01,2020-02-06,112785,2019-02-01
PAYEMS,1994-02-01,2023-02-02,112781,2020-02-07
PAYEMS,1994-02-01,2025-02-06,112779,2023-02-03
PAYEMS,1994-02-01,2026-07-31,112782,2025-02-07
PAYEMS,1994-03-01,1994-05-05,111733,1994-04-01
PAYEMS,1994-03-01,1994-06-02,111821,1994-05-06
PAYEMS,1994-03-01,1995-06-01,112298,1994-06-03
PAYEMS,1994-03-01,1996-06-06,113087,1995-06-02
PAYEMS,1994-03-01,1997-06-05,113001,1996-06-07
PAYEMS,1994-03-01,1998-06-04,112988,1997-06-06
PAYEMS,1994-03-01,1999-06-03,112978,1998-06-05
PAYEMS,1994-03-01,2003-06-05,112982,1999-06-04
PAYEMS,1994-03-01,2008-01-31,113133,2003-06-06
PAYEMS,1994-03-01,2013-01-31,113137,2008-02-01
PAYEMS,1994-03-01,2014-02-06,113188,2013-02-01
PAYEMS,1994-03-01,2017-02-02,113248,2014-02-07
PAYEMS,1994-03-01,2018-02-01,113247,2017-02-03
PAYEMS,1994-03-01,2019-01-31,113249,2018-02-02
PAYEMS,1994-03-01,2020-02-06,113248,2019-02-01
PAYEMS,1994-03-01,2023-02-02,113242,2020-02-07
PAYEMS,1994-03-01,2025-02-06,113240,2023-02-03
PAYEMS,1994-03-01,2026-07-31,113245,2025-02-07
PAYEMS,1994-04-01,1994-06-02,112088,1994-05-06
PAYEMS,1994-04-01,1994-07-07,112656,1994-06-03
PAYEMS,1994-04-01,1995-06-01,112699,1994-07-08
PAYEMS,1994-04-01,1996-06-06,113363,1995-06-02
PAYEMS,1994-04-01,1997-06-05,113320,1996-06-07
PAYEMS,1994-04-01,1998-06-04,113355,1997-06-06
PAYEMS,1994-04-01,1999-06-03,113334,1998-06-05
PAYEMS,1994-04-01,2003-06-05,113350,1999-06-04
PAYEMS,1994-04-01,2013-01-31,113490,2003-06-06
PAYEMS,1994-04-01,2014-02-06,113538,2013-02-01
PAYEMS,1994-04-01,2016-02-04,113597,2014-02-07
PAYEMS,1994-04-01,2017-02-02,113598,2016-02-05
PAYEMS,1994-04-01,2018-02-01,113597,2017-02-03
PAYEMS,1994-04-01,2019-01-31,113596,2018-02-02
PAYEMS,1994-04-01,2020-02-06,113592,2019-02-01
PAYEMS,1994-04-01,2023-02-02,113586,2020-02-07
PAYEMS,1994-04-01,2025-02-06,113587,2023-02-03
PAYEMS,1994-04-01,2026-07-31,113589,2025-02-07
PAYEMS,1994-05-01,1994-07-07,112847,1994-06-03
PAYEMS,1994-05-01,1995-06-01,112951,1994-07-08
PAYEMS,1994-05-01,1996-06-06,113638,1995-06-02
PAYEMS,1994-05-01,1997-06-05,113731,1996-06-07
PAYEMS,1994-05-01,1998-06-04,113704,1997-06-06
PAYEMS,1994-05-01,1999-06-03,113714,1998-06-05
PAYEMS,1994-05-01,2003-06-05,113697,1999-06-04
PAYEMS,1994-05-01,2008-01-31,113829,2003-06-06
PAYEMS,1994-05-01,2012-02-02,113821,2008-02-01
PAYEMS,1994-05-01,2013-01-31,113823,2012-02-03
PAYEMS,1994-05-01,2014-02-06,113869,2013-02-01
PAYEMS,1994-05-01,2018-02-01,113931,2014-02-07
PAYEMS,1994-05-01,2019-01-31,113929,2018-02-02
PAYEMS,1994-05-01,2020-02-06,113928,2019-02-01
PAYEMS,1994-05-01,2023-02-02,113921,2020-02-07
PAYEMS,1994-05-01,2025-02-06,113923,2023-02-03
PAYEMS,1994-05-01,2026-07-31,113922,2025-02-07
PAYEMS,1994-06-01,1994-08-04,113330,1994-07-08
PAYEMS,1994-06-01,1994-09-01,113307,1994-08-05
PAYEMS,1994-06-01,1995-06-01,113334,1994-09-02
PAYEMS,1994-06-01,1996-06-06,113943,1995-06-02
PAYEMS,1994-06-01,1997-06-05,114008,1996-06-07
PAYEMS,1994-06-01,1998-06-04,113991,1997-06-06
PAYEMS,1994-06-01,1999-06-03,113986,1998-06-05
PAYEMS,1994-06-01,2003-06-05,113980,1999-06-04
PAYEMS,1994-06-01,2008-01-31,114139,2003-06-06
PAYEMS,1994-06-01,2013-01-31,114136,2008-02-01
PAYEMS,1994-06-01,2014-02-06,114179,2013-02-01
PAYEMS,1994-06-01,2016-02-04,114247,2014-02-07
PAYEMS,1994-06-01,2017-02-02,114246,2016-02-05
PAYEMS,1994-06-01,2018-02-01,114245,2017-02-03
PAYEMS,1994-06-01,2019-01-31,114248,2018-02-02
PAYEMS,1994-06-01,2020-02-06,114242,2019-02-01
PAYEMS,1994-06-01,2023-02-02,114238,2020-02-07
PAYEMS,1994-06-01,2025-02-06,114237,2023-02-03
PAYEMS,1994-06-01,2026-07-31,114239,2025-02-07
PAYEMS,1994-07-01,1994-09-01,113566,1994-08-05
PAYEMS,1994-07-01,1994-10-06,113585,1994-09-02
PAYEMS,1994-07-01,1995-06-01,113624,1994-10-07
PAYEMS,1994-07-01,1996-06-06,114171,1995-06-02
PAYEMS,1994-07-01,1997-06-05,114374,1996-06-07
PAYEMS,1994-07-01,1998-06-04,114335,1997-06-06
PAYEMS,1994-07-01,1999-06-03,114327,1998-06-05
PAYEMS,1994-07-01,2003-06-05,114333,1999-06-04
PAYEMS,1994-07-01,2008-01-31,114498,2003-06-06
PAYEMS,1994-07-01,2012-02-02,114499,2008-02-01
PAYEMS,1994-07-01,2013-01-31,114500,2012-02-03
PAYEMS,1994-07-01,2014-02-06,114541,2013-02-01
PAYEMS,1994-07-01,2015-02-05,114624,2014-02-07
PAYEMS,1994-07-01,2016-02-04,114625,2015-02-06
PAYEMS,1994-07-01,2018-02-01,114619,2016-02-05
PAYEMS,1994-07-01,2019-01-31,114618,2018-02-02
PAYEMS,1994-07-01,2020-02-06,114613,2019-02-01
PAYEMS,1994-07-01,2023-02-02,114610,2020-02-07
PAYEMS,1994-07-01,2025-02-06,114607,2023-02-03
PAYEMS,1994-07-01,2026-07-31,114608,2025-02-07
PAYEMS,1994-08-01,1994-10-06,113764,1994-09-02
PAYEMS,1994-08-01,1994-11-03,113870,1994-10-07
PAYEMS,1994-08-01,1995-06-01,113914,1994-11-04
PAYEMS,1994-08-01,1996-06-06,114510,1995-06-02
PAYEMS,1994-08-01,1997-06-05,114710,1996-06-07
PAYEMS,1994-08-01,1998-06-04,114685,1997-06-06
PAYEMS,1994-08-01,1999-06-03,114653,1998-06-05
PAYEMS,1994-08-01,2003-06-05,114673,1999-06-04
PAYEMS,1994-08-01,2008-01-31,114801,2003-06-06
PAYEMS,1994-08-01,2012-02-02,114799,2008-02-01
PAYEMS,1994-08-01,2013-01-31,114798,2012-02-03
PAYEMS,1994-08-01,2014-02-06,114839,2013-02-01
PAYEMS,1994-08-01,2016-02-04,114902,2014-02-07
PAYEMS,1994-08-01,2017-02-02,114901,2016-02-05
PAYEMS,1994-08-01,2018-02-01,114902,2017-02-03
PAYEMS,1994-08-01,2019-01-31,114900,2018-02-02
PAYEMS,1994-08-01,2020-02-06,114902,2019-02-01
PAYEMS,1994-08-01,2023-02-02,114896,2020-02-07
PAYEMS,1994-08-01,2025-02-06,114899,2023-02-03
PAYEMS,1994-08-01,2026-02-10,114903,2025-02-07
PAYEMS,1994-08-01,2026-07-31,114902,2026-02-11
PAYEMS,1994-09-01,1994-11-03,114109,1994-10-07
PAYEMS,1994-09-01,1994-12-01,114162,1994-11-04
PAYEMS,1994-09-01,1995-06-01,114186,1994-12-02
PAYEMS,1994-09-01,1996-06-06,114762,1995-06-02
PAYEMS,1994-09-01,1997-06-05,114985,1996-06-07
PAYEMS,1994-09-01,1998-06-04,114992,1997-06-06
PAYEMS,1994-09-01,1999-06-03,114987,1998-06-05
PAYEMS,1994-09-01,2003-06-05,114980,1999-06-04
PAYEMS,1994-09-01,2008-01-31,115155,2003-06-06
PAYEMS,1994-09-01,2013-01-31,115153,2008-02-01
PAYEMS,1994-09-01,2014-02-06,115193,2013-02-01
PAYEMS,1994-09-01,2015-02-05,115253,2014-02-07
PAYEMS,1994-09-01,2017-02-02,115254,2015-02-06
PAYEMS,1994-09-01,2018-02-01,115256,2017-02-03
PAYEMS,1994-09-01,2019-01-31,115260,2018-02-02
PAYEMS,1994-09-01,2020-02-06,115251,2019-02-01
PAYEMS,1994-09-01,2023-02-02,115247,2020-02-07
PAYEMS,1994-09-01,2024-02-01,115254,2023-02-03
PAYEMS,1994-09-01,2025-02-06,115253,2024-02-02
PAYEMS,1994-09-01,2026-02-10,115247,2025-02-07
PAYEMS,1994-09-01,2026-07-31,115246,2026-02-11
PAYEMS,1994-10-01,1994-12-01,114356,1994-11-04
PAYEMS,1994-10-01,1995-01-05,114350,1994-12-02
PAYEMS,1994-10-01,1995-06-01,114348,1995-01-06
PAYEMS,1994-10-01,1996-06-06,114935,1995-06-02
PAYEMS,1994-10-01,1997-06-05,115254,1996-06-07
PAYEMS,1994-10-01,1998-06-04,115247,1997-06-06
PAYEMS,1994-10-01,1999-06-03,115232,1998-06-05
PAYEMS,1994-10-01,2003-06-05,115235,1999-06-04
PAYEMS,1994-10-01,2008-01-31,115361,2003-06-06
PAYEMS,1994-10-01,2012-02-02,115360,2008-02-01
PAYEMS,1994-10-01,2013-01-31,115361,2012-02-03
PAYEMS,1994-10-01,2014-02-06,115400,2013-02-01
PAYEMS,1994-10-01,2015-02-05,115468,2014-02-07
PAYEMS,1994-10-01,2017-02-02,115467,2015-02-06
PAYEMS,1994-10-01,2018-02-01,115465,2017-02-03
PAYEMS,1994-10-01,2019-01-31,115469,2018-02-02
PAYEMS,1994-10-01,2020-02-06,115464,2019-02-01
PAYEMS,1994-10-01,2023-02-02,115458,2020-02-07
PAYEMS,1994-10-01,2024-02-01,115457,2023-02-03
PAYEMS,1994-10-01,2025-02-06,115458,2024-02-02
PAYEMS,1994-10-01,2026-07-31,115457,2025-02-07
PAYEMS,1994-11-01,1995-01-05,114700,1994-12-02
PAYEMS,1994-11-01,1995-02-02,114836,1995-01-06
PAYEMS,1994-11-01,1995-06-01,114882,1995-02-03
PAYEMS,1994-11-01,1996-06-06,115427,1995-06-02
PAYEMS,1994-11-01,1997-06-05,115665,1996-06-07
PAYEMS,1994-11-01,1998-06-04,115674,1997-06-06
PAYEMS,1994-11-01,1999-06-03,115656,1998-06-05
PAYEMS,1994-11-01,2003-06-05,115641,1999-06-04
PAYEMS,1994-11-01,2008-01-31,115786,2003-06-06
PAYEMS,1994-11-01,2013-01-31,115783,2008-02-01
PAYEMS,1994-11-01,2014-02-06,115818,2013-02-01
PAYEMS,1994-11-01,2017-02-02,115887,2014-02-07
PAYEMS,1994-11-01,2018-02-01,115886,2017-02-03
PAYEMS,1994-11-01,2020-02-06,115876,2018-02-02
PAYEMS,1994-11-01,2023-02-02,115869,2020-02-07
PAYEMS,1994-11-01,2024-02-01,115872,2023-02-03
PAYEMS,1994-11-01,2025-02-06,115873,2024-02-02
PAYEMS,1994-11-01,2026-02-10,115868,2025-02-07
PAYEMS,1994-11-01,2026-07-31,115867,2026-02-11
PAYEMS,1994-12-01,1995-03-09,115092,1995-01-06
PAYEMS,1994-12-01,1995-06-01,115113,1995-03-10
PAYEMS,1994-12-01,1996-06-06,115624,1995-06-02
PAYEMS,1994-12-01,1997-06-05,115913,1996-06-07
PAYEMS,1994-12-01,1998-06-04,115906,1997-06-06
PAYEMS,1994-12-01,1999-06-03,115879,1998-06-05
PAYEMS,1994-12-01,2003-06-05,115918,1999-06-04
PAYEMS,1994-12-01,2008-01-31,116056,2003-06-06
PAYEMS,1994-12-01,2012-02-02,116057,2008-02-01
PAYEMS,1994-12-01,2013-01-31,116055,2012-02-03
PAYEMS,1994-12-01,2014-02-06,116094,2013-02-01
PAYEMS,1994-12-01,2016-02-04,116162,2014-02-07
PAYEMS,1994-12-01,2017-02-02,116164,2016-02-05
PAYEMS,1994-12-01,2018-02-01,116166,2017-02-03
PAYEMS,1994-12-01,2019-01-31,116168,2018-02-02
PAYEMS,1994-12-01,2020-02-06,116171,2019-02-01
PAYEMS,1994-12-01,2023-02-02,116165,2020-02-07
PAYEMS,1994-12-01,2024-02-01,116174,2023-02-03
PAYEMS,1994-12-01,2025-02-06,116176,2024-02-02
PAYEMS,1994-12-01,2026-02-10,116173,2025-02-07
PAYEMS,1994-12-01,2026-07-31,116174,2026-02-11
PAYEMS,1995-01-01,1995-03-09,115226,1995-02-03
PAYEMS,1995-01-01,1995-04-06,115289,1995-03-10
PAYEMS,1995-01-01,1995-06-01,115282,1995-04-07
PAYEMS,1995-01-01,1996-06-06,115810,1995-06-02
PAYEMS,1995-01-01,1997-06-05,116250,1996-06-07
PAYEMS,1995-01-01,1998-06-04,116234,1997-06-06
PAYEMS,1995-01-01,1999-06-03,116241,1998-06-05
PAYEMS,1995-01-01,2000-06-01,116259,1999-06-04
PAYEMS,1995-01-01,2003-06-05,116235,2000-06-02
PAYEMS,1995-01-01,2008-01-31,116377,2003-06-06
PAYEMS,1995-01-01,2012-02-02,116378,2008-02-01
PAYEMS,1995-01-01,2013-01-31,116377,2012-02-03
PAYEMS,1995-01-01,2014-02-06,116414,2013-02-01
PAYEMS,1995-01-01,2015-02-05,116487,2014-02-07
PAYEMS,1995-01-01,2017-02-02,116488,2015-02-06
PAYEMS,1995-01-01,2018-02-01,116492,2017-02-03
PAYEMS,1995-01-01,2019-01-31,116495,2018-02-02
PAYEMS,1995-01-01,2020-02-06,116508,2019-02-01
PAYEMS,1995-01-01,2023-02-02,116501,2020-02-07
PAYEMS,1995-01-01,2025-02-06,116504,2023-02-03
PAYEMS,1995-01-01,2026-07-31,116505,2025-02-07
PAYEMS,1995-02-01,1995-04-06,115607,1995-03-10
PAYEMS,1995-02-01,1995-05-04,115627,1995-04-07
PAYEMS,1995-02-01,1995-06-01,115637,1995-05-05
PAYEMS,1995-02-01,1996-06-06,116123,1995-06-02
PAYEMS,1995-02-01,1997-06-05,116502,1996-06-07
PAYEMS,1995-02-01,1998-06-04,116517,1997-06-06
PAYEMS,1995-02-01,1999-06-03,116511,1998-06-05
PAYEMS,1995-02-01,2000-06-01,116521,1999-06-04
PAYEMS,1995-02-01,2003-06-05,116523,2000-06-02
PAYEMS,1995-02-01,2008-01-31,116588,2003-06-06
PAYEMS,1995-02-01,2013-01-31,116587,2008-02-01
PAYEMS,1995-02-01,2014-02-06,116621,2013-02-01
PAYEMS,1995-02-01,2016-02-04,116691,2014-02-07
PAYEMS,1995-02-01,2017-02-02,116692,2016-02-05
PAYEMS,1995-02-01,2019-01-31,116693,2017-02-03
PAYEMS,1995-02-01,2020-02-06,116702,2019-02-01
PAYEMS,1995-02-01,2023-02-02,116697,2020-02-07
PAYEMS,1995-02-01,2024-02-01,116692,2023-02-03
PAYEMS,1995-02-01,2025-02-06,116693,2024-02-02
PAYEMS,1995-02-01,2026-07-31,116694,2025-02-07
PAYEMS,1995-03-01,1995-05-04,115830,1995-04-07
PAYEMS,1995-03-01,1995-06-01,115814,1995-05-05
PAYEMS,1995-03-01,1996-06-06,116302,1995-06-02
PAYEMS,1995-03-01,1997-06-05,116701,1996-06-07
PAYEMS,1995-03-01,1998-06-04,116694,1997-06-06
PAYEMS,1995-03-01,1999-06-03,116682,1998-06-05
PAYEMS,1995-03-01,2000-06-01,116687,1999-06-04
PAYEMS,1995-03-01,2003-06-05,116679,2000-06-02
PAYEMS,1995-03-01,2008-01-31,116808,2003-06-06
PAYEMS,1995-03-01,2012-02-02,116809,2008-02-01
PAYEMS,1995-03-01,2013-01-31,116810,2012-02-03
PAYEMS,1995-03-01,2014-02-06,116844,2013-02-01
PAYEMS,1995-03-01,2017-02-02,116913,2014-02-07
PAYEMS,1995-03-01,2019-01-31,116912,2017-02-03
PAYEMS,1995-03-01,2020-02-06,116913,2019-02-01
PAYEMS,1995-03-01,2025-02-06,116907,2020-02-07
PAYEMS,1995-03-01,2026-07-31,116908,2025-02-07
PAYEMS,1995-04-01,1995-06-01,115805,1995-05-05
PAYEMS,1995-04-01,1995-07-06,116295,1995-06-02
PAYEMS,1995-04-01,1996-06-06,116310,1995-07-07
PAYEMS,1995-04-01,1997-06-05,116861,1996-06-07
PAYEMS,1995-04-01,1998-06-04,116891,1997-06-06
PAYEMS,1995-04-01,1999-06-03,116871,1998-06-05
PAYEMS,1995-04-01,2003-06-05,116864,1999-06-04
PAYEMS,1995-04-01,2012-02-02,116971,2003-06-06
PAYEMS,1995-04-01,2013-01-31,116970,2012-02-03
PAYEMS,1995-04-01,2014-02-06,117005,2013-02-01
PAYEMS,1995-04-01,2018-02-01,117075,2014-02-07
PAYEMS,1995-04-01,2019-01-31,117074,2018-02-02
PAYEMS,1995-04-01,2020-02-06,117076,2019-02-01
PAYEMS,1995-04-01,2023-02-02,117069,2020-02-07
PAYEMS,1995-04-01,2026-02-10,117065,2023-02-03
PAYEMS,1995-04-01,2026-07-31,117066,2026-02-11
PAYEMS,1995-05-01,1995-07-06,116194,1995-06-02
PAYEMS,1995-05-01,1995-08-03,116264,1995-07-07
PAYEMS,1995-05-01,1996-06-06,116248,1995-08-04
PAYEMS,1995-05-01,1997-06-05,116907,1996-06-07
PAYEMS,1995-05-01,1998-06-04,116855,1997-06-06
PAYEMS,1995-05-01,1999-06-03,116868,1998-06-05
PAYEMS,1995-05-01,2000-06-01,116841,1999-06-04
PAYEMS,1995-05-01,2003-06-05,116830,2000-06-02
PAYEMS,1995-05-01,2008-01-31,116962,2003-06-06
PAYEMS,1995-05-01,2012-02-02,116955,2008-02-01
PAYEMS,1995-05-01,2013-01-31,116954,2012-02-03
PAYEMS,1995-05-01,2014-02-06,116991,2013-02-01
PAYEMS,1995-05-01,2016-02-04,117059,2014-02-07
PAYEMS,1995-05-01,2017-02-02,117060,2016-02-05
PAYEMS,1995-05-01,2018-02-01,117059,2017-02-03
PAYEMS,1995-05-01,2019-01-31,117057,2018-02-02
PAYEMS,1995-05-01,2020-02-06,117056,2019-02-01
PAYEMS,1995-05-01,2023-02-02,117049,2020-02-07
PAYEMS,1995-05-01,2025-02-06,117050,2023-02-03
PAYEMS,1995-05-01,2026-02-10,117047,2025-02-07
PAYEMS,1995-05-01,2026-07-31,117046,2026-02-11
PAYEMS,1995-06-01,1995-08-03,116479,1995-07-07
PAYEMS,1995-06-01,1995-08-31,116498,1995-08-04
PAYEMS,1995-06-01,1996-06-06,116547,1995-09-01
PAYEMS,1995-06-01,1997-06-05,117100,1996-06-07
PAYEMS,1995-06-01,1998-06-04,117064,1997-06-06
PAYEMS,1995-06-01,1999-06-03,117059,1998-06-05
PAYEMS,1995-06-01,2000-06-01,117050,1999-06-04
PAYEMS,1995-06-01,2003-06-05,117024,2000-06-02
PAYEMS,1995-06-01,2008-01-31,117189,2003-06-06
PAYEMS,1995-06-01,2013-01-31,117186,2008-02-01
PAYEMS,1995-06-01,2014-02-06,117223,2013-02-01
PAYEMS,1995-06-01,2017-02-02,117294,2014-02-07
PAYEMS,1995-06-01,2018-02-01,117293,2017-02-03
PAYEMS,1995-06-01,2019-01-31,117297,2018-02-02
PAYEMS,1995-06-01,2020-02-06,117293,2019-02-01
PAYEMS,1995-06-01,2023-02-02,117286,2020-02-07
PAYEMS,1995-06-01,2024-02-01,117285,2023-02-03
PAYEMS,1995-06-01,2025-02-06,117286,2024-02-02
PAYEMS,1995-06-01,2026-07-31,117291,2025-02-07
PAYEMS,1995-07-01,1995-10-05,116553,1995-08-04
PAYEMS,1995-07-01,1996-06-06,116575,1995-10-06
PAYEMS,1995-07-01,1997-06-05,117201,1996-06-07
PAYEMS,1995-07-01,1998-06-04,117142,1997-06-06
PAYEMS,1995-07-01,1999-06-03,117130,1998-06-05
PAYEMS,1995-07-01,2000-06-01,117137,1999-06-04
PAYEMS,1995-07-01,2003-06-05,117138,2000-06-02
PAYEMS,1995-07-01,2008-01-31,117260,2003-06-06
PAYEMS,1995-07-01,2013-01-31,117265,2008-02-01
PAYEMS,1995-07-01,2014-02-06,117302,2013-02-01
PAYEMS,1995-07-01,2015-02-05,117395,2014-02-07
PAYEMS,1995-07-01,2016-02-04,117396,2015-02-06
PAYEMS,1995-07-01,2017-02-02,117390,2016-02-05
PAYEMS,1995-07-01,2019-01-31,117389,2017-02-03
PAYEMS,1995-07-01,2020-02-06,117386,2019-02-01
PAYEMS,1995-07-01,2023-02-02,117380,2020-02-07
PAYEMS,1995-07-01,2025-02-06,117377,2023-02-03
PAYEMS,1995-07-01,2026-07-31,117382,2025-02-07
PAYEMS,1995-08-01,1995-10-05,116802,1995-09-01
PAYEMS,1995-08-01,1995-11-02,116837,1995-10-06
PAYEMS,1995-08-01,1996-06-06,116838,1995-11-03
PAYEMS,1995-08-01,1997-06-05,117499,1996-06-07
PAYEMS,1995-08-01,1998-06-04,117465,1997-06-06
PAYEMS,1995-08-01,1999-06-03,117431,1998-06-05
PAYEMS,1995-08-01,2000-06-01,117449,1999-06-04
PAYEMS,1995-08-01,2003-06-05,117444,2000-06-02
PAYEMS,1995-08-01,2008-01-31,117538,2003-06-06
PAYEMS,1995-08-01,2012-02-02,117536,2008-02-01
PAYEMS,1995-08-01,2013-01-31,117537,2012-02-03
PAYEMS,1995-08-01,2014-02-06,117577,2013-02-01
PAYEMS,1995-08-01,2016-02-04,117644,2014-02-07
PAYEMS,1995-08-01,2017-02-02,117643,2016-02-05
PAYEMS,1995-08-01,2018-02-01,117644,2017-02-03
PAYEMS,1995-08-01,2019-01-31,117641,2018-02-02
PAYEMS,1995-08-01,2020-02-06,117642,2019-02-01
PAYEMS,1995-08-01,2023-02-02,117634,2020-02-07
PAYEMS,1995-08-01,2025-02-06,117639,2023-02-03
PAYEMS,1995-08-01,2026-07-31,117646,2025-02-07
PAYEMS,1995-09-01,1995-11-02,116958,1995-10-06
PAYEMS,1995-09-01,1995-12-07,116888,1995-11-03
PAYEMS,1995-09-01,1996-06-06,116932,1995-12-08
PAYEMS,1995-09-01,1997-06-05,117623,1996-06-07
PAYEMS,1995-09-01,1998-06-04,117636,1997-06-06
PAYEMS,1995-09-01,1999-06-03,117646,1998-06-05
PAYEMS,1995-09-01,2000-06-01,117648,1999-06-04
PAYEMS,1995-09-01,2003-06-05,117664,2000-06-02
PAYEMS,1995-09-01,2008-01-31,117777,2003-06-06
PAYEMS,1995-09-01,2013-01-31,117781,2008-02-01
PAYEMS,1995-09-01,2014-02-06,117821,2013-02-01
PAYEMS,1995-09-01,2015-02-05,117885,2014-02-07
PAYEMS,1995-09-01,2016-02-04,117886,2015-02-06
PAYEMS,1995-09-01,2017-02-02,117887,2016-02-05
PAYEMS,1995-09-01,2018-02-01,117888,2017-02-03
PAYEMS,1995-09-01,2019-01-31,117893,2018-02-02
PAYEMS,1995-09-01,2020-02-06,117881,2019-02-01
PAYEMS,1995-09-01,2023-02-02,117875,2020-02-07
PAYEMS,1995-09-01,2025-02-06,117880,2023-02-03
PAYEMS,1995-09-01,2026-07-31,117873,2025-02-07
PAYEMS,1995-10-01,1995-12-07,117004,1995-11-03
PAYEMS,1995-10-01,1996-01-18,116998,1995-12-08
PAYEMS,1995-10-01,1996-06-06,117000,1996-01-19
PAYEMS,1995-10-01,1997-06-05,117749,1996-06-07
PAYEMS,1995-10-01,1998-06-04,117775,1997-06-06
PAYEMS,1995-10-01,1999-06-03,117767,1998-06-05
PAYEMS,1995-10-01,2000-06-01,117784,1999-06-04
PAYEMS,1995-10-01,2003-06-05,117789,2000-06-02
PAYEMS,1995-10-01,2008-01-31,117926,2003-06-06
PAYEMS,1995-10-01,2012-02-02,117928,2008-02-01
PAYEMS,1995-10-01,2013-01-31,117927,2012-02-03
PAYEMS,1995-10-01,2014-02-06,117971,2013-02-01
PAYEMS,1995-10-01,2015-02-05,118041,2014-02-07
PAYEMS,1995-10-01,2017-02-02,118040,2015-02-06
PAYEMS,1995-10-01,2018-02-01,118039,2017-02-03
PAYEMS,1995-10-01,2019-01-31,118045,2018-02-02
PAYEMS,1995-10-01,2020-02-06,118038,2019-02-01
PAYEMS,1995-10-01,2023-02-02,118031,2020-02-07
PAYEMS,1995-10-01,2025-02-06,118029,2023-02-03
PAYEMS,1995-10-01,2026-07-31,118026,2025-02-07
PAYEMS,1995-11-01,1996-02-01,117164,1995-12-08
PAYEMS,1995-11-01,1996-06-06,117212,1996-02-02
PAYEMS,1995-11-01,1997-06-05,117899,1996-06-07
PAYEMS,1995-11-01,1998-06-04,117951,1997-06-06
PAYEMS,1995-11-01,1999-06-03,117934,1998-06-05
PAYEMS,1995-11-01,2000-06-01,117942,1999-06-04
PAYEMS,1995-11-01,2003-06-05,117946,2000-06-02
PAYEMS,1995-11-01,2008-01-31,118070,2003-06-06
PAYEMS,1995-11-01,2013-01-31,118076,2008-02-01
PAYEMS,1995-11-01,2014-02-06,118119,2013-02-01
PAYEMS,1995-11-01,2017-02-02,118189,2014-02-07
PAYEMS,1995-11-01,2018-02-01,118188,2017-02-03
PAYEMS,1995-11-01,2019-01-31,118191,2018-02-02
PAYEMS,1995-11-01,2020-02-06,118182,2019-02-01
PAYEMS,1995-11-01,2023-02-02,118175,2020-02-07
PAYEMS,1995-11-01,2025-02-06,118168,2023-02-03
PAYEMS,1995-11-01,2026-07-31,118165,2025-02-07
PAYEMS,1995-12-01,1996-02-01,117315,1996-01-19
PAYEMS,1995-12-01,1996-03-07,117373,1996-02-02
PAYEMS,1995-12-01,1996-06-06,117357,1996-03-08
PAYEMS,1995-12-01,1997-06-05,118136,1996-06-07
PAYEMS,1995-12-01,1998-06-04,118120,1997-06-06
PAYEMS,1995-12-01,1999-06-03,118102,1998-06-05
PAYEMS,1995-12-01,2000-06-01,118087,1999-06-04
PAYEMS,1995-12-01,2003-06-05,118118,2000-06-02
PAYEMS,1995-12-01,2008-01-31,118210,2003-06-06
PAYEMS,1995-12-01,2012-02-02,118207,2008-02-01
PAYEMS,1995-12-01,2013-01-31,118208,2012-02-03
PAYEMS,1995-12-01,2014-02-06,118251,2013-02-01
PAYEMS,1995-12-01,2015-02-05,118321,2014-02-07
PAYEMS,1995-12-01,2018-02-01,118322,2015-02-06
PAYEMS,1995-12-01,2019-01-31,118323,2018-02-02
PAYEMS,1995-12-01,2020-02-06,118328,2019-02-01
PAYEMS,1995-12-01,2023-02-02,118320,2020-02-07
PAYEMS,1995-12-01,2026-07-31,118325,2023-02-03
PAYEMS,1996-01-01,1996-03-07,117172,1996-02-02
PAYEMS,1996-01-01,1996-04-04,117169,1996-03-08
PAYEMS,1996-01-01,1996-06-06,117211,1996-04-05
PAYEMS,1996-01-01,1997-06-05,118070,1996-06-07
PAYEMS,1996-01-01,1998-06-04,118058,1997-06-06
PAYEMS,1996-01-01,1999-06-03,118054,1998-06-05
PAYEMS,1996-01-01,2000-06-01,118080,1999-06-04
PAYEMS,1996-01-01,2001-05-31,118049,2000-06-02
PAYEMS,1996-01-01,2003-06-05,118031,2001-06-01
PAYEMS,1996-01-01,2008-01-31,118192,2003-06-06
PAYEMS,1996-01-01,2012-02-02,118188,2008-02-01
PAYEMS,1996-01-01,2013-01-31,118187,2012-02-03
PAYEMS,1996-01-01,2014-02-06,118229,2013-02-01
PAYEMS,1996-01-01,2017-02-02,118303,2014-02-07
PAYEMS,1996-01-01,2018-02-01,118307,2017-02-03
PAYEMS,1996-01-01,2019-01-31,118310,2018-02-02
PAYEMS,1996-01-01,2020-02-06,118323,2019-02-01
PAYEMS,1996-01-01,2023-02-02,118316,2020-02-07
PAYEMS,1996-01-01,2025-02-06,118318,2023-02-03
PAYEMS,1996-01-01,2026-07-31,118317,2025-02-07
PAYEMS,1996-02-01,1996-04-04,117874,1996-03-08
PAYEMS,1996-02-01,1996-05-02,117835,1996-04-05
PAYEMS,1996-02-01,1996-06-06,117842,1996-05-03
PAYEMS,1996-02-01,1997-06-05,118579,1996-06-07
PAYEMS,1996-02-01,1998-06-04,118550,1997-06-06
PAYEMS,1996-02-01,1999-06-03,118533,1998-06-05
PAYEMS,1996-02-01,2000-06-01,118534,1999-06-04
PAYEMS,1996-02-01,2001-05-31,118538,2000-06-02
PAYEMS,1996-02-01,2003-06-05,118501,2001-06-01
PAYEMS,1996-02-01,2008-01-31,118627,2003-06-06
PAYEMS,1996-02-01,2012-02-02,118622,2008-02-01
PAYEMS,1996-02-01,2013-01-31,118621,2012-02-03
PAYEMS,1996-02-01,2014-02-06,118664,2013-02-01
PAYEMS,1996-02-01,2015-02-05,118735,2014-02-07
PAYEMS,1996-02-01,2016-02-04,118734,2015-02-06
PAYEMS,1996-02-01,2017-02-02,118735,2016-02-05
PAYEMS,1996-02-01,2018-02-01,118736,2017-02-03
PAYEMS,1996-02-01,2019-01-31,118735,2018-02-02
PAYEMS,1996-02-01,2020-02-06,118744,2019-02-01
PAYEMS,1996-02-01,2023-02-02,118739,2020-02-07
PAYEMS,1996-02-01,2025-02-06,118734,2023-02-03
PAYEMS,1996-02-01,2026-02-10,118737,2025-02-07
PAYEMS,1996-02-01,2026-07-31,118738,2026-02-11
PAYEMS,1996-03-01,1996-05-02,117975,1996-04-05
PAYEMS,1996-03-01,1996-06-06,118020,1996-05-03
PAYEMS,1996-03-01,1996-10-03,118737,1996-06-07
PAYEMS,1996-03-01,1997-06-05,118750,1996-10-04
PAYEMS,1996-03-01,1998-06-04,118804,1997-06-06
PAYEMS,1996-03-01,1999-06-03,118789,1998-06-05
PAYEMS,1996-03-01,2000-06-01,118795,1999-06-04
PAYEMS,1996-03-01,2001-05-31,118774,2000-06-02
PAYEMS,1996-03-01,2003-06-05,118767,2001-06-01
PAYEMS,1996-03-01,2008-01-31,118882,2003-06-06
PAYEMS,1996-03-01,2013-01-31,118885,2008-02-01
PAYEMS,1996-03-01,2014-02-06,118928,2013-02-01
PAYEMS,1996-03-01,2016-02-04,119001,2014-02-07
PAYEMS,1996-03-01,2017-02-02,119002,2016-02-05
PAYEMS,1996-03-01,2018-02-01,119001,2017-02-03
PAYEMS,1996-03-01,2019-01-31,119000,2018-02-02
PAYEMS,1996-03-01,2020-02-06,119001,2019-02-01
PAYEMS,1996-03-01,2023-02-02,118993,2020-02-07
PAYEMS,1996-03-01,2025-02-06,118990,2023-02-03
PAYEMS,1996-03-01,2026-07-31,118992,2025-02-07
PAYEMS,1996-04-01,1996-06-06,118022,1996-05-03
PAYEMS,1996-04-01,1996-07-04,118900,1996-06-07
PAYEMS,1996-04-01,1996-10-03,118928,1996-07-05
PAYEMS,1996-04-01,1997-06-05,118922,1996-10-04
PAYEMS,1996-04-01,1998-06-04,118966,1997-06-06
PAYEMS,1996-04-01,1999-06-03,118969,1998-06-05
PAYEMS,1996-04-01,2000-06-01,118958,1999-06-04
PAYEMS,1996-04-01,2001-05-31,118949,2000-06-02
PAYEMS,1996-04-01,2003-06-05,118925,2001-06-01
PAYEMS,1996-04-01,2008-01-31,119047,2003-06-06
PAYEMS,1996-04-01,2012-02-02,119046,2008-02-01
PAYEMS,1996-04-01,2013-01-31,119045,2012-02-03
PAYEMS,1996-04-01,2014-02-06,119090,2013-02-01
PAYEMS,1996-04-01,2019-01-31,119165,2014-02-07
PAYEMS,1996-04-01,2020-02-06,119168,2019-02-01
PAYEMS,1996-04-01,2023-02-02,119158,2020-02-07
PAYEMS,1996-04-01,2025-02-06,119156,2023-02-03
PAYEMS,1996-04-01,2026-07-31,119158,2025-02-07
PAYEMS,1996-05-01,1996-07-04,119248,1996-06-07
PAYEMS,1996-05-01,1996-08-01,119293,1996-07-05
PAYEMS,1996-05-01,1996-10-03,119335,1996-08-02
PAYEMS,1996-05-01,1997-06-05,119332,1996-10-04
PAYEMS,1996-05-01,1998-06-04,119263,1997-06-06
PAYEMS,1996-05-01,1999-06-03,119300,1998-06-05
PAYEMS,1996-05-01,2000-06-01,119288,1999-06-04
PAYEMS,1996-05-01,2001-05-31,119293,2000-06-02
PAYEMS,1996-05-01,2003-06-05,119269,2001-06-01
PAYEMS,1996-05-01,2008-01-31,119376,2003-06-06
PAYEMS,1996-05-01,2012-02-02,119369,2008-02-01
PAYEMS,1996-05-01,2013-01-31,119368,2012-02-03
PAYEMS,1996-05-01,2014-02-06,119413,2013-02-01
PAYEMS,1996-05-01,2015-02-05,119485,2014-02-07
PAYEMS,1996-05-01,2016-02-04,119486,2015-02-06
PAYEMS,1996-05-01,2017-02-02,119487,2016-02-05
PAYEMS,1996-05-01,2018-02-01,119488,2017-02-03
PAYEMS,1996-05-01,2019-01-31,119491,2018-02-02
PAYEMS,1996-05-01,2020-02-06,119496,2019-02-01
PAYEMS,1996-05-01,2023-02-02,119486,2020-02-07
PAYEMS,1996-05-01,2025-02-06,119489,2023-02-03
PAYEMS,1996-05-01,2026-02-10,119496,2025-02-07
PAYEMS,1996-05-01,2026-07-31,119497,2026-02-11
PAYEMS,1996-06-01,1996-08-01,119532,1996-07-05
PAYEMS,1996-06-01,1996-09-05,119555,1996-08-02
PAYEMS,1996-06-01,1996-10-03,119554,1996-09-06
PAYEMS,1996-06-01,1997-06-05,119537,1996-10-04
PAYEMS,1996-06-01,1998-06-04,119516,1997-06-06
PAYEMS,1996-06-01,1999-06-03,119549,1998-06-05
PAYEMS,1996-06-01,2000-06-01,119535,1999-06-04
PAYEMS,1996-06-01,2001-05-31,119557,2000-06-02
PAYEMS,1996-06-01,2003-06-05,119546,2001-06-01
PAYEMS,1996-06-01,2013-01-31,119647,2003-06-06
PAYEMS,1996-06-01,2014-02-06,119694,2013-02-01
PAYEMS,1996-06-01,2017-02-02,119774,2014-02-07
PAYEMS,1996-06-01,2018-02-01,119773,2017-02-03
PAYEMS,1996-06-01,2019-01-31,119772,2018-02-02
PAYEMS,1996-06-01,2020-02-06,119778,2019-02-01
PAYEMS,1996-06-01,2023-02-02,119769,2020-02-07
PAYEMS,1996-06-01,2026-07-31,119770,2023-02-03
PAYEMS,1996-07-01,1996-09-05,119748,1996-08-02
PAYEMS,1996-07-01,1996-10-03,119782,1996-09-06
PAYEMS,1996-07-01,1997-06-05,119772,1996-10-04
PAYEMS,1996-07-01,1998-06-04,119691,1997-06-06
PAYEMS,1996-07-01,1999-06-03,119741,1998-06-05
PAYEMS,1996-07-01,2000-06-01,119742,1999-06-04
PAYEMS,1996-07-01,2001-05-31,119753,2000-06-02
PAYEMS,1996-07-01,2003-06-05,119754,2001-06-01
PAYEMS,1996-07-01,2008-01-31,119875,2003-06-06
PAYEMS,1996-07-01,2013-01-31,119879,2008-02-01
PAYEMS,1996-07-01,2014-02-06,119928,2013-02-01
PAYEMS,1996-07-01,2015-02-05,120029,2014-02-07
PAYEMS,1996-07-01,2016-02-04,120030,2015-02-06
PAYEMS,1996-07-01,2019-01-31,120023,2016-02-05
PAYEMS,1996-07-01,2020-02-06,120020,2019-02-01
PAYEMS,1996-07-01,2024-02-01,120015,2020-02-07
PAYEMS,1996-07-01,2025-02-06,120016,2024-02-02
PAYEMS,1996-07-01,2026-07-31,120019,2025-02-07
PAYEMS,1996-08-01,1996-10-03,120032,1996-09-06
PAYEMS,1996-08-01,1996-10-31,120029,1996-10-04
PAYEMS,1996-08-01,1997-06-05,120052,1996-11-01
PAYEMS,1996-08-01,1998-06-04,119983,1997-06-06
PAYEMS,1996-08-01,1999-06-03,120024,1998-06-05
PAYEMS,1996-08-01,2000-06-01,120020,1999-06-04
PAYEMS,1996-08-01,2001-05-31,120031,2000-06-02
PAYEMS,1996-08-01,2003-06-05,120041,2001-06-01
PAYEMS,1996-08-01,2008-01-31,120078,2003-06-06
PAYEMS,1996-08-01,2012-02-02,120075,2008-02-01
PAYEMS,1996-08-01,2013-01-31,120076,2012-02-03
PAYEMS,1996-08-01,2014-02-06,120127,2013-02-01
PAYEMS,1996-08-01,2017-02-02,120202,2014-02-07
PAYEMS,1996-08-01,2018-02-01,120203,2017-02-03
PAYEMS,1996-08-01,2019-01-31,120208,2018-02-02
PAYEMS,1996-08-01,2020-02-06,120207,2019-02-01
PAYEMS,1996-08-01,2023-02-02,120199,2020-02-07
PAYEMS,1996-08-01,2025-02-06,120201,2023-02-03
PAYEMS,1996-08-01,2026-07-31,120198,2025-02-07
PAYEMS,1996-09-01,1996-10-31,119989,1996-10-04
PAYEMS,1996-09-01,1996-12-05,120017,1996-11-01
PAYEMS,1996-09-01,1997-06-05,120050,1996-12-06
PAYEMS,1996-09-01,1998-06-04,120019,1997-06-06
PAYEMS,1996-09-01,1999-06-03,120157,1998-06-05
PAYEMS,1996-09-01,2000-06-01,120172,1999-06-04
PAYEMS,1996-09-01,2001-05-31,120182,2000-06-02
PAYEMS,1996-09-01,2003-06-05,120172,2001-06-01
PAYEMS,1996-09-01,2008-01-31,120296,2003-06-06
PAYEMS,1996-09-01,2013-01-31,120295,2008-02-01
PAYEMS,1996-09-01,2014-02-06,120347,2013-02-01
PAYEMS,1996-09-01,2018-02-01,120427,2014-02-07
PAYEMS,1996-09-01,2019-01-31,120421,2018-02-02
PAYEMS,1996-09-01,2020-02-06,120418,2019-02-01
PAYEMS,1996-09-01,2023-02-02,120410,2020-02-07
PAYEMS,1996-09-01,2025-02-06,120402,2023-02-03
PAYEMS,1996-09-01,2026-07-31,120400,2025-02-07
PAYEMS,1996-10-01,1996-12-05,120227,1996-11-01
PAYEMS,1996-10-01,1997-01-09,120274,1996-12-06
PAYEMS,1996-10-01,1997-06-05,120311,1997-01-10
PAYEMS,1996-10-01,1998-06-04,120248,1997-06-06
PAYEMS,1996-10-01,1999-06-03,120382,1998-06-05
PAYEMS,1996-10-01,2000-06-01,120413,1999-06-04
PAYEMS,1996-10-01,2001-05-31,120430,2000-06-02
PAYEMS,1996-10-01,2003-06-05,120439,2001-06-01
PAYEMS,1996-10-01,2008-01-31,120534,2003-06-06
PAYEMS,1996-10-01,2013-01-31,120538,2008-02-01
PAYEMS,1996-10-01,2014-02-06,120594,2013-02-01
PAYEMS,1996-10-01,2017-02-02,120677,2014-02-07
PAYEMS,1996-10-01,2018-02-01,120676,2017-02-03
PAYEMS,1996-10-01,2019-01-31,120682,2018-02-02
PAYEMS,1996-10-01,2020-02-06,120674,2019-02-01
PAYEMS,1996-10-01,2023-02-02,120665,2020-02-07
PAYEMS,1996-10-01,2025-02-06,120663,2023-02-03
PAYEMS,1996-10-01,2026-07-31,120665,2025-02-07
PAYEMS,1996-11-01,1997-01-09,120392,1996-12-06
PAYEMS,1996-11-01,1997-02-06,120438,1997-01-10
PAYEMS,1996-11-01,1997-06-05,120492,1997-02-07
PAYEMS,1996-11-01,1998-06-04,120450,1997-06-06
PAYEMS,1996-11-01,1999-06-03,120683,1998-06-05
PAYEMS,1996-11-01,2000-06-01,120698,1999-06-04
PAYEMS,1996-11-01,2001-05-31,120696,2000-06-02
PAYEMS,1996-11-01,2003-06-05,120711,2001-06-01
PAYEMS,1996-11-01,2008-01-31,120826,2003-06-06
PAYEMS,1996-11-01,2013-01-31,120834,2008-02-01
PAYEMS,1996-11-01,2014-02-06,120893,2013-02-01
PAYEMS,1996-11-01,2015-02-05,120976,2014-02-07
PAYEMS,1996-11-01,2016-02-04,120975,2015-02-06
PAYEMS,1996-11-01,2017-02-02,120976,2016-02-05
PAYEMS,1996-11-01,2018-02-01,120975,2017-02-03
PAYEMS,1996-11-01,2019-01-31,120977,2018-02-02
PAYEMS,1996-11-01,2020-02-06,120969,2019-02-01
PAYEMS,1996-11-01,2023-02-02,120961,2020-02-07
PAYEMS,1996-11-01,2025-02-06,120949,2023-02-03
PAYEMS,1996-11-01,2026-07-31,120947,2025-02-07
PAYEMS,1996-12-01,1997-02-06,120700,1997-01-10
PAYEMS,1996-12-01,1997-03-06,120753,1997-02-07
PAYEMS,1996-12-01,1997-06-05,120723,1997-03-07
PAYEMS,1996-12-01,1998-06-04,120659,1997-06-06
PAYEMS,1996-12-01,1999-06-03,120901,1998-06-05
PAYEMS,1996-12-01,2000-06-01,120893,1999-06-04
PAYEMS,1996-12-01,2001-05-31,120913,2000-06-02
PAYEMS,1996-12-01,2003-06-05,120916,2001-06-01
PAYEMS,1996-12-01,2008-01-31,121003,2003-06-06
PAYEMS,1996-12-01,2012-02-02,121001,2008-02-01
PAYEMS,1996-12-01,2013-01-31,121002,2012-02-03
PAYEMS,1996-12-01,2014-02-06,121061,2013-02-01
PAYEMS,1996-12-01,2016-02-04,121146,2014-02-07
PAYEMS,1996-12-01,2017-02-02,121147,2016-02-05
PAYEMS,1996-12-01,2018-02-01,121146,2017-02-03
PAYEMS,1996-12-01,2019-01-31,121148,2018-02-02
PAYEMS,1996-12-01,2020-02-06,121152,2019-02-01
PAYEMS,1996-12-01,2023-02-02,121143,2020-02-07
PAYEMS,1996-12-01,2025-02-06,121145,2023-02-03
PAYEMS,1996-12-01,2026-07-31,121143,2025-02-07
PAYEMS,1997-01-01,1997-03-06,121024,1997-02-07
PAYEMS,1997-01-01,1997-04-03,120970,1997-03-07
PAYEMS,1997-01-01,1997-06-05,120982,1997-04-04
PAYEMS,1997-01-01,1998-06-04,120909,1997-06-06
PAYEMS,1997-01-01,1999-06-03,121146,1998-06-05
PAYEMS,1997-01-01,2000-06-01,121131,1999-06-04
PAYEMS,1997-01-01,2001-05-31,121116,2000-06-02
PAYEMS,1997-01-01,2002-06-06,121108,2001-06-01
PAYEMS,1997-01-01,2003-06-05,121095,2002-06-07
PAYEMS,1997-01-01,2008-01-31,121232,2003-06-06
PAYEMS,1997-01-01,2012-02-02,121231,2008-02-01
PAYEMS,1997-01-01,2013-01-31,121233,2012-02-03
PAYEMS,1997-01-01,2014-02-06,121293,2013-02-01
PAYEMS,1997-01-01,2015-02-05,121382,2014-02-07
PAYEMS,1997-01-01,2017-02-02,121381,2015-02-06
PAYEMS,1997-01-01,2019-01-31,121379,2017-02-03
PAYEMS,1997-01-01,2020-02-06,121372,2019-02-01
PAYEMS,1997-01-01,2025-02-06,121363,2020-02-07
PAYEMS,1997-01-01,2026-02-10,121357,2025-02-07
PAYEMS,1997-01-01,2026-07-31,121356,2026-02-11
PAYEMS,1997-02-01,1997-04-03,121309,1997-03-07
PAYEMS,1997-02-01,1997-05-01,121275,1997-04-04
PAYEMS,1997-02-01,1997-06-05,121296,1997-05-02
PAYEMS,1997-02-01,1998-06-04,121162,1997-06-06
PAYEMS,1997-02-01,1999-06-03,121457,1998-06-05
PAYEMS,1997-02-01,2000-06-01,121427,1999-06-04
PAYEMS,1997-02-01,2001-05-31,121411,2000-06-02
PAYEMS,1997-02-01,2002-06-06,121423,2001-06-01
PAYEMS,1997-02-01,2003-06-05,121429,2002-06-07
PAYEMS,1997-02-01,2008-01-31,121526,2003-06-06
PAYEMS,1997-02-01,2013-01-31,121532,2008-02-01
PAYEMS,1997-02-01,2014-02-06,121595,2013-02-01
PAYEMS,1997-02-01,2018-02-01,121684,2014-02-07
PAYEMS,1997-02-01,2019-01-31,121687,2018-02-02
PAYEMS,1997-02-01,2020-02-06,121682,2019-02-01
PAYEMS,1997-02-01,2025-02-06,121675,2020-02-07
PAYEMS,1997-02-01,2026-02-10,121674,2025-02-07
PAYEMS,1997-02-01,2026-07-31,121673,2026-02-11
PAYEMS,1997-03-01,1997-05-01,121450,1997-04-04
PAYEMS,1997-03-01,1997-06-05,121435,1997-05-02
PAYEMS,1997-03-01,1998-06-04,121344,1997-06-06
PAYEMS,1997-03-01,1999-06-03,121779,1998-06-05
PAYEMS,1997-03-01,2000-06-01,121782,1999-06-04
PAYEMS,1997-03-01,2001-05-31,121758,2000-06-02
PAYEMS,1997-03-01,2002-06-06,121749,2001-06-01
PAYEMS,1997-03-01,2003-06-05,121744,2002-06-07
PAYEMS,1997-03-01,2008-01-31,121843,2003-06-06
PAYEMS,1997-03-01,2012-02-02,121844,2008-02-01
PAYEMS,1997-03-01,2013-01-31,121845,2012-02-03
PAYEMS,1997-03-01,2014-02-06,121910,2013-02-01
PAYEMS,1997-03-01,2017-02-02,122000,2014-02-07
PAYEMS,1997-03-01,2020-02-06,121999,2017-02-03
PAYEMS,1997-03-01,2023-02-02,121990,2020-02-07
PAYEMS,1997-03-01,2025-02-06,121989,2023-02-03
PAYEMS,1997-03-01,2026-07-31,121991,2025-02-07
PAYEMS,1997-04-01,1997-06-05,121577,1997-05-02
PAYEMS,1997-04-01,1997-07-02,121667,1997-06-06
PAYEMS,1997-04-01,1998-06-04,121671,1997-07-03
PAYEMS,1997-04-01,1999-06-03,122092,1998-06-05
PAYEMS,1997-04-01,2000-06-01,122065,1999-06-04
PAYEMS,1997-04-01,2001-05-31,122052,2000-06-02
PAYEMS,1997-04-01,2002-06-06,122025,2001-06-01
PAYEMS,1997-04-01,2003-06-05,122003,2002-06-07
PAYEMS,1997-04-01,2008-01-31,122134,2003-06-06
PAYEMS,1997-04-01,2013-01-31,122135,2008-02-01
PAYEMS,1997-04-01,2014-02-06,122201,2013-02-01
PAYEMS,1997-04-01,2015-02-05,122293,2014-02-07
PAYEMS,1997-04-01,2017-02-02,122292,2015-02-06
PAYEMS,1997-04-01,2019-01-31,122291,2017-02-03
PAYEMS,1997-04-01,2020-02-06,122296,2019-02-01
PAYEMS,1997-04-01,2023-02-02,122286,2020-02-07
PAYEMS,1997-04-01,2025-02-06,122284,2023-02-03
PAYEMS,1997-04-01,2026-02-10,122288,2025-02-07
PAYEMS,1997-04-01,2026-07-31,122289,2026-02-11
PAYEMS,1997-05-01,1997-07-02,121805,1997-06-06
PAYEMS,1997-05-01,1997-07-31,121837,1997-07-03
PAYEMS,1997-05-01,1998-06-04,121834,1997-08-01
PAYEMS,1997-05-01,1999-06-03,122325,1998-06-05
PAYEMS,1997-05-01,2000-06-01,122292,1999-06-04
PAYEMS,1997-05-01,2001-05-31,122311,2000-06-02
PAYEMS,1997-05-01,2002-06-06,122288,2001-06-01
PAYEMS,1997-05-01,2003-06-05,122253,2002-06-07
PAYEMS,1997-05-01,2008-01-31,122396,2003-06-06
PAYEMS,1997-05-01,2013-01-31,122391,2008-02-01
PAYEMS,1997-05-01,2014-02-06,122461,2013-02-01
PAYEMS,1997-05-01,2016-02-04,122551,2014-02-07
PAYEMS,1997-05-01,2018-02-01,122552,2016-02-05
PAYEMS,1997-05-01,2019-01-31,122554,2018-02-02
PAYEMS,1997-05-01,2020-02-06,122557,2019-02-01
PAYEMS,1997-05-01,2023-02-02,122546,2020-02-07
PAYEMS,1997-05-01,2025-02-06,122551,2023-02-03
PAYEMS,1997-05-01,2026-07-31,122560,2025-02-07
PAYEMS,1997-06-01,1997-07-31,122054,1997-07-03
PAYEMS,1997-06-01,1997-09-04,122062,1997-08-01
PAYEMS,1997-06-01,1998-06-04,122056,1997-09-05
PAYEMS,1997-06-01,1999-06-03,122534,1998-06-05
PAYEMS,1997-06-01,2000-06-01,122524,1999-06-04
PAYEMS,1997-06-01,2001-05-31,122537,2000-06-02
PAYEMS,1997-06-01,2002-06-06,122540,2001-06-01
PAYEMS,1997-06-01,2003-06-05,122537,2002-06-07
PAYEMS,1997-06-01,2008-01-31,122642,2003-06-06
PAYEMS,1997-06-01,2012-02-02,122644,2008-02-01
PAYEMS,1997-06-01,2013-01-31,122646,2012-02-03
PAYEMS,1997-06-01,2014-02-06,122718,2013-02-01
PAYEMS,1997-06-01,2019-01-31,122818,2014-02-07
PAYEMS,1997-06-01,2020-02-06,122825,2019-02-01
PAYEMS,1997-06-01,2023-02-02,122814,2020-02-07
PAYEMS,1997-06-01,2026-07-31,122816,2023-02-03
PAYEMS,1997-07-01,1997-09-04,122378,1997-08-01
PAYEMS,1997-07-01,1997-10-02,122421,1997-09-05
PAYEMS,1997-07-01,1998-06-04,122440,1997-10-03
PAYEMS,1997-07-01,1999-06-03,122811,1998-06-05
PAYEMS,1997-07-01,2000-06-01,122822,1999-06-04
PAYEMS,1997-07-01,2001-05-31,122833,2000-06-02
PAYEMS,1997-07-01,2002-06-06,122844,2001-06-01
PAYEMS,1997-07-01,2003-06-05,122843,2002-06-07
PAYEMS,1997-07-01,2008-01-31,122918,2003-06-06
PAYEMS,1997-07-01,2013-01-31,122927,2008-02-01
PAYEMS,1997-07-01,2014-02-06,123007,2013-02-01
PAYEMS,1997-07-01,2016-02-04,123131,2014-02-07
PAYEMS,1997-07-01,2018-02-01,123124,2016-02-05
PAYEMS,1997-07-01,2019-01-31,123121,2018-02-02
PAYEMS,1997-07-01,2020-02-06,123119,2019-02-01
PAYEMS,1997-07-01,2023-02-02,123111,2020-02-07
PAYEMS,1997-07-01,2025-02-06,123112,2023-02-03
PAYEMS,1997-07-01,2026-07-31,123114,2025-02-07
PAYEMS,1997-08-01,1997-10-02,122470,1997-09-05
PAYEMS,1997-08-01,1997-11-06,122480,1997-10-03
PAYEMS,1997-08-01,1998-06-04,122492,1997-11-07
PAYEMS,1997-08-01,2000-06-01,122894,1998-06-05
PAYEMS,1997-08-01,2001-05-31,122904,2000-06-02
PAYEMS,1997-08-01,2002-06-06,122924,2001-06-01
PAYEMS,1997-08-01,2003-06-05,122900,2002-06-07
PAYEMS,1997-08-01,2008-01-31,122911,2003-06-06
PAYEMS,1997-08-01,2012-02-02,122909,2008-02-01
PAYEMS,1997-08-01,2013-01-31,122911,2012-02-03
PAYEMS,1997-08-01,2014-02-06,122996,2013-02-01
PAYEMS,1997-08-01,2016-02-04,123092,2014-02-07
PAYEMS,1997-08-01,2018-02-01,123093,2016-02-05
PAYEMS,1997-08-01,2020-02-06,123099,2018-02-02
PAYEMS,1997-08-01,2023-02-02,123093,2020-02-07
PAYEMS,1997-08-01,2025-02-06,123092,2023-02-03
PAYEMS,1997-08-01,2026-02-10,123086,2025-02-07
PAYEMS,1997-08-01,2026-07-31,123087,2026-02-11
PAYEMS,1997-09-01,1997-11-06,122695,1997-10-03
PAYEMS,1997-09-01,1997-12-04,122761,1997-11-07
PAYEMS,1997-09-01,1998-06-04,122792,1997-12-05
PAYEMS,1997-09-01,1999-06-03,123280,1998-06-05
PAYEMS,1997-09-01,2000-06-01,123302,1999-06-04
PAYEMS,1997-09-01,2001-05-31,123335,2000-06-02
PAYEMS,1997-09-01,2002-06-06,123323,2001-06-01
PAYEMS,1997-09-01,2003-06-05,123358,2002-06-07
PAYEMS,1997-09-01,2012-02-02,123417,2003-06-06
PAYEMS,1997-09-01,2013-01-31,123418,2012-02-03
PAYEMS,1997-09-01,2014-02-06,123504,2013-02-01
PAYEMS,1997-09-01,2016-02-04,123604,2014-02-07
PAYEMS,1997-09-01,2017-02-02,123605,2016-02-05
PAYEMS,1997-09-01,2018-02-01,123604,2017-02-03
PAYEMS,1997-09-01,2019-01-31,123598,2018-02-02
PAYEMS,1997-09-01,2020-02-06,123594,2019-02-01
PAYEMS,1997-09-01,2023-02-02,123585,2020-02-07
PAYEMS,1997-09-01,2025-02-06,123577,2023-02-03
PAYEMS,1997-09-01,2026-07-31,123575,2025-02-07
PAYEMS,1997-10-01,1997-12-04,123045,1997-11-07
PAYEMS,1997-10-01,1998-01-08,123079,1997-12-05
PAYEMS,1997-10-01,1998-06-04,123083,1998-01-09
PAYEMS,1997-10-01,1999-06-03,123568,1998-06-05
PAYEMS,1997-10-01,2000-06-01,123626,1999-06-04
PAYEMS,1997-10-01,2001-05-31,123653,2000-06-02
PAYEMS,1997-10-01,2002-06-06,123668,2001-06-01
PAYEMS,1997-10-01,2003-06-05,123671,2002-06-07
PAYEMS,1997-10-01,2012-02-02,123756,2003-06-06
PAYEMS,1997-10-01,2013-01-31,123757,2012-02-03
PAYEMS,1997-10-01,2014-02-06,123844,2013-02-01
PAYEMS,1997-10-01,2017-02-02,123945,2014-02-07
PAYEMS,1997-10-01,2018-02-01,123946,2017-02-03
PAYEMS,1997-10-01,2019-01-31,123942,2018-02-02
PAYEMS,1997-10-01,2020-02-06,123940,2019-02-01
PAYEMS,1997-10-01,2023-02-02,123929,2020-02-07
PAYEMS,1997-10-01,2024-02-01,123924,2023-02-03
PAYEMS,1997-10-01,2025-02-06,123923,2024-02-02
PAYEMS,1997-10-01,2026-07-31,123924,2025-02-07
PAYEMS,1997-11-01,1998-01-08,123483,1997-12-05
PAYEMS,1997-11-01,1998-02-05,123495,1998-01-09
PAYEMS,1997-11-01,1998-06-04,123512,1998-02-06
PAYEMS,1997-11-01,1999-06-03,123944,1998-06-05
PAYEMS,1997-11-01,2000-06-01,123949,1999-06-04
PAYEMS,1997-11-01,2001-05-31,123945,2000-06-02
PAYEMS,1997-11-01,2002-06-06,123952,2001-06-01
PAYEMS,1997-11-01,2003-06-05,123954,2002-06-07
PAYEMS,1997-11-01,2008-01-31,124063,2003-06-06
PAYEMS,1997-11-01,2012-02-02,124059,2008-02-01
PAYEMS,1997-11-01,2013-01-31,124057,2012-02-03
PAYEMS,1997-11-01,2014-02-06,124148,2013-02-01
PAYEMS,1997-11-01,2017-02-02,124251,2014-02-07
PAYEMS,1997-11-01,2018-02-01,124250,2017-02-03
PAYEMS,1997-11-01,2019-01-31,124241,2018-02-02
PAYEMS,1997-11-01,2020-02-06,124246,2019-02-01
PAYEMS,1997-11-01,2023-02-02,124235,2020-02-07
PAYEMS,1997-11-01,2024-02-01,124229,2023-02-03
PAYEMS,1997-11-01,2025-02-06,124230,2024-02-02
PAYEMS,1997-11-01,2026-02-10,124226,2025-02-07
PAYEMS,1997-11-01,2026-07-31,124225,2026-02-11
PAYEMS,1997-12-01,1998-02-05,123865,1998-01-09
PAYEMS,1997-12-01,1998-03-05,123867,1998-02-06
PAYEMS,1997-12-01,1998-06-04,123866,1998-03-06
PAYEMS,1997-12-01,1999-06-03,124289,1998-06-05
PAYEMS,1997-12-01,2000-06-01,124263,1999-06-04
PAYEMS,1997-12-01,2001-05-31,124269,2000-06-02
PAYEMS,1997-12-01,2002-06-06,124271,2001-06-01
PAYEMS,1997-12-01,2003-06-05,124270,2002-06-07
PAYEMS,1997-12-01,2008-01-31,124361,2003-06-06
PAYEMS,1997-12-01,2012-02-02,124358,2008-02-01
PAYEMS,1997-12-01,2013-01-31,124357,2012-02-03
PAYEMS,1997-12-01,2014-02-06,124452,2013-02-01
PAYEMS,1997-12-01,2018-02-01,124554,2014-02-07
PAYEMS,1997-12-01,2020-02-06,124559,2018-02-02
PAYEMS,1997-12-01,2023-02-02,124549,2020-02-07
PAYEMS,1997-12-01,2025-02-06,124551,2023-02-03
PAYEMS,1997-12-01,2026-07-31,124549,2025-02-07
PAYEMS,1998-01-01,1998-03-05,124225,1998-02-06
PAYEMS,1998-01-01,1998-04-02,124241,1998-03-06
PAYEMS,1998-01-01,1998-06-04,124265,1998-04-03
PAYEMS,1998-01-01,1999-06-03,124640,1998-06-05
PAYEMS,1998-01-01,2000-06-01,124580,1999-06-04
PAYEMS,1998-01-01,2001-05-31,124559,2000-06-02
PAYEMS,1998-01-01,2002-06-06,124535,2001-06-01
PAYEMS,1998-01-01,2003-06-05,124529,2002-06-07
PAYEMS,1998-01-01,2008-01-31,124629,2003-06-06
PAYEMS,1998-01-01,2012-02-02,124628,2008-02-01
PAYEMS,1998-01-01,2013-01-31,124630,2012-02-03
PAYEMS,1998-01-01,2014-02-06,124725,2013-02-01
PAYEMS,1998-01-01,2017-02-02,124830,2014-02-07
PAYEMS,1998-01-01,2018-02-01,124828,2017-02-03
PAYEMS,1998-01-01,2019-01-31,124831,2018-02-02
PAYEMS,1998-01-01,2020-02-06,124823,2019-02-01
PAYEMS,1998-01-01,2023-02-02,124812,2020-02-07
PAYEMS,1998-01-01,2025-02-06,124813,2023-02-03
PAYEMS,1998-01-01,2026-07-31,124806,2025-02-07
PAYEMS,1998-02-01,1998-04-02,124551,1998-03-06
PAYEMS,1998-02-01,1998-05-07,124517,1998-04-03
PAYEMS,1998-02-01,1998-06-04,124524,1998-05-08
PAYEMS,1998-02-01,1999-06-03,124832,1998-06-05
PAYEMS,1998-02-01,2000-06-01,124773,1999-06-04
PAYEMS,1998-02-01,2001-05-31,124752,2000-06-02
PAYEMS,1998-02-01,2002-06-06,124743,2001-06-01
PAYEMS,1998-02-01,2003-06-05,124761,2002-06-07
PAYEMS,1998-02-01,2008-01-31,124814,2003-06-06
PAYEMS,1998-02-01,2012-02-02,124817,2008-02-01
PAYEMS,1998-02-01,2013-01-31,124818,2012-02-03
PAYEMS,1998-02-01,2014-02-06,124919,2013-02-01
PAYEMS,1998-02-01,2017-02-02,125026,2014-02-07
PAYEMS,1998-02-01,2018-02-01,125027,2017-02-03
PAYEMS,1998-02-01,2019-01-31,125029,2018-02-02
PAYEMS,1998-02-01,2020-02-06,125024,2019-02-01
PAYEMS,1998-02-01,2023-02-02,125016,2020-02-07
PAYEMS,1998-02-01,2024-02-01,125019,2023-02-03
PAYEMS,1998-02-01,2025-02-06,125018,2024-02-02
PAYEMS,1998-02-01,2026-07-31,125017,2025-02-07
PAYEMS,1998-03-01,1998-05-07,124481,1998-04-03
PAYEMS,1998-03-01,1998-06-04,124500,1998-05-08
PAYEMS,1998-03-01,1999-06-03,124914,1998-06-05
PAYEMS,1998-03-01,2000-06-01,124961,1999-06-04
PAYEMS,1998-03-01,2001-05-31,124934,2000-06-02
PAYEMS,1998-03-01,2002-06-06,124912,2001-06-01
PAYEMS,1998-03-01,2003-06-05,124903,2002-06-07
PAYEMS,1998-03-01,2008-01-31,124962,2003-06-06
PAYEMS,1998-03-01,2012-02-02,124961,2008-02-01
PAYEMS,1998-03-01,2013-01-31,124962,2012-02-03
PAYEMS,1998-03-01,2014-02-06,125065,2013-02-01
PAYEMS,1998-03-01,2017-02-02,125177,2014-02-07
PAYEMS,1998-03-01,2018-02-01,125176,2017-02-03
PAYEMS,1998-03-01,2020-02-06,125174,2018-02-02
PAYEMS,1998-03-01,2025-02-06,125164,2020-02-07
PAYEMS,1998-03-01,2026-07-31,125165,2025-02-07
PAYEMS,1998-04-01,1998-06-04,124762,1998-05-08
PAYEMS,1998-04-01,1998-07-01,125216,1998-06-05
PAYEMS,1998-04-01,1999-06-03,125234,1998-07-02
PAYEMS,1998-04-01,2000-06-01,125220,1999-06-04
PAYEMS,1998-04-01,2001-05-31,125178,2000-06-02
PAYEMS,1998-04-01,2002-06-06,125180,2001-06-01
PAYEMS,1998-04-01,2003-06-05,125211,2002-06-07
PAYEMS,1998-04-01,2008-01-31,125240,2003-06-06
PAYEMS,1998-04-01,2012-02-02,125238,2008-02-01
PAYEMS,1998-04-01,2013-01-31,125240,2012-02-03
PAYEMS,1998-04-01,2014-02-06,125344,2013-02-01
PAYEMS,1998-04-01,2016-02-04,125456,2014-02-07
PAYEMS,1998-04-01,2017-02-02,125457,2016-02-05
PAYEMS,1998-04-01,2018-02-01,125456,2017-02-03
PAYEMS,1998-04-01,2019-01-31,125454,2018-02-02
PAYEMS,1998-04-01,2020-02-06,125453,2019-02-01
PAYEMS,1998-04-01,2023-02-02,125442,2020-02-07
PAYEMS,1998-04-01,2024-02-01,125447,2023-02-03
PAYEMS,1998-04-01,2025-02-06,125445,2024-02-02
PAYEMS,1998-04-01,2026-02-10,125446,2025-02-07
PAYEMS,1998-04-01,2026-07-31,125445,2026-02-11
PAYEMS,1998-05-01,1998-07-01,125512,1998-06-05
PAYEMS,1998-05-01,1998-08-06,125543,1998-07-02
PAYEMS,1998-05-01,1999-06-03,125562,1998-08-07
PAYEMS,1998-05-01,2000-06-01,125478,1999-06-04
PAYEMS,1998-05-01,2001-05-31,125531,2000-06-02
PAYEMS,1998-05-01,2002-06-06,125548,2001-06-01
PAYEMS,1998-05-01,2003-06-05,125566,2002-06-07
PAYEMS,1998-05-01,2008-01-31,125641,2003-06-06
PAYEMS,1998-05-01,2013-01-31,125639,2008-02-01
PAYEMS,1998-05-01,2014-02-06,125744,2013-02-01
PAYEMS,1998-05-01,2016-02-04,125862,2014-02-07
PAYEMS,1998-05-01,2017-02-02,125861,2016-02-05
PAYEMS,1998-05-01,2018-02-01,125860,2017-02-03
PAYEMS,1998-05-01,2019-01-31,125856,2018-02-02
PAYEMS,1998-05-01,2020-02-06,125855,2019-02-01
PAYEMS,1998-05-01,2023-02-02,125844,2020-02-07
PAYEMS,1998-05-01,2024-02-01,125847,2023-02-03
PAYEMS,1998-05-01,2026-02-10,125846,2024-02-02
PAYEMS,1998-05-01,2026-07-31,125845,2026-02-11
PAYEMS,1998-06-01,1998-08-06,125748,1998-07-02
PAYEMS,1998-06-01,1998-09-03,125758,1998-08-07
PAYEMS,1998-06-01,1999-06-03,125751,1998-09-04
PAYEMS,1998-06-01,2000-06-01,125689,1999-06-04
PAYEMS,1998-06-01,2001-05-31,125748,2000-06-02
PAYEMS,1998-06-01,2002-06-06,125768,2001-06-01
PAYEMS,1998-06-01,2003-06-05,125756,2002-06-07
PAYEMS,1998-06-01,2008-01-31,125846,2003-06-06
PAYEMS,1998-06-01,2013-01-31,125851,2008-02-01
PAYEMS,1998-06-01,2014-02-06,125954,2013-02-01
PAYEMS,1998-06-01,2018-02-01,126080,2014-02-07
PAYEMS,1998-06-01,2019-01-31,126079,2018-02-02
PAYEMS,1998-06-01,2020-02-06,126087,2019-02-01
PAYEMS,1998-06-01,2023-02-02,126076,2020-02-07
PAYEMS,1998-06-01,2024-02-01,126078,2023-02-03
PAYEMS,1998-06-01,2025-02-06,126077,2024-02-02
PAYEMS,1998-06-01,2026-07-31,126076,2025-02-07
PAYEMS,1998-07-01,1998-09-03,125824,1998-08-07
PAYEMS,1998-07-01,1998-10-01,125819,1998-09-04
PAYEMS,1998-07-01,1999-06-03,125869,1998-10-02
PAYEMS,1998-07-01,2000-06-01,125808,1999-06-04
PAYEMS,1998-07-01,2001-05-31,125847,2000-06-02
PAYEMS,1998-07-01,2002-06-06,125836,2001-06-01
PAYEMS,1998-07-01,2003-06-05,125837,2002-06-07
PAYEMS,1998-07-01,2008-01-31,125967,2003-06-06
PAYEMS,1998-07-01,2012-02-02,125970,2008-02-01
PAYEMS,1998-07-01,2013-01-31,125969,2012-02-03
PAYEMS,1998-07-01,2014-02-06,126074,2013-02-01
PAYEMS,1998-07-01,2016-02-04,126204,2014-02-07
PAYEMS,1998-07-01,2019-01-31,126209,2016-02-05
PAYEMS,1998-07-01,2020-02-06,126213,2019-02-01
PAYEMS,1998-07-01,2023-02-02,126205,2020-02-07
PAYEMS,1998-07-01,2024-02-01,126208,2023-02-03
PAYEMS,1998-07-01,2025-02-06,126209,2024-02-02
PAYEMS,1998-07-01,2026-02-10,126211,2025-02-07
PAYEMS,1998-07-01,2026-07-31,126212,2026-02-11
PAYEMS,1998-08-01,1998-10-01,126184,1998-09-04
PAYEMS,1998-08-01,1998-11-04,126178,1998-10-02
PAYEMS,1998-08-01,1999-06-03,126191,1998-11-05
PAYEMS,1998-08-01,2000-06-01,126170,1999-06-04
PAYEMS,1998-08-01,2001-05-31,126225,2000-06-02
PAYEMS,1998-08-01,2002-06-06,126237,2001-06-01
PAYEMS,1998-08-01,2003-06-05,126229,2002-06-07
PAYEMS,1998-08-01,2013-01-31,126322,2003-06-06
PAYEMS,1998-08-01,2014-02-06,126425,2013-02-01
PAYEMS,1998-08-01,2018-02-01,126551,2014-02-07
PAYEMS,1998-08-01,2019-01-31,126549,2018-02-02
PAYEMS,1998-08-01,2020-02-06,126551,2019-02-01
PAYEMS,1998-08-01,2023-02-02,126544,2020-02-07
PAYEMS,1998-08-01,2025-02-06,126547,2023-02-03
PAYEMS,1998-08-01,2026-07-31,126546,2025-02-07
PAYEMS,1998-09-01,1998-11-04,126247,1998-10-02
PAYEMS,1998-09-01,1998-12-03,126348,1998-11-05
PAYEMS,1998-09-01,1999-06-03,126363,1998-12-04
PAYEMS,1998-09-01,2000-06-01,126361,1999-06-04
PAYEMS,1998-09-01,2001-05-31,126469,2000-06-02
PAYEMS,1998-09-01,2002-06-06,126453,2001-06-01
PAYEMS,1998-09-01,2003-06-05,126492,2002-06-07
PAYEMS,1998-09-01,2008-01-31,126543,2003-06-06
PAYEMS,1998-09-01,2012-02-02,126540,2008-02-01
PAYEMS,1998-09-01,2013-01-31,126541,2012-02-03
PAYEMS,1998-09-01,2014-02-06,126644,2013-02-01
PAYEMS,1998-09-01,2015-02-05,126775,2014-02-07
PAYEMS,1998-09-01,2017-02-02,126774,2015-02-06
PAYEMS,1998-09-01,2018-02-01,126773,2017-02-03
PAYEMS,1998-09-01,2019-01-31,126767,2018-02-02
PAYEMS,1998-09-01,2020-02-06,126764,2019-02-01
PAYEMS,1998-09-01,2023-02-02,126752,2020-02-07
PAYEMS,1998-09-01,2025-02-06,126745,2023-02-03
PAYEMS,1998-09-01,2026-07-31,126744,2025-02-07
PAYEMS,1998-10-01,1998-12-03,126464,1998-11-05
PAYEMS,1998-10-01,1999-01-07,126508,1998-12-04
PAYEMS,1998-10-01,1999-06-03,126527,1999-01-08
PAYEMS,1998-10-01,2000-06-01,126567,1999-06-04
PAYEMS,1998-10-01,2001-05-31,126677,2000-06-02
PAYEMS,1998-10-01,2002-06-06,126696,2001-06-01
PAYEMS,1998-10-01,2003-06-05,126689,2002-06-07
PAYEMS,1998-10-01,2008-01-31,126735,2003-06-06
PAYEMS,1998-10-01,2012-02-02,126733,2008-02-01
PAYEMS,1998-10-01,2013-01-31,126735,2012-02-03
PAYEMS,1998-10-01,2014-02-06,126838,2013-02-01
PAYEMS,1998-10-01,2015-02-05,126971,2014-02-07
PAYEMS,1998-10-01,2016-02-04,126972,2015-02-06
PAYEMS,1998-10-01,2017-02-02,126973,2016-02-05
PAYEMS,1998-10-01,2018-02-01,126974,2017-02-03
PAYEMS,1998-10-01,2020-02-06,126968,2018-02-02
PAYEMS,1998-10-01,2023-02-02,126954,2020-02-07
PAYEMS,1998-10-01,2025-02-06,126950,2023-02-03
PAYEMS,1998-10-01,2026-02-10,126948,2025-02-07
PAYEMS,1998-10-01,2026-07-31,126949,2026-02-11
PAYEMS,1998-11-01,1999-01-07,126775,1998-12-04
PAYEMS,1998-11-01,1999-02-04,126778,1999-01-08
PAYEMS,1998-11-01,1999-06-03,126804,1999-02-05
PAYEMS,1998-11-01,2000-06-01,126841,1999-06-04
PAYEMS,1998-11-01,2001-05-31,126939,2000-06-02
PAYEMS,1998-11-01,2002-06-06,126940,2001-06-01
PAYEMS,1998-11-01,2003-06-05,126947,2002-06-07
PAYEMS,1998-11-01,2008-01-31,127020,2003-06-06
PAYEMS,1998-11-01,2012-02-02,127017,2008-02-01
PAYEMS,1998-11-01,2013-01-31,127015,2012-02-03
PAYEMS,1998-11-01,2014-02-06,127119,2013-02-01
PAYEMS,1998-11-01,2016-02-04,127254,2014-02-07
PAYEMS,1998-11-01,2017-02-02,127255,2016-02-05
PAYEMS,1998-11-01,2018-02-01,127254,2017-02-03
PAYEMS,1998-11-01,2019-01-31,127241,2018-02-02
PAYEMS,1998-11-01,2020-02-06,127243,2019-02-01
PAYEMS,1998-11-01,2023-02-02,127231,2020-02-07
PAYEMS,1998-11-01,2024-02-01,127224,2023-02-03
PAYEMS,1998-11-01,2025-02-06,127225,2024-02-02
PAYEMS,1998-11-01,2026-02-10,127223,2025-02-07
PAYEMS,1998-11-01,2026-07-31,127222,2026-02-11
PAYEMS,1998-12-01,1999-02-04,127156,1999-01-08
PAYEMS,1998-12-01,1999-03-04,127102,1999-02-05
PAYEMS,1998-12-01,1999-06-03,127118,1999-03-05
PAYEMS,1998-12-01,2000-06-01,127186,1999-06-04
PAYEMS,1998-12-01,2002-06-06,127286,2000-06-02
PAYEMS,1998-12-01,2003-06-05,127297,2002-06-07
PAYEMS,1998-12-01,2008-01-31,127364,2003-06-06
PAYEMS,1998-12-01,2013-01-31,127359,2008-02-01
PAYEMS,1998-12-01,2014-02-06,127466,2013-02-01
PAYEMS,1998-12-01,2018-02-01,127601,2014-02-07
PAYEMS,1998-12-01,2019-01-31,127608,2018-02-02
PAYEMS,1998-12-01,2020-02-06,127607,2019-02-01
PAYEMS,1998-12-01,2023-02-02,127596,2020-02-07
PAYEMS,1998-12-01,2024-02-01,127599,2023-02-03
PAYEMS,1998-12-01,2025-02-06,127598,2024-02-02
PAYEMS,1998-12-01,2026-07-31,127595,2025-02-07
PAYEMS,1999-01-01,1999-03-04,127347,1999-02-05
PAYEMS,1999-01-01,1999-06-03,127335,1999-03-05
PAYEMS,1999-01-01,2000-06-01,127378,1999-06-04
PAYEMS,1999-01-01,2001-05-31,127463,2000-06-02
PAYEMS,1999-01-01,2002-06-06,127431,2001-06-01
PAYEMS,1999-01-01,2003-06-05,127436,2002-06-07
PAYEMS,1999-01-01,2004-02-05,127471,2003-06-06
PAYEMS,1999-01-01,2008-01-31,127477,2004-02-06
PAYEMS,1999-01-01,2012-02-02,127480,2008-02-01
PAYEMS,1999-01-01,2013-01-31,127486,2012-02-03
PAYEMS,1999-01-01,2014-02-06,127589,2013-02-01
PAYEMS,1999-01-01,2016-02-04,127726,2014-02-07
PAYEMS,1999-01-01,2018-02-01,127727,2016-02-05
PAYEMS,1999-01-01,2019-01-31,127725,2018-02-02
PAYEMS,1999-01-01,2020-02-06,127713,2019-02-01
PAYEMS,1999-01-01,2023-02-02,127702,2020-02-07
PAYEMS,1999-01-01,2025-02-06,127704,2023-02-03
PAYEMS,1999-01-01,2026-07-31,127699,2025-02-07
PAYEMS,1999-02-01,1999-04-01,127610,1999-03-05
PAYEMS,1999-02-01,1999-05-06,127632,1999-04-02
PAYEMS,1999-02-01,1999-06-03,127670,1999-05-07
PAYEMS,1999-02-01,2000-06-01,127730,1999-06-04
PAYEMS,1999-02-01,2001-05-31,127883,2000-06-02
PAYEMS,1999-02-01,2002-06-06,127864,2001-06-01
PAYEMS,1999-02-01,2003-06-05,127870,2002-06-07
PAYEMS,1999-02-01,2004-02-05,127872,2003-06-06
PAYEMS,1999-02-01,2008-01-31,127873,2004-02-06
PAYEMS,1999-02-01,2013-01-31,127890,2008-02-01
PAYEMS,1999-02-01,2014-02-06,127998,2013-02-01
PAYEMS,1999-02-01,2017-02-02,128137,2014-02-07
PAYEMS,1999-02-01,2018-02-01,128136,2017-02-03
PAYEMS,1999-02-01,2019-01-31,128135,2018-02-02
PAYEMS,1999-02-01,2020-02-06,128131,2019-02-01
PAYEMS,1999-02-01,2023-02-02,128120,2020-02-07
PAYEMS,1999-02-01,2026-02-10,128118,2023-02-03
PAYEMS,1999-02-01,2026-07-31,128117,2026-02-11
PAYEMS,1999-03-01,1999-05-06,127678,1999-04-02
PAYEMS,1999-03-01,1999-06-03,127677,1999-05-07
PAYEMS,1999-03-01,2000-06-01,127813,1999-06-04
PAYEMS,1999-03-01,2001-05-31,128054,2000-06-02
PAYEMS,1999-03-01,2002-06-06,128031,2001-06-01
PAYEMS,1999-03-01,2003-06-05,128006,2002-06-07
PAYEMS,1999-03-01,2004-02-05,128004,2003-06-06
PAYEMS,1999-03-01,2008-01-31,127997,2004-02-06
PAYEMS,1999-03-01,2013-01-31,127996,2008-02-01
PAYEMS,1999-03-01,2014-02-06,128106,2013-02-01
PAYEMS,1999-03-01,2018-02-01,128244,2014-02-07
PAYEMS,1999-03-01,2019-01-31,128242,2018-02-02
PAYEMS,1999-03-01,2020-02-06,128239,2019-02-01
PAYEMS,1999-03-01,2023-02-02,128227,2020-02-07
PAYEMS,1999-03-01,2024-02-01,128234,2023-02-03
PAYEMS,1999-03-01,2025-02-06,128233,2024-02-02
PAYEMS,1999-03-01,2026-07-31,128234,2025-02-07
PAYEMS,1999-04-01,1999-06-03,127911,1999-05-07
PAYEMS,1999-04-01,1999-07-01,128156,1999-06-04
PAYEMS,1999-04-01,2000-06-01,128134,1999-07-02
PAYEMS,1999-04-01,2001-05-31,128282,2000-06-02
PAYEMS,1999-04-01,2002-06-06,128292,2001-06-01
PAYEMS,1999-04-01,2003-06-05,128322,2002-06-07
PAYEMS,1999-04-01,2004-02-05,128381,2003-06-06
PAYEMS,1999-04-01,2008-01-31,128379,2004-02-06
PAYEMS,1999-04-01,2012-02-02,128372,2008-02-01
PAYEMS,1999-04-01,2013-01-31,128370,2012-02-03
PAYEMS,1999-04-01,2014-02-06,128479,2013-02-01
PAYEMS,1999-04-01,2015-02-05,128619,2014-02-07
PAYEMS,1999-04-01,2017-02-02,128620,2015-02-06
PAYEMS,1999-04-01,2018-02-01,128618,2017-02-03
PAYEMS,1999-04-01,2019-01-31,128614,2018-02-02
PAYEMS,1999-04-01,2020-02-06,128610,2019-02-01
PAYEMS,1999-04-01,2023-02-02,128597,2020-02-07
PAYEMS,1999-04-01,2024-02-01,128598,2023-02-03
PAYEMS,1999-04-01,2025-02-06,128595,2024-02-02
PAYEMS,1999-04-01,2026-02-10,128596,2025-02-07
PAYEMS,1999-04-01,2026-07-31,128595,2026-02-11
PAYEMS,1999-05-01,1999-07-01,128167,1999-06-04
PAYEMS,1999-05-01,1999-08-05,128129,1999-07-02
PAYEMS,1999-05-01,2000-06-01,128162,1999-08-06
PAYEMS,1999-05-01,2001-05-31,128377,2000-06-02
PAYEMS,1999-05-01,2002-06-06,128476,2001-06-01
PAYEMS,1999-05-01,2003-06-05,128488,2002-06-07
PAYEMS,1999-05-01,2008-01-31,128593,2003-06-06
PAYEMS,1999-05-01,2012-02-02,128585,2008-02-01
PAYEMS,1999-05-01,2013-01-31,128584,2012-02-03
PAYEMS,1999-05-01,2014-02-06,128692,2013-02-01
PAYEMS,1999-05-01,2017-02-02,128831,2014-02-07
PAYEMS,1999-05-01,2018-02-01,128830,2017-02-03
PAYEMS,1999-05-01,2019-01-31,128825,2018-02-02
PAYEMS,1999-05-01,2020-02-06,128822,2019-02-01
PAYEMS,1999-05-01,2023-02-02,128808,2020-02-07
PAYEMS,1999-05-01,2025-02-06,128810,2023-02-03
PAYEMS,1999-05-01,2026-07-31,128813,2025-02-07
PAYEMS,1999-06-01,1999-08-05,128397,1999-07-02
PAYEMS,1999-06-01,1999-09-02,128435,1999-08-06
PAYEMS,1999-06-01,2000-06-01,128443,1999-09-03
PAYEMS,1999-06-01,2001-05-31,128630,2000-06-02
PAYEMS,1999-06-01,2002-06-06,128740,2001-06-01
PAYEMS,1999-06-01,2003-06-05,128721,2002-06-07
PAYEMS,1999-06-01,2004-02-05,128845,2003-06-06
PAYEMS,1999-06-01,2008-01-31,128850,2004-02-06
PAYEMS,1999-06-01,2012-02-02,128851,2008-02-01
PAYEMS,1999-06-01,2013-01-31,128850,2012-02-03
PAYEMS,1999-06-01,2014-02-06,128955,2013-02-01
PAYEMS,1999-06-01,2016-02-04,129092,2014-02-07
PAYEMS,1999-06-01,2017-02-02,129091,2016-02-05
PAYEMS,1999-06-01,2018-02-01,129093,2017-02-03
PAYEMS,1999-06-01,2019-01-31,129089,2018-02-02
PAYEMS,1999-06-01,2020-02-06,129099,2019-02-01
PAYEMS,1999-06-01,2023-02-02,129089,2020-02-07
PAYEMS,1999-06-01,2025-02-06,129088,2023-02-03
PAYEMS,1999-06-01,2026-07-31,129084,2025-02-07
PAYEMS,1999-07-01,1999-09-02,128745,1999-08-06
PAYEMS,1999-07-01,1999-10-07,128781,1999-09-03
PAYEMS,1999-07-01,2000-06-01,128816,1999-10-08
PAYEMS,1999-07-01,2001-05-31,128898,2000-06-02
PAYEMS,1999-07-01,2002-06-06,129018,2001-06-01
PAYEMS,1999-07-01,2003-06-05,129009,2002-06-07
PAYEMS,1999-07-01,2004-02-05,129166,2003-06-06
PAYEMS,1999-07-01,2008-01-31,129145,2004-02-06
PAYEMS,1999-07-01,2012-02-02,129142,2008-02-01
PAYEMS,1999-07-01,2013-01-31,129140,2012-02-03
PAYEMS,1999-07-01,2014-02-06,129248,2013-02-01
PAYEMS,1999-07-01,2016-02-04,129411,2014-02-07
PAYEMS,1999-07-01,2017-02-02,129417,2016-02-05
PAYEMS,1999-07-01,2018-02-01,129414,2017-02-03
PAYEMS,1999-07-01,2019-01-31,129417,2018-02-02
PAYEMS,1999-07-01,2020-02-06,129420,2019-02-01
PAYEMS,1999-07-01,2023-02-02,129414,2020-02-07
PAYEMS,1999-07-01,2024-02-01,129422,2023-02-03
PAYEMS,1999-07-01,2025-02-06,129423,2024-02-02
PAYEMS,1999-07-01,2026-02-10,129421,2025-02-07
PAYEMS,1999-07-01,2026-07-31,129422,2026-02-11
PAYEMS,1999-08-01,1999-10-07,128905,1999-09-03
PAYEMS,1999-08-01,1999-11-04,128919,1999-10-08
PAYEMS,1999-08-01,2000-06-01,128945,1999-11-05
PAYEMS,1999-08-01,2001-05-31,129057,2000-06-02
PAYEMS,1999-08-01,2002-06-06,129224,2001-06-01
PAYEMS,1999-08-01,2003-06-05,129213,2002-06-07
PAYEMS,1999-08-01,2004-02-05,129336,2003-06-06
PAYEMS,1999-08-01,2008-01-31,129338,2004-02-06
PAYEMS,1999-08-01,2012-02-02,129334,2008-02-01
PAYEMS,1999-08-01,2013-01-31,129333,2012-02-03
PAYEMS,1999-08-01,2014-02-06,129439,2013-02-01
PAYEMS,1999-08-01,2015-02-05,129578,2014-02-07
PAYEMS,1999-08-01,2017-02-02,129577,2015-02-06
PAYEMS,1999-08-01,2018-02-01,129576,2017-02-03
PAYEMS,1999-08-01,2019-01-31,129571,2018-02-02
PAYEMS,1999-08-01,2020-02-06,129576,2019-02-01
PAYEMS,1999-08-01,2025-02-06,129569,2020-02-07
PAYEMS,1999-08-01,2026-07-31,129572,2025-02-07
PAYEMS,1999-09-01,1999-11-04,128911,1999-10-08
PAYEMS,1999-09-01,1999-12-02,128986,1999-11-05
PAYEMS,1999-09-01,2000-06-01,129048,1999-12-03
PAYEMS,1999-09-01,2001-05-31,129265,2000-06-02
PAYEMS,1999-09-01,2002-06-06,129410,2001-06-01
PAYEMS,1999-09-01,2003-06-05,129448,2002-06-07
PAYEMS,1999-09-01,2004-02-05,129548,2003-06-06
PAYEMS,1999-09-01,2008-01-31,129525,2004-02-06
PAYEMS,1999-09-01,2012-02-02,129536,2008-02-01
PAYEMS,1999-09-01,2013-01-31,129537,2012-02-03
PAYEMS,1999-09-01,2014-02-06,129642,2013-02-01
PAYEMS,1999-09-01,2017-02-02,129791,2014-02-07
PAYEMS,1999-09-01,2018-02-01,129792,2017-02-03
PAYEMS,1999-09-01,2019-01-31,129796,2018-02-02
PAYEMS,1999-09-01,2020-02-06,129781,2019-02-01
PAYEMS,1999-09-01,2023-02-02,129772,2020-02-07
PAYEMS,1999-09-01,2025-02-06,129781,2023-02-03
PAYEMS,1999-09-01,2026-02-10,129772,2025-02-07
PAYEMS,1999-09-01,2026-07-31,129771,2026-02-11
PAYEMS,1999-10-01,1999-12-02,129296,1999-11-05
PAYEMS,1999-10-01,2000-01-06,129311,1999-12-03
PAYEMS,1999-10-01,2000-06-01,129332,2000-01-07
PAYEMS,1999-10-01,2001-05-31,129523,2000-06-02
PAYEMS,1999-10-01,2002-06-06,129863,2001-06-01
PAYEMS,1999-10-01,2003-06-05,129801,2002-06-07
PAYEMS,1999-10-01,2004-02-05,129952,2003-06-06
PAYEMS,1999-10-01,2008-01-31,129947,2004-02-06
PAYEMS,1999-10-01,2012-02-02,129944,2008-02-01
PAYEMS,1999-10-01,2013-01-31,129942,2012-02-03
PAYEMS,1999-10-01,2014-02-06,130045,2013-02-01
PAYEMS,1999-10-01,2015-02-05,130192,2014-02-07
PAYEMS,1999-10-01,2017-02-02,130191,2015-02-06
PAYEMS,1999-10-01,2018-02-01,130189,2017-02-03
PAYEMS,1999-10-01,2020-02-06,130190,2018-02-02
PAYEMS,1999-10-01,2023-02-02,130177,2020-02-07
PAYEMS,1999-10-01,2025-02-06,130179,2023-02-03
PAYEMS,1999-10-01,2026-07-31,130178,2025-02-07
PAYEMS,1999-11-01,2000-01-06,129545,1999-12-03
PAYEMS,1999-11-01,2000-02-03,129554,2000-01-07
PAYEMS,1999-11-01,2000-06-01,129589,2000-02-04
PAYEMS,1999-11-01,2001-05-31,129788,2000-06-02
PAYEMS,1999-11-01,2002-06-06,130093,2001-06-01
PAYEMS,1999-11-01,2003-06-05,130130,2002-06-07
PAYEMS,1999-11-01,2004-02-05,130251,2003-06-06
PAYEMS,1999-11-01,2008-01-31,130242,2004-02-06
PAYEMS,1999-11-01,2012-02-02,130238,2008-02-01
PAYEMS,1999-11-01,2013-01-31,130235,2012-02-03
PAYEMS,1999-11-01,2014-02-06,130336,2013-02-01
PAYEMS,1999-11-01,2016-02-04,130483,2014-02-07
PAYEMS,1999-11-01,2017-02-02,130484,2016-02-05
PAYEMS,1999-11-01,2018-02-01,130482,2017-02-03
PAYEMS,1999-11-01,2020-02-06,130479,2018-02-02
PAYEMS,1999-11-01,2024-02-01,130466,2020-02-07
PAYEMS,1999-11-01,2026-02-10,130467,2024-02-02
PAYEMS,1999-11-01,2026-07-31,130466,2026-02-11
PAYEMS,1999-12-01,2000-02-03,129869,2000-01-07
PAYEMS,1999-12-01,2000-03-02,129905,2000-02-04
PAYEMS,1999-12-01,2000-06-01,129898,2000-03-03
PAYEMS,1999-12-01,2001-05-31,130038,2000-06-02
PAYEMS,1999-12-01,2002-06-06,130365,2001-06-01
PAYEMS,1999-12-01,2003-06-05,130406,2002-06-07
PAYEMS,1999-12-01,2004-02-05,130509,2003-06-06
PAYEMS,1999-12-01,2008-01-31,130536,2004-02-06
PAYEMS,1999-12-01,2012-02-02,130532,2008-02-01
PAYEMS,1999-12-01,2013-01-31,130533,2012-02-03
PAYEMS,1999-12-01,2014-02-06,130636,2013-02-01
PAYEMS,1999-12-01,2016-02-04,130778,2014-02-07
PAYEMS,1999-12-01,2017-02-02,130780,2016-02-05
PAYEMS,1999-12-01,2018-02-01,130781,2017-02-03
PAYEMS,1999-12-01,2019-01-31,130789,2018-02-02
PAYEMS,1999-12-01,2020-02-06,130786,2019-02-01
PAYEMS,1999-12-01,2023-02-02,130772,2020-02-07
PAYEMS,1999-12-01,2024-02-01,130780,2023-02-03
PAYEMS,1999-12-01,2025-02-06,130781,2024-02-02
PAYEMS,1999-12-01,2026-07-31,130783,2025-02-07
PAYEMS,2000-01-01,2000-03-02,130292,2000-02-04
PAYEMS,2000-01-01,2000-04-06,130282,2000-03-03
PAYEMS,2000-01-01,2000-06-01,130292,2000-04-07
PAYEMS,2000-01-01,2001-05-31,130387,2000-06-02
PAYEMS,2000-01-01,2002-06-06,130668,2001-06-01
PAYEMS,2000-01-01,2003-06-05,130728,2002-06-07
PAYEMS,2000-01-01,2004-02-05,130760,2003-06-06
PAYEMS,2000-01-01,2005-02-03,130730,2004-02-06
PAYEMS,2000-01-01,2013-01-31,130781,2005-02-04
PAYEMS,2000-01-01,2014-02-06,130869,2013-02-01
PAYEMS,2000-01-01,2015-02-05,131008,2014-02-07
PAYEMS,2000-01-01,2016-02-04,131009,2015-02-06
PAYEMS,2000-01-01,2017-02-02,131010,2016-02-05
PAYEMS,2000-01-01,2018-02-01,131009,2017-02-03
PAYEMS,2000-01-01,2019-01-31,131007,2018-02-02
PAYEMS,2000-01-01,2020-02-06,131020,2019-02-01
PAYEMS,2000-01-01,2023-02-02,131005,2020-02-07
PAYEMS,2000-01-01,2025-02-06,131009,2023-02-03
PAYEMS,2000-01-01,2026-07-31,131011,2025-02-07
PAYEMS,2000-02-01,2000-04-06,130325,2000-03-03
PAYEMS,2000-02-01,2000-05-04,130299,2000-04-07
PAYEMS,2000-02-01,2000-06-01,130319,2000-05-05
PAYEMS,2000-02-01,2001-05-31,130482,2000-06-02
PAYEMS,2000-02-01,2002-06-06,130843,2001-06-01
PAYEMS,2000-02-01,2003-06-05,130859,2002-06-07
PAYEMS,2000-02-01,2004-02-05,130885,2003-06-06
PAYEMS,2000-02-01,2005-02-03,130876,2004-02-06
PAYEMS,2000-02-01,2008-01-31,130901,2005-02-04
PAYEMS,2000-02-01,2012-02-02,130902,2008-02-01
PAYEMS,2000-02-01,2013-01-31,130903,2012-02-03
PAYEMS,2000-02-01,2014-02-06,130999,2013-02-01
PAYEMS,2000-02-01,2015-02-05,131138,2014-02-07
PAYEMS,2000-02-01,2016-02-04,131139,2015-02-06
PAYEMS,2000-02-01,2018-02-01,131140,2016-02-05
PAYEMS,2000-02-01,2019-01-31,131138,2018-02-02
PAYEMS,2000-02-01,2020-02-06,131136,2019-02-01
PAYEMS,2000-02-01,2023-02-02,131124,2020-02-07
PAYEMS,2000-02-01,2025-02-06,131120,2023-02-03
PAYEMS,2000-02-01,2026-02-10,131121,2025-02-07
PAYEMS,2000-02-01,2026-07-31,131120,2026-02-11
PAYEMS,2000-03-01,2000-05-04,130715,2000-04-07
PAYEMS,2000-03-01,2000-06-01,130777,2000-05-05
PAYEMS,2000-03-01,2001-05-31,131009,2000-06-02
PAYEMS,2000-03-01,2002-06-06,131441,2001-06-01
PAYEMS,2000-03-01,2003-06-05,131397,2002-06-07
PAYEMS,2000-03-01,2004-02-05,131380,2003-06-06
PAYEMS,2000-03-01,2005-02-03,131369,2004-02-06
PAYEMS,2000-03-01,2008-01-31,131377,2005-02-04
PAYEMS,2000-03-01,2013-01-31,131374,2008-02-01
PAYEMS,2000-03-01,2014-02-06,131470,2013-02-01
PAYEMS,2000-03-01,2016-02-04,131606,2014-02-07
PAYEMS,2000-03-01,2018-02-01,131608,2016-02-05
PAYEMS,2000-03-01,2019-01-31,131605,2018-02-02
PAYEMS,2000-03-01,2020-02-06,131609,2019-02-01
PAYEMS,2000-03-01,2023-02-02,131596,2020-02-07
PAYEMS,2000-03-01,2024-02-01,131605,2023-02-03
PAYEMS,2000-03-01,2026-07-31,131604,2024-02-02
PAYEMS,2000-04-01,2000-06-01,131117,2000-05-05
PAYEMS,2000-04-01,2000-07-06,131423,2000-06-02
PAYEMS,2000-04-01,2001-05-31,131419,2000-07-07
PAYEMS,2000-04-01,2002-06-06,131683,2001-06-01
PAYEMS,2000-04-01,2003-06-05,131645,2002-06-07
PAYEMS,2000-04-01,2004-02-05,131674,2003-06-06
PAYEMS,2000-04-01,2005-02-03,131677,2004-02-06
PAYEMS,2000-04-01,2008-01-31,131662,2005-02-04
PAYEMS,2000-04-01,2012-02-02,131660,2008-02-01
PAYEMS,2000-04-01,2013-01-31,131662,2012-02-03
PAYEMS,2000-04-01,2014-02-06,131757,2013-02-01
PAYEMS,2000-04-01,2016-02-04,131893,2014-02-07
PAYEMS,2000-04-01,2018-02-01,131895,2016-02-05
PAYEMS,2000-04-01,2019-01-31,131898,2018-02-02
PAYEMS,2000-04-01,2020-02-06,131900,2019-02-01
PAYEMS,2000-04-01,2023-02-02,131888,2020-02-07
PAYEMS,2000-04-01,2024-02-01,131884,2023-02-03
PAYEMS,2000-04-01,2026-02-10,131883,2024-02-02
PAYEMS,2000-04-01,2026-07-31,131884,2026-02-11
PAYEMS,2000-05-01,2000-07-06,131654,2000-06-02
PAYEMS,2000-05-01,2001-05-31,131590,2000-07-07
PAYEMS,2000-05-01,2002-06-06,131909,2001-06-01
PAYEMS,2000-05-01,2003-06-05,131887,2002-06-07
PAYEMS,2000-05-01,2004-02-05,131905,2003-06-06
PAYEMS,2000-05-01,2005-02-03,131908,2004-02-06
PAYEMS,2000-05-01,2008-01-31,131882,2005-02-04
PAYEMS,2000-05-01,2012-02-02,131885,2008-02-01
PAYEMS,2000-05-01,2013-01-31,131886,2012-02-03
PAYEMS,2000-05-01,2014-02-06,131982,2013-02-01
PAYEMS,2000-05-01,2016-02-04,132119,2014-02-07
PAYEMS,2000-05-01,2017-02-02,132122,2016-02-05
PAYEMS,2000-05-01,2018-02-01,132121,2017-02-03
PAYEMS,2000-05-01,2019-01-31,132117,2018-02-02
PAYEMS,2000-05-01,2020-02-06,132118,2019-02-01
PAYEMS,2000-05-01,2023-02-02,132105,2020-02-07
PAYEMS,2000-05-01,2025-02-06,132106,2023-02-03
PAYEMS,2000-05-01,2026-07-31,132105,2025-02-07
PAYEMS,2000-06-01,2000-08-03,131601,2000-07-07
PAYEMS,2000-06-01,2000-08-31,131620,2000-08-04
PAYEMS,2000-06-01,2001-05-31,131647,2000-09-01
PAYEMS,2000-06-01,2002-06-06,131969,2001-06-01
PAYEMS,2000-06-01,2003-06-05,131925,2002-06-07
PAYEMS,2000-06-01,2004-02-05,131871,2003-06-06
PAYEMS,2000-06-01,2005-02-03,131883,2004-02-06
PAYEMS,2000-06-01,2013-01-31,131839,2005-02-04
PAYEMS,2000-06-01,2014-02-06,131936,2013-02-01
PAYEMS,2000-06-01,2015-02-05,132074,2014-02-07
PAYEMS,2000-06-01,2016-02-04,132072,2015-02-06
PAYEMS,2000-06-01,2017-02-02,132075,2016-02-05
PAYEMS,2000-06-01,2018-02-01,132077,2017-02-03
PAYEMS,2000-06-01,2019-01-31,132081,2018-02-02
PAYEMS,2000-06-01,2020-02-06,132079,2019-02-01
PAYEMS,2000-06-01,2023-02-02,132061,2020-02-07
PAYEMS,2000-06-01,2025-02-06,132060,2023-02-03
PAYEMS,2000-06-01,2026-02-10,132062,2025-02-07
PAYEMS,2000-06-01,2026-07-31,132063,2026-02-11
PAYEMS,2000-07-01,2000-08-31,131512,2000-08-04
PAYEMS,2000-07-01,2000-10-05,131596,2000-09-01
PAYEMS,2000-07-01,2001-05-31,131607,2000-10-06
PAYEMS,2000-07-01,2002-06-06,131899,2001-06-01
PAYEMS,2000-07-01,2003-06-05,131827,2002-06-07
PAYEMS,2000-07-01,2004-02-05,131953,2003-06-06
PAYEMS,2000-07-01,2005-02-03,132043,2004-02-06
PAYEMS,2000-07-01,2008-01-31,132015,2005-02-04
PAYEMS,2000-07-01,2012-02-02,132002,2008-02-01
PAYEMS,2000-07-01,2013-01-31,132004,2012-02-03
PAYEMS,2000-07-01,2014-02-06,132102,2013-02-01
PAYEMS,2000-07-01,2017-02-02,132251,2014-02-07
PAYEMS,2000-07-01,2018-02-01,132253,2017-02-03
PAYEMS,2000-07-01,2019-01-31,132254,2018-02-02
PAYEMS,2000-07-01,2020-02-06,132247,2019-02-01
PAYEMS,2000-07-01,2023-02-02,132236,2020-02-07
PAYEMS,2000-07-01,2024-02-01,132226,2023-02-03
PAYEMS,2000-07-01,2026-07-31,132228,2024-02-02
PAYEMS,2000-08-01,2000-10-05,131491,2000-09-01
PAYEMS,2000-08-01,2000-11-02,131516,2000-10-06
PAYEMS,2000-08-01,2001-05-31,131528,2000-11-03
PAYEMS,2000-08-01,2002-06-06,131837,2001-06-01
PAYEMS,2000-08-01,2003-06-05,131777,2002-06-07
PAYEMS,2000-08-01,2004-02-05,132001,2003-06-06
PAYEMS,2000-08-01,2005-02-03,132015,2004-02-06
PAYEMS,2000-08-01,2008-01-31,132004,2005-02-04
PAYEMS,2000-08-01,2013-01-31,132005,2008-02-01
PAYEMS,2000-08-01,2014-02-06,132104,2013-02-01
PAYEMS,2000-08-01,2015-02-05,132237,2014-02-07
PAYEMS,2000-08-01,2016-02-04,132236,2015-02-06
PAYEMS,2000-08-01,2017-02-02,132241,2016-02-05
PAYEMS,2000-08-01,2018-02-01,132240,2017-02-03
PAYEMS,2000-08-01,2019-01-31,132239,2018-02-02
PAYEMS,2000-08-01,2020-02-06,132240,2019-02-01
PAYEMS,2000-08-01,2023-02-02,132230,2020-02-07
PAYEMS,2000-08-01,2025-02-06,132231,2023-02-03
PAYEMS,2000-08-01,2026-07-31,132234,2025-02-07
PAYEMS,2000-09-01,2000-11-02,131768,2000-10-06
PAYEMS,2000-09-01,2001-05-31,131723,2000-11-03
PAYEMS,2000-09-01,2002-06-06,132046,2001-06-01
PAYEMS,2000-09-01,2003-06-05,132023,2002-06-07
PAYEMS,2000-09-01,2004-02-05,132129,2003-06-06
PAYEMS,2000-09-01,2005-02-03,132104,2004-02-06
PAYEMS,2000-09-01,2008-01-31,132122,2005-02-04
PAYEMS,2000-09-01,2012-02-02,132127,2008-02-01
PAYEMS,2000-09-01,2013-01-31,132130,2012-02-03
PAYEMS,2000-09-01,2014-02-06,132231,2013-02-01
PAYEMS,2000-09-01,2016-02-04,132371,2014-02-07
PAYEMS,2000-09-01,2017-02-02,132377,2016-02-05
PAYEMS,2000-09-01,2018-02-01,132375,2017-02-03
PAYEMS,2000-09-01,2019-01-31,132383,2018-02-02
PAYEMS,2000-09-01,2020-02-06,132364,2019-02-01
PAYEMS,2000-09-01,2023-02-02,132353,2020-02-07
PAYEMS,2000-09-01,2024-02-01,132356,2023-02-03
PAYEMS,2000-09-01,2025-02-06,132357,2024-02-02
PAYEMS,2000-09-01,2026-02-10,132338,2025-02-07
PAYEMS,2000-09-01,2026-07-31,132337,2026-02-11
PAYEMS,2000-10-01,2000-12-07,131860,2000-11-03
PAYEMS,2000-10-01,2001-01-04,131800,2000-12-08
PAYEMS,2000-10-01,2001-05-31,131789,2001-01-05
PAYEMS,2000-10-01,2002-06-06,132145,2001-06-01
PAYEMS,2000-10-01,2003-06-05,132018,2002-06-07
PAYEMS,2000-10-01,2004-02-05,132137,2003-06-06
PAYEMS,2000-10-01,2005-02-03,132134,2004-02-06
PAYEMS,2000-10-01,2008-01-31,132110,2005-02-04
PAYEMS,2000-10-01,2012-02-02,132116,2008-02-01
PAYEMS,2000-10-01,2013-01-31,132118,2012-02-03
PAYEMS,2000-10-01,2014-02-06,132219,2013-02-01
PAYEMS,2000-10-01,2015-02-05,132357,2014-02-07
PAYEMS,2000-10-01,2016-02-04,132356,2015-02-06
PAYEMS,2000-10-01,2017-02-02,132363,2016-02-05
PAYEMS,2000-10-01,2018-02-01,132361,2017-02-03
PAYEMS,2000-10-01,2019-01-31,132368,2018-02-02
PAYEMS,2000-10-01,2020-02-06,132365,2019-02-01
PAYEMS,2000-10-01,2023-02-02,132351,2020-02-07
PAYEMS,2000-10-01,2026-07-31,132352,2023-02-03
PAYEMS,2000-11-01,2001-01-04,131894,2000-12-08
PAYEMS,2000-11-01,2001-02-01,131848,2001-01-05
PAYEMS,2000-11-01,2001-05-31,131842,2001-02-02
PAYEMS,2000-11-01,2002-06-06,132279,2001-06-01
PAYEMS,2000-11-01,2003-06-05,132217,2002-06-07
PAYEMS,2000-11-01,2004-02-05,132345,2003-06-06
PAYEMS,2000-11-01,2005-02-03,132317,2004-02-06
PAYEMS,2000-11-01,2008-01-31,132326,2005-02-04
PAYEMS,2000-11-01,2012-02-02,132347,2008-02-01
PAYEMS,2000-11-01,2013-01-31,132345,2012-02-03
PAYEMS,2000-11-01,2014-02-06,132442,2013-02-01
PAYEMS,2000-11-01,2015-02-05,132582,2014-02-07
PAYEMS,2000-11-01,2016-02-04,132581,2015-02-06
PAYEMS,2000-11-01,2018-02-01,132589,2016-02-05
PAYEMS,2000-11-01,2019-01-31,132590,2018-02-02
PAYEMS,2000-11-01,2020-02-06,132570,2019-02-01
PAYEMS,2000-11-01,2023-02-02,132556,2020-02-07
PAYEMS,2000-11-01,2025-02-06,132553,2023-02-03
PAYEMS,2000-11-01,2026-07-31,132556,2025-02-07
PAYEMS,2000-12-01,2001-02-01,131953,2001-01-05
PAYEMS,2000-12-01,2001-03-08,131861,2001-02-02
PAYEMS,2000-12-01,2001-05-31,131878,2001-03-09
PAYEMS,2000-12-01,2002-06-06,132367,2001-06-01
PAYEMS,2000-12-01,2003-06-05,132319,2002-06-07
PAYEMS,2000-12-01,2004-02-05,132445,2003-06-06
PAYEMS,2000-12-01,2005-02-03,132441,2004-02-06
PAYEMS,2000-12-01,2008-01-31,132484,2005-02-04
PAYEMS,2000-12-01,2012-02-02,132485,2008-02-01
PAYEMS,2000-12-01,2013-01-31,132481,2012-02-03
PAYEMS,2000-12-01,2014-02-06,132580,2013-02-01
PAYEMS,2000-12-01,2015-02-05,132724,2014-02-07
PAYEMS,2000-12-01,2016-02-04,132723,2015-02-06
PAYEMS,2000-12-01,2018-02-01,132731,2016-02-05
PAYEMS,2000-12-01,2019-01-31,132727,2018-02-02
PAYEMS,2000-12-01,2020-02-06,132722,2019-02-01
PAYEMS,2000-12-01,2023-02-02,132709,2020-02-07
PAYEMS,2000-12-01,2025-02-06,132718,2023-02-03
PAYEMS,2000-12-01,2026-07-31,132716,2025-02-07
PAYEMS,2001-01-01,2001-03-08,132129,2001-02-02
PAYEMS,2001-01-01,2001-04-05,132102,2001-03-09
PAYEMS,2001-01-01,2001-05-31,132167,2001-04-06
PAYEMS,2001-01-01,2002-06-06,132428,2001-06-01
PAYEMS,2001-01-01,2003-06-05,132382,2002-06-07
PAYEMS,2001-01-01,2004-02-05,132436,2003-06-06
PAYEMS,2001-01-01,2005-02-03,132388,2004-02-06
PAYEMS,2001-01-01,2006-02-02,132454,2005-02-04
PAYEMS,2001-01-01,2008-01-31,132471,2006-02-03
PAYEMS,2001-01-01,2012-02-02,132469,2008-02-01
PAYEMS,2001-01-01,2013-01-31,132466,2012-02-03
PAYEMS,2001-01-01,2014-02-06,132548,2013-02-01
PAYEMS,2001-01-01,2015-02-05,132694,2014-02-07
PAYEMS,2001-01-01,2016-02-04,132696,2015-02-06
PAYEMS,2001-01-01,2017-02-02,132705,2016-02-05
PAYEMS,2001-01-01,2018-02-01,132706,2017-02-03
PAYEMS,2001-01-01,2019-01-31,132702,2018-02-02
PAYEMS,2001-01-01,2020-02-06,132712,2019-02-01
PAYEMS,2001-01-01,2024-02-01,132698,2020-02-07
PAYEMS,2001-01-01,2025-02-06,132699,2024-02-02
PAYEMS,2001-01-01,2026-07-31,132703,2025-02-07
PAYEMS,2001-02-01,2001-04-05,132237,2001-03-09
PAYEMS,2001-02-01,2001-05-03,132307,2001-04-06
PAYEMS,2001-02-01,2001-05-31,132303,2001-05-04
PAYEMS,2001-02-01,2002-06-06,132595,2001-06-01
PAYEMS,2001-02-01,2003-06-05,132457,2002-06-07
PAYEMS,2001-02-01,2004-02-05,132560,2003-06-06
PAYEMS,2001-02-01,2005-02-03,132492,2004-02-06
PAYEMS,2001-02-01,2006-02-02,132546,2005-02-04
PAYEMS,2001-02-01,2008-01-31,132551,2006-02-03
PAYEMS,2001-02-01,2012-02-02,132530,2008-02-01
PAYEMS,2001-02-01,2013-01-31,132529,2012-02-03
PAYEMS,2001-02-01,2014-02-06,132617,2013-02-01
PAYEMS,2001-02-01,2015-02-05,132766,2014-02-07
PAYEMS,2001-02-01,2016-02-04,132767,2015-02-06
PAYEMS,2001-02-01,2017-02-02,132777,2016-02-05
PAYEMS,2001-02-01,2018-02-01,132778,2017-02-03
PAYEMS,2001-02-01,2019-01-31,132776,2018-02-02
PAYEMS,2001-02-01,2020-02-06,132804,2019-02-01
PAYEMS,2001-02-01,2023-02-02,132789,2020-02-07
PAYEMS,2001-02-01,2024-02-01,132785,2023-02-03
PAYEMS,2001-02-01,2025-02-06,132786,2024-02-02
PAYEMS,2001-02-01,2026-07-31,132788,2025-02-07
PAYEMS,2001-03-01,2001-05-03,132221,2001-04-06
PAYEMS,2001-03-01,2001-05-31,132250,2001-05-04
PAYEMS,2001-03-01,2002-06-06,132654,2001-06-01
PAYEMS,2001-03-01,2003-06-05,132461,2002-06-07
PAYEMS,2001-03-01,2004-02-05,132527,2003-06-06
PAYEMS,2001-03-01,2005-02-03,132507,2004-02-06
PAYEMS,2001-03-01,2006-02-02,132511,2005-02-04
PAYEMS,2001-03-01,2008-01-31,132504,2006-02-03
PAYEMS,2001-03-01,2012-02-02,132500,2008-02-01
PAYEMS,2001-03-01,2013-01-31,132501,2012-02-03
PAYEMS,2001-03-01,2014-02-06,132588,2013-02-01
PAYEMS,2001-03-01,2015-02-05,132741,2014-02-07
PAYEMS,2001-03-01,2016-02-04,132742,2015-02-06
PAYEMS,2001-03-01,2017-02-02,132752,2016-02-05
PAYEMS,2001-03-01,2018-02-01,132751,2017-02-03
PAYEMS,2001-03-01,2019-01-31,132748,2018-02-02
PAYEMS,2001-03-01,2020-02-06,132761,2019-02-01
PAYEMS,2001-03-01,2023-02-02,132747,2020-02-07
PAYEMS,2001-03-01,2024-02-01,132753,2023-02-03
PAYEMS,2001-03-01,2026-07-31,132751,2024-02-02
PAYEMS,2001-04-01,2001-05-31,132027,2001-05-04
PAYEMS,2001-04-01,2001-07-05,132472,2001-06-01
PAYEMS,2001-04-01,2002-06-06,132489,2001-07-06
PAYEMS,2001-04-01,2003-06-05,132243,2002-06-07
PAYEMS,2001-04-01,2004-02-05,132247,2003-06-06
PAYEMS,2001-04-01,2005-02-03,132236,2004-02-06
PAYEMS,2001-04-01,2006-02-02,132214,2005-02-04
PAYEMS,2001-04-01,2008-01-31,132209,2006-02-03
PAYEMS,2001-04-01,2013-01-31,132219,2008-02-01
PAYEMS,2001-04-01,2014-02-06,132307,2013-02-01
PAYEMS,2001-04-01,2016-02-04,132460,2014-02-07
PAYEMS,2001-04-01,2018-02-01,132471,2016-02-05
PAYEMS,2001-04-01,2019-01-31,132469,2018-02-02
PAYEMS,2001-04-01,2020-02-06,132475,2019-02-01
PAYEMS,2001-04-01,2023-02-02,132463,2020-02-07
PAYEMS,2001-04-01,2024-02-01,132456,2023-02-03
PAYEMS,2001-04-01,2025-02-06,132455,2024-02-02
PAYEMS,2001-04-01,2026-02-10,132457,2025-02-07
PAYEMS,2001-04-01,2026-07-31,132458,2026-02-11
PAYEMS,2001-05-01,2001-07-05,132453,2001-06-01
PAYEMS,2001-05-01,2001-08-02,132497,2001-07-06
PAYEMS,2001-05-01,2002-06-06,132530,2001-08-03
PAYEMS,2001-05-01,2003-06-05,132229,2002-06-07
PAYEMS,2001-05-01,2004-02-05,132230,2003-06-06
PAYEMS,2001-05-01,2005-02-03,132237,2004-02-06
PAYEMS,2001-05-01,2006-02-02,132187,2005-02-04
PAYEMS,2001-05-01,2008-01-31,132177,2006-02-03
PAYEMS,2001-05-01,2013-01-31,132175,2008-02-01
PAYEMS,2001-05-01,2014-02-06,132266,2013-02-01
PAYEMS,2001-05-01,2016-02-04,132422,2014-02-07
PAYEMS,2001-05-01,2017-02-02,132433,2016-02-05
PAYEMS,2001-05-01,2018-02-01,132432,2017-02-03
PAYEMS,2001-05-01,2019-01-31,132428,2018-02-02
PAYEMS,2001-05-01,2020-02-06,132426,2019-02-01
PAYEMS,2001-05-01,2023-02-02,132410,2020-02-07
PAYEMS,2001-05-01,2024-02-01,132412,2023-02-03
PAYEMS,2001-05-01,2025-02-06,132411,2024-02-02
PAYEMS,2001-05-01,2026-02-10,132409,2025-02-07
PAYEMS,2001-05-01,2026-07-31,132408,2026-02-11
PAYEMS,2001-06-01,2001-08-02,132383,2001-07-06
PAYEMS,2001-06-01,2001-09-06,132437,2001-08-03
PAYEMS,2001-06-01,2002-06-06,132431,2001-09-07
PAYEMS,2001-06-01,2003-06-05,132108,2002-06-07
PAYEMS,2001-06-01,2004-02-05,132064,2003-06-06
PAYEMS,2001-06-01,2005-02-03,132087,2004-02-06
PAYEMS,2001-06-01,2006-02-02,132029,2005-02-04
PAYEMS,2001-06-01,2013-01-31,132047,2006-02-03
PAYEMS,2001-06-01,2014-02-06,132140,2013-02-01
PAYEMS,2001-06-01,2015-02-05,132293,2014-02-07
PAYEMS,2001-06-01,2016-02-04,132291,2015-02-06
PAYEMS,2001-06-01,2018-02-01,132302,2016-02-05
PAYEMS,2001-06-01,2019-01-31,132307,2018-02-02
PAYEMS,2001-06-01,2020-02-06,132312,2019-02-01
PAYEMS,2001-06-01,2023-02-02,132299,2020-02-07
PAYEMS,2001-06-01,2025-02-06,132296,2023-02-03
PAYEMS,2001-06-01,2026-02-10,132299,2025-02-07
PAYEMS,2001-06-01,2026-07-31,132300,2026-02-11
PAYEMS,2001-07-01,2001-09-06,132395,2001-08-03
PAYEMS,2001-07-01,2001-10-04,132444,2001-09-07
PAYEMS,2001-07-01,2002-06-06,132449,2001-10-05
PAYEMS,2001-07-01,2003-06-05,132045,2002-06-07
PAYEMS,2001-07-01,2004-02-05,131867,2003-06-06
PAYEMS,2001-07-01,2005-02-03,131972,2004-02-06
PAYEMS,2001-07-01,2006-02-02,131941,2005-02-04
PAYEMS,2001-07-01,2008-01-31,131930,2006-02-03
PAYEMS,2001-07-01,2013-01-31,131922,2008-02-01
PAYEMS,2001-07-01,2014-02-06,132018,2013-02-01
PAYEMS,2001-07-01,2015-02-05,132178,2014-02-07
PAYEMS,2001-07-01,2016-02-04,132179,2015-02-06
PAYEMS,2001-07-01,2017-02-02,132190,2016-02-05
PAYEMS,2001-07-01,2018-02-01,132191,2017-02-03
PAYEMS,2001-07-01,2019-01-31,132199,2018-02-02
PAYEMS,2001-07-01,2020-02-06,132187,2019-02-01
PAYEMS,2001-07-01,2023-02-02,132177,2020-02-07
PAYEMS,2001-07-01,2024-02-01,132171,2023-02-03
PAYEMS,2001-07-01,2025-02-06,132173,2024-02-02
PAYEMS,2001-07-01,2026-02-10,132171,2025-02-07
PAYEMS,2001-07-01,2026-07-31,132172,2026-02-11
PAYEMS,2001-08-01,2001-10-04,132331,2001-09-07
PAYEMS,2001-08-01,2001-11-01,132365,2001-10-05
PAYEMS,2001-08-01,2002-06-06,132395,2001-11-02
PAYEMS,2001-08-01,2003-06-05,131966,2002-06-07
PAYEMS,2001-08-01,2004-02-05,131719,2003-06-06
PAYEMS,2001-08-01,2005-02-03,131831,2004-02-06
PAYEMS,2001-08-01,2006-02-02,131803,2005-02-04
PAYEMS,2001-08-01,2008-01-31,131776,2006-02-03
PAYEMS,2001-08-01,2012-02-02,131762,2008-02-01
PAYEMS,2001-08-01,2013-01-31,131767,2012-02-03
PAYEMS,2001-08-01,2014-02-06,131862,2013-02-01
PAYEMS,2001-08-01,2015-02-05,132020,2014-02-07
PAYEMS,2001-08-01,2016-02-04,132019,2015-02-06
PAYEMS,2001-08-01,2017-02-02,132033,2016-02-05
PAYEMS,2001-08-01,2018-02-01,132035,2017-02-03
PAYEMS,2001-08-01,2019-01-31,132053,2018-02-02
PAYEMS,2001-08-01,2020-02-06,132043,2019-02-01
PAYEMS,2001-08-01,2023-02-02,132028,2020-02-07
PAYEMS,2001-08-01,2025-02-06,132024,2023-02-03
PAYEMS,2001-08-01,2026-07-31,132021,2025-02-07
PAYEMS,2001-09-01,2001-11-01,132166,2001-10-05
PAYEMS,2001-09-01,2001-12-06,132182,2001-11-02
PAYEMS,2001-09-01,2002-06-06,132230,2001-12-07
PAYEMS,2001-09-01,2003-06-05,131819,2002-06-07
PAYEMS,2001-09-01,2004-02-05,131550,2003-06-06
PAYEMS,2001-09-01,2005-02-03,131564,2004-02-06
PAYEMS,2001-09-01,2006-02-02,131549,2005-02-04
PAYEMS,2001-09-01,2008-01-31,131521,2006-02-03
PAYEMS,2001-09-01,2012-02-02,131518,2008-02-01
PAYEMS,2001-09-01,2013-01-31,131524,2012-02-03
PAYEMS,2001-09-01,2014-02-06,131618,2013-02-01
PAYEMS,2001-09-01,2016-02-04,131778,2014-02-07
PAYEMS,2001-09-01,2017-02-02,131793,2016-02-05
PAYEMS,2001-09-01,2018-02-01,131794,2017-02-03
PAYEMS,2001-09-01,2019-01-31,131803,2018-02-02
PAYEMS,2001-09-01,2020-02-06,131791,2019-02-01
PAYEMS,2001-09-01,2023-02-02,131771,2020-02-07
PAYEMS,2001-09-01,2025-02-06,131765,2023-02-03
PAYEMS,2001-09-01,2026-07-31,131763,2025-02-07
PAYEMS,2001-10-01,2001-12-06,131767,2001-11-02
PAYEMS,2001-10-01,2002-01-03,131762,2001-12-07
PAYEMS,2001-10-01,2002-06-06,131782,2002-01-04
PAYEMS,2001-10-01,2003-06-05,131414,2002-06-07
PAYEMS,2001-10-01,2004-02-05,131198,2003-06-06
PAYEMS,2001-10-01,2005-02-03,131203,2004-02-06
PAYEMS,2001-10-01,2006-02-02,131172,2005-02-04
PAYEMS,2001-10-01,2008-01-31,131191,2006-02-03
PAYEMS,2001-10-01,2013-01-31,131193,2008-02-01
PAYEMS,2001-10-01,2014-02-06,131291,2013-02-01
PAYEMS,2001-10-01,2015-02-05,131454,2014-02-07
PAYEMS,2001-10-01,2016-02-04,131453,2015-02-06
PAYEMS,2001-10-01,2017-02-02,131468,2016-02-05
PAYEMS,2001-10-01,2018-02-01,131467,2017-02-03
PAYEMS,2001-10-01,2019-01-31,131475,2018-02-02
PAYEMS,2001-10-01,2020-02-06,131468,2019-02-01
PAYEMS,2001-10-01,2023-02-02,131454,2020-02-07
PAYEMS,2001-10-01,2026-07-31,131452,2023-02-03
PAYEMS,2001-11-01,2002-01-03,131431,2001-12-07
PAYEMS,2001-11-01,2002-01-31,131411,2002-01-04
PAYEMS,2001-11-01,2002-06-06,131427,2002-02-01
PAYEMS,2001-11-01,2003-06-05,131087,2002-06-07
PAYEMS,2001-11-01,2004-02-05,130900,2003-06-06
PAYEMS,2001-11-01,2005-02-03,130871,2004-02-06
PAYEMS,2001-11-01,2006-02-02,130879,2005-02-04
PAYEMS,2001-11-01,2008-01-31,130883,2006-02-03
PAYEMS,2001-11-01,2012-02-02,130901,2008-02-01
PAYEMS,2001-11-01,2013-01-31,130898,2012-02-03
PAYEMS,2001-11-01,2014-02-06,130995,2013-02-01
PAYEMS,2001-11-01,2015-02-05,131160,2014-02-07
PAYEMS,2001-11-01,2016-02-04,131159,2015-02-06
PAYEMS,2001-11-01,2017-02-02,131175,2016-02-05
PAYEMS,2001-11-01,2018-02-01,131176,2017-02-03
PAYEMS,2001-11-01,2019-01-31,131178,2018-02-02
PAYEMS,2001-11-01,2020-02-06,131158,2019-02-01
PAYEMS,2001-11-01,2024-02-01,131142,2020-02-07
PAYEMS,2001-11-01,2025-02-06,131141,2024-02-02
PAYEMS,2001-11-01,2026-07-31,131144,2025-02-07
PAYEMS,2001-12-01,2002-01-31,131287,2002-01-04
PAYEMS,2001-12-01,2002-03-07,131297,2002-02-01
PAYEMS,2001-12-01,2002-06-06,131321,2002-03-08
PAYEMS,2001-12-01,2003-06-05,130890,2002-06-07
PAYEMS,2001-12-01,2004-02-05,130661,2003-06-06
PAYEMS,2001-12-01,2005-02-03,130659,2004-02-06
PAYEMS,2001-12-01,2006-02-02,130705,2005-02-04
PAYEMS,2001-12-01,2008-01-31,130721,2006-02-03
PAYEMS,2001-12-01,2012-02-02,130723,2008-02-01
PAYEMS,2001-12-01,2013-01-31,130720,2012-02-03
PAYEMS,2001-12-01,2014-02-06,130823,2013-02-01
PAYEMS,2001-12-01,2015-02-05,130989,2014-02-07
PAYEMS,2001-12-01,2016-02-04,130988,2015-02-06
PAYEMS,2001-12-01,2017-02-02,131005,2016-02-05
PAYEMS,2001-12-01,2018-02-01,131004,2017-02-03
PAYEMS,2001-12-01,2019-01-31,131001,2018-02-02
PAYEMS,2001-12-01,2020-02-06,130997,2019-02-01
PAYEMS,2001-12-01,2023-02-02,130982,2020-02-07
PAYEMS,2001-12-01,2024-02-01,130985,2023-02-03
PAYEMS,2001-12-01,2025-02-06,130984,2024-02-02
PAYEMS,2001-12-01,2026-07-31,130983,2025-02-07
PAYEMS,2002-01-01,2002-03-07,131208,2002-02-01
PAYEMS,2002-01-01,2002-04-04,131195,2002-03-08
PAYEMS,2002-01-01,2002-06-06,131212,2002-04-05
PAYEMS,2002-01-01,2003-06-05,130871,2002-06-07
PAYEMS,2002-01-01,2004-02-05,130578,2003-06-06
PAYEMS,2002-01-01,2005-02-03,130494,2004-02-06
PAYEMS,2002-01-01,2006-02-02,130581,2005-02-04
PAYEMS,2002-01-01,2007-02-01,130608,2006-02-03
PAYEMS,2002-01-01,2008-01-31,130594,2007-02-02
PAYEMS,2002-01-01,2013-01-31,130591,2008-02-01
PAYEMS,2002-01-01,2014-02-06,130680,2013-02-01
PAYEMS,2002-01-01,2015-02-05,130847,2014-02-07
PAYEMS,2002-01-01,2016-02-04,130849,2015-02-06
PAYEMS,2002-01-01,2017-02-02,130867,2016-02-05
PAYEMS,2002-01-01,2018-02-01,130869,2017-02-03
PAYEMS,2002-01-01,2019-01-31,130852,2018-02-02
PAYEMS,2002-01-01,2020-02-06,130868,2019-02-01
PAYEMS,2002-01-01,2024-02-01,130852,2020-02-07
PAYEMS,2002-01-01,2025-02-06,130853,2024-02-02
PAYEMS,2002-01-01,2026-07-31,130859,2025-02-07
PAYEMS,2002-02-01,2002-04-04,131261,2002-03-08
PAYEMS,2002-02-01,2002-05-02,131210,2002-04-05
PAYEMS,2002-02-01,2002-06-06,131208,2002-05-03
PAYEMS,2002-02-01,2003-06-05,130706,2002-06-07
PAYEMS,2002-02-01,2004-02-05,130510,2003-06-06
PAYEMS,2002-02-01,2005-02-03,130404,2004-02-06
PAYEMS,2002-02-01,2006-02-02,130478,2005-02-04
PAYEMS,2002-02-01,2007-02-01,130486,2006-02-03
PAYEMS,2002-02-01,2008-01-31,130476,2007-02-02
PAYEMS,2002-02-01,2012-02-02,130444,2008-02-01
PAYEMS,2002-02-01,2013-01-31,130445,2012-02-03
PAYEMS,2002-02-01,2014-02-06,130545,2013-02-01
PAYEMS,2002-02-01,2015-02-05,130714,2014-02-07
PAYEMS,2002-02-01,2016-02-04,130715,2015-02-06
PAYEMS,2002-02-01,2018-02-01,130733,2016-02-05
PAYEMS,2002-02-01,2019-01-31,130724,2018-02-02
PAYEMS,2002-02-01,2020-02-06,130752,2019-02-01
PAYEMS,2002-02-01,2023-02-02,130736,2020-02-07
PAYEMS,2002-02-01,2025-02-06,130732,2023-02-03
PAYEMS,2002-02-01,2026-02-10,130736,2025-02-07
PAYEMS,2002-02-01,2026-07-31,130737,2026-02-11
PAYEMS,2002-03-01,2002-05-02,131268,2002-04-05
PAYEMS,2002-03-01,2002-06-06,131187,2002-05-03
PAYEMS,2002-03-01,2003-06-05,130701,2002-06-07
PAYEMS,2002-03-01,2004-02-05,130481,2003-06-06
PAYEMS,2002-03-01,2005-02-03,130447,2004-02-06
PAYEMS,2002-03-01,2007-02-01,130441,2005-02-04
PAYEMS,2002-03-01,2008-01-31,130430,2007-02-02
PAYEMS,2002-03-01,2012-02-02,130420,2008-02-01
PAYEMS,2002-03-01,2013-01-31,130421,2012-02-03
PAYEMS,2002-03-01,2014-02-06,130523,2013-02-01
PAYEMS,2002-03-01,2016-02-04,130695,2014-02-07
PAYEMS,2002-03-01,2017-02-02,130713,2016-02-05
PAYEMS,2002-03-01,2018-02-01,130712,2017-02-03
PAYEMS,2002-03-01,2019-01-31,130707,2018-02-02
PAYEMS,2002-03-01,2020-02-06,130732,2019-02-01
PAYEMS,2002-03-01,2023-02-02,130717,2020-02-07
PAYEMS,2002-03-01,2024-02-01,130721,2023-02-03
PAYEMS,2002-03-01,2025-02-06,130720,2024-02-02
PAYEMS,2002-03-01,2026-07-31,130722,2025-02-07
PAYEMS,2002-04-01,2002-06-06,131230,2002-05-03
PAYEMS,2002-04-01,2002-07-04,130707,2002-06-07
PAYEMS,2002-04-01,2003-06-05,130680,2002-07-05
PAYEMS,2002-04-01,2004-02-05,130415,2003-06-06
PAYEMS,2002-04-01,2005-02-03,130379,2004-02-06
PAYEMS,2002-04-01,2006-02-02,130335,2005-02-04
PAYEMS,2002-04-01,2007-02-01,130336,2006-02-03
PAYEMS,2002-04-01,2008-01-31,130347,2007-02-02
PAYEMS,2002-04-01,2012-02-02,130335,2008-02-01
PAYEMS,2002-04-01,2013-01-31,130337,2012-02-03
PAYEMS,2002-04-01,2014-02-06,130440,2013-02-01
PAYEMS,2002-04-01,2016-02-04,130615,2014-02-07
PAYEMS,2002-04-01,2018-02-01,130634,2016-02-05
PAYEMS,2002-04-01,2019-01-31,130624,2018-02-02
PAYEMS,2002-04-01,2020-02-06,130636,2019-02-01
PAYEMS,2002-04-01,2023-02-02,130623,2020-02-07
PAYEMS,2002-04-01,2024-02-01,130617,2023-02-03
PAYEMS,2002-04-01,2025-02-06,130616,2024-02-02
PAYEMS,2002-04-01,2026-02-10,130615,2025-02-07
PAYEMS,2002-04-01,2026-07-31,130616,2026-02-11
PAYEMS,2002-05-01,2002-07-04,130748,2002-06-07
PAYEMS,2002-05-01,2002-08-01,130704,2002-07-05
PAYEMS,2002-05-01,2003-06-05,130702,2002-08-02
PAYEMS,2002-05-01,2004-02-05,130411,2003-06-06
PAYEMS,2002-05-01,2005-02-03,130381,2004-02-06
PAYEMS,2002-05-01,2006-02-02,130326,2005-02-04
PAYEMS,2002-05-01,2007-02-01,130330,2006-02-03
PAYEMS,2002-05-01,2008-01-31,130324,2007-02-02
PAYEMS,2002-05-01,2013-01-31,130328,2008-02-01
PAYEMS,2002-05-01,2014-02-06,130434,2013-02-01
PAYEMS,2002-05-01,2016-02-04,130607,2014-02-07
PAYEMS,2002-05-01,2017-02-02,130627,2016-02-05
PAYEMS,2002-05-01,2018-02-01,130629,2017-02-03
PAYEMS,2002-05-01,2019-01-31,130641,2018-02-02
PAYEMS,2002-05-01,2020-02-06,130647,2019-02-01
PAYEMS,2002-05-01,2023-02-02,130634,2020-02-07
PAYEMS,2002-05-01,2024-02-01,130633,2023-02-03
PAYEMS,2002-05-01,2026-07-31,130632,2024-02-02
PAYEMS,2002-06-01,2002-08-01,130740,2002-07-05
PAYEMS,2002-06-01,2002-09-05,130768,2002-08-02
PAYEMS,2002-06-01,2003-06-05,130736,2002-09-06
PAYEMS,2002-06-01,2004-02-05,130383,2003-06-06
PAYEMS,2002-06-01,2005-02-03,130406,2004-02-06
PAYEMS,2002-06-01,2006-02-02,130377,2005-02-04
PAYEMS,2002-06-01,2007-02-01,130363,2006-02-03
PAYEMS,2002-06-01,2008-01-31,130371,2007-02-02
PAYEMS,2002-06-01,2012-02-02,130373,2008-02-01
PAYEMS,2002-06-01,2013-01-31,130375,2012-02-03
PAYEMS,2002-06-01,2014-02-06,130486,2013-02-01
PAYEMS,2002-06-01,2015-02-05,130664,2014-02-07
PAYEMS,2002-06-01,2016-02-04,130663,2015-02-06
PAYEMS,2002-06-01,2017-02-02,130684,2016-02-05
PAYEMS,2002-06-01,2018-02-01,130685,2017-02-03
PAYEMS,2002-06-01,2019-01-31,130692,2018-02-02
PAYEMS,2002-06-01,2020-02-06,130695,2019-02-01
PAYEMS,2002-06-01,2023-02-02,130684,2020-02-07
PAYEMS,2002-06-01,2024-02-01,130683,2023-02-03
PAYEMS,2002-06-01,2025-02-06,130682,2024-02-02
PAYEMS,2002-06-01,2026-02-10,130673,2025-02-07
PAYEMS,2002-06-01,2026-07-31,130674,2026-02-11
PAYEMS,2002-07-01,2002-09-05,130774,2002-08-02
PAYEMS,2002-07-01,2002-10-03,130803,2002-09-06
PAYEMS,2002-07-01,2003-06-05,130790,2002-10-04
PAYEMS,2002-07-01,2004-02-05,130204,2003-06-06
PAYEMS,2002-07-01,2005-02-03,130295,2004-02-06
PAYEMS,2002-07-01,2006-02-02,130277,2005-02-04
PAYEMS,2002-07-01,2007-02-01,130258,2006-02-03
PAYEMS,2002-07-01,2008-01-31,130290,2007-02-02
PAYEMS,2002-07-01,2012-02-02,130276,2008-02-01
PAYEMS,2002-07-01,2013-01-31,130275,2012-02-03
PAYEMS,2002-07-01,2014-02-06,130394,2013-02-01
PAYEMS,2002-07-01,2016-02-04,130579,2014-02-07
PAYEMS,2002-07-01,2017-02-02,130599,2016-02-05
PAYEMS,2002-07-01,2018-02-01,130601,2017-02-03
PAYEMS,2002-07-01,2019-01-31,130615,2018-02-02
PAYEMS,2002-07-01,2020-02-06,130604,2019-02-01
PAYEMS,2002-07-01,2023-02-02,130590,2020-02-07
PAYEMS,2002-07-01,2024-02-01,130583,2023-02-03
PAYEMS,2002-07-01,2025-02-06,130585,2024-02-02
PAYEMS,2002-07-01,2026-02-10,130583,2025-02-07
PAYEMS,2002-07-01,2026-07-31,130584,2026-02-11
PAYEMS,2002-08-01,2002-10-03,130842,2002-09-06
PAYEMS,2002-08-01,2002-10-31,130897,2002-10-04
PAYEMS,2002-08-01,2003-06-05,130913,2002-11-01
PAYEMS,2002-08-01,2004-02-05,130224,2003-06-06
PAYEMS,2002-08-01,2005-02-03,130306,2004-02-06
PAYEMS,2002-08-01,2006-02-02,130295,2005-02-04
PAYEMS,2002-08-01,2007-02-01,130258,2006-02-03
PAYEMS,2002-08-01,2008-01-31,130275,2007-02-02
PAYEMS,2002-08-01,2012-02-02,130260,2008-02-01
PAYEMS,2002-08-01,2013-01-31,130264,2012-02-03
PAYEMS,2002-08-01,2014-02-06,130380,2013-02-01
PAYEMS,2002-08-01,2015-02-05,130564,2014-02-07
PAYEMS,2002-08-01,2016-02-04,130563,2015-02-06
PAYEMS,2002-08-01,2017-02-02,130585,2016-02-05
PAYEMS,2002-08-01,2018-02-01,130587,2017-02-03
PAYEMS,2002-08-01,2019-01-31,130608,2018-02-02
PAYEMS,2002-08-01,2020-02-06,130603,2019-02-01
PAYEMS,2002-08-01,2025-02-06,130587,2020-02-07
PAYEMS,2002-08-01,2026-02-10,130582,2025-02-07
PAYEMS,2002-08-01,2026-07-31,130581,2026-02-11
PAYEMS,2002-09-01,2002-10-31,130854,2002-10-04
PAYEMS,2002-09-01,2002-12-05,130900,2002-11-01
PAYEMS,2002-09-01,2002-12-08,130909,2002-12-06
PAYEMS,2002-09-01,2003-06-05,130829,2002-12-09
PAYEMS,2002-09-01,2004-02-05,130289,2003-06-06
PAYEMS,2002-09-01,2005-02-03,130259,2004-02-06
PAYEMS,2002-09-01,2006-02-02,130250,2005-02-04
PAYEMS,2002-09-01,2007-02-01,130211,2006-02-03
PAYEMS,2002-09-01,2008-01-31,130206,2007-02-02
PAYEMS,2002-09-01,2012-02-02,130205,2008-02-01
PAYEMS,2002-09-01,2013-01-31,130209,2012-02-03
PAYEMS,2002-09-01,2014-02-06,130322,2013-02-01
PAYEMS,2002-09-01,2015-02-05,130504,2014-02-07
PAYEMS,2002-09-01,2016-02-04,130503,2015-02-06
PAYEMS,2002-09-01,2017-02-02,130526,2016-02-05
PAYEMS,2002-09-01,2018-02-01,130527,2017-02-03
PAYEMS,2002-09-01,2019-01-31,130541,2018-02-02
PAYEMS,2002-09-01,2020-02-06,130524,2019-02-01
PAYEMS,2002-09-01,2023-02-02,130501,2020-02-07
PAYEMS,2002-09-01,2025-02-06,130498,2023-02-03
PAYEMS,2002-09-01,2026-02-10,130503,2025-02-07
PAYEMS,2002-09-01,2026-07-31,130502,2026-02-11
PAYEMS,2002-10-01,2002-12-05,130895,2002-11-01
PAYEMS,2002-10-01,2003-01-09,130915,2002-12-06
PAYEMS,2002-10-01,2003-06-05,130898,2003-01-10
PAYEMS,2002-10-01,2004-02-05,130408,2003-06-06
PAYEMS,2002-10-01,2005-02-03,130342,2004-02-06
PAYEMS,2002-10-01,2006-02-02,130309,2005-02-04
PAYEMS,2002-10-01,2007-02-01,130323,2006-02-03
PAYEMS,2002-10-01,2008-01-31,130324,2007-02-02
PAYEMS,2002-10-01,2012-02-02,130331,2008-02-01
PAYEMS,2002-10-01,2013-01-31,130330,2012-02-03
PAYEMS,2002-10-01,2014-02-06,130446,2013-02-01
PAYEMS,2002-10-01,2015-02-05,130629,2014-02-07
PAYEMS,2002-10-01,2016-02-04,130628,2015-02-06
PAYEMS,2002-10-01,2017-02-02,130652,2016-02-05
PAYEMS,2002-10-01,2018-02-01,130649,2017-02-03
PAYEMS,2002-10-01,2019-01-31,130654,2018-02-02
PAYEMS,2002-10-01,2020-02-06,130643,2019-02-01
PAYEMS,2002-10-01,2023-02-02,130628,2020-02-07
PAYEMS,2002-10-01,2025-02-06,130621,2023-02-03
PAYEMS,2002-10-01,2026-07-31,130617,2025-02-07
PAYEMS,2002-11-01,2003-01-09,130875,2002-12-06
PAYEMS,2002-11-01,2003-02-06,130810,2003-01-10
PAYEMS,2002-11-01,2003-06-05,130817,2003-02-07
PAYEMS,2002-11-01,2004-02-05,130409,2003-06-06
PAYEMS,2002-11-01,2005-02-03,130305,2004-02-06
PAYEMS,2002-11-01,2006-02-02,130315,2005-02-04
PAYEMS,2002-11-01,2007-02-01,130307,2006-02-03
PAYEMS,2002-11-01,2008-01-31,130334,2007-02-02
PAYEMS,2002-11-01,2012-02-02,130339,2008-02-01
PAYEMS,2002-11-01,2013-01-31,130338,2012-02-03
PAYEMS,2002-11-01,2014-02-06,130453,2013-02-01
PAYEMS,2002-11-01,2015-02-05,130639,2014-02-07
PAYEMS,2002-11-01,2016-02-04,130638,2015-02-06
PAYEMS,2002-11-01,2018-02-01,130662,2016-02-05
PAYEMS,2002-11-01,2019-01-31,130660,2018-02-02
PAYEMS,2002-11-01,2020-02-06,130632,2019-02-01
PAYEMS,2002-11-01,2023-02-02,130615,2020-02-07
PAYEMS,2002-11-01,2024-02-01,130618,2023-02-03
PAYEMS,2002-11-01,2025-02-06,130617,2024-02-02
PAYEMS,2002-11-01,2026-07-31,130616,2025-02-07
PAYEMS,2002-12-01,2003-02-06,130709,2003-01-10
PAYEMS,2002-12-01,2003-03-06,130661,2003-02-07
PAYEMS,2002-12-01,2003-06-05,130670,2003-03-07
PAYEMS,2002-12-01,2004-02-05,130198,2003-06-06
PAYEMS,2002-12-01,2005-02-03,130096,2004-02-06
PAYEMS,2002-12-01,2006-02-02,130161,2005-02-04
PAYEMS,2002-12-01,2007-02-01,130186,2006-02-03
PAYEMS,2002-12-01,2008-01-31,130191,2007-02-02
PAYEMS,2002-12-01,2012-02-02,130183,2008-02-01
PAYEMS,2002-12-01,2013-01-31,130175,2012-02-03
PAYEMS,2002-12-01,2014-02-06,130291,2013-02-01
PAYEMS,2002-12-01,2016-02-04,130481,2014-02-07
PAYEMS,2002-12-01,2017-02-02,130505,2016-02-05
PAYEMS,2002-12-01,2018-02-01,130504,2017-02-03
PAYEMS,2002-12-01,2019-01-31,130490,2018-02-02
PAYEMS,2002-12-01,2020-02-06,130488,2019-02-01
PAYEMS,2002-12-01,2023-02-02,130472,2020-02-07
PAYEMS,2002-12-01,2024-02-01,130470,2023-02-03
PAYEMS,2002-12-01,2025-02-06,130469,2024-02-02
PAYEMS,2002-12-01,2026-07-31,130465,2025-02-07
PAYEMS,2003-01-01,2003-03-06,130804,2003-02-07
PAYEMS,2003-01-01,2003-04-03,130855,2003-03-07
PAYEMS,2003-01-01,2003-06-05,130873,2003-04-04
PAYEMS,2003-01-01,2004-02-05,130356,2003-06-06
PAYEMS,2003-01-01,2005-02-03,130190,2004-02-06
PAYEMS,2003-01-01,2006-02-02,130247,2005-02-04
PAYEMS,2003-01-01,2007-02-01,130268,2006-02-03
PAYEMS,2003-01-01,2008-01-31,130256,2007-02-02
PAYEMS,2003-01-01,2012-02-02,130266,2008-02-01
PAYEMS,2003-01-01,2013-01-31,130270,2012-02-03
PAYEMS,2003-01-01,2014-02-06,130380,2013-02-01
PAYEMS,2003-01-01,2015-02-05,130575,2014-02-07
PAYEMS,2003-01-01,2016-02-04,130572,2015-02-06
PAYEMS,2003-01-01,2017-02-02,130597,2016-02-05
PAYEMS,2003-01-01,2018-02-01,130596,2017-02-03
PAYEMS,2003-01-01,2019-01-31,130597,2018-02-02
PAYEMS,2003-01-01,2020-02-06,130596,2019-02-01
PAYEMS,2003-01-01,2023-02-02,130580,2020-02-07
PAYEMS,2003-01-01,2024-02-01,130579,2023-02-03
PAYEMS,2003-01-01,2025-02-06,130580,2024-02-02
PAYEMS,2003-01-01,2026-07-31,130573,2025-02-07
PAYEMS,2003-02-01,2003-04-03,130547,2003-03-07
PAYEMS,2003-02-01,2003-05-01,130516,2003-04-04
PAYEMS,2003-02-01,2003-06-05,130520,2003-05-02
PAYEMS,2003-02-01,2004-02-05,130235,2003-06-06
PAYEMS,2003-02-01,2005-02-03,130031,2004-02-06
PAYEMS,2003-02-01,2006-02-02,130125,2005-02-04
PAYEMS,2003-02-01,2007-02-01,130119,2006-02-03
PAYEMS,2003-02-01,2008-01-31,130103,2007-02-02
PAYEMS,2003-02-01,2012-02-02,130108,2008-02-01
PAYEMS,2003-02-01,2013-01-31,130111,2012-02-03
PAYEMS,2003-02-01,2014-02-06,130222,2013-02-01
PAYEMS,2003-02-01,2015-02-05,130422,2014-02-07
PAYEMS,2003-02-01,2016-02-04,130421,2015-02-06
PAYEMS,2003-02-01,2018-02-01,130447,2016-02-05
PAYEMS,2003-02-01,2019-01-31,130451,2018-02-02
PAYEMS,2003-02-01,2020-02-06,130461,2019-02-01
PAYEMS,2003-02-01,2023-02-02,130444,2020-02-07
PAYEMS,2003-02-01,2025-02-06,130443,2023-02-03
PAYEMS,2003-02-01,2026-07-31,130441,2025-02-07
PAYEMS,2003-03-01,2003-05-01,130408,2003-04-04
PAYEMS,2003-03-01,2003-06-05,130396,2003-05-02
PAYEMS,2003-03-01,2004-02-05,130084,2003-06-06
PAYEMS,2003-03-01,2005-02-03,129921,2004-02-06
PAYEMS,2003-03-01,2006-02-02,129907,2005-02-04
PAYEMS,2003-03-01,2007-02-01,129920,2006-02-03
PAYEMS,2003-03-01,2008-01-31,129907,2007-02-02
PAYEMS,2003-03-01,2012-02-02,129896,2008-02-01
PAYEMS,2003-03-01,2013-01-31,129898,2012-02-03
PAYEMS,2003-03-01,2014-02-06,130007,2013-02-01
PAYEMS,2003-03-01,2015-02-05,130212,2014-02-07
PAYEMS,2003-03-01,2016-02-04,130211,2015-02-06
PAYEMS,2003-03-01,2018-02-01,130238,2016-02-05
PAYEMS,2003-03-01,2019-01-31,130243,2018-02-02
PAYEMS,2003-03-01,2020-02-06,130246,2019-02-01
PAYEMS,2003-03-01,2023-02-02,130232,2020-02-07
PAYEMS,2003-03-01,2024-02-01,130233,2023-02-03
PAYEMS,2003-03-01,2025-02-06,130232,2024-02-02
PAYEMS,2003-03-01,2026-07-31,130235,2025-02-07
PAYEMS,2003-04-01,2003-06-05,130348,2003-05-02
PAYEMS,2003-04-01,2003-07-02,130084,2003-06-06
PAYEMS,2003-04-01,2004-02-05,130062,2003-07-03
PAYEMS,2003-04-01,2005-02-03,129901,2004-02-06
PAYEMS,2003-04-01,2006-02-02,129853,2005-02-04
PAYEMS,2003-04-01,2007-02-01,129852,2006-02-03
PAYEMS,2003-04-01,2008-01-31,129859,2007-02-02
PAYEMS,2003-04-01,2012-02-02,129847,2008-02-01
PAYEMS,2003-04-01,2013-01-31,129849,2012-02-03
PAYEMS,2003-04-01,2014-02-06,129956,2013-02-01
PAYEMS,2003-04-01,2016-02-04,130167,2014-02-07
PAYEMS,2003-04-01,2020-02-06,130194,2016-02-05
PAYEMS,2003-04-01,2023-02-02,130177,2020-02-07
PAYEMS,2003-04-01,2025-02-06,130176,2023-02-03
PAYEMS,2003-04-01,2026-02-10,130172,2025-02-07
PAYEMS,2003-04-01,2026-07-31,130173,2026-02-11
PAYEMS,2003-05-01,2003-07-02,130067,2003-06-06
PAYEMS,2003-05-01,2003-07-31,129992,2003-07-03
PAYEMS,2003-05-01,2004-02-05,129986,2003-08-01
PAYEMS,2003-05-01,2005-02-03,129873,2004-02-06
PAYEMS,2003-05-01,2006-02-02,129827,2005-02-04
PAYEMS,2003-05-01,2007-02-01,129834,2006-02-03
PAYEMS,2003-05-01,2008-01-31,129826,2007-02-02
PAYEMS,2003-05-01,2012-02-02,129841,2008-02-01
PAYEMS,2003-05-01,2013-01-31,129840,2012-02-03
PAYEMS,2003-05-01,2014-02-06,129946,2013-02-01
PAYEMS,2003-05-01,2015-02-05,130156,2014-02-07
PAYEMS,2003-05-01,2016-02-04,130157,2015-02-06
PAYEMS,2003-05-01,2017-02-02,130186,2016-02-05
PAYEMS,2003-05-01,2018-02-01,130187,2017-02-03
PAYEMS,2003-05-01,2019-01-31,130205,2018-02-02
PAYEMS,2003-05-01,2020-02-06,130210,2019-02-01
PAYEMS,2003-05-01,2023-02-02,130196,2020-02-07
PAYEMS,2003-05-01,2024-02-01,130197,2023-02-03
PAYEMS,2003-05-01,2026-02-10,130196,2024-02-02
PAYEMS,2003-05-01,2026-07-31,130197,2026-02-11
PAYEMS,2003-06-01,2003-07-31,129962,2003-07-03
PAYEMS,2003-06-01,2003-09-04,129914,2003-08-01
PAYEMS,2003-06-01,2004-02-05,129903,2003-09-05
PAYEMS,2003-06-01,2005-02-03,129859,2004-02-06
PAYEMS,2003-06-01,2006-02-02,129854,2005-02-04
PAYEMS,2003-06-01,2007-02-01,129841,2006-02-03
PAYEMS,2003-06-01,2008-01-31,129850,2007-02-02
PAYEMS,2003-06-01,2012-02-02,129839,2008-02-01
PAYEMS,2003-06-01,2013-01-31,129840,2012-02-03
PAYEMS,2003-06-01,2014-02-06,129943,2013-02-01
PAYEMS,2003-06-01,2016-02-04,130166,2014-02-07
PAYEMS,2003-06-01,2017-02-02,130195,2016-02-05
PAYEMS,2003-06-01,2018-02-01,130197,2017-02-03
PAYEMS,2003-06-01,2019-01-31,130198,2018-02-02
PAYEMS,2003-06-01,2020-02-06,130209,2019-02-01
PAYEMS,2003-06-01,2023-02-02,130194,2020-02-07
PAYEMS,2003-06-01,2025-02-06,130192,2023-02-03
PAYEMS,2003-06-01,2026-02-10,130185,2025-02-07
PAYEMS,2003-06-01,2026-07-31,130186,2026-02-11
PAYEMS,2003-07-01,2003-09-04,129870,2003-08-01
PAYEMS,2003-07-01,2003-10-02,129854,2003-09-05
PAYEMS,2003-07-01,2004-02-05,129846,2003-10-03
PAYEMS,2003-07-01,2005-02-03,129814,2004-02-06
PAYEMS,2003-07-01,2006-02-02,129857,2005-02-04
PAYEMS,2003-07-01,2007-02-01,129822,2006-02-03
PAYEMS,2003-07-01,2008-01-31,129860,2007-02-02
PAYEMS,2003-07-01,2012-02-02,129864,2008-02-01
PAYEMS,2003-07-01,2013-01-31,129865,2012-02-03
PAYEMS,2003-07-01,2014-02-06,129963,2013-02-01
PAYEMS,2003-07-01,2015-02-05,130189,2014-02-07
PAYEMS,2003-07-01,2016-02-04,130190,2015-02-06
PAYEMS,2003-07-01,2018-02-01,130219,2016-02-05
PAYEMS,2003-07-01,2019-01-31,130217,2018-02-02
PAYEMS,2003-07-01,2020-02-06,130207,2019-02-01
PAYEMS,2003-07-01,2023-02-02,130191,2020-02-07
PAYEMS,2003-07-01,2024-02-01,130183,2023-02-03
PAYEMS,2003-07-01,2026-07-31,130184,2024-02-02
PAYEMS,2003-08-01,2003-10-02,129761,2003-09-05
PAYEMS,2003-08-01,2003-11-06,129805,2003-10-03
PAYEMS,2003-08-01,2004-02-05,129881,2003-11-07
PAYEMS,2003-08-01,2005-02-03,129789,2004-02-06
PAYEMS,2003-08-01,2006-02-02,129859,2005-02-04
PAYEMS,2003-08-01,2007-02-01,129797,2006-02-03
PAYEMS,2003-08-01,2008-01-31,129818,2007-02-02
PAYEMS,2003-08-01,2012-02-02,129822,2008-02-01
PAYEMS,2003-08-01,2013-01-31,129820,2012-02-03
PAYEMS,2003-08-01,2014-02-06,129919,2013-02-01
PAYEMS,2003-08-01,2015-02-05,130148,2014-02-07
PAYEMS,2003-08-01,2016-02-04,130147,2015-02-06
PAYEMS,2003-08-01,2017-02-02,130177,2016-02-05
PAYEMS,2003-08-01,2018-02-01,130178,2017-02-03
PAYEMS,2003-08-01,2019-01-31,130171,2018-02-02
PAYEMS,2003-08-01,2020-02-06,130167,2019-02-01
PAYEMS,2003-08-01,2023-02-02,130149,2020-02-07
PAYEMS,2003-08-01,2026-07-31,130153,2023-02-03
PAYEMS,2003-09-01,2003-11-06,129862,2003-10-03
PAYEMS,2003-09-01,2003-12-04,130006,2003-11-07
PAYEMS,2003-09-01,2004-02-05,129980,2003-12-05
PAYEMS,2003-09-01,2005-02-03,129856,2004-02-06
PAYEMS,2003-09-01,2006-02-02,129953,2005-02-04
PAYEMS,2003-09-01,2007-02-01,129895,2006-02-03
PAYEMS,2003-09-01,2008-01-31,129899,2007-02-02
PAYEMS,2003-09-01,2012-02-02,129925,2008-02-01
PAYEMS,2003-09-01,2013-01-31,129929,2012-02-03
PAYEMS,2003-09-01,2014-02-06,130024,2013-02-01
PAYEMS,2003-09-01,2016-02-04,130250,2014-02-07
PAYEMS,2003-09-01,2017-02-02,130281,2016-02-05
PAYEMS,2003-09-01,2018-02-01,130282,2017-02-03
PAYEMS,2003-09-01,2019-01-31,130281,2018-02-02
PAYEMS,2003-09-01,2020-02-06,130279,2019-02-01
PAYEMS,2003-09-01,2023-02-02,130254,2020-02-07
PAYEMS,2003-09-01,2025-02-06,130252,2023-02-03
PAYEMS,2003-09-01,2026-02-10,130253,2025-02-07
PAYEMS,2003-09-01,2026-07-31,130252,2026-02-11
PAYEMS,2003-10-01,2003-12-04,130132,2003-11-07
PAYEMS,2003-10-01,2004-01-08,130117,2003-12-05
PAYEMS,2003-10-01,2004-02-05,130080,2004-01-09
PAYEMS,2003-10-01,2005-02-03,129944,2004-02-06
PAYEMS,2003-10-01,2006-02-02,130076,2005-02-04
PAYEMS,2003-10-01,2007-02-01,130097,2006-02-03
PAYEMS,2003-10-01,2008-01-31,130075,2007-02-02
PAYEMS,2003-10-01,2012-02-02,130128,2008-02-01
PAYEMS,2003-10-01,2013-01-31,130126,2012-02-03
PAYEMS,2003-10-01,2014-02-06,130221,2013-02-01
PAYEMS,2003-10-01,2016-02-04,130446,2014-02-07
PAYEMS,2003-10-01,2017-02-02,130479,2016-02-05
PAYEMS,2003-10-01,2018-02-01,130485,2017-02-03
PAYEMS,2003-10-01,2019-01-31,130486,2018-02-02
PAYEMS,2003-10-01,2020-02-06,130473,2019-02-01
PAYEMS,2003-10-01,2023-02-02,130454,2020-02-07
PAYEMS,2003-10-01,2025-02-06,130439,2023-02-03
PAYEMS,2003-10-01,2026-02-10,130440,2025-02-07
PAYEMS,2003-10-01,2026-07-31,130439,2026-02-11
PAYEMS,2003-11-01,2004-01-08,130174,2003-12-05
PAYEMS,2003-11-01,2004-02-05,130123,2004-01-09
PAYEMS,2003-11-01,2005-02-03,130027,2004-02-06
PAYEMS,2003-11-01,2006-02-02,130172,2005-02-04
PAYEMS,2003-11-01,2007-02-01,130176,2006-02-03
PAYEMS,2003-11-01,2008-01-31,130130,2007-02-02
PAYEMS,2003-11-01,2012-02-02,130146,2008-02-01
PAYEMS,2003-11-01,2013-01-31,130140,2012-02-03
PAYEMS,2003-11-01,2014-02-06,130234,2013-02-01
PAYEMS,2003-11-01,2015-02-05,130462,2014-02-07
PAYEMS,2003-11-01,2016-02-04,130463,2015-02-06
PAYEMS,2003-11-01,2018-02-01,130496,2016-02-05
PAYEMS,2003-11-01,2019-01-31,130489,2018-02-02
PAYEMS,2003-11-01,2020-02-06,130490,2019-02-01
PAYEMS,2003-11-01,2023-02-02,130474,2020-02-07
PAYEMS,2003-11-01,2025-02-06,130482,2023-02-03
PAYEMS,2003-11-01,2026-02-10,130481,2025-02-07
PAYEMS,2003-11-01,2026-07-31,130480,2026-02-11
PAYEMS,2003-12-01,2004-02-05,130124,2004-01-09
PAYEMS,2003-12-01,2004-03-04,130043,2004-02-06
PAYEMS,2003-12-01,2005-02-03,130035,2004-03-05
PAYEMS,2003-12-01,2006-02-02,130255,2005-02-04
PAYEMS,2003-12-01,2008-01-31,130298,2006-02-03
PAYEMS,2003-12-01,2012-02-02,130270,2008-02-01
PAYEMS,2003-12-01,2013-01-31,130259,2012-02-03
PAYEMS,2003-12-01,2014-02-06,130353,2013-02-01
PAYEMS,2003-12-01,2016-02-04,130586,2014-02-07
PAYEMS,2003-12-01,2017-02-02,130618,2016-02-05
PAYEMS,2003-12-01,2018-02-01,130619,2017-02-03
PAYEMS,2003-12-01,2019-01-31,130610,2018-02-02
PAYEMS,2003-12-01,2020-02-06,130605,2019-02-01
PAYEMS,2003-12-01,2023-02-02,130588,2020-02-07
PAYEMS,2003-12-01,2024-02-01,130595,2023-02-03
PAYEMS,2003-12-01,2025-02-06,130594,2024-02-02
PAYEMS,2003-12-01,2026-07-31,130589,2025-02-07
PAYEMS,2004-01-01,2004-03-04,130155,2004-02-06
PAYEMS,2004-01-01,2004-04-01,130132,2004-03-05
PAYEMS,2004-01-01,2005-02-03,130194,2004-04-02
PAYEMS,2004-01-01,2006-02-02,130372,2005-02-04
PAYEMS,2004-01-01,2007-02-01,130420,2006-02-03
PAYEMS,2004-01-01,2009-02-05,130412,2007-02-02
PAYEMS,2004-01-01,2012-02-02,130420,2009-02-06
PAYEMS,2004-01-01,2013-01-31,130421,2012-02-03
PAYEMS,2004-01-01,2014-02-06,130512,2013-02-01
PAYEMS,2004-01-01,2015-02-05,130747,2014-02-07
PAYEMS,2004-01-01,2016-02-04,130746,2015-02-06
PAYEMS,2004-01-01,2017-02-02,130780,2016-02-05
PAYEMS,2004-01-01,2018-02-01,130778,2017-02-03
PAYEMS,2004-01-01,2019-01-31,130777,2018-02-02
PAYEMS,2004-01-01,2020-02-06,130787,2019-02-01
PAYEMS,2004-01-01,2023-02-02,130769,2020-02-07
PAYEMS,2004-01-01,2024-02-01,130765,2023-02-03
PAYEMS,2004-01-01,2025-02-06,130766,2024-02-02
PAYEMS,2004-01-01,2026-07-31,130756,2025-02-07
PAYEMS,2004-02-01,2004-04-01,130153,2004-03-05
PAYEMS,2004-02-01,2004-05-06,130240,2004-04-02
PAYEMS,2004-02-01,2005-02-03,130277,2004-05-07
PAYEMS,2004-02-01,2006-02-02,130466,2005-02-04
PAYEMS,2004-02-01,2007-02-01,130475,2006-02-03
PAYEMS,2004-02-01,2008-01-31,130443,2007-02-02
PAYEMS,2004-02-01,2009-02-05,130439,2008-02-01
PAYEMS,2004-02-01,2012-02-02,130463,2009-02-06
PAYEMS,2004-02-01,2013-01-31,130465,2012-02-03
PAYEMS,2004-02-01,2014-02-06,130555,2013-02-01
PAYEMS,2004-02-01,2015-02-05,130791,2014-02-07
PAYEMS,2004-02-01,2016-02-04,130792,2015-02-06
PAYEMS,2004-02-01,2018-02-01,130826,2016-02-05
PAYEMS,2004-02-01,2019-01-31,130835,2018-02-02
PAYEMS,2004-02-01,2020-02-06,130844,2019-02-01
PAYEMS,2004-02-01,2023-02-02,130825,2020-02-07
PAYEMS,2004-02-01,2025-02-06,130822,2023-02-03
PAYEMS,2004-02-01,2026-02-10,130820,2025-02-07
PAYEMS,2004-02-01,2026-07-31,130821,2026-02-11
PAYEMS,2004-03-01,2004-05-06,130548,2004-04-02
PAYEMS,2004-03-01,2004-06-03,130614,2004-05-07
PAYEMS,2004-03-01,2005-02-03,130630,2004-06-04
PAYEMS,2004-03-01,2006-02-02,130786,2005-02-04
PAYEMS,2004-03-01,2007-02-01,130821,2006-02-03
PAYEMS,2004-03-01,2008-01-31,130786,2007-02-02
PAYEMS,2004-03-01,2009-02-05,130773,2008-02-01
PAYEMS,2004-03-01,2012-02-02,130801,2009-02-06
PAYEMS,2004-03-01,2013-01-31,130802,2012-02-03
PAYEMS,2004-03-01,2014-02-06,130888,2013-02-01
PAYEMS,2004-03-01,2016-02-04,131123,2014-02-07
PAYEMS,2004-03-01,2017-02-02,131158,2016-02-05
PAYEMS,2004-03-01,2018-02-01,131157,2017-02-03
PAYEMS,2004-03-01,2019-01-31,131163,2018-02-02
PAYEMS,2004-03-01,2020-02-06,131156,2019-02-01
PAYEMS,2004-03-01,2023-02-02,131142,2020-02-07
PAYEMS,2004-03-01,2026-02-10,131139,2023-02-03
PAYEMS,2004-03-01,2026-07-31,131140,2026-02-11
PAYEMS,2004-04-01,2004-06-03,130902,2004-05-07
PAYEMS,2004-04-01,2004-07-01,130976,2004-06-04
PAYEMS,2004-04-01,2005-02-03,130954,2004-07-02
PAYEMS,2004-04-01,2006-02-02,131123,2005-02-04
PAYEMS,2004-04-01,2008-01-31,131073,2006-02-03
PAYEMS,2004-04-01,2009-02-05,131043,2008-02-01
PAYEMS,2004-04-01,2013-01-31,131051,2009-02-06
PAYEMS,2004-04-01,2014-02-06,131135,2013-02-01
PAYEMS,2004-04-01,2015-02-05,131372,2014-02-07
PAYEMS,2004-04-01,2016-02-04,131371,2015-02-06
PAYEMS,2004-04-01,2017-02-02,131407,2016-02-05
PAYEMS,2004-04-01,2018-02-01,131408,2017-02-03
PAYEMS,2004-04-01,2019-01-31,131417,2018-02-02
PAYEMS,2004-04-01,2020-02-06,131426,2019-02-01
PAYEMS,2004-04-01,2023-02-02,131411,2020-02-07
PAYEMS,2004-04-01,2024-02-01,131410,2023-02-03
PAYEMS,2004-04-01,2025-02-06,131409,2024-02-02
PAYEMS,2004-04-01,2026-07-31,131412,2025-02-07
PAYEMS,2004-05-01,2004-07-01,131224,2004-06-04
PAYEMS,2004-05-01,2004-08-05,131189,2004-07-02
PAYEMS,2004-05-01,2005-02-03,131162,2004-08-06
PAYEMS,2004-05-01,2006-02-02,131373,2005-02-04
PAYEMS,2004-05-01,2007-02-01,131340,2006-02-03
PAYEMS,2004-05-01,2008-01-31,131342,2007-02-02
PAYEMS,2004-05-01,2009-02-05,131325,2008-02-01
PAYEMS,2004-05-01,2013-01-31,131361,2009-02-06
PAYEMS,2004-05-01,2014-02-06,131441,2013-02-01
PAYEMS,2004-05-01,2016-02-04,131679,2014-02-07
PAYEMS,2004-05-01,2018-02-01,131715,2016-02-05
PAYEMS,2004-05-01,2019-01-31,131714,2018-02-02
PAYEMS,2004-05-01,2020-02-06,131710,2019-02-01
PAYEMS,2004-05-01,2024-02-01,131694,2020-02-07
PAYEMS,2004-05-01,2025-02-06,131693,2024-02-02
PAYEMS,2004-05-01,2026-07-31,131697,2025-02-07
PAYEMS,2004-06-01,2004-08-05,131301,2004-07-02
PAYEMS,2004-06-01,2004-09-02,131240,2004-08-06
PAYEMS,2004-06-01,2005-02-03,131258,2004-09-03
PAYEMS,2004-06-01,2006-02-02,131479,2005-02-04
PAYEMS,2004-06-01,2007-02-01,131418,2006-02-03
PAYEMS,2004-06-01,2008-01-31,131444,2007-02-02
PAYEMS,2004-06-01,2009-02-05,131414,2008-02-01
PAYEMS,2004-06-01,2013-01-31,131442,2009-02-06
PAYEMS,2004-06-01,2014-02-06,131519,2013-02-01
PAYEMS,2004-06-01,2016-02-04,131753,2014-02-07
PAYEMS,2004-06-01,2017-02-02,131791,2016-02-05
PAYEMS,2004-06-01,2018-02-01,131792,2017-02-03
PAYEMS,2004-06-01,2019-01-31,131796,2018-02-02
PAYEMS,2004-06-01,2020-02-06,131807,2019-02-01
PAYEMS,2004-06-01,2023-02-02,131793,2020-02-07
PAYEMS,2004-06-01,2025-02-06,131789,2023-02-03
PAYEMS,2004-06-01,2026-07-31,131794,2025-02-07
PAYEMS,2004-07-01,2004-09-02,131272,2004-08-06
PAYEMS,2004-07-01,2004-10-07,131331,2004-09-03
PAYEMS,2004-07-01,2005-02-03,131343,2004-10-08
PAYEMS,2004-07-01,2006-02-02,131562,2005-02-04
PAYEMS,2004-07-01,2007-02-01,131456,2006-02-03
PAYEMS,2004-07-01,2008-01-31,131503,2007-02-02
PAYEMS,2004-07-01,2009-02-05,131526,2008-02-01
PAYEMS,2004-07-01,2012-02-02,131489,2009-02-06
PAYEMS,2004-07-01,2013-01-31,131488,2012-02-03
PAYEMS,2004-07-01,2014-02-06,131556,2013-02-01
PAYEMS,2004-07-01,2015-02-05,131785,2014-02-07
PAYEMS,2004-07-01,2016-02-04,131786,2015-02-06
PAYEMS,2004-07-01,2017-02-02,131835,2016-02-05
PAYEMS,2004-07-01,2018-02-01,131837,2017-02-03
PAYEMS,2004-07-01,2019-01-31,131841,2018-02-02
PAYEMS,2004-07-01,2020-02-06,131864,2019-02-01
PAYEMS,2004-07-01,2023-02-02,131848,2020-02-07
PAYEMS,2004-07-01,2024-02-01,131849,2023-02-03
PAYEMS,2004-07-01,2025-02-06,131850,2024-02-02
PAYEMS,2004-07-01,2026-02-10,131853,2025-02-07
PAYEMS,2004-07-01,2026-07-31,131854,2026-02-11
PAYEMS,2004-08-01,2004-10-07,131475,2004-09-03
PAYEMS,2004-08-01,2004-11-04,131471,2004-10-08
PAYEMS,2004-08-01,2005-02-03,131541,2004-11-05
PAYEMS,2004-08-01,2006-02-02,131750,2005-02-04
PAYEMS,2004-08-01,2007-02-01,131587,2006-02-03
PAYEMS,2004-08-01,2008-01-31,131610,2007-02-02
PAYEMS,2004-08-01,2009-02-05,131609,2008-02-01
PAYEMS,2004-08-01,2013-01-31,131610,2009-02-06
PAYEMS,2004-08-01,2014-02-06,131681,2013-02-01
PAYEMS,2004-08-01,2015-02-05,131917,2014-02-07
PAYEMS,2004-08-01,2016-02-04,131918,2015-02-06
PAYEMS,2004-08-01,2018-02-01,131956,2016-02-05
PAYEMS,2004-08-01,2019-01-31,131957,2018-02-02
PAYEMS,2004-08-01,2020-02-06,131955,2019-02-01
PAYEMS,2004-08-01,2023-02-02,131937,2020-02-07
PAYEMS,2004-08-01,2025-02-06,131936,2023-02-03
PAYEMS,2004-08-01,2026-02-10,131940,2025-02-07
PAYEMS,2004-08-01,2026-07-31,131939,2026-02-11
PAYEMS,2004-09-01,2004-11-04,131567,2004-10-08
PAYEMS,2004-09-01,2004-12-02,131680,2004-11-05
PAYEMS,2004-09-01,2005-02-03,131660,2004-12-03
PAYEMS,2004-09-01,2006-02-02,131880,2005-02-04
PAYEMS,2004-09-01,2007-02-01,131764,2006-02-03
PAYEMS,2004-09-01,2008-01-31,131780,2007-02-02
PAYEMS,2004-09-01,2009-02-05,131785,2008-02-01
PAYEMS,2004-09-01,2012-02-02,131770,2009-02-06
PAYEMS,2004-09-01,2013-01-31,131771,2012-02-03
PAYEMS,2004-09-01,2014-02-06,131836,2013-02-01
PAYEMS,2004-09-01,2015-02-05,132079,2014-02-07
PAYEMS,2004-09-01,2016-02-04,132080,2015-02-06
PAYEMS,2004-09-01,2017-02-02,132120,2016-02-05
PAYEMS,2004-09-01,2018-02-01,132118,2017-02-03
PAYEMS,2004-09-01,2019-01-31,132114,2018-02-02
PAYEMS,2004-09-01,2020-02-06,132112,2019-02-01
PAYEMS,2004-09-01,2023-02-02,132093,2020-02-07
PAYEMS,2004-09-01,2024-02-01,132082,2023-02-03
PAYEMS,2004-09-01,2025-02-06,132083,2024-02-02
PAYEMS,2004-09-01,2026-02-10,132091,2025-02-07
PAYEMS,2004-09-01,2026-07-31,132089,2026-02-11
PAYEMS,2004-10-01,2004-12-02,132017,2004-11-05
PAYEMS,2004-10-01,2005-01-06,131963,2004-12-03
PAYEMS,2004-10-01,2005-02-03,131972,2005-01-07
PAYEMS,2004-10-01,2006-02-02,132162,2005-02-04
PAYEMS,2004-10-01,2007-02-01,132102,2006-02-03
PAYEMS,2004-10-01,2008-01-31,132130,2007-02-02
PAYEMS,2004-10-01,2009-02-05,132144,2008-02-01
PAYEMS,2004-10-01,2012-02-02,132121,2009-02-06
PAYEMS,2004-10-01,2013-01-31,132119,2012-02-03
PAYEMS,2004-10-01,2014-02-06,132179,2013-02-01
PAYEMS,2004-10-01,2016-02-04,132425,2014-02-07
PAYEMS,2004-10-01,2017-02-02,132466,2016-02-05
PAYEMS,2004-10-01,2018-02-01,132464,2017-02-03
PAYEMS,2004-10-01,2019-01-31,132462,2018-02-02
PAYEMS,2004-10-01,2020-02-06,132466,2019-02-01
PAYEMS,2004-10-01,2023-02-02,132447,2020-02-07
PAYEMS,2004-10-01,2024-02-01,132433,2023-02-03
PAYEMS,2004-10-01,2025-02-06,132435,2024-02-02
PAYEMS,2004-10-01,2026-02-10,132431,2025-02-07
PAYEMS,2004-10-01,2026-07-31,132429,2026-02-11
PAYEMS,2004-11-01,2005-01-06,132075,2004-12-03
PAYEMS,2004-11-01,2005-02-03,132109,2005-01-07
PAYEMS,2004-11-01,2006-02-02,132294,2005-02-04
PAYEMS,2004-11-01,2007-02-01,132235,2006-02-03
PAYEMS,2004-11-01,2008-01-31,132195,2007-02-02
PAYEMS,2004-11-01,2009-02-05,132207,2008-02-01
PAYEMS,2004-11-01,2012-02-02,132185,2009-02-06
PAYEMS,2004-11-01,2013-01-31,132182,2012-02-03
PAYEMS,2004-11-01,2014-02-06,132244,2013-02-01
PAYEMS,2004-11-01,2015-02-05,132490,2014-02-07
PAYEMS,2004-11-01,2016-02-04,132489,2015-02-06
PAYEMS,2004-11-01,2018-02-01,132530,2016-02-05
PAYEMS,2004-11-01,2019-01-31,132525,2018-02-02
PAYEMS,2004-11-01,2020-02-06,132521,2019-02-01
PAYEMS,2004-11-01,2023-02-02,132503,2020-02-07
PAYEMS,2004-11-01,2025-02-06,132509,2023-02-03
PAYEMS,2004-11-01,2026-02-10,132504,2025-02-07
PAYEMS,2004-11-01,2026-07-31,132503,2026-02-11
PAYEMS,2004-12-01,2005-02-03,132266,2005-01-07
PAYEMS,2004-12-01,2005-03-03,132427,2005-02-04
PAYEMS,2004-12-01,2006-02-02,132449,2005-03-04
PAYEMS,2004-12-01,2007-02-01,132395,2006-02-03
PAYEMS,2004-12-01,2008-01-31,132363,2007-02-02
PAYEMS,2004-12-01,2009-02-05,132351,2008-02-01
PAYEMS,2004-12-01,2012-02-02,132317,2009-02-06
PAYEMS,2004-12-01,2013-01-31,132316,2012-02-03
PAYEMS,2004-12-01,2014-02-06,132372,2013-02-01
PAYEMS,2004-12-01,2015-02-05,132619,2014-02-07
PAYEMS,2004-12-01,2016-02-04,132618,2015-02-06
PAYEMS,2004-12-01,2017-02-02,132660,2016-02-05
PAYEMS,2004-12-01,2018-02-01,132659,2017-02-03
PAYEMS,2004-12-01,2019-01-31,132651,2018-02-02
PAYEMS,2004-12-01,2020-02-06,132644,2019-02-01
PAYEMS,2004-12-01,2023-02-02,132624,2020-02-07
PAYEMS,2004-12-01,2025-02-06,132633,2023-02-03
PAYEMS,2004-12-01,2026-02-10,132629,2025-02-07
PAYEMS,2004-12-01,2026-07-31,132630,2026-02-11
PAYEMS,2005-01-01,2005-03-03,132573,2005-02-04
PAYEMS,2005-01-01,2005-03-31,132581,2005-03-04
PAYEMS,2005-01-01,2006-02-02,132573,2005-04-01
PAYEMS,2005-01-01,2007-02-01,132471,2006-02-03
PAYEMS,2005-01-01,2008-01-31,132458,2007-02-02
PAYEMS,2005-01-01,2009-02-05,132476,2008-02-01
PAYEMS,2005-01-01,2010-02-04,132499,2009-02-06
PAYEMS,2005-01-01,2013-01-31,132453,2010-02-05
PAYEMS,2005-01-01,2014-02-06,132502,2013-02-01
PAYEMS,2005-01-01,2015-02-05,132753,2014-02-07
PAYEMS,2005-01-01,2016-02-04,132752,2015-02-06
PAYEMS,2005-01-01,2017-02-02,132794,2016-02-05
PAYEMS,2005-01-01,2018-02-01,132795,2017-02-03
PAYEMS,2005-01-01,2019-01-31,132798,2018-02-02
PAYEMS,2005-01-01,2020-02-06,132791,2019-02-01
PAYEMS,2005-01-01,2023-02-02,132774,2020-02-07
PAYEMS,2005-01-01,2024-02-01,132778,2023-02-03
PAYEMS,2005-01-01,2025-02-06,132779,2024-02-02
PAYEMS,2005-01-01,2026-07-31,132781,2025-02-07
PAYEMS,2005-02-01,2005-03-31,132843,2005-03-04
PAYEMS,2005-02-01,2005-05-05,132816,2005-04-01
PAYEMS,2005-02-01,2006-02-02,132873,2005-05-06
PAYEMS,2005-02-01,2007-02-01,132736,2006-02-03
PAYEMS,2005-02-01,2008-01-31,132693,2007-02-02
PAYEMS,2005-02-01,2009-02-05,132685,2008-02-01
PAYEMS,2005-02-01,2010-02-04,132720,2009-02-06
PAYEMS,2005-02-01,2013-01-31,132693,2010-02-05
PAYEMS,2005-02-01,2014-02-06,132742,2013-02-01
PAYEMS,2005-02-01,2015-02-05,132992,2014-02-07
PAYEMS,2005-02-01,2016-02-04,132991,2015-02-06
PAYEMS,2005-02-01,2017-02-02,133033,2016-02-05
PAYEMS,2005-02-01,2018-02-01,133034,2017-02-03
PAYEMS,2005-02-01,2019-01-31,133042,2018-02-02
PAYEMS,2005-02-01,2020-02-06,133050,2019-02-01
PAYEMS,2005-02-01,2023-02-02,133032,2020-02-07
PAYEMS,2005-02-01,2026-02-10,133033,2023-02-03
PAYEMS,2005-02-01,2026-07-31,133034,2026-02-11
PAYEMS,2005-03-01,2005-05-05,132926,2005-04-01
PAYEMS,2005-03-01,2005-06-02,133019,2005-05-06
PAYEMS,2005-03-01,2006-02-02,132995,2005-06-03
PAYEMS,2005-03-01,2007-02-01,132876,2006-02-03
PAYEMS,2005-03-01,2008-01-31,132817,2007-02-02
PAYEMS,2005-03-01,2009-02-05,132804,2008-02-01
PAYEMS,2005-03-01,2010-02-04,132841,2009-02-06
PAYEMS,2005-03-01,2012-02-02,132835,2010-02-05
PAYEMS,2005-03-01,2013-01-31,132834,2012-02-03
PAYEMS,2005-03-01,2014-02-06,132877,2013-02-01
PAYEMS,2005-03-01,2016-02-04,133126,2014-02-07
PAYEMS,2005-03-01,2018-02-01,133169,2016-02-05
PAYEMS,2005-03-01,2019-01-31,133180,2018-02-02
PAYEMS,2005-03-01,2020-02-06,133172,2019-02-01
PAYEMS,2005-03-01,2023-02-02,133156,2020-02-07
PAYEMS,2005-03-01,2024-02-01,133153,2023-02-03
PAYEMS,2005-03-01,2025-02-06,133154,2024-02-02
PAYEMS,2005-03-01,2026-02-10,133152,2025-02-07
PAYEMS,2005-03-01,2026-07-31,133154,2026-02-11
PAYEMS,2005-04-01,2005-06-02,133293,2005-05-06
PAYEMS,2005-04-01,2005-07-07,133269,2005-06-03
PAYEMS,2005-04-01,2006-02-02,133287,2005-07-08
PAYEMS,2005-04-01,2007-02-01,133104,2006-02-03
PAYEMS,2005-04-01,2008-01-31,133157,2007-02-02
PAYEMS,2005-04-01,2009-02-05,133136,2008-02-01
PAYEMS,2005-04-01,2010-02-04,133153,2009-02-06
PAYEMS,2005-04-01,2012-02-02,133195,2010-02-05
PAYEMS,2005-04-01,2013-01-31,133194,2012-02-03
PAYEMS,2005-04-01,2014-02-06,133239,2013-02-01
PAYEMS,2005-04-01,2016-02-04,133489,2014-02-07
PAYEMS,2005-04-01,2017-02-02,133534,2016-02-05
PAYEMS,2005-04-01,2018-02-01,133533,2017-02-03
PAYEMS,2005-04-01,2019-01-31,133538,2018-02-02
PAYEMS,2005-04-01,2020-02-06,133536,2019-02-01
PAYEMS,2005-04-01,2023-02-02,133518,2020-02-07
PAYEMS,2005-04-01,2024-02-01,133516,2023-02-03
PAYEMS,2005-04-01,2025-02-06,133515,2024-02-02
PAYEMS,2005-04-01,2026-02-10,133519,2025-02-07
PAYEMS,2005-04-01,2026-07-31,133520,2026-02-11
PAYEMS,2005-05-01,2005-07-07,133347,2005-06-03
PAYEMS,2005-05-01,2005-08-04,133391,2005-07-08
PAYEMS,2005-05-01,2006-02-02,133413,2005-08-05
PAYEMS,2005-05-01,2007-02-01,133210,2006-02-03
PAYEMS,2005-05-01,2008-01-31,133345,2007-02-02
PAYEMS,2005-05-01,2009-02-05,133313,2008-02-01
PAYEMS,2005-05-01,2010-02-04,133365,2009-02-06
PAYEMS,2005-05-01,2013-01-31,133364,2010-02-05
PAYEMS,2005-05-01,2014-02-06,133407,2013-02-01
PAYEMS,2005-05-01,2015-02-05,133664,2014-02-07
PAYEMS,2005-05-01,2016-02-04,133665,2015-02-06
PAYEMS,2005-05-01,2017-02-02,133708,2016-02-05
PAYEMS,2005-05-01,2019-01-31,133710,2017-02-03
PAYEMS,2005-05-01,2020-02-06,133706,2019-02-01
PAYEMS,2005-05-01,2023-02-02,133690,2020-02-07
PAYEMS,2005-05-01,2025-02-06,133687,2023-02-03
PAYEMS,2005-05-01,2026-07-31,133689,2025-02-07
PAYEMS,2005-06-01,2005-08-04,133537,2005-07-08
PAYEMS,2005-06-01,2005-09-01,133579,2005-08-05
PAYEMS,2005-06-01,2006-02-02,133588,2005-09-02
PAYEMS,2005-06-01,2007-02-01,133376,2006-02-03
PAYEMS,2005-06-01,2008-01-31,133610,2007-02-02
PAYEMS,2005-06-01,2009-02-05,133574,2008-02-01
PAYEMS,2005-06-01,2010-02-04,133624,2009-02-06
PAYEMS,2005-06-01,2012-02-02,133610,2010-02-05
PAYEMS,2005-06-01,2013-01-31,133607,2012-02-03
PAYEMS,2005-06-01,2014-02-06,133653,2013-02-01
PAYEMS,2005-06-01,2015-02-05,133909,2014-02-07
PAYEMS,2005-06-01,2016-02-04,133908,2015-02-06
PAYEMS,2005-06-01,2018-02-01,133955,2016-02-05
PAYEMS,2005-06-01,2020-02-06,133957,2018-02-02
PAYEMS,2005-06-01,2023-02-02,133942,2020-02-07
PAYEMS,2005-06-01,2024-02-01,133940,2023-02-03
PAYEMS,2005-06-01,2025-02-06,133939,2024-02-02
PAYEMS,2005-06-01,2026-02-10,133947,2025-02-07
PAYEMS,2005-06-01,2026-07-31,133948,2026-02-11
PAYEMS,2005-07-01,2005-09-01,133786,2005-08-05
PAYEMS,2005-07-01,2005-10-06,133830,2005-09-02
PAYEMS,2005-07-01,2006-02-02,133865,2005-10-07
PAYEMS,2005-07-01,2007-02-01,133617,2006-02-03
PAYEMS,2005-07-01,2008-01-31,133937,2007-02-02
PAYEMS,2005-07-01,2009-02-05,133942,2008-02-01
PAYEMS,2005-07-01,2010-02-04,133946,2009-02-06
PAYEMS,2005-07-01,2012-02-02,133979,2010-02-05
PAYEMS,2005-07-01,2013-01-31,133981,2012-02-03
PAYEMS,2005-07-01,2014-02-06,134025,2013-02-01
PAYEMS,2005-07-01,2015-02-05,134282,2014-02-07
PAYEMS,2005-07-01,2016-02-04,134283,2015-02-06
PAYEMS,2005-07-01,2017-02-02,134331,2016-02-05
PAYEMS,2005-07-01,2018-02-01,134329,2017-02-03
PAYEMS,2005-07-01,2019-01-31,134328,2018-02-02
PAYEMS,2005-07-01,2020-02-06,134314,2019-02-01
PAYEMS,2005-07-01,2023-02-02,134296,2020-02-07
PAYEMS,2005-07-01,2025-02-06,134297,2023-02-03
PAYEMS,2005-07-01,2026-07-31,134300,2025-02-07
PAYEMS,2005-08-01,2005-10-06,133999,2005-09-02
PAYEMS,2005-08-01,2005-11-03,134076,2005-10-07
PAYEMS,2005-08-01,2006-02-02,134013,2005-11-04
PAYEMS,2005-08-01,2007-02-01,133792,2006-02-03
PAYEMS,2005-08-01,2008-01-31,134139,2007-02-02
PAYEMS,2005-08-01,2009-02-05,134155,2008-02-01
PAYEMS,2005-08-01,2010-02-04,134136,2009-02-06
PAYEMS,2005-08-01,2013-01-31,134174,2010-02-05
PAYEMS,2005-08-01,2014-02-06,134217,2013-02-01
PAYEMS,2005-08-01,2015-02-05,134478,2014-02-07
PAYEMS,2005-08-01,2016-02-04,134479,2015-02-06
PAYEMS,2005-08-01,2018-02-01,134525,2016-02-05
PAYEMS,2005-08-01,2019-01-31,134524,2018-02-02
PAYEMS,2005-08-01,2020-02-06,134517,2019-02-01
PAYEMS,2005-08-01,2023-02-02,134498,2020-02-07
PAYEMS,2005-08-01,2025-02-06,134495,2023-02-03
PAYEMS,2005-08-01,2026-02-10,134503,2025-02-07
PAYEMS,2005-08-01,2026-07-31,134502,2026-02-11
PAYEMS,2005-09-01,2005-11-03,134041,2005-10-07
PAYEMS,2005-09-01,2005-12-01,134005,2005-11-04
PAYEMS,2005-09-01,2006-02-02,134030,2005-12-02
PAYEMS,2005-09-01,2007-02-01,133840,2006-02-03
PAYEMS,2005-09-01,2008-01-31,134244,2007-02-02
PAYEMS,2005-09-01,2009-02-05,134265,2008-02-01
PAYEMS,2005-09-01,2010-02-04,134223,2009-02-06
PAYEMS,2005-09-01,2012-02-02,134237,2010-02-05
PAYEMS,2005-09-01,2013-01-31,134240,2012-02-03
PAYEMS,2005-09-01,2014-02-06,134282,2013-02-01
PAYEMS,2005-09-01,2016-02-04,134545,2014-02-07
PAYEMS,2005-09-01,2017-02-02,134593,2016-02-05
PAYEMS,2005-09-01,2018-02-01,134592,2017-02-03
PAYEMS,2005-09-01,2019-01-31,134590,2018-02-02
PAYEMS,2005-09-01,2020-02-06,134583,2019-02-01
PAYEMS,2005-09-01,2023-02-02,134566,2020-02-07
PAYEMS,2005-09-01,2024-02-01,134551,2023-02-03
PAYEMS,2005-09-01,2025-02-06,134552,2024-02-02
PAYEMS,2005-09-01,2026-02-10,134554,2025-02-07
PAYEMS,2005-09-01,2026-07-31,134552,2026-02-11
PAYEMS,2005-10-01,2005-12-01,134061,2005-11-04
PAYEMS,2005-10-01,2006-01-05,134074,2005-12-02
PAYEMS,2005-10-01,2006-02-02,134055,2006-01-06
PAYEMS,2005-10-01,2007-02-01,133877,2006-02-03
PAYEMS,2005-10-01,2008-01-31,134351,2007-02-02
PAYEMS,2005-10-01,2009-02-05,134370,2008-02-01
PAYEMS,2005-10-01,2012-02-02,134321,2009-02-06
PAYEMS,2005-10-01,2013-01-31,134320,2012-02-03
PAYEMS,2005-10-01,2014-02-06,134363,2013-02-01
PAYEMS,2005-10-01,2016-02-04,134629,2014-02-07
PAYEMS,2005-10-01,2017-02-02,134678,2016-02-05
PAYEMS,2005-10-01,2019-01-31,134676,2017-02-03
PAYEMS,2005-10-01,2020-02-06,134673,2019-02-01
PAYEMS,2005-10-01,2023-02-02,134655,2020-02-07
PAYEMS,2005-10-01,2024-02-01,134644,2023-02-03
PAYEMS,2005-10-01,2025-02-06,134646,2024-02-02
PAYEMS,2005-10-01,2026-02-10,134643,2025-02-07
PAYEMS,2005-10-01,2026-07-31,134641,2026-02-11
PAYEMS,2005-11-01,2006-01-05,134289,2005-12-02
PAYEMS,2005-11-01,2006-02-02,134360,2006-01-06
PAYEMS,2005-11-01,2007-02-01,134231,2006-02-03
PAYEMS,2005-11-01,2008-01-31,134702,2007-02-02
PAYEMS,2005-11-01,2009-02-05,134731,2008-02-01
PAYEMS,2005-11-01,2010-02-04,134701,2009-02-06
PAYEMS,2005-11-01,2012-02-02,134655,2010-02-05
PAYEMS,2005-11-01,2013-01-31,134654,2012-02-03
PAYEMS,2005-11-01,2014-02-06,134698,2013-02-01
PAYEMS,2005-11-01,2016-02-04,134966,2014-02-07
PAYEMS,2005-11-01,2017-02-02,135015,2016-02-05
PAYEMS,2005-11-01,2018-02-01,135017,2017-02-03
PAYEMS,2005-11-01,2019-01-31,135013,2018-02-02
PAYEMS,2005-11-01,2020-02-06,135012,2019-02-01
PAYEMS,2005-11-01,2023-02-02,134993,2020-02-07
PAYEMS,2005-11-01,2025-02-06,135001,2023-02-03
PAYEMS,2005-11-01,2026-02-10,134999,2025-02-07
PAYEMS,2005-11-01,2026-07-31,134997,2026-02-11
PAYEMS,2005-12-01,2006-02-02,134468,2006-01-06
PAYEMS,2005-12-01,2006-03-09,134371,2006-02-03
PAYEMS,2005-12-01,2007-02-01,134376,2006-03-10
PAYEMS,2005-12-01,2008-01-31,134904,2007-02-02
PAYEMS,2005-12-01,2009-02-05,134883,2008-02-01
PAYEMS,2005-12-01,2010-02-04,134861,2009-02-06
PAYEMS,2005-12-01,2012-02-02,134813,2010-02-05
PAYEMS,2005-12-01,2013-01-31,134814,2012-02-03
PAYEMS,2005-12-01,2014-02-06,134856,2013-02-01
PAYEMS,2005-12-01,2015-02-05,135125,2014-02-07
PAYEMS,2005-12-01,2016-02-04,135124,2015-02-06
PAYEMS,2005-12-01,2018-02-01,135174,2016-02-05
PAYEMS,2005-12-01,2020-02-06,135168,2018-02-02
PAYEMS,2005-12-01,2023-02-02,135149,2020-02-07
PAYEMS,2005-12-01,2024-02-01,135161,2023-02-03
PAYEMS,2005-12-01,2025-02-06,135160,2024-02-02
PAYEMS,2005-12-01,2026-02-10,135158,2025-02-07
PAYEMS,2005-12-01,2026-07-31,135159,2026-02-11
PAYEMS,2006-01-01,2006-03-09,134564,2006-02-03
PAYEMS,2006-01-01,2006-04-06,134546,2006-03-10
PAYEMS,2006-01-01,2007-02-01,134530,2006-04-07
PAYEMS,2006-01-01,2008-01-31,135110,2007-02-02
PAYEMS,2006-01-01,2009-02-05,135115,2008-02-01
PAYEMS,2006-01-01,2010-02-04,135155,2009-02-06
PAYEMS,2006-01-01,2011-02-03,135075,2010-02-05
PAYEMS,2006-01-01,2012-02-02,135094,2011-02-04
PAYEMS,2006-01-01,2013-01-31,135097,2012-02-03
PAYEMS,2006-01-01,2014-02-06,135130,2013-02-01
PAYEMS,2006-01-01,2015-02-05,135402,2014-02-07
PAYEMS,2006-01-01,2016-02-04,135401,2015-02-06
PAYEMS,2006-01-01,2018-02-01,135452,2016-02-05
PAYEMS,2006-01-01,2019-01-31,135450,2018-02-02
PAYEMS,2006-01-01,2020-02-06,135446,2019-02-01
PAYEMS,2006-01-01,2023-02-02,135429,2020-02-07
PAYEMS,2006-01-01,2025-02-06,135425,2023-02-03
PAYEMS,2006-01-01,2026-02-10,135426,2025-02-07
PAYEMS,2006-01-01,2026-07-31,135427,2026-02-11
PAYEMS,2006-02-01,2006-04-06,134789,2006-03-10
PAYEMS,2006-02-01,2006-05-04,134755,2006-04-07
PAYEMS,2006-02-01,2007-02-01,134730,2006-05-05
PAYEMS,2006-02-01,2008-01-31,135410,2007-02-02
PAYEMS,2006-02-01,2009-02-05,135388,2008-02-01
PAYEMS,2006-02-01,2010-02-04,135429,2009-02-06
PAYEMS,2006-02-01,2011-02-03,135401,2010-02-05
PAYEMS,2006-02-01,2012-02-02,135411,2011-02-04
PAYEMS,2006-02-01,2013-01-31,135413,2012-02-03
PAYEMS,2006-02-01,2014-02-06,135446,2013-02-01
PAYEMS,2006-02-01,2015-02-05,135717,2014-02-07
PAYEMS,2006-02-01,2016-02-04,135716,2015-02-06
PAYEMS,2006-02-01,2017-02-02,135768,2016-02-05
PAYEMS,2006-02-01,2018-02-01,135767,2017-02-03
PAYEMS,2006-02-01,2019-01-31,135762,2018-02-02
PAYEMS,2006-02-01,2020-02-06,135753,2019-02-01
PAYEMS,2006-02-01,2023-02-02,135737,2020-02-07
PAYEMS,2006-02-01,2024-02-01,135731,2023-02-03
PAYEMS,2006-02-01,2025-02-06,135732,2024-02-02
PAYEMS,2006-02-01,2026-02-10,135731,2025-02-07
PAYEMS,2006-02-01,2026-07-31,135733,2026-02-11
PAYEMS,2006-03-01,2006-05-04,134966,2006-04-07
PAYEMS,2006-03-01,2006-06-01,134930,2006-05-05
PAYEMS,2006-03-01,2007-02-01,134905,2006-06-02
PAYEMS,2006-03-01,2008-01-31,135659,2007-02-02
PAYEMS,2006-03-01,2009-02-05,135647,2008-02-01
PAYEMS,2006-03-01,2010-02-04,135711,2009-02-06
PAYEMS,2006-03-01,2011-02-03,135705,2010-02-05
PAYEMS,2006-03-01,2012-02-02,135698,2011-02-04
PAYEMS,2006-03-01,2013-01-31,135696,2012-02-03
PAYEMS,2006-03-01,2014-02-06,135726,2013-02-01
PAYEMS,2006-03-01,2016-02-04,135997,2014-02-07
PAYEMS,2006-03-01,2018-02-01,136049,2016-02-05
PAYEMS,2006-03-01,2019-01-31,136059,2018-02-02
PAYEMS,2006-03-01,2020-02-06,136063,2019-02-01
PAYEMS,2006-03-01,2023-02-02,136047,2020-02-07
PAYEMS,2006-03-01,2024-02-01,136040,2023-02-03
PAYEMS,2006-03-01,2025-02-06,136041,2024-02-02
PAYEMS,2006-03-01,2026-02-10,136036,2025-02-07
PAYEMS,2006-03-01,2026-07-31,136038,2026-02-11
PAYEMS,2006-04-01,2006-06-01,135068,2006-05-05
PAYEMS,2006-04-01,2006-07-06,135031,2006-06-02
PAYEMS,2006-04-01,2007-02-01,135017,2006-07-07
PAYEMS,2006-04-01,2008-01-31,135803,2007-02-02
PAYEMS,2006-04-01,2009-02-05,135794,2008-02-01
PAYEMS,2006-04-01,2010-02-04,135862,2009-02-06
PAYEMS,2006-04-01,2011-02-03,135879,2010-02-05
PAYEMS,2006-04-01,2012-02-02,135880,2011-02-04
PAYEMS,2006-04-01,2013-01-31,135877,2012-02-03
PAYEMS,2006-04-01,2014-02-06,135907,2013-02-01
PAYEMS,2006-04-01,2016-02-04,136179,2014-02-07
PAYEMS,2006-04-01,2018-02-01,136232,2016-02-05
PAYEMS,2006-04-01,2019-01-31,136227,2018-02-02
PAYEMS,2006-04-01,2020-02-06,136221,2019-02-01
PAYEMS,2006-04-01,2023-02-02,136205,2020-02-07
PAYEMS,2006-04-01,2024-02-01,136211,2023-02-03
PAYEMS,2006-04-01,2025-02-06,136210,2024-02-02
PAYEMS,2006-04-01,2026-02-10,136208,2025-02-07
PAYEMS,2006-04-01,2026-07-31,136210,2026-02-11
PAYEMS,2006-05-01,2006-07-06,135106,2006-06-02
PAYEMS,2006-05-01,2006-08-03,135109,2006-07-07
PAYEMS,2006-05-01,2007-02-01,135117,2006-08-04
PAYEMS,2006-05-01,2008-01-31,135906,2007-02-02
PAYEMS,2006-05-01,2009-02-05,135816,2008-02-01
PAYEMS,2006-05-01,2010-02-04,135886,2009-02-06
PAYEMS,2006-05-01,2011-02-03,135910,2010-02-05
PAYEMS,2006-05-01,2013-01-31,135891,2011-02-04
PAYEMS,2006-05-01,2014-02-06,135928,2013-02-01
PAYEMS,2006-05-01,2015-02-05,136202,2014-02-07
PAYEMS,2006-05-01,2016-02-04,136203,2015-02-06
PAYEMS,2006-05-01,2017-02-02,136255,2016-02-05
PAYEMS,2006-05-01,2018-02-01,136257,2017-02-03
PAYEMS,2006-05-01,2019-01-31,136258,2018-02-02
PAYEMS,2006-05-01,2020-02-06,136261,2019-02-01
PAYEMS,2006-05-01,2023-02-02,136244,2020-02-07
PAYEMS,2006-05-01,2025-02-06,136247,2023-02-03
PAYEMS,2006-05-01,2026-07-31,136249,2025-02-07
PAYEMS,2006-06-01,2006-08-03,135230,2006-07-07
PAYEMS,2006-06-01,2006-08-31,135241,2006-08-04
PAYEMS,2006-06-01,2007-02-01,135251,2006-09-01
PAYEMS,2006-06-01,2008-01-31,136030,2007-02-02
PAYEMS,2006-06-01,2009-02-05,135910,2008-02-01
PAYEMS,2006-06-01,2010-02-04,135956,2009-02-06
PAYEMS,2006-06-01,2011-02-03,135979,2010-02-05
PAYEMS,2006-06-01,2012-02-02,135971,2011-02-04
PAYEMS,2006-06-01,2013-01-31,135967,2012-02-03
PAYEMS,2006-06-01,2014-02-06,136008,2013-02-01
PAYEMS,2006-06-01,2015-02-05,136279,2014-02-07
PAYEMS,2006-06-01,2016-02-04,136280,2015-02-06
PAYEMS,2006-06-01,2017-02-02,136337,2016-02-05
PAYEMS,2006-06-01,2018-02-01,136336,2017-02-03
PAYEMS,2006-06-01,2019-01-31,136337,2018-02-02
PAYEMS,2006-06-01,2020-02-06,136342,2019-02-01
PAYEMS,2006-06-01,2023-02-02,136325,2020-02-07
PAYEMS,2006-06-01,2025-02-06,136328,2023-02-03
PAYEMS,2006-06-01,2026-02-10,136335,2025-02-07
PAYEMS,2006-06-01,2026-07-31,136337,2026-02-11
PAYEMS,2006-07-01,2006-08-31,135354,2006-08-04
PAYEMS,2006-07-01,2006-10-05,135372,2006-09-01
PAYEMS,2006-07-01,2007-02-01,135374,2006-10-06
PAYEMS,2006-07-01,2008-01-31,136252,2007-02-02
PAYEMS,2006-07-01,2009-02-05,136172,2008-02-01
PAYEMS,2006-07-01,2010-02-04,136142,2009-02-06
PAYEMS,2006-07-01,2011-02-03,136211,2010-02-05
PAYEMS,2006-07-01,2012-02-02,136173,2011-02-04
PAYEMS,2006-07-01,2013-01-31,136176,2012-02-03
PAYEMS,2006-07-01,2014-02-06,136218,2013-02-01
PAYEMS,2006-07-01,2016-02-04,136486,2014-02-07
PAYEMS,2006-07-01,2017-02-02,136544,2016-02-05
PAYEMS,2006-07-01,2018-02-01,136542,2017-02-03
PAYEMS,2006-07-01,2019-01-31,136543,2018-02-02
PAYEMS,2006-07-01,2020-02-06,136538,2019-02-01
PAYEMS,2006-07-01,2023-02-02,136520,2020-02-07
PAYEMS,2006-07-01,2025-02-06,136522,2023-02-03
PAYEMS,2006-07-01,2026-07-31,136529,2025-02-07
PAYEMS,2006-08-01,2006-10-05,135500,2006-09-01
PAYEMS,2006-08-01,2006-11-02,135562,2006-10-06
PAYEMS,2006-08-01,2007-02-01,135604,2006-11-03
PAYEMS,2006-08-01,2008-01-31,136438,2007-02-02
PAYEMS,2006-08-01,2009-02-05,136363,2008-02-01
PAYEMS,2006-08-01,2010-02-04,136291,2009-02-06
PAYEMS,2006-08-01,2011-02-03,136352,2010-02-05
PAYEMS,2006-08-01,2012-02-02,136358,2011-02-04
PAYEMS,2006-08-01,2013-01-31,136359,2012-02-03
PAYEMS,2006-08-01,2014-02-06,136397,2013-02-01
PAYEMS,2006-08-01,2015-02-05,136670,2014-02-07
PAYEMS,2006-08-01,2016-02-04,136671,2015-02-06
PAYEMS,2006-08-01,2018-02-01,136725,2016-02-05
PAYEMS,2006-08-01,2019-01-31,136722,2018-02-02
PAYEMS,2006-08-01,2020-02-06,136713,2019-02-01
PAYEMS,2006-08-01,2023-02-02,136694,2020-02-07
PAYEMS,2006-08-01,2025-02-06,136688,2023-02-03
PAYEMS,2006-08-01,2026-02-10,136693,2025-02-07
PAYEMS,2006-08-01,2026-07-31,136692,2026-02-11
PAYEMS,2006-09-01,2006-11-02,135613,2006-10-06
PAYEMS,2006-09-01,2006-12-07,135752,2006-11-03
PAYEMS,2006-09-01,2007-02-01,135807,2006-12-08
PAYEMS,2006-09-01,2008-01-31,136636,2007-02-02
PAYEMS,2006-09-01,2009-02-05,136528,2008-02-01
PAYEMS,2006-09-01,2010-02-04,136438,2009-02-06
PAYEMS,2006-09-01,2011-02-03,136452,2010-02-05
PAYEMS,2006-09-01,2012-02-02,136514,2011-02-04
PAYEMS,2006-09-01,2013-01-31,136516,2012-02-03
PAYEMS,2006-09-01,2014-02-06,136556,2013-02-01
PAYEMS,2006-09-01,2016-02-04,136827,2014-02-07
PAYEMS,2006-09-01,2017-02-02,136883,2016-02-05
PAYEMS,2006-09-01,2018-02-01,136878,2017-02-03
PAYEMS,2006-09-01,2019-01-31,136870,2018-02-02
PAYEMS,2006-09-01,2020-02-06,136860,2019-02-01
PAYEMS,2006-09-01,2023-02-02,136843,2020-02-07
PAYEMS,2006-09-01,2024-02-01,136824,2023-02-03
PAYEMS,2006-09-01,2025-02-06,136825,2024-02-02
PAYEMS,2006-09-01,2026-02-10,136829,2025-02-07
PAYEMS,2006-09-01,2026-07-31,136826,2026-02-11
PAYEMS,2006-10-01,2006-12-07,135844,2006-11-03
PAYEMS,2006-10-01,2007-01-04,135886,2006-12-08
PAYEMS,2006-10-01,2007-02-01,135893,2007-01-05
PAYEMS,2006-10-01,2008-01-31,136745,2007-02-02
PAYEMS,2006-10-01,2009-02-05,136601,2008-02-01
PAYEMS,2006-10-01,2010-02-04,136520,2009-02-06
PAYEMS,2006-10-01,2011-02-03,136495,2010-02-05
PAYEMS,2006-10-01,2012-02-02,136506,2011-02-04
PAYEMS,2006-10-01,2013-01-31,136507,2012-02-03
PAYEMS,2006-10-01,2014-02-06,136553,2013-02-01
PAYEMS,2006-10-01,2015-02-05,136829,2014-02-07
PAYEMS,2006-10-01,2016-02-04,136830,2015-02-06
PAYEMS,2006-10-01,2017-02-02,136887,2016-02-05
PAYEMS,2006-10-01,2018-02-01,136886,2017-02-03
PAYEMS,2006-10-01,2019-01-31,136882,2018-02-02
PAYEMS,2006-10-01,2020-02-06,136870,2019-02-01
PAYEMS,2006-10-01,2023-02-02,136852,2020-02-07
PAYEMS,2006-10-01,2024-02-01,136848,2023-02-03
PAYEMS,2006-10-01,2025-02-06,136849,2024-02-02
PAYEMS,2006-10-01,2026-02-10,136846,2025-02-07
PAYEMS,2006-10-01,2026-07-31,136843,2026-02-11
PAYEMS,2006-11-01,2007-01-04,136018,2006-12-08
PAYEMS,2006-11-01,2007-02-01,136047,2007-01-05
PAYEMS,2006-11-01,2008-01-31,136941,2007-02-02
PAYEMS,2006-11-01,2009-02-05,136783,2008-02-01
PAYEMS,2006-11-01,2010-02-04,136781,2009-02-06
PAYEMS,2006-11-01,2011-02-03,136696,2010-02-05
PAYEMS,2006-11-01,2013-01-31,136711,2011-02-04
PAYEMS,2006-11-01,2014-02-06,136758,2013-02-01
PAYEMS,2006-11-01,2016-02-04,137039,2014-02-07
PAYEMS,2006-11-01,2018-02-01,137095,2016-02-05
PAYEMS,2006-11-01,2019-01-31,137090,2018-02-02
PAYEMS,2006-11-01,2020-02-06,137082,2019-02-01
PAYEMS,2006-11-01,2023-02-02,137063,2020-02-07
PAYEMS,2006-11-01,2024-02-01,137069,2023-02-03
PAYEMS,2006-11-01,2025-02-06,137068,2024-02-02
PAYEMS,2006-11-01,2026-02-10,137061,2025-02-07
PAYEMS,2006-11-01,2026-07-31,137060,2026-02-11
PAYEMS,2006-12-01,2007-02-01,136214,2007-01-05
PAYEMS,2006-12-01,2007-03-08,137147,2007-02-02
PAYEMS,2006-12-01,2008-01-31,137167,2007-03-09
PAYEMS,2006-12-01,2009-02-05,136982,2008-02-01
PAYEMS,2006-12-01,2010-02-04,137000,2009-02-06
PAYEMS,2006-12-01,2011-02-03,136873,2010-02-05
PAYEMS,2006-12-01,2012-02-02,136891,2011-02-04
PAYEMS,2006-12-01,2013-01-31,136882,2012-02-03
PAYEMS,2006-12-01,2014-02-06,136927,2013-02-01
PAYEMS,2006-12-01,2015-02-05,137210,2014-02-07
PAYEMS,2006-12-01,2016-02-04,137211,2015-02-06
PAYEMS,2006-12-01,2018-02-01,137266,2016-02-05
PAYEMS,2006-12-01,2019-01-31,137263,2018-02-02
PAYEMS,2006-12-01,2020-02-06,137268,2019-02-01
PAYEMS,2006-12-01,2023-02-02,137249,2020-02-07
PAYEMS,2006-12-01,2024-02-01,137253,2023-02-03
PAYEMS,2006-12-01,2025-02-06,137251,2024-02-02
PAYEMS,2006-12-01,2026-07-31,137249,2025-02-07
PAYEMS,2007-01-01,2007-03-08,137258,2007-02-02
PAYEMS,2007-01-01,2007-04-05,137313,2007-03-09
PAYEMS,2007-01-01,2008-01-31,137329,2007-04-06
PAYEMS,2007-01-01,2009-02-05,137108,2008-02-01
PAYEMS,2007-01-01,2010-02-04,137180,2009-02-06
PAYEMS,2007-01-01,2011-02-03,137067,2010-02-05
PAYEMS,2007-01-01,2012-02-02,137094,2011-02-04
PAYEMS,2007-01-01,2013-01-31,137118,2012-02-03
PAYEMS,2007-01-01,2014-02-06,137161,2013-02-01
PAYEMS,2007-01-01,2016-02-04,137448,2014-02-07
PAYEMS,2007-01-01,2018-02-01,137506,2016-02-05
PAYEMS,2007-01-01,2019-01-31,137497,2018-02-02
PAYEMS,2007-01-01,2020-02-06,137493,2019-02-01
PAYEMS,2007-01-01,2023-02-02,137477,2020-02-07
PAYEMS,2007-01-01,2024-02-01,137476,2023-02-03
PAYEMS,2007-01-01,2025-02-06,137475,2024-02-02
PAYEMS,2007-01-01,2026-07-31,137472,2025-02-07
PAYEMS,2007-02-01,2007-04-05,137410,2007-03-09
PAYEMS,2007-02-01,2007-05-03,137442,2007-04-06
PAYEMS,2007-02-01,2008-01-31,137419,2007-05-04
PAYEMS,2007-02-01,2009-02-05,137133,2008-02-01
PAYEMS,2007-02-01,2010-02-04,137216,2009-02-06
PAYEMS,2007-02-01,2011-02-03,137171,2010-02-05
PAYEMS,2007-02-01,2012-02-02,137182,2011-02-04
PAYEMS,2007-02-01,2013-01-31,137211,2012-02-03
PAYEMS,2007-02-01,2014-02-06,137251,2013-02-01
PAYEMS,2007-02-01,2016-02-04,137536,2014-02-07
PAYEMS,2007-02-01,2017-02-02,137596,2016-02-05
PAYEMS,2007-02-01,2018-02-01,137595,2017-02-03
PAYEMS,2007-02-01,2019-01-31,137582,2018-02-02
PAYEMS,2007-02-01,2020-02-06,137573,2019-02-01
PAYEMS,2007-02-01,2023-02-02,137558,2020-02-07
PAYEMS,2007-02-01,2024-02-01,137554,2023-02-03
PAYEMS,2007-02-01,2025-02-06,137556,2024-02-02
PAYEMS,2007-02-01,2026-02-10,137558,2025-02-07
PAYEMS,2007-02-01,2026-07-31,137560,2026-02-11
PAYEMS,2007-03-01,2007-05-03,137622,2007-04-06
PAYEMS,2007-03-01,2007-05-31,137596,2007-05-04
PAYEMS,2007-03-01,2008-01-31,137594,2007-06-01
PAYEMS,2007-03-01,2009-02-05,137310,2008-02-01
PAYEMS,2007-03-01,2010-02-04,137400,2009-02-06
PAYEMS,2007-03-01,2011-02-03,137410,2010-02-05
PAYEMS,2007-03-01,2012-02-02,137400,2011-02-04
PAYEMS,2007-03-01,2013-01-31,137401,2012-02-03
PAYEMS,2007-03-01,2014-02-06,137437,2013-02-01
PAYEMS,2007-03-01,2016-02-04,137724,2014-02-07
PAYEMS,2007-03-01,2018-02-01,137785,2016-02-05
PAYEMS,2007-03-01,2019-01-31,137796,2018-02-02
PAYEMS,2007-03-01,2020-02-06,137810,2019-02-01
PAYEMS,2007-03-01,2023-02-02,137793,2020-02-07
PAYEMS,2007-03-01,2024-02-01,137781,2023-02-03
PAYEMS,2007-03-01,2026-02-10,137782,2024-02-02
PAYEMS,2007-03-01,2026-07-31,137784,2026-02-11
PAYEMS,2007-04-01,2007-05-31,137684,2007-05-04
PAYEMS,2007-04-01,2007-07-05,137674,2007-06-01
PAYEMS,2007-04-01,2008-01-31,137716,2007-07-06
PAYEMS,2007-04-01,2009-02-05,137356,2008-02-01
PAYEMS,2007-04-01,2010-02-04,137435,2009-02-06
PAYEMS,2007-04-01,2011-02-03,137502,2010-02-05
PAYEMS,2007-04-01,2012-02-02,137479,2011-02-04
PAYEMS,2007-04-01,2013-01-31,137473,2012-02-03
PAYEMS,2007-04-01,2014-02-06,137513,2013-02-01
PAYEMS,2007-04-01,2016-02-04,137802,2014-02-07
PAYEMS,2007-04-01,2017-02-02,137864,2016-02-05
PAYEMS,2007-04-01,2018-02-01,137865,2017-02-03
PAYEMS,2007-04-01,2019-01-31,137855,2018-02-02
PAYEMS,2007-04-01,2020-02-06,137860,2019-02-01
PAYEMS,2007-04-01,2023-02-02,137842,2020-02-07
PAYEMS,2007-04-01,2024-02-01,137843,2023-02-03
PAYEMS,2007-04-01,2025-02-06,137842,2024-02-02
PAYEMS,2007-04-01,2026-02-10,137845,2025-02-07
PAYEMS,2007-04-01,2026-07-31,137847,2026-02-11
PAYEMS,2007-05-01,2007-07-05,137831,2007-06-01
PAYEMS,2007-05-01,2007-08-02,137906,2007-07-06
PAYEMS,2007-05-01,2008-01-31,137904,2007-08-03
PAYEMS,2007-05-01,2009-02-05,137518,2008-02-01
PAYEMS,2007-05-01,2010-02-04,137591,2009-02-06
PAYEMS,2007-05-01,2011-02-03,137651,2010-02-05
PAYEMS,2007-05-01,2012-02-02,137620,2011-02-04
PAYEMS,2007-05-01,2013-01-31,137612,2012-02-03
PAYEMS,2007-05-01,2014-02-06,137654,2013-02-01
PAYEMS,2007-05-01,2015-02-05,137946,2014-02-07
PAYEMS,2007-05-01,2016-02-04,137947,2015-02-06
PAYEMS,2007-05-01,2017-02-02,138007,2016-02-05
PAYEMS,2007-05-01,2019-01-31,138008,2017-02-03
PAYEMS,2007-05-01,2020-02-06,138012,2019-02-01
PAYEMS,2007-05-01,2026-02-10,137993,2020-02-07
PAYEMS,2007-05-01,2026-07-31,137992,2026-02-11
PAYEMS,2007-06-01,2007-08-02,138038,2007-07-06
PAYEMS,2007-06-01,2007-09-06,138030,2007-08-03
PAYEMS,2007-06-01,2008-01-31,137973,2007-09-07
PAYEMS,2007-06-01,2009-02-05,137625,2008-02-01
PAYEMS,2007-06-01,2010-02-04,137645,2009-02-06
PAYEMS,2007-06-01,2011-02-03,137706,2010-02-05
PAYEMS,2007-06-01,2013-01-31,137687,2011-02-04
PAYEMS,2007-06-01,2014-02-06,137734,2013-02-01
PAYEMS,2007-06-01,2015-02-05,138017,2014-02-07
PAYEMS,2007-06-01,2016-02-04,138018,2015-02-06
PAYEMS,2007-06-01,2017-02-02,138085,2016-02-05
PAYEMS,2007-06-01,2018-02-01,138083,2017-02-03
PAYEMS,2007-06-01,2019-01-31,138085,2018-02-02
PAYEMS,2007-06-01,2020-02-06,138088,2019-02-01
PAYEMS,2007-06-01,2023-02-02,138069,2020-02-07
PAYEMS,2007-06-01,2025-02-06,138072,2023-02-03
PAYEMS,2007-06-01,2026-02-10,138069,2025-02-07
PAYEMS,2007-06-01,2026-07-31,138070,2026-02-11
PAYEMS,2007-07-01,2007-09-06,138122,2007-08-03
PAYEMS,2007-07-01,2007-10-04,138041,2007-09-07
PAYEMS,2007-07-01,2008-01-31,138066,2007-10-05
PAYEMS,2007-07-01,2009-02-05,137682,2008-02-01
PAYEMS,2007-07-01,2010-02-04,137580,2009-02-06
PAYEMS,2007-07-01,2011-02-03,137686,2010-02-05
PAYEMS,2007-07-01,2012-02-02,137638,2011-02-04
PAYEMS,2007-07-01,2013-01-31,137647,2012-02-03
PAYEMS,2007-07-01,2014-02-06,137699,2013-02-01
PAYEMS,2007-07-01,2016-02-04,137984,2014-02-07
PAYEMS,2007-07-01,2017-02-02,138052,2016-02-05
PAYEMS,2007-07-01,2018-02-01,138049,2017-02-03
PAYEMS,2007-07-01,2020-02-06,138055,2018-02-02
PAYEMS,2007-07-01,2023-02-02,138038,2020-02-07
PAYEMS,2007-07-01,2025-02-06,138042,2023-02-03
PAYEMS,2007-07-01,2026-07-31,138044,2025-02-07
PAYEMS,2007-08-01,2007-10-04,138037,2007-09-07
PAYEMS,2007-08-01,2007-11-01,138155,2007-10-05
PAYEMS,2007-08-01,2008-01-31,138159,2007-11-02
PAYEMS,2007-08-01,2009-02-05,137756,2008-02-01
PAYEMS,2007-08-01,2010-02-04,137552,2009-02-06
PAYEMS,2007-08-01,2011-02-03,137615,2010-02-05
PAYEMS,2007-08-01,2012-02-02,137612,2011-02-04
PAYEMS,2007-08-01,2013-01-31,137629,2012-02-03
PAYEMS,2007-08-01,2014-02-06,137675,2013-02-01
PAYEMS,2007-08-01,2015-02-05,137968,2014-02-07
PAYEMS,2007-08-01,2016-02-04,137967,2015-02-06
PAYEMS,2007-08-01,2017-02-02,138028,2016-02-05
PAYEMS,2007-08-01,2018-02-01,138029,2017-02-03
PAYEMS,2007-08-01,2019-01-31,138027,2018-02-02
PAYEMS,2007-08-01,2020-02-06,138032,2019-02-01
PAYEMS,2007-08-01,2023-02-02,138015,2020-02-07
PAYEMS,2007-08-01,2025-02-06,138017,2023-02-03
PAYEMS,2007-08-01,2026-07-31,138013,2025-02-07
PAYEMS,2007-09-01,2007-11-01,138265,2007-10-05
PAYEMS,2007-09-01,2007-12-06,138255,2007-11-02
PAYEMS,2007-09-01,2008-01-31,138203,2007-12-07
PAYEMS,2007-09-01,2009-02-05,137837,2008-02-01
PAYEMS,2007-09-01,2010-02-04,137652,2009-02-06
PAYEMS,2007-09-01,2011-02-03,137667,2010-02-05
PAYEMS,2007-09-01,2012-02-02,137681,2011-02-04
PAYEMS,2007-09-01,2013-01-31,137702,2012-02-03
PAYEMS,2007-09-01,2014-02-06,137752,2013-02-01
PAYEMS,2007-09-01,2016-02-04,138053,2014-02-07
PAYEMS,2007-09-01,2017-02-02,138116,2016-02-05
PAYEMS,2007-09-01,2018-02-01,138117,2017-02-03
PAYEMS,2007-09-01,2019-01-31,138123,2018-02-02
PAYEMS,2007-09-01,2020-02-06,138114,2019-02-01
PAYEMS,2007-09-01,2023-02-02,138095,2020-02-07
PAYEMS,2007-09-01,2025-02-06,138103,2023-02-03
PAYEMS,2007-09-01,2026-02-10,138101,2025-02-07
PAYEMS,2007-09-01,2026-07-31,138099,2026-02-11
PAYEMS,2007-10-01,2007-12-06,138421,2007-11-02
PAYEMS,2007-10-01,2008-01-03,138373,2007-12-07
PAYEMS,2007-10-01,2008-01-31,138362,2008-01-04
PAYEMS,2007-10-01,2009-02-05,137977,2008-02-01
PAYEMS,2007-10-01,2010-02-04,137817,2009-02-06
PAYEMS,2007-10-01,2011-02-03,137753,2010-02-05
PAYEMS,2007-10-01,2012-02-02,137772,2011-02-04
PAYEMS,2007-10-01,2013-01-31,137781,2012-02-03
PAYEMS,2007-10-01,2014-02-06,137838,2013-02-01
PAYEMS,2007-10-01,2015-02-05,138135,2014-02-07
PAYEMS,2007-10-01,2016-02-04,138136,2015-02-06
PAYEMS,2007-10-01,2019-01-31,138201,2016-02-05
PAYEMS,2007-10-01,2020-02-06,138190,2019-02-01
PAYEMS,2007-10-01,2024-02-01,138174,2020-02-07
PAYEMS,2007-10-01,2025-02-06,138175,2024-02-02
PAYEMS,2007-10-01,2026-02-10,138177,2025-02-07
PAYEMS,2007-10-01,2026-07-31,138175,2026-02-11
PAYEMS,2007-11-01,2008-01-03,138467,2007-12-07
PAYEMS,2007-11-01,2008-01-31,138477,2008-01-04
PAYEMS,2007-11-01,2009-02-05,138037,2008-02-01
PAYEMS,2007-11-01,2010-02-04,138032,2009-02-06
PAYEMS,2007-11-01,2011-02-03,137881,2010-02-05
PAYEMS,2007-11-01,2012-02-02,137899,2011-02-04
PAYEMS,2007-11-01,2013-01-31,137893,2012-02-03
PAYEMS,2007-11-01,2014-02-06,137949,2013-02-01
PAYEMS,2007-11-01,2016-02-04,138253,2014-02-07
PAYEMS,2007-11-01,2017-02-02,138316,2016-02-05
PAYEMS,2007-11-01,2018-02-01,138315,2017-02-03
PAYEMS,2007-11-01,2019-01-31,138307,2018-02-02
PAYEMS,2007-11-01,2020-02-06,138299,2019-02-01
PAYEMS,2007-11-01,2023-02-02,138284,2020-02-07
PAYEMS,2007-11-01,2024-02-01,138292,2023-02-03
PAYEMS,2007-11-01,2026-02-10,138291,2024-02-02
PAYEMS,2007-11-01,2026-07-31,138290,2026-02-11
PAYEMS,2007-12-01,2008-01-31,138495,2008-01-04
PAYEMS,2007-12-01,2008-03-06,138119,2008-02-01
PAYEMS,2007-12-01,2009-02-05,138078,2008-03-07
PAYEMS,2007-12-01,2010-02-04,138152,2009-02-06
PAYEMS,2007-12-01,2011-02-03,137951,2010-02-05
PAYEMS,2007-12-01,2012-02-02,137983,2011-02-04
PAYEMS,2007-12-01,2013-01-31,137982,2012-02-03
PAYEMS,2007-12-01,2014-02-06,138042,2013-02-01
PAYEMS,2007-12-01,2016-02-04,138350,2014-02-07
PAYEMS,2007-12-01,2018-02-01,138413,2016-02-05
PAYEMS,2007-12-01,2019-01-31,138411,2018-02-02
PAYEMS,2007-12-01,2020-02-06,138409,2019-02-01
PAYEMS,2007-12-01,2023-02-02,138392,2020-02-07
PAYEMS,2007-12-01,2024-02-01,138398,2023-02-03
PAYEMS,2007-12-01,2025-02-06,138396,2024-02-02
PAYEMS,2007-12-01,2026-07-31,138395,2025-02-07
PAYEMS,2008-01-01,2008-03-06,138102,2008-02-01
PAYEMS,2008-01-01,2008-04-03,138056,2008-03-07
PAYEMS,2008-01-01,2009-02-05,138002,2008-04-04
PAYEMS,2008-01-01,2010-02-04,138080,2009-02-06
PAYEMS,2008-01-01,2011-02-03,137941,2010-02-05
PAYEMS,2008-01-01,2012-02-02,137996,2011-02-04
PAYEMS,2008-01-01,2013-01-31,138023,2012-02-03
PAYEMS,2008-01-01,2014-02-06,138056,2013-02-01
PAYEMS,2008-01-01,2016-02-04,138365,2014-02-07
PAYEMS,2008-01-01,2017-02-02,138432,2016-02-05
PAYEMS,2008-01-01,2018-02-01,138430,2017-02-03
PAYEMS,2008-01-01,2019-01-31,138419,2018-02-02
PAYEMS,2008-01-01,2020-02-06,138422,2019-02-01
PAYEMS,2008-01-01,2023-02-02,138403,2020-02-07
PAYEMS,2008-01-01,2024-02-01,138399,2023-02-03
PAYEMS,2008-01-01,2025-02-06,138397,2024-02-02
PAYEMS,2008-01-01,2026-07-31,138391,2025-02-07
PAYEMS,2008-02-01,2008-04-03,137993,2008-03-07
PAYEMS,2008-02-01,2008-05-01,137926,2008-04-04
PAYEMS,2008-02-01,2009-02-05,137919,2008-05-02
PAYEMS,2008-02-01,2010-02-04,137936,2009-02-06
PAYEMS,2008-02-01,2011-02-03,137891,2010-02-05
PAYEMS,2008-02-01,2012-02-02,137913,2011-02-04
PAYEMS,2008-02-01,2013-01-31,137939,2012-02-03
PAYEMS,2008-02-01,2014-02-06,137971,2013-02-01
PAYEMS,2008-02-01,2015-02-05,138279,2014-02-07
PAYEMS,2008-02-01,2016-02-04,138278,2015-02-06
PAYEMS,2008-02-01,2018-02-01,138346,2016-02-05
PAYEMS,2008-02-01,2019-01-31,138338,2018-02-02
PAYEMS,2008-02-01,2020-02-06,138340,2019-02-01
PAYEMS,2008-02-01,2023-02-02,138324,2020-02-07
PAYEMS,2008-02-01,2024-02-01,138323,2023-02-03
PAYEMS,2008-02-01,2025-02-06,138326,2024-02-02
PAYEMS,2008-02-01,2026-02-10,138327,2025-02-07
PAYEMS,2008-02-01,2026-07-31,138329,2026-02-11
PAYEMS,2008-03-01,2008-05-01,137846,2008-04-04
PAYEMS,2008-03-01,2008-06-05,137838,2008-05-02
PAYEMS,2008-03-01,2009-02-05,137831,2008-06-06
PAYEMS,2008-03-01,2010-02-04,137814,2009-02-06
PAYEMS,2008-03-01,2011-02-03,137858,2010-02-05
PAYEMS,2008-03-01,2012-02-02,137841,2011-02-04
PAYEMS,2008-03-01,2013-01-31,137844,2012-02-03
PAYEMS,2008-03-01,2014-02-06,137892,2013-02-01
PAYEMS,2008-03-01,2016-02-04,138199,2014-02-07
PAYEMS,2008-03-01,2018-02-01,138268,2016-02-05
PAYEMS,2008-03-01,2019-01-31,138283,2018-02-02
PAYEMS,2008-03-01,2020-02-06,138292,2019-02-01
PAYEMS,2008-03-01,2023-02-02,138275,2020-02-07
PAYEMS,2008-03-01,2024-02-01,138255,2023-02-03
PAYEMS,2008-03-01,2025-02-06,138256,2024-02-02
PAYEMS,2008-03-01,2026-02-10,138257,2025-02-07
PAYEMS,2008-03-01,2026-07-31,138259,2026-02-11
PAYEMS,2008-04-01,2008-06-05,137818,2008-05-02
PAYEMS,2008-04-01,2008-07-02,137803,2008-06-06
PAYEMS,2008-04-01,2009-02-05,137764,2008-07-03
PAYEMS,2008-04-01,2010-02-04,137654,2009-02-06
PAYEMS,2008-04-01,2011-02-03,137709,2010-02-05
PAYEMS,2008-04-01,2012-02-02,137656,2011-02-04
PAYEMS,2008-04-01,2013-01-31,137636,2012-02-03
PAYEMS,2008-04-01,2014-02-06,137677,2013-02-01
PAYEMS,2008-04-01,2015-02-05,137985,2014-02-07
PAYEMS,2008-04-01,2016-02-04,137986,2015-02-06
PAYEMS,2008-04-01,2018-02-01,138058,2016-02-05
PAYEMS,2008-04-01,2019-01-31,138054,2018-02-02
PAYEMS,2008-04-01,2020-02-06,138056,2019-02-01
PAYEMS,2008-04-01,2023-02-02,138035,2020-02-07
PAYEMS,2008-04-01,2024-02-01,138038,2023-02-03
PAYEMS,2008-04-01,2025-02-06,138037,2024-02-02
PAYEMS,2008-04-01,2026-02-10,138038,2025-02-07
PAYEMS,2008-04-01,2026-07-31,138040,2026-02-11
PAYEMS,2008-05-01,2008-07-02,137754,2008-06-06
PAYEMS,2008-05-01,2008-07-31,137702,2008-07-03
PAYEMS,2008-05-01,2009-02-05,137717,2008-08-01
PAYEMS,2008-05-01,2010-02-04,137517,2009-02-06
PAYEMS,2008-05-01,2011-02-03,137478,2010-02-05
PAYEMS,2008-05-01,2012-02-02,137423,2011-02-04
PAYEMS,2008-05-01,2013-01-31,137446,2012-02-03
PAYEMS,2008-05-01,2014-02-06,137491,2013-02-01
PAYEMS,2008-05-01,2016-02-04,137803,2014-02-07
PAYEMS,2008-05-01,2017-02-02,137873,2016-02-05
PAYEMS,2008-05-01,2018-02-01,137872,2017-02-03
PAYEMS,2008-05-01,2019-01-31,137870,2018-02-02
PAYEMS,2008-05-01,2020-02-06,137872,2019-02-01
PAYEMS,2008-05-01,2023-02-02,137858,2020-02-07
PAYEMS,2008-05-01,2025-02-06,137847,2023-02-03
PAYEMS,2008-05-01,2026-07-31,137851,2025-02-07
PAYEMS,2008-06-01,2008-07-31,137640,2008-07-03
PAYEMS,2008-06-01,2008-09-04,137666,2008-08-01
PAYEMS,2008-06-01,2009-02-05,137617,2008-09-05
PAYEMS,2008-06-01,2010-02-04,137356,2009-02-06
PAYEMS,2008-06-01,2011-02-03,137285,2010-02-05
PAYEMS,2008-06-01,2012-02-02,137245,2011-02-04
PAYEMS,2008-06-01,2013-01-31,137248,2012-02-03
PAYEMS,2008-06-01,2014-02-06,137322,2013-02-01
PAYEMS,2008-06-01,2016-02-04,137631,2014-02-07
PAYEMS,2008-06-01,2017-02-02,137708,2016-02-05
PAYEMS,2008-06-01,2018-02-01,137710,2017-02-03
PAYEMS,2008-06-01,2019-01-31,137716,2018-02-02
PAYEMS,2008-06-01,2020-02-06,137706,2019-02-01
PAYEMS,2008-06-01,2023-02-02,137687,2020-02-07
PAYEMS,2008-06-01,2025-02-06,137689,2023-02-03
PAYEMS,2008-06-01,2026-02-10,137698,2025-02-07
PAYEMS,2008-06-01,2026-07-31,137700,2026-02-11
PAYEMS,2008-07-01,2008-09-04,137615,2008-08-01
PAYEMS,2008-07-01,2008-10-02,137557,2008-09-05
PAYEMS,2008-07-01,2009-02-05,137550,2008-10-03
PAYEMS,2008-07-01,2010-02-04,137228,2009-02-06
PAYEMS,2008-07-01,2011-02-03,137075,2010-02-05
PAYEMS,2008-07-01,2012-02-02,137014,2011-02-04
PAYEMS,2008-07-01,2013-01-31,137038,2012-02-03
PAYEMS,2008-07-01,2014-02-06,137106,2013-02-01
PAYEMS,2008-07-01,2016-02-04,137421,2014-02-07
PAYEMS,2008-07-01,2017-02-02,137499,2016-02-05
PAYEMS,2008-07-01,2018-02-01,137497,2017-02-03
PAYEMS,2008-07-01,2019-01-31,137503,2018-02-02
PAYEMS,2008-07-01,2020-02-06,137508,2019-02-01
PAYEMS,2008-07-01,2023-02-02,137491,2020-02-07
PAYEMS,2008-07-01,2025-02-06,137492,2023-02-03
PAYEMS,2008-07-01,2026-02-10,137498,2025-02-07
PAYEMS,2008-07-01,2026-07-31,137497,2026-02-11
PAYEMS,2008-08-01,2008-10-02,137473,2008-09-05
PAYEMS,2008-08-01,2008-11-06,137477,2008-10-03
PAYEMS,2008-08-01,2009-02-05,137423,2008-11-07
PAYEMS,2008-08-01,2010-02-04,137053,2009-02-06
PAYEMS,2008-08-01,2011-02-03,136741,2010-02-05
PAYEMS,2008-08-01,2012-02-02,136747,2011-02-04
PAYEMS,2008-08-01,2013-01-31,136764,2012-02-03
PAYEMS,2008-08-01,2014-02-06,136836,2013-02-01
PAYEMS,2008-08-01,2016-02-04,137162,2014-02-07
PAYEMS,2008-08-01,2017-02-02,137233,2016-02-05
PAYEMS,2008-08-01,2018-02-01,137230,2017-02-03
PAYEMS,2008-08-01,2019-01-31,137226,2018-02-02
PAYEMS,2008-08-01,2020-02-06,137229,2019-02-01
PAYEMS,2008-08-01,2023-02-02,137213,2020-02-07
PAYEMS,2008-08-01,2025-02-06,137209,2023-02-03
PAYEMS,2008-08-01,2026-07-31,137211,2025-02-07
PAYEMS,2008-09-01,2008-11-06,137318,2008-10-03
PAYEMS,2008-09-01,2008-12-04,137139,2008-11-07
PAYEMS,2008-09-01,2009-02-05,137020,2008-12-05
PAYEMS,2008-09-01,2010-02-04,136732,2009-02-06
PAYEMS,2008-09-01,2011-02-03,136283,2010-02-05
PAYEMS,2008-09-01,2012-02-02,136313,2011-02-04
PAYEMS,2008-09-01,2013-01-31,136332,2012-02-03
PAYEMS,2008-09-01,2014-02-06,136377,2013-02-01
PAYEMS,2008-09-01,2016-02-04,136710,2014-02-07
PAYEMS,2008-09-01,2017-02-02,136781,2016-02-05
PAYEMS,2008-09-01,2018-02-01,136780,2017-02-03
PAYEMS,2008-09-01,2019-01-31,136783,2018-02-02
PAYEMS,2008-09-01,2020-02-06,136769,2019-02-01
PAYEMS,2008-09-01,2023-02-02,136753,2020-02-07
PAYEMS,2008-09-01,2024-02-01,136758,2023-02-03
PAYEMS,2008-09-01,2025-02-06,136759,2024-02-02
PAYEMS,2008-09-01,2026-02-10,136762,2025-02-07
PAYEMS,2008-09-01,2026-07-31,136760,2026-02-11
PAYEMS,2008-10-01,2008-12-04,136899,2008-11-07
PAYEMS,2008-10-01,2009-01-08,136700,2008-12-05
PAYEMS,2008-10-01,2009-02-05,136597,2009-01-09
PAYEMS,2008-10-01,2010-02-04,136352,2009-02-06
PAYEMS,2008-10-01,2011-02-03,135729,2010-02-05
PAYEMS,2008-10-01,2012-02-02,135804,2011-02-04
PAYEMS,2008-10-01,2013-01-31,135843,2012-02-03
PAYEMS,2008-10-01,2014-02-06,135905,2013-02-01
PAYEMS,2008-10-01,2015-02-05,136236,2014-02-07
PAYEMS,2008-10-01,2016-02-04,136234,2015-02-06
PAYEMS,2008-10-01,2017-02-02,136308,2016-02-05
PAYEMS,2008-10-01,2018-02-01,136306,2017-02-03
PAYEMS,2008-10-01,2019-01-31,136308,2018-02-02
PAYEMS,2008-10-01,2020-02-06,136288,2019-02-01
PAYEMS,2008-10-01,2023-02-02,136272,2020-02-07
PAYEMS,2008-10-01,2025-02-06,136294,2023-02-03
PAYEMS,2008-10-01,2026-02-10,136293,2025-02-07
PAYEMS,2008-10-01,2026-07-31,136291,2026-02-11
PAYEMS,2008-11-01,2009-01-08,136167,2008-12-05
PAYEMS,2008-11-01,2009-02-05,136013,2009-01-09
PAYEMS,2008-11-01,2010-02-04,135755,2009-02-06
PAYEMS,2008-11-01,2011-02-03,135001,2010-02-05
PAYEMS,2008-11-01,2012-02-02,135002,2011-02-04
PAYEMS,2008-11-01,2013-01-31,135040,2012-02-03
PAYEMS,2008-11-01,2014-02-06,135130,2013-02-01
PAYEMS,2008-11-01,2015-02-05,135471,2014-02-07
PAYEMS,2008-11-01,2016-02-04,135469,2015-02-06
PAYEMS,2008-11-01,2017-02-02,135539,2016-02-05
PAYEMS,2008-11-01,2018-02-01,135540,2017-02-03
PAYEMS,2008-11-01,2019-01-31,135549,2018-02-02
PAYEMS,2008-11-01,2020-02-06,135561,2019-02-01
PAYEMS,2008-11-01,2023-02-02,135545,2020-02-07
PAYEMS,2008-11-01,2025-02-06,135546,2023-02-03
PAYEMS,2008-11-01,2026-02-10,135543,2025-02-07
PAYEMS,2008-11-01,2026-07-31,135541,2026-02-11
PAYEMS,2008-12-01,2009-02-05,135489,2009-01-09
PAYEMS,2008-12-01,2009-03-05,135178,2009-02-06
PAYEMS,2008-12-01,2010-02-04,135074,2009-03-06
PAYEMS,2008-12-01,2011-02-03,134328,2010-02-05
PAYEMS,2008-12-01,2012-02-02,134383,2011-02-04
PAYEMS,2008-12-01,2013-01-31,134379,2012-02-03
PAYEMS,2008-12-01,2014-02-06,134425,2013-02-01
PAYEMS,2008-12-01,2015-02-05,134774,2014-02-07
PAYEMS,2008-12-01,2016-02-04,134773,2015-02-06
PAYEMS,2008-12-01,2017-02-02,134844,2016-02-05
PAYEMS,2008-12-01,2018-02-01,134846,2017-02-03
PAYEMS,2008-12-01,2019-01-31,134842,2018-02-02
PAYEMS,2008-12-01,2020-02-06,134857,2019-02-01
PAYEMS,2008-12-01,2023-02-02,134839,2020-02-07
PAYEMS,2008-12-01,2024-02-01,134849,2023-02-03
PAYEMS,2008-12-01,2025-02-06,134848,2024-02-02
PAYEMS,2008-12-01,2026-07-31,134847,2025-02-07
PAYEMS,2009-01-01,2009-03-05,134580,2009-02-06
PAYEMS,2009-01-01,2009-04-02,134419,2009-03-06
PAYEMS,2009-01-01,2010-02-04,134333,2009-04-03
PAYEMS,2009-01-01,2011-02-03,133549,2010-02-05
PAYEMS,2009-01-01,2012-02-02,133563,2011-02-04
PAYEMS,2009-01-01,2013-01-31,133561,2012-02-03
PAYEMS,2009-01-01,2014-02-06,133631,2013-02-01
PAYEMS,2009-01-01,2015-02-05,133976,2014-02-07
PAYEMS,2009-01-01,2016-02-04,133977,2015-02-06
PAYEMS,2009-01-01,2018-02-01,134053,2016-02-05
PAYEMS,2009-01-01,2019-01-31,134055,2018-02-02
PAYEMS,2009-01-01,2020-02-06,134074,2019-02-01
PAYEMS,2009-01-01,2023-02-02,134055,2020-02-07
PAYEMS,2009-01-01,2024-02-01,134069,2023-02-03
PAYEMS,2009-01-01,2025-02-06,134066,2024-02-02
PAYEMS,2009-01-01,2026-02-10,134078,2025-02-07
PAYEMS,2009-01-01,2026-07-31,134079,2026-02-11
PAYEMS,2009-02-01,2009-04-02,133768,2009-03-06
PAYEMS,2009-02-01,2009-05-07,133682,2009-04-03
PAYEMS,2009-02-01,2010-02-04,133652,2009-05-08
PAYEMS,2009-02-01,2011-02-03,132823,2010-02-05
PAYEMS,2009-02-01,2013-01-31,132837,2011-02-04
PAYEMS,2009-02-01,2014-02-06,132936,2013-02-01
PAYEMS,2009-02-01,2015-02-05,133275,2014-02-07
PAYEMS,2009-02-01,2016-02-04,133274,2015-02-06
PAYEMS,2009-02-01,2017-02-02,133350,2016-02-05
PAYEMS,2009-02-01,2019-01-31,133351,2017-02-03
PAYEMS,2009-02-01,2020-02-06,133332,2019-02-01
PAYEMS,2009-02-01,2023-02-02,133312,2020-02-07
PAYEMS,2009-02-01,2024-02-01,133311,2023-02-03
PAYEMS,2009-02-01,2025-02-06,133314,2024-02-02
PAYEMS,2009-02-01,2026-02-10,133317,2025-02-07
PAYEMS,2009-02-01,2026-07-31,133318,2026-02-11
PAYEMS,2009-03-01,2009-05-07,133019,2009-04-03
PAYEMS,2009-03-01,2009-06-04,132953,2009-05-08
PAYEMS,2009-03-01,2010-02-04,133000,2009-06-05
PAYEMS,2009-03-01,2011-02-03,132070,2010-02-05
PAYEMS,2009-03-01,2012-02-02,132041,2011-02-04
PAYEMS,2009-03-01,2013-01-31,132038,2012-02-03
PAYEMS,2009-03-01,2014-02-06,132106,2013-02-01
PAYEMS,2009-03-01,2015-02-05,132449,2014-02-07
PAYEMS,2009-03-01,2016-02-04,132450,2015-02-06
PAYEMS,2009-03-01,2017-02-02,132527,2016-02-05
PAYEMS,2009-03-01,2018-02-01,132528,2017-02-03
PAYEMS,2009-03-01,2019-01-31,132549,2018-02-02
PAYEMS,2009-03-01,2020-02-06,132529,2019-02-01
PAYEMS,2009-03-01,2023-02-02,132512,2020-02-07
PAYEMS,2009-03-01,2024-02-01,132493,2023-02-03
PAYEMS,2009-03-01,2025-02-06,132494,2024-02-02
PAYEMS,2009-03-01,2026-02-10,132492,2025-02-07
PAYEMS,2009-03-01,2026-07-31,132494,2026-02-11
PAYEMS,2009-04-01,2009-06-04,132414,2009-05-08
PAYEMS,2009-04-01,2009-07-01,132496,2009-06-05
PAYEMS,2009-04-01,2010-02-04,132481,2009-07-02
PAYEMS,2009-04-01,2010-03-04,131488,2010-02-05
PAYEMS,2009-04-01,2011-02-03,131542,2010-03-05
PAYEMS,2009-04-01,2012-02-02,131381,2011-02-04
PAYEMS,2009-04-01,2013-01-31,131346,2012-02-03
PAYEMS,2009-04-01,2014-02-06,131402,2013-02-01
PAYEMS,2009-04-01,2015-02-05,131765,2014-02-07
PAYEMS,2009-04-01,2016-02-04,131766,2015-02-06
PAYEMS,2009-04-01,2018-02-01,131841,2016-02-05
PAYEMS,2009-04-01,2019-01-31,131845,2018-02-02
PAYEMS,2009-04-01,2020-02-06,131835,2019-02-01
PAYEMS,2009-04-01,2023-02-02,131817,2020-02-07
PAYEMS,2009-04-01,2025-02-06,131825,2023-02-03
PAYEMS,2009-04-01,2026-02-10,131821,2025-02-07
PAYEMS,2009-04-01,2026-07-31,131822,2026-02-11
PAYEMS,2009-05-01,2009-07-01,132151,2009-06-05
PAYEMS,2009-05-01,2009-08-06,132159,2009-07-02
PAYEMS,2009-05-01,2010-02-04,132178,2009-08-07
PAYEMS,2009-05-01,2010-03-04,131141,2010-02-05
PAYEMS,2009-05-01,2011-02-03,131155,2010-03-05
PAYEMS,2009-05-01,2012-02-02,130995,2011-02-04
PAYEMS,2009-05-01,2013-01-31,130985,2012-02-03
PAYEMS,2009-05-01,2014-02-06,131050,2013-02-01
PAYEMS,2009-05-01,2016-02-04,131411,2014-02-07
PAYEMS,2009-05-01,2017-02-02,131490,2016-02-05
PAYEMS,2009-05-01,2018-02-01,131492,2017-02-03
PAYEMS,2009-05-01,2020-02-06,131491,2018-02-02
PAYEMS,2009-05-01,2023-02-02,131475,2020-02-07
PAYEMS,2009-05-01,2025-02-06,131470,2023-02-03
PAYEMS,2009-05-01,2026-02-10,131468,2025-02-07
PAYEMS,2009-05-01,2026-07-31,131466,2026-02-11
PAYEMS,2009-06-01,2009-08-06,131692,2009-07-02
PAYEMS,2009-06-01,2009-09-03,131735,2009-08-07
PAYEMS,2009-06-01,2010-02-04,131715,2009-09-04
PAYEMS,2009-06-01,2010-03-04,130637,2010-02-05
PAYEMS,2009-06-01,2011-02-03,130640,2010-03-05
PAYEMS,2009-06-01,2012-02-02,130493,2011-02-04
PAYEMS,2009-06-01,2013-01-31,130503,2012-02-03
PAYEMS,2009-06-01,2014-02-06,130578,2013-02-01
PAYEMS,2009-06-01,2016-02-04,130944,2014-02-07
PAYEMS,2009-06-01,2017-02-02,131020,2016-02-05
PAYEMS,2009-06-01,2018-02-01,131021,2017-02-03
PAYEMS,2009-06-01,2019-01-31,131022,2018-02-02
PAYEMS,2009-06-01,2020-02-06,131026,2019-02-01
PAYEMS,2009-06-01,2023-02-02,131008,2020-02-07
PAYEMS,2009-06-01,2024-02-01,131002,2023-02-03
PAYEMS,2009-06-01,2025-02-06,131003,2024-02-02
PAYEMS,2009-06-01,2026-02-10,131007,2025-02-07
PAYEMS,2009-06-01,2026-07-31,131008,2026-02-11
PAYEMS,2009-07-01,2009-09-03,131488,2009-08-07
PAYEMS,2009-07-01,2009-10-01,131439,2009-09-04
PAYEMS,2009-07-01,2010-02-04,131411,2009-10-02
PAYEMS,2009-07-01,2010-03-04,130293,2010-02-05
PAYEMS,2009-07-01,2011-02-03,130294,2010-03-05
PAYEMS,2009-07-01,2012-02-02,130193,2011-02-04
PAYEMS,2009-07-01,2013-01-31,130164,2012-02-03
PAYEMS,2009-07-01,2014-02-06,130227,2013-02-01
PAYEMS,2009-07-01,2015-02-05,130617,2014-02-07
PAYEMS,2009-07-01,2016-02-04,130619,2015-02-06
PAYEMS,2009-07-01,2017-02-02,130691,2016-02-05
PAYEMS,2009-07-01,2018-02-01,130692,2017-02-03
PAYEMS,2009-07-01,2019-01-31,130680,2018-02-02
PAYEMS,2009-07-01,2020-02-06,130685,2019-02-01
PAYEMS,2009-07-01,2023-02-02,130668,2020-02-07
PAYEMS,2009-07-01,2025-02-06,130661,2023-02-03
PAYEMS,2009-07-01,2026-07-31,130662,2025-02-07
PAYEMS,2009-08-01,2009-10-01,131223,2009-09-04
PAYEMS,2009-08-01,2009-11-05,131210,2009-10-02
PAYEMS,2009-08-01,2010-02-04,131257,2009-11-06
PAYEMS,2009-08-01,2011-02-03,130082,2010-02-05
PAYEMS,2009-08-01,2012-02-02,129962,2011-02-04
PAYEMS,2009-08-01,2013-01-31,129933,2012-02-03
PAYEMS,2009-08-01,2014-02-06,130017,2013-02-01
PAYEMS,2009-08-01,2015-02-05,130401,2014-02-07
PAYEMS,2009-08-01,2016-02-04,130402,2015-02-06
PAYEMS,2009-08-01,2018-02-01,130479,2016-02-05
PAYEMS,2009-08-01,2019-01-31,130484,2018-02-02
PAYEMS,2009-08-01,2020-02-06,130501,2019-02-01
PAYEMS,2009-08-01,2023-02-02,130485,2020-02-07
PAYEMS,2009-08-01,2025-02-06,130480,2023-02-03
PAYEMS,2009-08-01,2026-07-31,130472,2025-02-07
PAYEMS,2009-09-01,2009-11-05,130947,2009-10-02
PAYEMS,2009-09-01,2009-12-03,131038,2009-11-06
PAYEMS,2009-09-01,2010-02-04,131118,2009-12-04
PAYEMS,2009-09-01,2011-02-03,129857,2010-02-05
PAYEMS,2009-09-01,2012-02-02,129726,2011-02-04
PAYEMS,2009-09-01,2013-01-31,129734,2012-02-03
PAYEMS,2009-09-01,2014-02-06,129784,2013-02-01
PAYEMS,2009-09-01,2015-02-05,130174,2014-02-07
PAYEMS,2009-09-01,2016-02-04,130175,2015-02-06
PAYEMS,2009-09-01,2017-02-02,130260,2016-02-05
PAYEMS,2009-09-01,2018-02-01,130259,2017-02-03
PAYEMS,2009-09-01,2019-01-31,130255,2018-02-02
PAYEMS,2009-09-01,2020-02-06,130259,2019-02-01
PAYEMS,2009-09-01,2023-02-02,130244,2020-02-07
PAYEMS,2009-09-01,2024-02-01,130240,2023-02-03
PAYEMS,2009-09-01,2025-02-06,130241,2024-02-02
PAYEMS,2009-09-01,2026-02-10,130247,2025-02-07
PAYEMS,2009-09-01,2026-07-31,130246,2026-02-11
PAYEMS,2009-10-01,2009-12-03,130848,2009-11-06
PAYEMS,2009-10-01,2010-01-07,131007,2009-12-04
PAYEMS,2009-10-01,2010-02-04,130991,2010-01-08
PAYEMS,2009-10-01,2011-02-03,129633,2010-02-05
PAYEMS,2009-10-01,2012-02-02,129505,2011-02-04
PAYEMS,2009-10-01,2013-01-31,129532,2012-02-03
PAYEMS,2009-10-01,2014-02-06,129614,2013-02-01
PAYEMS,2009-10-01,2015-02-05,129976,2014-02-07
PAYEMS,2009-10-01,2016-02-04,129974,2015-02-06
PAYEMS,2009-10-01,2017-02-02,130060,2016-02-05
PAYEMS,2009-10-01,2018-02-01,130055,2017-02-03
PAYEMS,2009-10-01,2019-01-31,130046,2018-02-02
PAYEMS,2009-10-01,2020-02-06,130061,2019-02-01
PAYEMS,2009-10-01,2023-02-02,130045,2020-02-07
PAYEMS,2009-10-01,2024-02-01,130062,2023-02-03
PAYEMS,2009-10-01,2025-02-06,130061,2024-02-02
PAYEMS,2009-10-01,2026-02-10,130062,2025-02-07
PAYEMS,2009-10-01,2026-07-31,130061,2026-02-11
PAYEMS,2009-11-01,2010-01-07,130996,2009-12-04
PAYEMS,2009-11-01,2010-02-04,130995,2010-01-08
PAYEMS,2009-11-01,2011-02-03,129697,2010-02-05
PAYEMS,2009-11-01,2012-02-02,129450,2011-02-04
PAYEMS,2009-11-01,2013-01-31,129490,2012-02-03
PAYEMS,2009-11-01,2014-02-06,129593,2013-02-01
PAYEMS,2009-11-01,2015-02-05,129970,2014-02-07
PAYEMS,2009-11-01,2016-02-04,129968,2015-02-06
PAYEMS,2009-11-01,2018-02-01,130053,2016-02-05
PAYEMS,2009-11-01,2019-01-31,130058,2018-02-02
PAYEMS,2009-11-01,2020-02-06,130073,2019-02-01
PAYEMS,2009-11-01,2023-02-02,130057,2020-02-07
PAYEMS,2009-11-01,2025-02-06,130059,2023-02-03
PAYEMS,2009-11-01,2026-02-10,130058,2025-02-07
PAYEMS,2009-11-01,2026-07-31,130057,2026-02-11
PAYEMS,2009-12-01,2010-02-04,130910,2010-01-08
PAYEMS,2009-12-01,2010-03-04,129547,2010-02-05
PAYEMS,2009-12-01,2011-02-03,129588,2010-03-05
PAYEMS,2009-12-01,2012-02-02,129320,2011-02-04
PAYEMS,2009-12-01,2013-01-31,129319,2012-02-03
PAYEMS,2009-12-01,2014-02-06,129373,2013-02-01
PAYEMS,2009-12-01,2015-02-05,129687,2014-02-07
PAYEMS,2009-12-01,2016-02-04,129685,2015-02-06
PAYEMS,2009-12-01,2017-02-02,129774,2016-02-05
PAYEMS,2009-12-01,2018-02-01,129778,2017-02-03
PAYEMS,2009-12-01,2019-01-31,129781,2018-02-02
PAYEMS,2009-12-01,2020-02-06,129804,2019-02-01
PAYEMS,2009-12-01,2023-02-02,129788,2020-02-07
PAYEMS,2009-12-01,2024-02-01,129808,2023-02-03
PAYEMS,2009-12-01,2025-02-06,129807,2024-02-02
PAYEMS,2009-12-01,2026-07-31,129808,2025-02-07
PAYEMS,2010-01-01,2010-03-04,129527,2010-02-05
PAYEMS,2010-01-01,2010-04-01,129562,2010-03-05
PAYEMS,2010-01-01,2011-02-03,129602,2010-04-02
PAYEMS,2010-01-01,2012-02-02,129281,2011-02-04
PAYEMS,2010-01-01,2013-01-31,129279,2012-02-03
PAYEMS,2010-01-01,2014-02-06,129360,2013-02-01
PAYEMS,2010-01-01,2015-02-05,129705,2014-02-07
PAYEMS,2010-01-01,2016-02-04,129717,2015-02-06
PAYEMS,2010-01-01,2017-02-02,129802,2016-02-05
PAYEMS,2010-01-01,2018-02-01,129801,2017-02-03
PAYEMS,2010-01-01,2019-01-31,129799,2018-02-02
PAYEMS,2010-01-01,2020-02-06,129807,2019-02-01
PAYEMS,2010-01-01,2023-02-02,129790,2020-02-07
PAYEMS,2010-01-01,2024-02-01,129798,2023-02-03
PAYEMS,2010-01-01,2025-02-06,129795,2024-02-02
PAYEMS,2010-01-01,2026-07-31,129802,2025-02-07
PAYEMS,2010-02-01,2010-04-01,129526,2010-03-05
PAYEMS,2010-02-01,2010-05-06,129588,2010-04-02
PAYEMS,2010-02-01,2011-02-03,129641,2010-05-07
PAYEMS,2010-02-01,2012-02-02,129246,2011-02-04
PAYEMS,2010-02-01,2013-01-31,129244,2012-02-03
PAYEMS,2010-02-01,2014-02-06,129320,2013-02-01
PAYEMS,2010-02-01,2015-02-05,129655,2014-02-07
PAYEMS,2010-02-01,2016-02-04,129649,2015-02-06
PAYEMS,2010-02-01,2018-02-01,129733,2016-02-05
PAYEMS,2010-02-01,2019-01-31,129726,2018-02-02
PAYEMS,2010-02-01,2020-02-06,129715,2019-02-01
PAYEMS,2010-02-01,2023-02-02,129698,2020-02-07
PAYEMS,2010-02-01,2024-02-01,129700,2023-02-03
PAYEMS,2010-02-01,2025-02-06,129702,2024-02-02
PAYEMS,2010-02-01,2026-02-10,129705,2025-02-07
PAYEMS,2010-02-01,2026-07-31,129706,2026-02-11
PAYEMS,2010-03-01,2010-05-06,129750,2010-04-02
PAYEMS,2010-03-01,2010-06-03,129871,2010-05-07
PAYEMS,2010-03-01,2011-02-03,129849,2010-06-04
PAYEMS,2010-03-01,2012-02-02,129438,2011-02-04
PAYEMS,2010-03-01,2013-01-31,129433,2012-02-03
PAYEMS,2010-03-01,2014-02-06,129474,2013-02-01
PAYEMS,2010-03-01,2015-02-05,129811,2014-02-07
PAYEMS,2010-03-01,2016-02-04,129810,2015-02-06
PAYEMS,2010-03-01,2017-02-02,129896,2016-02-05
PAYEMS,2010-03-01,2018-02-01,129897,2017-02-03
PAYEMS,2010-03-01,2019-01-31,129919,2018-02-02
PAYEMS,2010-03-01,2020-02-06,129895,2019-02-01
PAYEMS,2010-03-01,2023-02-02,129879,2020-02-07
PAYEMS,2010-03-01,2024-02-01,129864,2023-02-03
PAYEMS,2010-03-01,2026-02-10,129865,2024-02-02
PAYEMS,2010-03-01,2026-07-31,129866,2026-02-11
PAYEMS,2010-04-01,2010-06-03,130161,2010-05-07
PAYEMS,2010-04-01,2010-07-01,130139,2010-06-04
PAYEMS,2010-04-01,2011-02-03,130162,2010-07-02
PAYEMS,2010-04-01,2012-02-02,129715,2011-02-04
PAYEMS,2010-04-01,2013-01-31,129672,2012-02-03
PAYEMS,2010-04-01,2014-02-06,129703,2013-02-01
PAYEMS,2010-04-01,2015-02-05,130062,2014-02-07
PAYEMS,2010-04-01,2016-02-04,130057,2015-02-06
PAYEMS,2010-04-01,2017-02-02,130139,2016-02-05
PAYEMS,2010-04-01,2019-01-31,130140,2017-02-03
PAYEMS,2010-04-01,2020-02-06,130132,2019-02-01
PAYEMS,2010-04-01,2023-02-02,130110,2020-02-07
PAYEMS,2010-04-01,2025-02-06,130115,2023-02-03
PAYEMS,2010-04-01,2026-07-31,130120,2025-02-07
PAYEMS,2010-05-01,2010-07-01,130570,2010-06-04
PAYEMS,2010-05-01,2010-08-05,130595,2010-07-02
PAYEMS,2010-05-01,2011-02-03,130594,2010-08-06
PAYEMS,2010-05-01,2012-02-02,130173,2011-02-04
PAYEMS,2010-05-01,2013-01-31,130188,2012-02-03
PAYEMS,2010-05-01,2014-02-06,130224,2013-02-01
PAYEMS,2010-05-01,2015-02-05,130578,2014-02-07
PAYEMS,2010-05-01,2016-02-04,130575,2015-02-06
PAYEMS,2010-05-01,2017-02-02,130661,2016-02-05
PAYEMS,2010-05-01,2018-02-01,130664,2017-02-03
PAYEMS,2010-05-01,2019-01-31,130662,2018-02-02
PAYEMS,2010-05-01,2020-02-06,130666,2019-02-01
PAYEMS,2010-05-01,2023-02-02,130650,2020-02-07
PAYEMS,2010-05-01,2025-02-06,130645,2023-02-03
PAYEMS,2010-05-01,2026-02-10,130643,2025-02-07
PAYEMS,2010-05-01,2026-07-31,130642,2026-02-11
PAYEMS,2010-06-01,2010-08-05,130470,2010-07-02
PAYEMS,2010-06-01,2010-09-02,130373,2010-08-06
PAYEMS,2010-06-01,2011-02-03,130419,2010-09-03
PAYEMS,2010-06-01,2012-02-02,129981,2011-02-04
PAYEMS,2010-06-01,2013-01-31,130021,2012-02-03
PAYEMS,2010-06-01,2014-02-06,130094,2013-02-01
PAYEMS,2010-06-01,2015-02-05,130456,2014-02-07
PAYEMS,2010-06-01,2016-02-04,130445,2015-02-06
PAYEMS,2010-06-01,2017-02-02,130528,2016-02-05
PAYEMS,2010-06-01,2018-02-01,130527,2017-02-03
PAYEMS,2010-06-01,2019-01-31,130522,2018-02-02
PAYEMS,2010-06-01,2020-02-06,130530,2019-02-01
PAYEMS,2010-06-01,2023-02-02,130511,2020-02-07
PAYEMS,2010-06-01,2025-02-06,130501,2023-02-03
PAYEMS,2010-06-01,2026-02-10,130509,2025-02-07
PAYEMS,2010-06-01,2026-07-31,130510,2026-02-11
PAYEMS,2010-07-01,2010-09-02,130242,2010-08-06
PAYEMS,2010-07-01,2010-10-07,130365,2010-09-03
PAYEMS,2010-07-01,2011-02-03,130353,2010-10-08
PAYEMS,2010-07-01,2012-02-02,129932,2011-02-04
PAYEMS,2010-07-01,2013-01-31,129963,2012-02-03
PAYEMS,2010-07-01,2014-02-06,130008,2013-02-01
PAYEMS,2010-07-01,2015-02-05,130395,2014-02-07
PAYEMS,2010-07-01,2016-02-04,130381,2015-02-06
PAYEMS,2010-07-01,2017-02-02,130458,2016-02-05
PAYEMS,2010-07-01,2018-02-01,130459,2017-02-03
PAYEMS,2010-07-01,2019-01-31,130444,2018-02-02
PAYEMS,2010-07-01,2020-02-06,130442,2019-02-01
PAYEMS,2010-07-01,2023-02-02,130427,2020-02-07
PAYEMS,2010-07-01,2025-02-06,130420,2023-02-03
PAYEMS,2010-07-01,2026-07-31,130415,2025-02-07
PAYEMS,2010-08-01,2010-10-07,130311,2010-09-03
PAYEMS,2010-08-01,2010-11-04,130296,2010-10-08
PAYEMS,2010-08-01,2011-02-03,130352,2010-11-05
PAYEMS,2010-08-01,2012-02-02,129873,2011-02-04
PAYEMS,2010-08-01,2013-01-31,129912,2012-02-03
PAYEMS,2010-08-01,2014-02-06,129971,2013-02-01
PAYEMS,2010-08-01,2015-02-05,130353,2014-02-07
PAYEMS,2010-08-01,2016-02-04,130342,2015-02-06
PAYEMS,2010-08-01,2017-02-02,130424,2016-02-05
PAYEMS,2010-08-01,2018-02-01,130423,2017-02-03
PAYEMS,2010-08-01,2019-01-31,130428,2018-02-02
PAYEMS,2010-08-01,2020-02-06,130437,2019-02-01
PAYEMS,2010-08-01,2023-02-02,130422,2020-02-07
PAYEMS,2010-08-01,2024-02-01,130424,2023-02-03
PAYEMS,2010-08-01,2025-02-06,130423,2024-02-02
PAYEMS,2010-08-01,2026-02-10,130416,2025-02-07
PAYEMS,2010-08-01,2026-07-31,130415,2026-02-11
PAYEMS,2010-09-01,2010-11-04,130201,2010-10-08
PAYEMS,2010-09-01,2010-12-02,130311,2010-11-05
PAYEMS,2010-09-01,2011-02-03,130328,2010-12-03
PAYEMS,2010-09-01,2012-02-02,129844,2011-02-04
PAYEMS,2010-09-01,2013-01-31,129885,2012-02-03
PAYEMS,2010-09-01,2014-02-06,129928,2013-02-01
PAYEMS,2010-09-01,2015-02-05,130296,2014-02-07
PAYEMS,2010-09-01,2016-02-04,130293,2015-02-06
PAYEMS,2010-09-01,2017-02-02,130372,2016-02-05
PAYEMS,2010-09-01,2018-02-01,130371,2017-02-03
PAYEMS,2010-09-01,2019-01-31,130365,2018-02-02
PAYEMS,2010-09-01,2020-02-06,130373,2019-02-01
PAYEMS,2010-09-01,2023-02-02,130357,2020-02-07
PAYEMS,2010-09-01,2024-02-01,130339,2023-02-03
PAYEMS,2010-09-01,2025-02-06,130340,2024-02-02
PAYEMS,2010-09-01,2026-02-10,130342,2025-02-07
PAYEMS,2010-09-01,2026-07-31,130341,2026-02-11
PAYEMS,2010-10-01,2010-12-02,130462,2010-11-05
PAYEMS,2010-10-01,2011-01-06,130500,2010-12-03
PAYEMS,2010-10-01,2011-02-03,130538,2011-01-07
PAYEMS,2010-10-01,2012-02-02,130015,2011-02-04
PAYEMS,2010-10-01,2013-01-31,130105,2012-02-03
PAYEMS,2010-10-01,2014-02-06,130156,2013-02-01
PAYEMS,2010-10-01,2015-02-05,130537,2014-02-07
PAYEMS,2010-10-01,2016-02-04,130541,2015-02-06
PAYEMS,2010-10-01,2017-02-02,130629,2016-02-05
PAYEMS,2010-10-01,2018-02-01,130633,2017-02-03
PAYEMS,2010-10-01,2019-01-31,130632,2018-02-02
PAYEMS,2010-10-01,2020-02-06,130642,2019-02-01
PAYEMS,2010-10-01,2023-02-02,130625,2020-02-07
PAYEMS,2010-10-01,2025-02-06,130620,2023-02-03
PAYEMS,2010-10-01,2026-02-10,130621,2025-02-07
PAYEMS,2010-10-01,2026-07-31,130620,2026-02-11
PAYEMS,2010-11-01,2011-01-06,130539,2010-12-03
PAYEMS,2010-11-01,2011-02-03,130609,2011-01-07
PAYEMS,2010-11-01,2012-02-02,130108,2011-02-04
PAYEMS,2010-11-01,2013-01-31,130226,2012-02-03
PAYEMS,2010-11-01,2014-02-06,130300,2013-02-01
PAYEMS,2010-11-01,2015-02-05,130674,2014-02-07
PAYEMS,2010-11-01,2016-02-04,130662,2015-02-06
PAYEMS,2010-11-01,2018-02-01,130752,2016-02-05
PAYEMS,2010-11-01,2019-01-31,130761,2018-02-02
PAYEMS,2010-11-01,2020-02-06,130765,2019-02-01
PAYEMS,2010-11-01,2023-02-02,130750,2020-02-07
PAYEMS,2010-11-01,2025-02-06,130754,2023-02-03
PAYEMS,2010-11-01,2026-07-31,130749,2025-02-07
PAYEMS,2010-12-01,2011-02-03,130712,2011-01-07
PAYEMS,2010-12-01,2011-03-03,130229,2011-02-04
PAYEMS,2010-12-01,2012-02-02,130260,2011-03-04
PAYEMS,2010-12-01,2013-01-31,130346,2012-02-03
PAYEMS,2010-12-01,2014-02-06,130395,2013-02-01
PAYEMS,2010-12-01,2015-02-05,130745,2014-02-07
PAYEMS,2010-12-01,2016-02-04,130751,2015-02-06
PAYEMS,2010-12-01,2017-02-02,130840,2016-02-05
PAYEMS,2010-12-01,2018-02-01,130839,2017-02-03
PAYEMS,2010-12-01,2019-01-31,130834,2018-02-02
PAYEMS,2010-12-01,2020-02-06,130839,2019-02-01
PAYEMS,2010-12-01,2023-02-02,130822,2020-02-07
PAYEMS,2010-12-01,2024-02-01,130835,2023-02-03
PAYEMS,2010-12-01,2025-02-06,130836,2024-02-02
PAYEMS,2010-12-01,2026-07-31,130830,2025-02-07
PAYEMS,2011-01-01,2011-03-03,130265,2011-02-04
PAYEMS,2011-01-01,2011-03-31,130323,2011-03-04
PAYEMS,2011-01-01,2012-02-02,130328,2011-04-01
PAYEMS,2011-01-01,2013-01-31,130456,2012-02-03
PAYEMS,2011-01-01,2014-02-06,130464,2013-02-01
PAYEMS,2011-01-01,2015-02-05,130815,2014-02-07
PAYEMS,2011-01-01,2016-02-04,130826,2015-02-06
PAYEMS,2011-01-01,2018-02-01,130882,2016-02-05
PAYEMS,2011-01-01,2019-01-31,130878,2018-02-02
PAYEMS,2011-01-01,2020-02-06,130859,2019-02-01
PAYEMS,2011-01-01,2023-02-02,130841,2020-02-07
PAYEMS,2011-01-01,2024-02-01,130842,2023-02-03
PAYEMS,2011-01-01,2025-02-06,130839,2024-02-02
PAYEMS,2011-01-01,2026-07-31,130837,2025-02-07
PAYEMS,2011-02-01,2011-03-31,130515,2011-03-04
PAYEMS,2011-02-01,2011-05-05,130522,2011-04-01
PAYEMS,2011-02-01,2012-02-02,130563,2011-05-06
PAYEMS,2011-02-01,2013-01-31,130676,2012-02-03
PAYEMS,2011-02-01,2014-02-06,130660,2013-02-01
PAYEMS,2011-02-01,2015-02-05,130983,2014-02-07
PAYEMS,2011-02-01,2016-02-04,130993,2015-02-06
PAYEMS,2011-02-01,2017-02-02,131070,2016-02-05
PAYEMS,2011-02-01,2018-02-01,131071,2017-02-03
PAYEMS,2011-02-01,2019-01-31,131060,2018-02-02
PAYEMS,2011-02-01,2020-02-06,131072,2019-02-01
PAYEMS,2011-02-01,2023-02-02,131053,2020-02-07
PAYEMS,2011-02-01,2024-02-01,131052,2023-02-03
PAYEMS,2011-02-01,2025-02-06,131054,2024-02-02
PAYEMS,2011-02-01,2026-02-10,131056,2025-02-07
PAYEMS,2011-02-01,2026-07-31,131057,2026-02-11
PAYEMS,2011-03-01,2011-05-05,130738,2011-04-01
PAYEMS,2011-03-01,2011-06-02,130784,2011-05-06
PAYEMS,2011-03-01,2012-02-02,130757,2011-06-03
PAYEMS,2011-03-01,2013-01-31,130922,2012-02-03
PAYEMS,2011-03-01,2014-02-06,130865,2013-02-01
PAYEMS,2011-03-01,2015-02-05,131195,2014-02-07
PAYEMS,2011-03-01,2016-02-04,131199,2015-02-06
PAYEMS,2011-03-01,2017-02-02,131295,2016-02-05
PAYEMS,2011-03-01,2018-02-01,131296,2017-02-03
PAYEMS,2011-03-01,2019-01-31,131314,2018-02-02
PAYEMS,2011-03-01,2020-02-06,131304,2019-02-01
PAYEMS,2011-03-01,2023-02-02,131288,2020-02-07
PAYEMS,2011-03-01,2024-02-01,131277,2023-02-03
PAYEMS,2011-03-01,2025-02-06,131278,2024-02-02
PAYEMS,2011-03-01,2026-02-10,131282,2025-02-07
PAYEMS,2011-03-01,2026-07-31,131283,2026-02-11
PAYEMS,2011-04-01,2011-06-02,131028,2011-05-06
PAYEMS,2011-04-01,2011-07-07,130989,2011-06-03
PAYEMS,2011-04-01,2012-02-02,130974,2011-07-08
PAYEMS,2011-04-01,2013-01-31,131173,2012-02-03
PAYEMS,2011-04-01,2014-02-06,131169,2013-02-01
PAYEMS,2011-04-01,2015-02-05,131517,2014-02-07
PAYEMS,2011-04-01,2016-02-04,131520,2015-02-06
PAYEMS,2011-04-01,2017-02-02,131641,2016-02-05
PAYEMS,2011-04-01,2018-02-01,131642,2017-02-03
PAYEMS,2011-04-01,2019-01-31,131637,2018-02-02
PAYEMS,2011-04-01,2020-02-06,131625,2019-02-01
PAYEMS,2011-04-01,2023-02-02,131602,2020-02-07
PAYEMS,2011-04-01,2025-02-06,131604,2023-02-03
PAYEMS,2011-04-01,2026-07-31,131597,2025-02-07
PAYEMS,2011-05-01,2011-07-07,131043,2011-06-03
PAYEMS,2011-05-01,2011-08-04,130999,2011-07-08
PAYEMS,2011-05-01,2012-02-02,131027,2011-08-05
PAYEMS,2011-05-01,2013-01-31,131227,2012-02-03
PAYEMS,2011-05-01,2014-02-06,131284,2013-02-01
PAYEMS,2011-05-01,2015-02-05,131619,2014-02-07
PAYEMS,2011-05-01,2016-02-04,131623,2015-02-06
PAYEMS,2011-05-01,2017-02-02,131714,2016-02-05
PAYEMS,2011-05-01,2018-02-01,131719,2017-02-03
PAYEMS,2011-05-01,2019-01-31,131718,2018-02-02
PAYEMS,2011-05-01,2020-02-06,131720,2019-02-01
PAYEMS,2011-05-01,2023-02-02,131703,2020-02-07
PAYEMS,2011-05-01,2026-02-10,131704,2023-02-03
PAYEMS,2011-05-01,2026-07-31,131703,2026-02-11
PAYEMS,2011-06-01,2011-08-04,131017,2011-07-08
PAYEMS,2011-06-01,2011-09-01,131073,2011-08-05
PAYEMS,2011-06-01,2012-02-02,131047,2011-09-02
PAYEMS,2011-06-01,2013-01-31,131311,2012-02-03
PAYEMS,2011-06-01,2014-02-06,131493,2013-02-01
PAYEMS,2011-06-01,2015-02-05,131836,2014-02-07
PAYEMS,2011-06-01,2016-02-04,131808,2015-02-06
PAYEMS,2011-06-01,2017-02-02,131949,2016-02-05
PAYEMS,2011-06-01,2018-02-01,131944,2017-02-03
PAYEMS,2011-06-01,2019-01-31,131952,2018-02-02
PAYEMS,2011-06-01,2020-02-06,131955,2019-02-01
PAYEMS,2011-06-01,2023-02-02,131939,2020-02-07
PAYEMS,2011-06-01,2025-02-06,131936,2023-02-03
PAYEMS,2011-06-01,2026-07-31,131931,2025-02-07
PAYEMS,2011-07-01,2011-09-01,131190,2011-08-05
PAYEMS,2011-07-01,2011-10-06,131132,2011-09-02
PAYEMS,2011-07-01,2012-02-02,131174,2011-10-07
PAYEMS,2011-07-01,2013-01-31,131407,2012-02-03
PAYEMS,2011-07-01,2014-02-06,131571,2013-02-01
PAYEMS,2011-07-01,2015-02-05,131942,2014-02-07
PAYEMS,2011-07-01,2016-02-04,131925,2015-02-06
PAYEMS,2011-07-01,2017-02-02,132019,2016-02-05
PAYEMS,2011-07-01,2018-02-01,132013,2017-02-03
PAYEMS,2011-07-01,2019-01-31,132024,2018-02-02
PAYEMS,2011-07-01,2020-02-06,132016,2019-02-01
PAYEMS,2011-07-01,2023-02-02,131999,2020-02-07
PAYEMS,2011-07-01,2024-02-01,131991,2023-02-03
PAYEMS,2011-07-01,2025-02-06,131992,2024-02-02
PAYEMS,2011-07-01,2026-02-10,131993,2025-02-07
PAYEMS,2011-07-01,2026-07-31,131992,2026-02-11
PAYEMS,2011-08-01,2011-10-06,131132,2011-09-02
PAYEMS,2011-08-01,2011-11-03,131231,2011-10-07
PAYEMS,2011-08-01,2012-02-02,131278,2011-11-04
PAYEMS,2011-08-01,2013-01-31,131492,2012-02-03
PAYEMS,2011-08-01,2014-02-06,131703,2013-02-01
PAYEMS,2011-08-01,2015-02-05,132064,2014-02-07
PAYEMS,2011-08-01,2016-02-04,132053,2015-02-06
PAYEMS,2011-08-01,2017-02-02,132126,2016-02-05
PAYEMS,2011-08-01,2018-02-01,132123,2017-02-03
PAYEMS,2011-08-01,2019-01-31,132136,2018-02-02
PAYEMS,2011-08-01,2020-02-06,132138,2019-02-01
PAYEMS,2011-08-01,2023-02-02,132125,2020-02-07
PAYEMS,2011-08-01,2024-02-01,132124,2023-02-03
PAYEMS,2011-08-01,2025-02-06,132123,2024-02-02
PAYEMS,2011-08-01,2026-07-31,132125,2025-02-07
PAYEMS,2011-09-01,2011-11-03,131334,2011-10-07
PAYEMS,2011-09-01,2011-12-01,131436,2011-11-04
PAYEMS,2011-09-01,2012-02-02,131488,2011-12-02
PAYEMS,2011-09-01,2013-01-31,131694,2012-02-03
PAYEMS,2011-09-01,2014-02-06,131928,2013-02-01
PAYEMS,2011-09-01,2015-02-05,132285,2014-02-07
PAYEMS,2011-09-01,2016-02-04,132276,2015-02-06
PAYEMS,2011-09-01,2017-02-02,132372,2016-02-05
PAYEMS,2011-09-01,2018-02-01,132371,2017-02-03
PAYEMS,2011-09-01,2019-01-31,132369,2018-02-02
PAYEMS,2011-09-01,2020-02-06,132374,2019-02-01
PAYEMS,2011-09-01,2023-02-02,132358,2020-02-07
PAYEMS,2011-09-01,2024-02-01,132345,2023-02-03
PAYEMS,2011-09-01,2025-02-06,132346,2024-02-02
PAYEMS,2011-09-01,2026-07-31,132344,2025-02-07
PAYEMS,2011-10-01,2011-12-01,131516,2011-11-04
PAYEMS,2011-10-01,2012-01-05,131588,2011-12-02
PAYEMS,2011-10-01,2012-02-02,131600,2012-01-06
PAYEMS,2011-10-01,2013-01-31,131806,2012-02-03
PAYEMS,2011-10-01,2014-02-06,132094,2013-02-01
PAYEMS,2011-10-01,2015-02-05,132468,2014-02-07
PAYEMS,2011-10-01,2016-02-04,132459,2015-02-06
PAYEMS,2011-10-01,2017-02-02,132574,2016-02-05
PAYEMS,2011-10-01,2018-02-01,132580,2017-02-03
PAYEMS,2011-10-01,2020-02-06,132578,2018-02-02
PAYEMS,2011-10-01,2023-02-02,132562,2020-02-07
PAYEMS,2011-10-01,2025-02-06,132557,2023-02-03
PAYEMS,2011-10-01,2026-07-31,132553,2025-02-07
PAYEMS,2011-11-01,2012-01-05,131708,2011-12-02
PAYEMS,2011-11-01,2012-02-02,131700,2012-01-06
PAYEMS,2011-11-01,2013-01-31,131963,2012-02-03
PAYEMS,2011-11-01,2014-02-06,132268,2013-02-01
PAYEMS,2011-11-01,2015-02-05,132632,2014-02-07
PAYEMS,2011-11-01,2016-02-04,132605,2015-02-06
PAYEMS,2011-11-01,2017-02-02,132720,2016-02-05
PAYEMS,2011-11-01,2018-02-01,132721,2017-02-03
PAYEMS,2011-11-01,2019-01-31,132723,2018-02-02
PAYEMS,2011-11-01,2020-02-06,132710,2019-02-01
PAYEMS,2011-11-01,2023-02-02,132694,2020-02-07
PAYEMS,2011-11-01,2025-02-06,132701,2023-02-03
PAYEMS,2011-11-01,2026-07-31,132690,2025-02-07
PAYEMS,2011-12-01,2012-02-02,131900,2012-01-06
PAYEMS,2011-12-01,2012-03-08,132166,2012-02-03
PAYEMS,2011-12-01,2013-01-31,132186,2012-03-09
PAYEMS,2011-12-01,2014-02-06,132498,2013-02-01
PAYEMS,2011-12-01,2015-02-05,132828,2014-02-07
PAYEMS,2011-12-01,2016-02-04,132831,2015-02-06
PAYEMS,2011-12-01,2017-02-02,132927,2016-02-05
PAYEMS,2011-12-01,2018-02-01,132930,2017-02-03
PAYEMS,2011-12-01,2019-01-31,132924,2018-02-02
PAYEMS,2011-12-01,2020-02-06,132914,2019-02-01
PAYEMS,2011-12-01,2023-02-02,132896,2020-02-07
PAYEMS,2011-12-01,2024-02-01,132901,2023-02-03
PAYEMS,2011-12-01,2025-02-06,132902,2024-02-02
PAYEMS,2011-12-01,2026-07-31,132888,2025-02-07
PAYEMS,2012-01-01,2012-03-08,132409,2012-02-03
PAYEMS,2012-01-01,2012-04-05,132470,2012-03-09
PAYEMS,2012-01-01,2013-01-31,132461,2012-04-06
PAYEMS,2012-01-01,2014-02-06,132809,2013-02-01
PAYEMS,2012-01-01,2015-02-05,133188,2014-02-07
PAYEMS,2012-01-01,2016-02-04,133211,2015-02-06
PAYEMS,2012-01-01,2017-02-02,133265,2016-02-05
PAYEMS,2012-01-01,2018-02-01,133288,2017-02-03
PAYEMS,2012-01-01,2019-01-31,133272,2018-02-02
PAYEMS,2012-01-01,2020-02-06,133269,2019-02-01
PAYEMS,2012-01-01,2023-02-02,133250,2020-02-07
PAYEMS,2012-01-01,2024-02-01,133246,2023-02-03
PAYEMS,2012-01-01,2025-02-06,133243,2024-02-02
PAYEMS,2012-01-01,2026-02-10,133245,2025-02-07
PAYEMS,2012-01-01,2026-07-31,133246,2026-02-11
PAYEMS,2012-02-01,2012-04-05,132697,2012-03-09
PAYEMS,2012-02-01,2012-05-03,132701,2012-04-06
PAYEMS,2012-02-01,2013-01-31,132720,2012-05-04
PAYEMS,2012-02-01,2014-02-06,133080,2013-02-01
PAYEMS,2012-02-01,2015-02-05,133414,2014-02-07
PAYEMS,2012-02-01,2016-02-04,133458,2015-02-06
PAYEMS,2012-02-01,2017-02-02,133522,2016-02-05
PAYEMS,2012-02-01,2018-02-01,133525,2017-02-03
PAYEMS,2012-02-01,2019-01-31,133505,2018-02-02
PAYEMS,2012-02-01,2020-02-06,133531,2019-02-01
PAYEMS,2012-02-01,2023-02-02,133512,2020-02-07
PAYEMS,2012-02-01,2024-02-01,133518,2023-02-03
PAYEMS,2012-02-01,2025-02-06,133521,2024-02-02
PAYEMS,2012-02-01,2026-02-10,133508,2025-02-07
PAYEMS,2012-02-01,2026-07-31,133509,2026-02-11
PAYEMS,2012-03-01,2012-05-03,132821,2012-04-06
PAYEMS,2012-03-01,2012-05-31,132874,2012-05-04
PAYEMS,2012-03-01,2013-01-31,132863,2012-06-01
PAYEMS,2012-03-01,2014-02-06,133285,2013-02-01
PAYEMS,2012-03-01,2015-02-05,133657,2014-02-07
PAYEMS,2012-03-01,2016-02-04,133674,2015-02-06
PAYEMS,2012-03-01,2017-02-02,133761,2016-02-05
PAYEMS,2012-03-01,2018-02-01,133758,2017-02-03
PAYEMS,2012-03-01,2020-02-06,133769,2018-02-02
PAYEMS,2012-03-01,2023-02-02,133752,2020-02-07
PAYEMS,2012-03-01,2024-02-01,133744,2023-02-03
PAYEMS,2012-03-01,2025-02-06,133745,2024-02-02
PAYEMS,2012-03-01,2026-07-31,133748,2025-02-07
PAYEMS,2012-04-01,2012-05-31,132989,2012-05-04
PAYEMS,2012-04-01,2012-07-05,132940,2012-06-01
PAYEMS,2012-04-01,2013-01-31,132931,2012-07-06
PAYEMS,2012-04-01,2014-02-06,133397,2013-02-01
PAYEMS,2012-04-01,2015-02-05,133753,2014-02-07
PAYEMS,2012-04-01,2016-02-04,133761,2015-02-06
PAYEMS,2012-04-01,2018-02-01,133836,2016-02-05
PAYEMS,2012-04-01,2019-01-31,133841,2018-02-02
PAYEMS,2012-04-01,2020-02-06,133852,2019-02-01
PAYEMS,2012-04-01,2023-02-02,133834,2020-02-07
PAYEMS,2012-04-01,2024-02-01,133827,2023-02-03
PAYEMS,2012-04-01,2025-02-06,133828,2024-02-02
PAYEMS,2012-04-01,2026-07-31,133825,2025-02-07
PAYEMS,2012-05-01,2012-07-05,133009,2012-06-01
PAYEMS,2012-05-01,2012-08-02,133008,2012-07-06
PAYEMS,2012-05-01,2013-01-31,133018,2012-08-03
PAYEMS,2012-05-01,2014-02-06,133522,2013-02-01
PAYEMS,2012-05-01,2015-02-05,133863,2014-02-07
PAYEMS,2012-05-01,2016-02-04,133874,2015-02-06
PAYEMS,2012-05-01,2018-02-01,133951,2016-02-05
PAYEMS,2012-05-01,2019-01-31,133958,2018-02-02
PAYEMS,2012-05-01,2020-02-06,133951,2019-02-01
PAYEMS,2012-05-01,2023-02-02,133934,2020-02-07
PAYEMS,2012-05-01,2025-02-06,133935,2023-02-03
PAYEMS,2012-05-01,2026-02-10,133933,2025-02-07
PAYEMS,2012-05-01,2026-07-31,133932,2026-02-11
PAYEMS,2012-06-01,2012-08-02,133088,2012-07-06
PAYEMS,2012-06-01,2012-09-06,133082,2012-08-03
PAYEMS,2012-06-01,2013-01-31,133063,2012-09-07
PAYEMS,2012-06-01,2014-02-06,133609,2013-02-01
PAYEMS,2012-06-01,2015-02-05,133951,2014-02-07
PAYEMS,2012-06-01,2016-02-04,133909,2015-02-06
PAYEMS,2012-06-01,2017-02-02,134038,2016-02-05
PAYEMS,2012-06-01,2018-02-01,134027,2017-02-03
PAYEMS,2012-06-01,2019-01-31,134026,2018-02-02
PAYEMS,2012-06-01,2020-02-06,134023,2019-02-01
PAYEMS,2012-06-01,2024-02-01,134007,2020-02-07
PAYEMS,2012-06-01,2025-02-06,134008,2024-02-02
PAYEMS,2012-06-01,2026-02-10,134012,2025-02-07
PAYEMS,2012-06-01,2026-07-31,134013,2026-02-11
PAYEMS,2012-07-01,2012-09-06,133245,2012-08-03
PAYEMS,2012-07-01,2012-10-04,133204,2012-09-07
PAYEMS,2012-07-01,2013-01-31,133244,2012-10-05
PAYEMS,2012-07-01,2014-02-06,133762,2013-02-01
PAYEMS,2012-07-01,2015-02-05,134111,2014-02-07
PAYEMS,2012-07-01,2016-02-04,134086,2015-02-06
PAYEMS,2012-07-01,2017-02-02,134181,2016-02-05
PAYEMS,2012-07-01,2018-02-01,134170,2017-02-03
PAYEMS,2012-07-01,2019-01-31,134182,2018-02-02
PAYEMS,2012-07-01,2020-02-06,134176,2019-02-01
PAYEMS,2012-07-01,2023-02-02,134159,2020-02-07
PAYEMS,2012-07-01,2025-02-06,134153,2023-02-03
PAYEMS,2012-07-01,2026-07-31,134157,2025-02-07
PAYEMS,2012-08-01,2012-10-04,133300,2012-09-07
PAYEMS,2012-08-01,2012-11-01,133386,2012-10-05
PAYEMS,2012-08-01,2013-01-31,133436,2012-11-02
PAYEMS,2012-08-01,2014-02-06,133927,2013-02-01
PAYEMS,2012-08-01,2015-02-05,134261,2014-02-07
PAYEMS,2012-08-01,2016-02-04,134274,2015-02-06
PAYEMS,2012-08-01,2017-02-02,134371,2016-02-05
PAYEMS,2012-08-01,2018-02-01,134347,2017-02-03
PAYEMS,2012-08-01,2019-01-31,134355,2018-02-02
PAYEMS,2012-08-01,2020-02-06,134346,2019-02-01
PAYEMS,2012-08-01,2023-02-02,134331,2020-02-07
PAYEMS,2012-08-01,2024-02-01,134330,2023-02-03
PAYEMS,2012-08-01,2025-02-06,134329,2024-02-02
PAYEMS,2012-08-01,2026-02-10,134338,2025-02-07
PAYEMS,2012-08-01,2026-07-31,134339,2026-02-11
PAYEMS,2012-09-01,2012-11-01,133500,2012-10-05
PAYEMS,2012-09-01,2012-12-06,133584,2012-11-02
PAYEMS,2012-09-01,2013-01-31,133568,2012-12-07
PAYEMS,2012-09-01,2014-02-06,134065,2013-02-01
PAYEMS,2012-09-01,2015-02-05,134422,2014-02-07
PAYEMS,2012-09-01,2016-02-04,134418,2015-02-06
PAYEMS,2012-09-01,2017-02-02,134552,2016-02-05
PAYEMS,2012-09-01,2018-02-01,134550,2017-02-03
PAYEMS,2012-09-01,2019-01-31,134549,2018-02-02
PAYEMS,2012-09-01,2020-02-06,134535,2019-02-01
PAYEMS,2012-09-01,2023-02-02,134518,2020-02-07
PAYEMS,2012-09-01,2025-02-06,134512,2023-02-03
PAYEMS,2012-09-01,2026-07-31,134517,2025-02-07
PAYEMS,2012-10-01,2012-12-06,133755,2012-11-02
PAYEMS,2012-10-01,2013-01-03,133706,2012-12-07
PAYEMS,2012-10-01,2013-01-31,133705,2013-01-04
PAYEMS,2012-10-01,2014-02-06,134225,2013-02-01
PAYEMS,2012-10-01,2015-02-05,134647,2014-02-07
PAYEMS,2012-10-01,2016-02-04,134631,2015-02-06
PAYEMS,2012-10-01,2017-02-02,134684,2016-02-05
PAYEMS,2012-10-01,2018-02-01,134696,2017-02-03
PAYEMS,2012-10-01,2019-01-31,134702,2018-02-02
PAYEMS,2012-10-01,2020-02-06,134693,2019-02-01
PAYEMS,2012-10-01,2023-02-02,134677,2020-02-07
PAYEMS,2012-10-01,2024-02-01,134671,2023-02-03
PAYEMS,2012-10-01,2025-02-06,134672,2024-02-02
PAYEMS,2012-10-01,2026-02-10,134668,2025-02-07
PAYEMS,2012-10-01,2026-07-31,134669,2026-02-11
PAYEMS,2012-11-01,2013-01-03,133852,2012-12-07
PAYEMS,2012-11-01,2013-01-31,133866,2013-01-04
PAYEMS,2012-11-01,2014-02-06,134472,2013-02-01
PAYEMS,2012-11-01,2015-02-05,134850,2014-02-07
PAYEMS,2012-11-01,2016-02-04,134795,2015-02-06
PAYEMS,2012-11-01,2017-02-02,134833,2016-02-05
PAYEMS,2012-11-01,2018-02-01,134828,2017-02-03
PAYEMS,2012-11-01,2019-01-31,134832,2018-02-02
PAYEMS,2012-11-01,2020-02-06,134851,2019-02-01
PAYEMS,2012-11-01,2023-02-02,134833,2020-02-07
PAYEMS,2012-11-01,2024-02-01,134834,2023-02-03
PAYEMS,2012-11-01,2025-02-06,134831,2024-02-02
PAYEMS,2012-11-01,2026-07-31,134825,2025-02-07
PAYEMS,2012-12-01,2013-01-31,134021,2013-01-04
PAYEMS,2012-12-01,2013-03-07,134668,2013-02-01
PAYEMS,2012-12-01,2014-02-06,134691,2013-03-08
PAYEMS,2012-12-01,2015-02-05,135064,2014-02-07
PAYEMS,2012-12-01,2016-02-04,135088,2015-02-06
PAYEMS,2012-12-01,2017-02-02,135076,2016-02-05
PAYEMS,2012-12-01,2018-02-01,135072,2017-02-03
PAYEMS,2012-12-01,2019-01-31,135075,2018-02-02
PAYEMS,2012-12-01,2020-02-06,135088,2019-02-01
PAYEMS,2012-12-01,2023-02-02,135072,2020-02-07
PAYEMS,2012-12-01,2024-02-01,135075,2023-02-03
PAYEMS,2012-12-01,2026-07-31,135074,2024-02-02
PAYEMS,2013-01-01,2013-03-07,134825,2013-02-01
PAYEMS,2013-01-01,2013-04-04,134810,2013-03-08
PAYEMS,2013-01-01,2014-02-06,134839,2013-04-05
PAYEMS,2013-01-01,2015-02-05,135261,2014-02-07
PAYEMS,2013-01-01,2016-02-04,135293,2015-02-06
PAYEMS,2013-01-01,2017-02-02,135266,2016-02-05
PAYEMS,2013-01-01,2018-02-01,135283,2017-02-03
PAYEMS,2013-01-01,2019-01-31,135282,2018-02-02
PAYEMS,2013-01-01,2020-02-06,135283,2019-02-01
PAYEMS,2013-01-01,2023-02-02,135263,2020-02-07
PAYEMS,2013-01-01,2024-02-01,135265,2023-02-03
PAYEMS,2013-01-01,2025-02-06,135263,2024-02-02
PAYEMS,2013-01-01,2026-07-31,135257,2025-02-07
PAYEMS,2013-02-01,2013-04-04,135046,2013-03-08
PAYEMS,2013-02-01,2013-05-02,135107,2013-04-05
PAYEMS,2013-02-01,2014-02-06,135171,2013-05-03
PAYEMS,2013-02-01,2015-02-05,135541,2014-02-07
PAYEMS,2013-02-01,2016-02-04,135607,2015-02-06
PAYEMS,2013-02-01,2017-02-02,135577,2016-02-05
PAYEMS,2013-02-01,2018-02-01,135569,2017-02-03
PAYEMS,2013-02-01,2019-01-31,135547,2018-02-02
PAYEMS,2013-02-01,2020-02-06,135562,2019-02-01
PAYEMS,2013-02-01,2023-02-02,135541,2020-02-07
PAYEMS,2013-02-01,2024-02-01,135544,2023-02-03
PAYEMS,2013-02-01,2025-02-06,135548,2024-02-02
PAYEMS,2013-02-01,2026-02-10,135545,2025-02-07
PAYEMS,2013-02-01,2026-07-31,135546,2026-02-11
PAYEMS,2013-03-01,2013-05-02,135195,2013-04-05
PAYEMS,2013-03-01,2013-06-06,135309,2013-05-03
PAYEMS,2013-03-01,2014-02-06,135313,2013-06-07
PAYEMS,2013-03-01,2015-02-05,135682,2014-02-07
PAYEMS,2013-03-01,2016-02-04,135722,2015-02-06
PAYEMS,2013-03-01,2017-02-02,135712,2016-02-05
PAYEMS,2013-03-01,2018-02-01,135699,2017-02-03
PAYEMS,2013-03-01,2019-01-31,135703,2018-02-02
PAYEMS,2013-03-01,2020-02-06,135698,2019-02-01
PAYEMS,2013-03-01,2023-02-02,135680,2020-02-07
PAYEMS,2013-03-01,2024-02-01,135689,2023-02-03
PAYEMS,2013-03-01,2025-02-06,135690,2024-02-02
PAYEMS,2013-03-01,2026-07-31,135689,2025-02-07
PAYEMS,2013-04-01,2013-06-06,135474,2013-05-03
PAYEMS,2013-04-01,2013-07-04,135462,2013-06-07
PAYEMS,2013-04-01,2014-02-06,135512,2013-07-05
PAYEMS,2013-04-01,2015-02-05,135885,2014-02-07
PAYEMS,2013-04-01,2016-02-04,135909,2015-02-06
PAYEMS,2013-04-01,2017-02-02,135904,2016-02-05
PAYEMS,2013-04-01,2018-02-01,135896,2017-02-03
PAYEMS,2013-04-01,2019-01-31,135882,2018-02-02
PAYEMS,2013-04-01,2020-02-06,135890,2019-02-01
PAYEMS,2013-04-01,2023-02-02,135871,2020-02-07
PAYEMS,2013-04-01,2025-02-06,135876,2023-02-03
PAYEMS,2013-04-01,2026-07-31,135873,2025-02-07
PAYEMS,2013-05-01,2013-07-04,135637,2013-06-07
PAYEMS,2013-05-01,2013-08-01,135707,2013-07-05
PAYEMS,2013-05-01,2014-02-06,135688,2013-08-02
PAYEMS,2013-05-01,2015-02-05,136084,2014-02-07
PAYEMS,2013-05-01,2016-02-04,136128,2015-02-06
PAYEMS,2013-05-01,2019-01-31,136122,2016-02-05
PAYEMS,2013-05-01,2020-02-06,136114,2019-02-01
PAYEMS,2013-05-01,2023-02-02,136093,2020-02-07
PAYEMS,2013-05-01,2024-02-01,136091,2023-02-03
PAYEMS,2013-05-01,2025-02-06,136090,2024-02-02
PAYEMS,2013-05-01,2026-02-10,136095,2025-02-07
PAYEMS,2013-05-01,2026-07-31,136096,2026-02-11
PAYEMS,2013-06-01,2013-08-01,135902,2013-07-05
PAYEMS,2013-06-01,2013-09-05,135876,2013-08-02
PAYEMS,2013-06-01,2014-02-06,135860,2013-09-06
PAYEMS,2013-06-01,2015-02-05,136285,2014-02-07
PAYEMS,2013-06-01,2016-02-04,136255,2015-02-06
PAYEMS,2013-06-01,2017-02-02,136268,2016-02-05
PAYEMS,2013-06-01,2018-02-01,136284,2017-02-03
PAYEMS,2013-06-01,2019-01-31,136280,2018-02-02
PAYEMS,2013-06-01,2020-02-06,136295,2019-02-01
PAYEMS,2013-06-01,2023-02-02,136274,2020-02-07
PAYEMS,2013-06-01,2025-02-06,136269,2023-02-03
PAYEMS,2013-06-01,2026-07-31,136279,2025-02-07
PAYEMS,2013-07-01,2013-09-05,136038,2013-08-02
PAYEMS,2013-07-01,2013-10-21,135964,2013-09-06
PAYEMS,2013-07-01,2014-02-06,135949,2013-10-22
PAYEMS,2013-07-01,2015-02-05,136434,2014-02-07
PAYEMS,2013-07-01,2016-02-04,136419,2015-02-06
PAYEMS,2013-07-01,2017-02-02,136408,2016-02-05
PAYEMS,2013-07-01,2018-02-01,136406,2017-02-03
PAYEMS,2013-07-01,2019-01-31,136391,2018-02-02
PAYEMS,2013-07-01,2020-02-06,136400,2019-02-01
PAYEMS,2013-07-01,2023-02-02,136386,2020-02-07
PAYEMS,2013-07-01,2026-07-31,136391,2023-02-03
PAYEMS,2013-08-01,2013-10-21,136133,2013-09-06
PAYEMS,2013-08-01,2013-11-07,136142,2013-10-22
PAYEMS,2013-08-01,2014-02-06,136187,2013-11-08
PAYEMS,2013-08-01,2015-02-05,136636,2014-02-07
PAYEMS,2013-08-01,2016-02-04,136675,2015-02-06
PAYEMS,2013-08-01,2017-02-02,136677,2016-02-05
PAYEMS,2013-08-01,2018-02-01,136667,2017-02-03
PAYEMS,2013-08-01,2019-01-31,136651,2018-02-02
PAYEMS,2013-08-01,2020-02-06,136642,2019-02-01
PAYEMS,2013-08-01,2023-02-02,136628,2020-02-07
PAYEMS,2013-08-01,2024-02-01,136635,2023-02-03
PAYEMS,2013-08-01,2025-02-06,136634,2024-02-02
PAYEMS,2013-08-01,2026-07-31,136646,2025-02-07
PAYEMS,2013-09-01,2013-11-07,136290,2013-10-22
PAYEMS,2013-09-01,2013-12-05,136350,2013-11-08
PAYEMS,2013-09-01,2014-02-06,136362,2013-12-06
PAYEMS,2013-09-01,2015-02-05,136800,2014-02-07
PAYEMS,2013-09-01,2016-02-04,136825,2015-02-06
PAYEMS,2013-09-01,2017-02-02,136862,2016-02-05
PAYEMS,2013-09-01,2018-02-01,136857,2017-02-03
PAYEMS,2013-09-01,2019-01-31,136852,2018-02-02
PAYEMS,2013-09-01,2020-02-06,136831,2019-02-01
PAYEMS,2013-09-01,2023-02-02,136815,2020-02-07
PAYEMS,2013-09-01,2025-02-06,136819,2023-02-03
PAYEMS,2013-09-01,2026-07-31,136821,2025-02-07
PAYEMS,2013-10-01,2013-12-05,136554,2013-11-08
PAYEMS,2013-10-01,2014-02-06,136562,2013-12-06
PAYEMS,2013-10-01,2015-02-05,137037,2014-02-07
PAYEMS,2013-10-01,2016-02-04,137050,2015-02-06
PAYEMS,2013-10-01,2017-02-02,137051,2016-02-05
PAYEMS,2013-10-01,2018-02-01,137069,2017-02-03
PAYEMS,2013-10-01,2019-01-31,137062,2018-02-02
PAYEMS,2013-10-01,2020-02-06,137056,2019-02-01
PAYEMS,2013-10-01,2023-02-02,137040,2020-02-07
PAYEMS,2013-10-01,2025-02-06,137039,2023-02-03
PAYEMS,2013-10-01,2026-07-31,137041,2025-02-07
PAYEMS,2013-11-01,2014-01-09,136765,2013-12-06
PAYEMS,2013-11-01,2014-02-06,136803,2014-01-10
PAYEMS,2013-11-01,2015-02-05,137311,2014-02-07
PAYEMS,2013-11-01,2016-02-04,137367,2015-02-06
PAYEMS,2013-11-01,2017-02-02,137342,2016-02-05
PAYEMS,2013-11-01,2018-02-01,137327,2017-02-03
PAYEMS,2013-11-01,2019-01-31,137283,2018-02-02
PAYEMS,2013-11-01,2020-02-06,137323,2019-02-01
PAYEMS,2013-11-01,2023-02-02,137304,2020-02-07
PAYEMS,2013-11-01,2024-02-01,137314,2023-02-03
PAYEMS,2013-11-01,2025-02-06,137312,2024-02-02
PAYEMS,2013-11-01,2026-02-10,137316,2025-02-07
PAYEMS,2013-11-01,2026-07-31,137317,2026-02-11
PAYEMS,2013-12-01,2014-02-06,136877,2014-01-10
PAYEMS,2013-12-01,2014-03-06,137386,2014-02-07
PAYEMS,2013-12-01,2015-02-05,137395,2014-03-07
PAYEMS,2013-12-01,2016-02-04,137476,2015-02-06
PAYEMS,2013-12-01,2017-02-02,137387,2016-02-05
PAYEMS,2013-12-01,2018-02-01,137374,2017-02-03
PAYEMS,2013-12-01,2019-01-31,137376,2018-02-02
PAYEMS,2013-12-01,2020-02-06,137390,2019-02-01
PAYEMS,2013-12-01,2023-02-02,137373,2020-02-07
PAYEMS,2013-12-01,2024-02-01,137368,2023-02-03
PAYEMS,2013-12-01,2025-02-06,137367,2024-02-02
PAYEMS,2013-12-01,2026-02-10,137373,2025-02-07
PAYEMS,2013-12-01,2026-07-31,137372,2026-02-11
PAYEMS,2014-01-01,2014-03-06,137499,2014-02-07
PAYEMS,2014-01-01,2014-04-03,137524,2014-03-07
PAYEMS,2014-01-01,2015-02-05,137539,2014-04-04
PAYEMS,2014-01-01,2016-02-04,137642,2015-02-06
PAYEMS,2014-01-01,2017-02-02,137574,2016-02-05
PAYEMS,2014-01-01,2018-02-01,137564,2017-02-03
PAYEMS,2014-01-01,2019-01-31,137550,2018-02-02
PAYEMS,2014-01-01,2020-02-06,137567,2019-02-01
PAYEMS,2014-01-01,2023-02-02,137548,2020-02-07
PAYEMS,2014-01-01,2024-02-01,137552,2023-02-03
PAYEMS,2014-01-01,2025-02-06,137551,2024-02-02
PAYEMS,2014-01-01,2026-07-31,137561,2025-02-07
PAYEMS,2014-02-01,2014-04-03,137699,2014-03-07
PAYEMS,2014-02-01,2014-05-01,137736,2014-04-04
PAYEMS,2014-02-01,2015-02-05,137761,2014-05-02
PAYEMS,2014-02-01,2016-02-04,137830,2015-02-06
PAYEMS,2014-02-01,2017-02-02,137742,2016-02-05
PAYEMS,2014-02-01,2018-02-01,137715,2017-02-03
PAYEMS,2014-02-01,2019-01-31,137732,2018-02-02
PAYEMS,2014-02-01,2020-02-06,137735,2019-02-01
PAYEMS,2014-02-01,2023-02-02,137714,2020-02-07
PAYEMS,2014-02-01,2024-02-01,137707,2023-02-03
PAYEMS,2014-02-01,2025-02-06,137710,2024-02-02
PAYEMS,2014-02-01,2026-07-31,137712,2025-02-07
PAYEMS,2014-03-01,2014-05-01,137928,2014-04-04
PAYEMS,2014-03-01,2015-02-05,137964,2014-05-02
PAYEMS,2014-03-01,2016-02-04,138055,2015-02-06
PAYEMS,2014-03-01,2017-02-02,138014,2016-02-05
PAYEMS,2014-03-01,2018-02-01,137987,2017-02-03
PAYEMS,2014-03-01,2019-01-31,137993,2018-02-02
PAYEMS,2014-03-01,2020-02-06,137985,2019-02-01
PAYEMS,2014-03-01,2023-02-02,137968,2020-02-07
PAYEMS,2014-03-01,2024-02-01,137986,2023-02-03
PAYEMS,2014-03-01,2025-02-06,137987,2024-02-02
PAYEMS,2014-03-01,2026-07-31,137985,2025-02-07
PAYEMS,2014-04-01,2014-06-05,138252,2014-05-02
PAYEMS,2014-04-01,2014-07-02,138246,2014-06-06
PAYEMS,2014-04-01,2015-02-05,138268,2014-07-03
PAYEMS,2014-04-01,2016-02-04,138385,2015-02-06
PAYEMS,2014-04-01,2017-02-02,138324,2016-02-05
PAYEMS,2014-04-01,2018-02-01,138316,2017-02-03
PAYEMS,2014-04-01,2019-01-31,138304,2018-02-02
PAYEMS,2014-04-01,2020-02-06,138312,2019-02-01
PAYEMS,2014-04-01,2023-02-02,138293,2020-02-07
PAYEMS,2014-04-01,2025-02-06,138298,2023-02-03
PAYEMS,2014-04-01,2026-02-10,138297,2025-02-07
PAYEMS,2014-04-01,2026-07-31,138298,2026-02-11
PAYEMS,2014-05-01,2014-07-02,138463,2014-06-06
PAYEMS,2014-05-01,2014-07-31,138492,2014-07-03
PAYEMS,2014-05-01,2015-02-05,138497,2014-08-01
PAYEMS,2014-05-01,2016-02-04,138621,2015-02-06
PAYEMS,2014-05-01,2017-02-02,138537,2016-02-05
PAYEMS,2014-05-01,2018-02-01,138562,2017-02-03
PAYEMS,2014-05-01,2019-01-31,138556,2018-02-02
PAYEMS,2014-05-01,2020-02-06,138533,2019-02-01
PAYEMS,2014-05-01,2023-02-02,138511,2020-02-07
PAYEMS,2014-05-01,2024-02-01,138501,2023-02-03
PAYEMS,2014-05-01,2025-02-06,138500,2024-02-02
PAYEMS,2014-05-01,2026-02-10,138512,2025-02-07
PAYEMS,2014-05-01,2026-07-31,138513,2026-02-11
PAYEMS,2014-06-01,2014-07-31,138780,2014-07-03
PAYEMS,2014-06-01,2014-09-04,138795,2014-08-01
PAYEMS,2014-06-01,2015-02-05,138764,2014-09-05
PAYEMS,2014-06-01,2016-02-04,138907,2015-02-06
PAYEMS,2014-06-01,2017-02-02,138843,2016-02-05
PAYEMS,2014-06-01,2018-02-01,138866,2017-02-03
PAYEMS,2014-06-01,2019-01-31,138862,2018-02-02
PAYEMS,2014-06-01,2020-02-06,138857,2019-02-01
PAYEMS,2014-06-01,2023-02-02,138837,2020-02-07
PAYEMS,2014-06-01,2025-02-06,138833,2023-02-03
PAYEMS,2014-06-01,2026-07-31,138849,2025-02-07
PAYEMS,2014-07-01,2014-09-04,139004,2014-08-01
PAYEMS,2014-07-01,2014-10-02,138976,2014-09-05
PAYEMS,2014-07-01,2015-02-05,139007,2014-10-03
PAYEMS,2014-07-01,2016-02-04,139156,2015-02-06
PAYEMS,2014-07-01,2017-02-02,139075,2016-02-05
PAYEMS,2014-07-01,2018-02-01,139068,2017-02-03
PAYEMS,2014-07-01,2019-01-31,139058,2018-02-02
PAYEMS,2014-07-01,2020-02-06,139084,2019-02-01
PAYEMS,2014-07-01,2023-02-02,139069,2020-02-07
PAYEMS,2014-07-01,2025-02-06,139076,2023-02-03
PAYEMS,2014-07-01,2026-02-10,139073,2025-02-07
PAYEMS,2014-07-01,2026-07-31,139072,2026-02-11
PAYEMS,2014-08-01,2014-10-02,139118,2014-09-05
PAYEMS,2014-08-01,2014-11-06,139187,2014-10-03
PAYEMS,2014-08-01,2015-02-05,139210,2014-11-07
PAYEMS,2014-08-01,2016-02-04,139369,2015-02-06
PAYEMS,2014-08-01,2017-02-02,139293,2016-02-05
PAYEMS,2014-08-01,2018-02-01,139298,2017-02-03
PAYEMS,2014-08-01,2019-01-31,139284,2018-02-02
PAYEMS,2014-08-01,2020-02-06,139272,2019-02-01
PAYEMS,2014-08-01,2023-02-02,139257,2020-02-07
PAYEMS,2014-08-01,2024-02-01,139258,2023-02-03
PAYEMS,2014-08-01,2025-02-06,139257,2024-02-02
PAYEMS,2014-08-01,2026-07-31,139269,2025-02-07
PAYEMS,2014-09-01,2014-11-06,139435,2014-10-03
PAYEMS,2014-09-01,2014-12-04,139466,2014-11-07
PAYEMS,2014-09-01,2015-02-05,139481,2014-12-05
PAYEMS,2014-09-01,2016-02-04,139619,2015-02-06
PAYEMS,2014-09-01,2017-02-02,139579,2016-02-05
PAYEMS,2014-09-01,2018-02-01,139578,2017-02-03
PAYEMS,2014-09-01,2019-01-31,139568,2018-02-02
PAYEMS,2014-09-01,2020-02-06,139583,2019-02-01
PAYEMS,2014-09-01,2023-02-02,139566,2020-02-07
PAYEMS,2014-09-01,2024-02-01,139563,2023-02-03
PAYEMS,2014-09-01,2025-02-06,139564,2024-02-02
PAYEMS,2014-09-01,2026-07-31,139563,2025-02-07
PAYEMS,2014-10-01,2014-12-04,139680,2014-11-07
PAYEMS,2014-10-01,2015-01-08,139724,2014-12-05
PAYEMS,2014-10-01,2015-02-05,139742,2015-01-09
PAYEMS,2014-10-01,2016-02-04,139840,2015-02-06
PAYEMS,2014-10-01,2017-02-02,139779,2016-02-05
PAYEMS,2014-10-01,2018-02-01,139805,2017-02-03
PAYEMS,2014-10-01,2019-01-31,139823,2018-02-02
PAYEMS,2014-10-01,2020-02-06,139841,2019-02-01
PAYEMS,2014-10-01,2023-02-02,139818,2020-02-07
PAYEMS,2014-10-01,2024-02-01,139805,2023-02-03
PAYEMS,2014-10-01,2025-02-06,139804,2024-02-02
PAYEMS,2014-10-01,2026-02-10,139797,2025-02-07
PAYEMS,2014-10-01,2026-07-31,139798,2026-02-11
PAYEMS,2014-11-01,2015-01-08,140045,2014-12-05
PAYEMS,2014-11-01,2015-02-05,140095,2015-01-09
PAYEMS,2014-11-01,2016-02-04,140263,2015-02-06
PAYEMS,2014-11-01,2017-02-02,140110,2016-02-05
PAYEMS,2014-11-01,2018-02-01,140117,2017-02-03
PAYEMS,2014-11-01,2019-01-31,140130,2018-02-02
PAYEMS,2014-11-01,2020-02-06,140127,2019-02-01
PAYEMS,2014-11-01,2023-02-02,140109,2020-02-07
PAYEMS,2014-11-01,2024-02-01,140089,2023-02-03
PAYEMS,2014-11-01,2025-02-06,140088,2024-02-02
PAYEMS,2014-11-01,2026-02-10,140090,2025-02-07
PAYEMS,2014-11-01,2026-07-31,140089,2026-02-11
PAYEMS,2014-12-01,2015-02-05,140347,2015-01-09
PAYEMS,2014-12-01,2016-02-04,140592,2015-02-06
PAYEMS,2014-12-01,2017-02-02,140402,2016-02-05
PAYEMS,2014-12-01,2018-02-01,140372,2017-02-03
PAYEMS,2014-12-01,2019-01-31,140381,2018-02-02
PAYEMS,2014-12-01,2020-02-06,140396,2019-02-01
PAYEMS,2014-12-01,2023-02-02,140377,2020-02-07
PAYEMS,2014-12-01,2025-02-06,140366,2023-02-03
PAYEMS,2014-12-01,2026-07-31,140364,2025-02-07
PAYEMS,2015-01-01,2015-03-05,140849,2015-02-06
PAYEMS,2015-01-01,2015-04-02,140831,2015-03-06
PAYEMS,2015-01-01,2016-02-04,140793,2015-04-03
PAYEMS,2015-01-01,2017-02-02,140623,2016-02-05
PAYEMS,2015-01-01,2018-02-01,140606,2017-02-03
PAYEMS,2015-01-01,2019-01-31,140592,2018-02-02
PAYEMS,2015-01-01,2020-02-06,140609,2019-02-01
PAYEMS,2015-01-01,2023-02-02,140568,2020-02-07
PAYEMS,2015-01-01,2025-02-06,140562,2023-02-03
PAYEMS,2015-01-01,2026-07-31,140568,2025-02-07
PAYEMS,2015-02-01,2015-04-02,141126,2015-03-06
PAYEMS,2015-02-01,2015-05-07,141057,2015-04-03
PAYEMS,2015-02-01,2016-02-04,141059,2015-05-08
PAYEMS,2015-02-01,2017-02-02,140888,2016-02-05
PAYEMS,2015-02-01,2018-02-01,140844,2017-02-03
PAYEMS,2015-02-01,2019-01-31,140859,2018-02-02
PAYEMS,2015-02-01,2020-02-06,140857,2019-02-01
PAYEMS,2015-02-01,2023-02-02,140839,2020-02-07
PAYEMS,2015-02-01,2024-02-01,140829,2023-02-03
PAYEMS,2015-02-01,2025-02-06,140831,2024-02-02
PAYEMS,2015-02-01,2026-07-31,140827,2025-02-07
PAYEMS,2015-03-01,2015-05-07,141183,2015-04-03
PAYEMS,2015-03-01,2015-06-04,141144,2015-05-08
PAYEMS,2015-03-01,2016-02-04,141178,2015-06-05
PAYEMS,2015-03-01,2017-02-02,140972,2016-02-05
PAYEMS,2015-03-01,2018-02-01,140930,2017-02-03
PAYEMS,2015-03-01,2019-01-31,140937,2018-02-02
PAYEMS,2015-03-01,2020-02-06,140934,2019-02-01
PAYEMS,2015-03-01,2023-02-02,140910,2020-02-07
PAYEMS,2015-03-01,2024-02-01,140924,2023-02-03
PAYEMS,2015-03-01,2025-02-06,140925,2024-02-02
PAYEMS,2015-03-01,2026-07-31,140923,2025-02-07
PAYEMS,2015-04-01,2015-06-04,141367,2015-05-08
PAYEMS,2015-04-01,2015-07-01,141399,2015-06-05
PAYEMS,2015-04-01,2016-02-04,141365,2015-07-02
PAYEMS,2015-04-01,2017-02-02,141223,2016-02-05
PAYEMS,2015-04-01,2018-02-01,141192,2017-02-03
PAYEMS,2015-04-01,2019-01-31,141219,2018-02-02
PAYEMS,2015-04-01,2020-02-06,141234,2019-02-01
PAYEMS,2015-04-01,2023-02-02,141194,2020-02-07
PAYEMS,2015-04-01,2025-02-06,141202,2023-02-03
PAYEMS,2015-04-01,2026-07-31,141196,2025-02-07
PAYEMS,2015-05-01,2015-07-01,141679,2015-06-05
PAYEMS,2015-05-01,2015-08-06,141619,2015-07-02
PAYEMS,2015-05-01,2016-02-04,141625,2015-08-07
PAYEMS,2015-05-01,2017-02-02,141496,2016-02-05
PAYEMS,2015-05-01,2018-02-01,141536,2017-02-03
PAYEMS,2015-05-01,2019-01-31,141545,2018-02-02
PAYEMS,2015-05-01,2020-02-06,141553,2019-02-01
PAYEMS,2015-05-01,2023-02-02,141525,2020-02-07
PAYEMS,2015-05-01,2024-02-01,141540,2023-02-03
PAYEMS,2015-05-01,2025-02-06,141539,2024-02-02
PAYEMS,2015-05-01,2026-07-31,141538,2025-02-07
PAYEMS,2015-06-01,2015-08-06,141842,2015-07-02
PAYEMS,2015-06-01,2015-09-03,141856,2015-08-07
PAYEMS,2015-06-01,2016-02-04,141870,2015-09-04
PAYEMS,2015-06-01,2017-02-02,141724,2016-02-05
PAYEMS,2015-06-01,2018-02-01,141742,2017-02-03
PAYEMS,2015-06-01,2019-01-31,141736,2018-02-02
PAYEMS,2015-06-01,2020-02-06,141723,2019-02-01
PAYEMS,2015-06-01,2023-02-02,141699,2020-02-07
PAYEMS,2015-06-01,2025-02-06,141695,2023-02-03
PAYEMS,2015-06-01,2026-07-31,141709,2025-02-07
PAYEMS,2015-07-01,2015-09-03,142071,2015-08-07
PAYEMS,2015-07-01,2015-10-01,142115,2015-09-04
PAYEMS,2015-07-01,2016-02-04,142093,2015-10-02
PAYEMS,2015-07-01,2017-02-02,142001,2016-02-05
PAYEMS,2015-07-01,2018-02-01,141996,2017-02-03
PAYEMS,2015-07-01,2019-01-31,141992,2018-02-02
PAYEMS,2015-07-01,2020-02-06,142016,2019-02-01
PAYEMS,2015-07-01,2023-02-02,142001,2020-02-07
PAYEMS,2015-07-01,2025-02-06,141989,2023-02-03
PAYEMS,2015-07-01,2026-07-31,141991,2025-02-07
PAYEMS,2015-08-01,2015-10-01,142288,2015-09-04
PAYEMS,2015-08-01,2015-11-05,142229,2015-10-02
PAYEMS,2015-08-01,2016-02-04,142246,2015-11-06
PAYEMS,2015-08-01,2017-02-02,142151,2016-02-05
PAYEMS,2015-08-01,2018-02-01,142153,2017-02-03
PAYEMS,2015-08-01,2019-01-31,142156,2018-02-02
PAYEMS,2015-08-01,2020-02-06,142138,2019-02-01
PAYEMS,2015-08-01,2023-02-02,142126,2020-02-07
PAYEMS,2015-08-01,2025-02-06,142130,2023-02-03
PAYEMS,2015-08-01,2026-07-31,142125,2025-02-07
PAYEMS,2015-09-01,2015-11-05,142371,2015-10-02
PAYEMS,2015-09-01,2015-12-03,142383,2015-11-06
PAYEMS,2015-09-01,2016-02-04,142391,2015-12-04
PAYEMS,2015-09-01,2017-02-02,142300,2016-02-05
PAYEMS,2015-09-01,2018-02-01,142253,2017-02-03
PAYEMS,2015-09-01,2019-01-31,142244,2018-02-02
PAYEMS,2015-09-01,2020-02-06,142271,2019-02-01
PAYEMS,2015-09-01,2023-02-02,142281,2020-02-07
PAYEMS,2015-09-01,2025-02-06,142265,2023-02-03
PAYEMS,2015-09-01,2026-07-31,142275,2025-02-07
PAYEMS,2015-10-01,2015-12-03,142654,2015-11-06
PAYEMS,2015-10-01,2016-01-07,142689,2015-12-04
PAYEMS,2015-10-01,2016-02-04,142698,2016-01-08
PAYEMS,2015-10-01,2017-02-02,142595,2016-02-05
PAYEMS,2015-10-01,2018-02-01,142574,2017-02-03
PAYEMS,2015-10-01,2019-01-31,142595,2018-02-02
PAYEMS,2015-10-01,2020-02-06,142610,2019-02-01
PAYEMS,2015-10-01,2023-02-02,142587,2020-02-07
PAYEMS,2015-10-01,2024-02-01,142585,2023-02-03
PAYEMS,2015-10-01,2025-02-06,142584,2024-02-02
PAYEMS,2015-10-01,2026-07-31,142579,2025-02-07
PAYEMS,2015-11-01,2016-01-07,142900,2015-12-04
PAYEMS,2015-11-01,2016-02-04,142950,2016-01-08
PAYEMS,2015-11-01,2017-02-02,142875,2016-02-05
PAYEMS,2015-11-01,2018-02-01,142846,2017-02-03
PAYEMS,2015-11-01,2019-01-31,142859,2018-02-02
PAYEMS,2015-11-01,2020-02-06,142845,2019-02-01
PAYEMS,2015-11-01,2023-02-02,142824,2020-02-07
PAYEMS,2015-11-01,2025-02-06,142810,2023-02-03
PAYEMS,2015-11-01,2026-07-31,142808,2025-02-07
PAYEMS,2015-12-01,2016-02-04,143242,2016-01-08
PAYEMS,2015-12-01,2016-03-03,143137,2016-02-05
PAYEMS,2015-12-01,2017-02-02,143146,2016-03-04
PAYEMS,2015-12-01,2018-02-01,143085,2017-02-03
PAYEMS,2015-12-01,2019-01-31,143093,2018-02-02
PAYEMS,2015-12-01,2020-02-06,143125,2019-02-01
PAYEMS,2015-12-01,2023-02-02,143097,2020-02-07
PAYEMS,2015-12-01,2025-02-06,143083,2023-02-03
PAYEMS,2015-12-01,2026-07-31,143077,2025-02-07
PAYEMS,2016-01-01,2016-03-03,143288,2016-02-05
PAYEMS,2016-01-01,2016-03-31,143318,2016-03-04
PAYEMS,2016-01-01,2017-02-02,143314,2016-04-01
PAYEMS,2016-01-01,2018-02-01,143211,2017-02-03
PAYEMS,2016-01-01,2019-01-31,143196,2018-02-02
PAYEMS,2016-01-01,2020-02-06,143215,2019-02-01
PAYEMS,2016-01-01,2021-02-04,143170,2020-02-07
PAYEMS,2016-01-01,2023-02-02,143205,2021-02-05
PAYEMS,2016-01-01,2024-02-01,143198,2023-02-03
PAYEMS,2016-01-01,2025-02-06,143196,2024-02-02
PAYEMS,2016-01-01,2026-07-31,143210,2025-02-07
PAYEMS,2016-02-01,2016-03-31,143560,2016-03-04
PAYEMS,2016-02-01,2016-05-05,143559,2016-04-01
PAYEMS,2016-02-01,2017-02-02,143547,2016-05-06
PAYEMS,2016-02-01,2018-02-01,143448,2017-02-03
PAYEMS,2016-02-01,2019-01-31,143453,2018-02-02
PAYEMS,2016-02-01,2020-02-06,143447,2019-02-01
PAYEMS,2016-02-01,2021-02-04,143433,2020-02-07
PAYEMS,2016-02-01,2023-02-02,143417,2021-02-05
PAYEMS,2016-02-01,2024-02-01,143410,2023-02-03
PAYEMS,2016-02-01,2025-02-06,143411,2024-02-02
PAYEMS,2016-02-01,2026-02-10,143407,2025-02-07
PAYEMS,2016-02-01,2026-07-31,143406,2026-02-11
PAYEMS,2016-03-01,2016-05-05,143774,2016-04-01
PAYEMS,2016-03-01,2016-06-02,143755,2016-05-06
PAYEMS,2016-03-01,2017-02-02,143733,2016-06-03
PAYEMS,2016-03-01,2018-02-01,143673,2017-02-03
PAYEMS,2016-03-01,2019-01-31,143688,2018-02-02
PAYEMS,2016-03-01,2020-02-06,143681,2019-02-01
PAYEMS,2016-03-01,2021-02-04,143662,2020-02-07
PAYEMS,2016-03-01,2023-02-02,143654,2021-02-05
PAYEMS,2016-03-01,2025-02-06,143666,2023-02-03
PAYEMS,2016-03-01,2026-07-31,143662,2025-02-07
PAYEMS,2016-04-01,2016-06-02,143915,2016-05-06
PAYEMS,2016-04-01,2016-07-07,143856,2016-06-03
PAYEMS,2016-04-01,2017-02-02,143877,2016-07-08
PAYEMS,2016-04-01,2018-02-01,143826,2017-02-03
PAYEMS,2016-04-01,2019-01-31,143862,2018-02-02
PAYEMS,2016-04-01,2020-02-06,143892,2019-02-01
PAYEMS,2016-04-01,2021-02-04,143849,2020-02-07
PAYEMS,2016-04-01,2023-02-02,143851,2021-02-05
PAYEMS,2016-04-01,2025-02-06,143856,2023-02-03
PAYEMS,2016-04-01,2026-02-10,143855,2025-02-07
PAYEMS,2016-04-01,2026-07-31,143854,2026-02-11
PAYEMS,2016-05-01,2016-07-07,143894,2016-06-03
PAYEMS,2016-05-01,2016-08-04,143888,2016-07-08
PAYEMS,2016-05-01,2017-02-02,143901,2016-08-05
PAYEMS,2016-05-01,2018-02-01,143869,2017-02-03
PAYEMS,2016-05-01,2019-01-31,143896,2018-02-02
PAYEMS,2016-05-01,2020-02-06,143907,2019-02-01
PAYEMS,2016-05-01,2021-02-04,143891,2020-02-07
PAYEMS,2016-05-01,2023-02-02,143892,2021-02-05
PAYEMS,2016-05-01,2025-02-06,143901,2023-02-03
PAYEMS,2016-05-01,2026-07-31,143900,2025-02-07
PAYEMS,2016-06-01,2016-08-04,144175,2016-07-08
PAYEMS,2016-06-01,2016-09-01,144193,2016-08-05
PAYEMS,2016-06-01,2017-02-02,144172,2016-09-02
PAYEMS,2016-06-01,2018-02-01,144166,2017-02-03
PAYEMS,2016-06-01,2019-01-31,144181,2018-02-02
PAYEMS,2016-06-01,2020-02-06,144189,2019-02-01
PAYEMS,2016-06-01,2021-02-04,144158,2020-02-07
PAYEMS,2016-06-01,2023-02-02,144150,2021-02-05
PAYEMS,2016-06-01,2025-02-06,144152,2023-02-03
PAYEMS,2016-06-01,2026-02-10,144146,2025-02-07
PAYEMS,2016-06-01,2026-07-31,144147,2026-02-11
PAYEMS,2016-07-01,2016-09-01,144448,2016-08-05
PAYEMS,2016-07-01,2016-10-06,144447,2016-09-02
PAYEMS,2016-07-01,2017-02-02,144424,2016-10-07
PAYEMS,2016-07-01,2018-02-01,144457,2017-02-03
PAYEMS,2016-07-01,2019-01-31,144506,2018-02-02
PAYEMS,2016-07-01,2020-02-06,144525,2019-02-01
PAYEMS,2016-07-01,2021-02-04,144512,2020-02-07
PAYEMS,2016-07-01,2023-02-02,144521,2021-02-05
PAYEMS,2016-07-01,2025-02-06,144515,2023-02-03
PAYEMS,2016-07-01,2026-07-31,144520,2025-02-07
PAYEMS,2016-08-01,2016-10-06,144598,2016-09-02
PAYEMS,2016-08-01,2016-11-03,144591,2016-10-07
PAYEMS,2016-08-01,2017-02-02,144600,2016-11-04
PAYEMS,2016-08-01,2018-02-01,144633,2017-02-03
PAYEMS,2016-08-01,2019-01-31,144681,2018-02-02
PAYEMS,2016-08-01,2020-02-06,144660,2019-02-01
PAYEMS,2016-08-01,2021-02-04,144647,2020-02-07
PAYEMS,2016-08-01,2025-02-06,144664,2021-02-05
PAYEMS,2016-08-01,2026-02-10,144662,2025-02-07
PAYEMS,2016-08-01,2026-07-31,144661,2026-02-11
PAYEMS,2016-09-01,2016-11-03,144747,2016-10-07
PAYEMS,2016-09-01,2016-12-01,144791,2016-11-04
PAYEMS,2016-09-01,2017-02-02,144808,2016-12-02
PAYEMS,2016-09-01,2018-02-01,144882,2017-02-03
PAYEMS,2016-09-01,2019-01-31,144945,2018-02-02
PAYEMS,2016-09-01,2020-02-06,144930,2019-02-01
PAYEMS,2016-09-01,2021-02-04,144916,2020-02-07
PAYEMS,2016-09-01,2023-02-02,144953,2021-02-05
PAYEMS,2016-09-01,2025-02-06,144961,2023-02-03
PAYEMS,2016-09-01,2026-07-31,144967,2025-02-07
PAYEMS,2016-10-01,2016-12-01,144952,2016-11-04
PAYEMS,2016-10-01,2017-01-05,144950,2016-12-02
PAYEMS,2016-10-01,2017-02-02,144943,2017-01-06
PAYEMS,2016-10-01,2018-02-01,145006,2017-02-03
PAYEMS,2016-10-01,2019-01-31,145085,2018-02-02
PAYEMS,2016-10-01,2020-02-06,145058,2019-02-01
PAYEMS,2016-10-01,2021-02-04,145061,2020-02-07
PAYEMS,2016-10-01,2023-02-02,145071,2021-02-05
PAYEMS,2016-10-01,2025-02-06,145069,2023-02-03
PAYEMS,2016-10-01,2026-02-10,145066,2025-02-07
PAYEMS,2016-10-01,2026-07-31,145065,2026-02-11
PAYEMS,2016-11-01,2017-01-05,145128,2016-12-02
PAYEMS,2016-11-01,2017-02-02,145147,2017-01-06
PAYEMS,2016-11-01,2018-02-01,145170,2017-02-03
PAYEMS,2016-11-01,2019-01-31,145257,2018-02-02
PAYEMS,2016-11-01,2020-02-06,145228,2019-02-01
PAYEMS,2016-11-01,2021-02-04,145212,2020-02-07
PAYEMS,2016-11-01,2023-02-02,145201,2021-02-05
PAYEMS,2016-11-01,2024-02-01,145189,2023-02-03
PAYEMS,2016-11-01,2025-02-06,145188,2024-02-02
PAYEMS,2016-11-01,2026-07-31,145183,2025-02-07
PAYEMS,2016-12-01,2017-02-02,145303,2017-01-06
PAYEMS,2016-12-01,2017-03-09,145327,2017-02-03
PAYEMS,2016-12-01,2018-02-01,145325,2017-03-10
PAYEMS,2016-12-01,2019-01-31,145437,2018-02-02
PAYEMS,2016-12-01,2020-02-06,145443,2019-02-01
PAYEMS,2016-12-01,2021-02-04,145442,2020-02-07
PAYEMS,2016-12-01,2023-02-02,145415,2021-02-05
PAYEMS,2016-12-01,2024-02-01,145408,2023-02-03
PAYEMS,2016-12-01,2025-02-06,145410,2024-02-02
PAYEMS,2016-12-01,2026-07-31,145408,2025-02-07
PAYEMS,2017-01-01,2017-03-09,145554,2017-02-03
PAYEMS,2017-01-01,2017-04-06,145563,2017-03-10
PAYEMS,2017-01-01,2018-02-01,145541,2017-04-07
PAYEMS,2017-01-01,2019-01-31,145696,2018-02-02
PAYEMS,2017-01-01,2020-02-06,145695,2019-02-01
PAYEMS,2017-01-01,2021-02-04,145627,2020-02-07
PAYEMS,2017-01-01,2022-02-03,145612,2021-02-05
PAYEMS,2017-01-01,2023-02-02,145628,2022-02-04
PAYEMS,2017-01-01,2024-02-01,145639,2023-02-03
PAYEMS,2017-01-01,2025-02-06,145636,2024-02-02
PAYEMS,2017-01-01,2026-07-31,145628,2025-02-07
PAYEMS,2017-02-01,2017-04-06,145798,2017-03-10
PAYEMS,2017-02-01,2017-05-04,145760,2017-04-07
PAYEMS,2017-02-01,2018-02-01,145773,2017-05-05
PAYEMS,2017-02-01,2019-01-31,145896,2018-02-02
PAYEMS,2017-02-01,2020-02-06,145836,2019-02-01
PAYEMS,2017-02-01,2021-02-04,145815,2020-02-07
PAYEMS,2017-02-01,2022-02-03,145795,2021-02-05
PAYEMS,2017-02-01,2023-02-02,145818,2022-02-04
PAYEMS,2017-02-01,2024-02-01,145845,2023-02-03
PAYEMS,2017-02-01,2026-02-10,145848,2024-02-02
PAYEMS,2017-02-01,2026-07-31,145846,2026-02-11
PAYEMS,2017-03-01,2017-05-04,145858,2017-04-07
PAYEMS,2017-03-01,2017-06-01,145852,2017-05-05
PAYEMS,2017-03-01,2018-02-01,145823,2017-06-02
PAYEMS,2017-03-01,2019-01-31,145969,2018-02-02
PAYEMS,2017-03-01,2020-02-06,145963,2019-02-01
PAYEMS,2017-03-01,2021-02-04,145944,2020-02-07
PAYEMS,2017-03-01,2022-02-03,145934,2021-02-05
PAYEMS,2017-03-01,2023-02-02,145960,2022-02-04
PAYEMS,2017-03-01,2024-02-01,145975,2023-02-03
PAYEMS,2017-03-01,2025-02-06,145976,2024-02-02
PAYEMS,2017-03-01,2026-02-10,145969,2025-02-07
PAYEMS,2017-03-01,2026-07-31,145970,2026-02-11
PAYEMS,2017-04-01,2017-06-01,146063,2017-05-05
PAYEMS,2017-04-01,2017-07-06,145997,2017-06-02
PAYEMS,2017-04-01,2018-02-01,146030,2017-07-07
PAYEMS,2017-04-01,2019-01-31,146144,2018-02-02
PAYEMS,2017-04-01,2020-02-06,146176,2019-02-01
PAYEMS,2017-04-01,2021-02-04,146141,2020-02-07
PAYEMS,2017-04-01,2022-02-03,146154,2021-02-05
PAYEMS,2017-04-01,2023-02-02,146165,2022-02-04
PAYEMS,2017-04-01,2024-02-01,146172,2023-02-03
PAYEMS,2017-04-01,2025-02-06,146173,2024-02-02
PAYEMS,2017-04-01,2026-02-10,146174,2025-02-07
PAYEMS,2017-04-01,2026-07-31,146175,2026-02-11
PAYEMS,2017-05-01,2017-07-06,146135,2017-06-02
PAYEMS,2017-05-01,2017-08-03,146182,2017-07-07
PAYEMS,2017-05-01,2018-02-01,146175,2017-08-04
PAYEMS,2017-05-01,2019-01-31,146299,2018-02-02
PAYEMS,2017-05-01,2020-02-06,146304,2019-02-01
PAYEMS,2017-05-01,2021-02-04,146296,2020-02-07
PAYEMS,2017-05-01,2022-02-03,146295,2021-02-05
PAYEMS,2017-05-01,2023-02-02,146388,2022-02-04
PAYEMS,2017-05-01,2025-02-06,146389,2023-02-03
PAYEMS,2017-05-01,2026-07-31,146380,2025-02-07
PAYEMS,2017-06-01,2017-08-03,146404,2017-07-07
PAYEMS,2017-06-01,2017-08-31,146406,2017-08-04
PAYEMS,2017-06-01,2018-02-01,146385,2017-09-01
PAYEMS,2017-06-01,2019-01-31,146538,2018-02-02
PAYEMS,2017-06-01,2020-02-06,146533,2019-02-01
PAYEMS,2017-06-01,2021-02-04,146512,2020-02-07
PAYEMS,2017-06-01,2022-02-03,146506,2021-02-05
PAYEMS,2017-06-01,2023-02-02,146585,2022-02-04
PAYEMS,2017-06-01,2025-02-06,146588,2023-02-03
PAYEMS,2017-06-01,2026-07-31,146583,2025-02-07
PAYEMS,2017-07-01,2017-08-31,146615,2017-08-04
PAYEMS,2017-07-01,2017-10-05,146574,2017-09-01
PAYEMS,2017-07-01,2018-02-01,146523,2017-10-06
PAYEMS,2017-07-01,2019-01-31,146728,2018-02-02
PAYEMS,2017-07-01,2020-02-06,146737,2019-02-01
PAYEMS,2017-07-01,2021-02-04,146727,2020-02-07
PAYEMS,2017-07-01,2022-02-03,146734,2021-02-05
PAYEMS,2017-07-01,2023-02-02,146768,2022-02-04
PAYEMS,2017-07-01,2026-07-31,146772,2023-02-03
PAYEMS,2017-08-01,2017-10-05,146730,2017-09-01
PAYEMS,2017-08-01,2017-11-02,146692,2017-10-06
PAYEMS,2017-08-01,2018-02-01,146731,2017-11-03
PAYEMS,2017-08-01,2019-01-31,146949,2018-02-02
PAYEMS,2017-08-01,2020-02-06,146924,2019-02-01
PAYEMS,2017-08-01,2021-02-04,146911,2020-02-07
PAYEMS,2017-08-01,2022-02-03,146924,2021-02-05
PAYEMS,2017-08-01,2023-02-02,146913,2022-02-04
PAYEMS,2017-08-01,2025-02-06,146907,2023-02-03
PAYEMS,2017-08-01,2026-07-31,146919,2025-02-07
PAYEMS,2017-09-01,2017-11-02,146659,2017-10-06
PAYEMS,2017-09-01,2017-12-07,146749,2017-11-03
PAYEMS,2017-09-01,2018-02-01,146769,2017-12-08
PAYEMS,2017-09-01,2019-01-31,146963,2018-02-02
PAYEMS,2017-09-01,2020-02-06,146942,2019-02-01
PAYEMS,2017-09-01,2021-02-04,146929,2020-02-07
PAYEMS,2017-09-01,2022-02-03,146966,2021-02-05
PAYEMS,2017-09-01,2023-02-02,147012,2022-02-04
PAYEMS,2017-09-01,2025-02-06,146999,2023-02-03
PAYEMS,2017-09-01,2026-02-10,147007,2025-02-07
PAYEMS,2017-09-01,2026-07-31,147008,2026-02-11
PAYEMS,2017-10-01,2017-12-07,147010,2017-11-03
PAYEMS,2017-10-01,2018-01-04,147013,2017-12-08
PAYEMS,2017-10-01,2018-02-01,146980,2018-01-05
PAYEMS,2017-10-01,2019-01-31,147234,2018-02-02
PAYEMS,2017-10-01,2020-02-06,147202,2019-02-01
PAYEMS,2017-10-01,2021-02-04,147196,2020-02-07
PAYEMS,2017-10-01,2022-02-03,147215,2021-02-05
PAYEMS,2017-10-01,2023-02-02,147153,2022-02-04
PAYEMS,2017-10-01,2024-02-01,147147,2023-02-03
PAYEMS,2017-10-01,2025-02-06,147146,2024-02-02
PAYEMS,2017-10-01,2026-02-10,147150,2025-02-07
PAYEMS,2017-10-01,2026-07-31,147149,2026-02-11
PAYEMS,2017-11-01,2018-01-04,147241,2017-12-08
PAYEMS,2017-11-01,2018-02-01,147232,2018-01-05
PAYEMS,2017-11-01,2019-01-31,147450,2018-02-02
PAYEMS,2017-11-01,2020-02-06,147422,2019-02-01
PAYEMS,2017-11-01,2021-02-04,147421,2020-02-07
PAYEMS,2017-11-01,2022-02-03,147411,2021-02-05
PAYEMS,2017-11-01,2023-02-02,147353,2022-02-04
PAYEMS,2017-11-01,2024-02-01,147377,2023-02-03
PAYEMS,2017-11-01,2025-02-06,147375,2024-02-02
PAYEMS,2017-11-01,2026-02-10,147373,2025-02-07
PAYEMS,2017-11-01,2026-07-31,147372,2026-02-11
PAYEMS,2017-12-01,2018-02-01,147380,2018-01-05
PAYEMS,2017-12-01,2018-03-08,147610,2018-02-02
PAYEMS,2017-12-01,2019-01-31,147625,2018-03-09
PAYEMS,2017-12-01,2020-02-06,147596,2019-02-01
PAYEMS,2017-12-01,2021-02-04,147551,2020-02-07
PAYEMS,2017-12-01,2022-02-03,147590,2021-02-05
PAYEMS,2017-12-01,2023-02-02,147529,2022-02-04
PAYEMS,2017-12-01,2025-02-06,147521,2023-02-03
PAYEMS,2017-12-01,2026-07-31,147523,2025-02-07
PAYEMS,2018-01-01,2018-03-08,147810,2018-02-02
PAYEMS,2018-01-01,2018-04-05,147864,2018-03-09
PAYEMS,2018-01-01,2019-01-31,147801,2018-04-06
PAYEMS,2018-01-01,2020-02-06,147767,2019-02-01
PAYEMS,2018-01-01,2021-02-04,147672,2020-02-07
PAYEMS,2018-01-01,2022-02-03,147671,2021-02-05
PAYEMS,2018-01-01,2023-02-02,147662,2022-02-04
PAYEMS,2018-01-01,2024-02-01,147670,2023-02-03
PAYEMS,2018-01-01,2025-02-06,147667,2024-02-02
PAYEMS,2018-01-01,2026-07-31,147660,2025-02-07
PAYEMS,2018-02-01,2018-04-05,148177,2018-03-09
PAYEMS,2018-02-01,2018-05-03,148127,2018-04-06
PAYEMS,2018-02-01,2019-01-31,148125,2018-05-04
PAYEMS,2018-02-01,2020-02-06,148097,2019-02-01
PAYEMS,2018-02-01,2021-02-04,148078,2020-02-07
PAYEMS,2018-02-01,2022-02-03,148049,2021-02-05
PAYEMS,2018-02-01,2023-02-02,148064,2022-02-04
PAYEMS,2018-02-01,2024-02-01,148058,2023-02-03
PAYEMS,2018-02-01,2026-07-31,148054,2024-02-02
PAYEMS,2018-03-01,2018-05-03,148230,2018-04-06
PAYEMS,2018-03-01,2018-05-31,148260,2018-05-04
PAYEMS,2018-03-01,2019-01-31,148280,2018-06-01
PAYEMS,2018-03-01,2020-02-06,148279,2019-02-01
PAYEMS,2018-03-01,2021-02-04,148254,2020-02-07
PAYEMS,2018-03-01,2022-02-03,148244,2021-02-05
PAYEMS,2018-03-01,2023-02-02,148289,2022-02-04
PAYEMS,2018-03-01,2024-02-01,148281,2023-02-03
PAYEMS,2018-03-01,2026-07-31,148280,2024-02-02
PAYEMS,2018-04-01,2018-05-31,148424,2018-05-04
PAYEMS,2018-04-01,2018-07-05,148439,2018-06-01
PAYEMS,2018-04-01,2019-01-31,148455,2018-07-06
PAYEMS,2018-04-01,2020-02-06,148475,2019-02-01
PAYEMS,2018-04-01,2021-02-04,148391,2020-02-07
PAYEMS,2018-04-01,2022-02-03,148397,2021-02-05
PAYEMS,2018-04-01,2023-02-02,148468,2022-02-04
PAYEMS,2018-04-01,2025-02-06,148426,2023-02-03
PAYEMS,2018-04-01,2026-02-10,148422,2025-02-07
PAYEMS,2018-04-01,2026-07-31,148420,2026-02-11
PAYEMS,2018-05-01,2018-07-05,148662,2018-06-01
PAYEMS,2018-05-01,2018-08-02,148699,2018-07-06
PAYEMS,2018-05-01,2019-01-31,148723,2018-08-03
PAYEMS,2018-05-01,2020-02-06,148745,2019-02-01
PAYEMS,2018-05-01,2021-02-04,148669,2020-02-07
PAYEMS,2018-05-01,2022-02-03,148667,2021-02-05
PAYEMS,2018-05-01,2023-02-02,148801,2022-02-04
PAYEMS,2018-05-01,2025-02-06,148755,2023-02-03
PAYEMS,2018-05-01,2026-02-10,148740,2025-02-07
PAYEMS,2018-05-01,2026-07-31,148742,2026-02-11
PAYEMS,2018-06-01,2018-08-02,148912,2018-07-06
PAYEMS,2018-06-01,2018-09-06,148971,2018-08-03
PAYEMS,2018-06-01,2019-01-31,148931,2018-09-07
PAYEMS,2018-06-01,2020-02-06,149007,2019-02-01
PAYEMS,2018-06-01,2021-02-04,148888,2020-02-07
PAYEMS,2018-06-01,2022-02-03,148881,2021-02-05
PAYEMS,2018-06-01,2023-02-02,148984,2022-02-04
PAYEMS,2018-06-01,2024-02-01,148966,2023-02-03
PAYEMS,2018-06-01,2025-02-06,148968,2024-02-02
PAYEMS,2018-06-01,2026-02-10,148959,2025-02-07
PAYEMS,2018-06-01,2026-07-31,148960,2026-02-11
PAYEMS,2018-07-01,2018-09-06,149128,2018-08-03
PAYEMS,2018-07-01,2018-10-04,149078,2018-09-07
PAYEMS,2018-07-01,2019-01-31,149096,2018-10-05
PAYEMS,2018-07-01,2020-02-06,149185,2019-02-01
PAYEMS,2018-07-01,2021-02-04,149024,2020-02-07
PAYEMS,2018-07-01,2022-02-03,149030,2021-02-05
PAYEMS,2018-07-01,2023-02-02,149050,2022-02-04
PAYEMS,2018-07-01,2024-02-01,149022,2023-02-03
PAYEMS,2018-07-01,2025-02-06,149023,2024-02-02
PAYEMS,2018-07-01,2026-07-31,149020,2025-02-07
PAYEMS,2018-08-01,2018-10-04,149279,2018-09-07
PAYEMS,2018-08-01,2018-11-01,149366,2018-10-05
PAYEMS,2018-08-01,2019-01-31,149382,2018-11-02
PAYEMS,2018-08-01,2020-02-06,149467,2019-02-01
PAYEMS,2018-08-01,2021-02-04,149268,2020-02-07
PAYEMS,2018-08-01,2022-02-03,149259,2021-02-05
PAYEMS,2018-08-01,2023-02-02,149269,2022-02-04
PAYEMS,2018-08-01,2024-02-01,149272,2023-02-03
PAYEMS,2018-08-01,2025-02-06,149274,2024-02-02
PAYEMS,2018-08-01,2026-02-10,149279,2025-02-07
PAYEMS,2018-08-01,2026-07-31,149277,2026-02-11
PAYEMS,2018-09-01,2018-12-06,149500,2018-10-05
PAYEMS,2018-09-01,2019-01-31,149501,2018-12-07
PAYEMS,2018-09-01,2020-02-06,149575,2019-02-01
PAYEMS,2018-09-01,2021-02-04,149348,2020-02-07
PAYEMS,2018-09-01,2022-02-03,149364,2021-02-05
PAYEMS,2018-09-01,2023-02-02,149326,2022-02-04
PAYEMS,2018-09-01,2025-02-06,149361,2023-02-03
PAYEMS,2018-09-01,2026-07-31,149358,2025-02-07
PAYEMS,2018-10-01,2018-12-06,149750,2018-11-02
PAYEMS,2018-10-01,2019-01-03,149738,2018-12-07
PAYEMS,2018-10-01,2019-01-31,149775,2019-01-04
PAYEMS,2018-10-01,2020-02-06,149852,2019-02-01
PAYEMS,2018-10-01,2021-02-04,149549,2020-02-07
PAYEMS,2018-10-01,2022-02-03,149576,2021-02-05
PAYEMS,2018-10-01,2023-02-02,149471,2022-02-04
PAYEMS,2018-10-01,2024-02-01,149526,2023-02-03
PAYEMS,2018-10-01,2025-02-06,149525,2024-02-02
PAYEMS,2018-10-01,2026-02-10,149526,2025-02-07
PAYEMS,2018-10-01,2026-07-31,149527,2026-02-11
PAYEMS,2018-11-01,2019-01-03,149893,2018-12-07
PAYEMS,2018-11-01,2019-01-31,149951,2019-01-04
PAYEMS,2018-11-01,2020-02-06,150048,2019-02-01
PAYEMS,2018-11-01,2021-02-04,149683,2020-02-07
PAYEMS,2018-11-01,2022-02-03,149668,2021-02-05
PAYEMS,2018-11-01,2023-02-02,149573,2022-02-04
PAYEMS,2018-11-01,2025-02-06,149622,2023-02-03
PAYEMS,2018-11-01,2026-07-31,149617,2025-02-07
PAYEMS,2018-12-01,2019-01-31,150263,2019-01-04
PAYEMS,2018-12-01,2019-03-07,150270,2019-02-01
PAYEMS,2018-12-01,2020-02-06,150275,2019-03-08
PAYEMS,2018-12-01,2021-02-04,149865,2020-02-07
PAYEMS,2018-12-01,2022-02-03,149908,2021-02-05
PAYEMS,2018-12-01,2023-02-02,149821,2022-02-04
PAYEMS,2018-12-01,2024-02-01,149805,2023-02-03
PAYEMS,2018-12-01,2025-02-06,149804,2024-02-02
PAYEMS,2018-12-01,2026-07-31,149809,2025-02-07
PAYEMS,2019-01-01,2019-03-07,150574,2019-02-01
PAYEMS,2019-01-01,2019-04-04,150586,2019-03-08
PAYEMS,2019-01-01,2020-02-06,150587,2019-04-05
PAYEMS,2019-01-01,2021-02-04,150134,2020-02-07
PAYEMS,2019-01-01,2022-02-03,150145,2021-02-05
PAYEMS,2019-01-01,2023-02-02,150100,2022-02-04
PAYEMS,2019-01-01,2024-02-01,150114,2023-02-03
PAYEMS,2019-01-01,2025-02-06,150062,2024-02-02
PAYEMS,2019-01-01,2026-02-10,150059,2025-02-07
PAYEMS,2019-01-01,2026-07-31,150060,2026-02-11
PAYEMS,2019-02-01,2019-04-04,150606,2019-03-08
PAYEMS,2019-02-01,2019-05-02,150620,2019-04-05
PAYEMS,2019-02-01,2020-02-06,150643,2019-05-03
PAYEMS,2019-02-01,2021-02-04,150135,2020-02-07
PAYEMS,2019-02-01,2022-02-03,150095,2021-02-05
PAYEMS,2019-02-01,2023-02-02,150124,2022-02-04
PAYEMS,2019-02-01,2024-02-01,150092,2023-02-03
PAYEMS,2019-02-01,2025-02-06,150067,2024-02-02
PAYEMS,2019-02-01,2026-02-10,150065,2025-02-07
PAYEMS,2019-02-01,2026-07-31,150067,2026-02-11
PAYEMS,2019-03-01,2019-05-02,150816,2019-04-05
PAYEMS,2019-03-01,2019-06-06,150832,2019-05-03
PAYEMS,2019-03-01,2020-02-06,150796,2019-06-07
PAYEMS,2019-03-01,2021-02-04,150282,2020-02-07
PAYEMS,2019-03-01,2022-02-03,150263,2021-02-05
PAYEMS,2019-03-01,2023-02-02,150348,2022-02-04
PAYEMS,2019-03-01,2024-02-01,150320,2023-02-03
PAYEMS,2019-03-01,2025-02-06,150294,2024-02-02
PAYEMS,2019-03-01,2026-07-31,150295,2025-02-07
PAYEMS,2019-04-01,2019-06-06,151095,2019-05-03
PAYEMS,2019-04-01,2019-07-04,151020,2019-06-07
PAYEMS,2019-04-01,2020-02-06,151012,2019-07-05
PAYEMS,2019-04-01,2021-02-04,150492,2020-02-07
PAYEMS,2019-04-01,2022-02-03,150482,2021-02-05
PAYEMS,2019-04-01,2023-02-02,150636,2022-02-04
PAYEMS,2019-04-01,2024-02-01,150563,2023-02-03
PAYEMS,2019-04-01,2025-02-06,150602,2024-02-02
PAYEMS,2019-04-01,2026-02-10,150593,2025-02-07
PAYEMS,2019-04-01,2026-07-31,150591,2026-02-11
PAYEMS,2019-05-01,2019-07-04,151095,2019-06-07
PAYEMS,2019-05-01,2019-08-01,151084,2019-07-05
PAYEMS,2019-05-01,2020-02-06,151074,2019-08-02
PAYEMS,2019-05-01,2021-02-04,150577,2020-02-07
PAYEMS,2019-05-01,2022-02-03,150545,2021-02-05
PAYEMS,2019-05-01,2023-02-02,150713,2022-02-04
PAYEMS,2019-05-01,2024-02-01,150630,2023-02-03
PAYEMS,2019-05-01,2025-02-06,150640,2024-02-02
PAYEMS,2019-05-01,2026-02-10,150621,2025-02-07
PAYEMS,2019-05-01,2026-07-31,150618,2026-02-11
PAYEMS,2019-06-01,2019-08-01,151308,2019-07-05
PAYEMS,2019-06-01,2019-09-05,151267,2019-08-02
PAYEMS,2019-06-01,2020-02-06,151252,2019-09-06
PAYEMS,2019-06-01,2021-02-04,150759,2020-02-07
PAYEMS,2019-06-01,2022-02-03,150720,2021-02-05
PAYEMS,2019-06-01,2023-02-02,150843,2022-02-04
PAYEMS,2019-06-01,2024-02-01,150797,2023-02-03
PAYEMS,2019-06-01,2025-02-06,150844,2024-02-02
PAYEMS,2019-06-01,2026-02-10,150839,2025-02-07
PAYEMS,2019-06-01,2026-07-31,150838,2026-02-11
PAYEMS,2019-07-01,2019-09-05,151431,2019-08-02
PAYEMS,2019-07-01,2019-10-03,151411,2019-09-06
PAYEMS,2019-07-01,2020-02-06,151418,2019-10-04
PAYEMS,2019-07-01,2021-02-04,150953,2020-02-07
PAYEMS,2019-07-01,2022-02-03,150913,2021-02-05
PAYEMS,2019-07-01,2023-02-02,150921,2022-02-04
PAYEMS,2019-07-01,2024-02-01,150879,2023-02-03
PAYEMS,2019-07-01,2025-02-06,150934,2024-02-02
PAYEMS,2019-07-01,2026-02-10,150936,2025-02-07
PAYEMS,2019-07-01,2026-07-31,150937,2026-02-11
PAYEMS,2019-08-01,2019-10-03,151541,2019-09-06
PAYEMS,2019-08-01,2019-10-31,151586,2019-10-04
PAYEMS,2019-08-01,2020-02-06,151637,2019-11-01
PAYEMS,2019-08-01,2021-02-04,151160,2020-02-07
PAYEMS,2019-08-01,2022-02-03,151108,2021-02-05
PAYEMS,2019-08-01,2023-02-02,151081,2022-02-04
PAYEMS,2019-08-01,2024-02-01,151111,2023-02-03
PAYEMS,2019-08-01,2025-02-06,151155,2024-02-02
PAYEMS,2019-08-01,2026-02-10,151171,2025-02-07
PAYEMS,2019-08-01,2026-07-31,151169,2026-02-11
PAYEMS,2019-09-01,2019-10-31,151722,2019-10-04
PAYEMS,2019-09-01,2019-12-05,151817,2019-11-01
PAYEMS,2019-09-01,2020-02-06,151830,2019-12-06
PAYEMS,2019-09-01,2021-02-04,151368,2020-02-07
PAYEMS,2019-09-01,2022-02-03,151329,2021-02-05
PAYEMS,2019-09-01,2023-02-02,151244,2022-02-04
PAYEMS,2019-09-01,2024-02-01,151318,2023-02-03
PAYEMS,2019-09-01,2025-02-06,151358,2024-02-02
PAYEMS,2019-09-01,2026-07-31,151365,2025-02-07
PAYEMS,2019-10-01,2019-12-05,151945,2019-11-01
PAYEMS,2019-10-01,2020-01-09,151986,2019-12-06
PAYEMS,2019-10-01,2020-02-06,151982,2020-01-10
PAYEMS,2019-10-01,2021-02-04,151553,2020-02-07
PAYEMS,2019-10-01,2022-02-03,151524,2021-02-05
PAYEMS,2019-10-01,2023-02-02,151337,2022-02-04
PAYEMS,2019-10-01,2024-02-01,151447,2023-02-03
PAYEMS,2019-10-01,2025-02-06,151458,2024-02-02
PAYEMS,2019-10-01,2026-07-31,151460,2025-02-07
PAYEMS,2019-11-01,2020-01-09,152252,2019-12-06
PAYEMS,2019-11-01,2020-02-06,152238,2020-01-10
PAYEMS,2019-11-01,2021-02-04,151814,2020-02-07
PAYEMS,2019-11-01,2022-02-03,151758,2021-02-05
PAYEMS,2019-11-01,2023-02-02,151589,2022-02-04
PAYEMS,2019-11-01,2024-02-01,151662,2023-02-03
PAYEMS,2019-11-01,2025-02-06,151666,2024-02-02
PAYEMS,2019-11-01,2026-02-10,151668,2025-02-07
PAYEMS,2019-11-01,2026-07-31,151667,2026-02-11
PAYEMS,2019-12-01,2020-02-06,152383,2020-01-10
PAYEMS,2019-12-01,2020-03-05,151961,2020-02-07
PAYEMS,2019-12-01,2021-02-04,151998,2020-03-06
PAYEMS,2019-12-01,2022-02-03,151919,2021-02-05
PAYEMS,2019-12-01,2023-02-02,151789,2022-02-04
PAYEMS,2019-12-01,2024-02-01,151764,2023-02-03
PAYEMS,2019-12-01,2025-02-06,151792,2024-02-02
PAYEMS,2019-12-01,2026-02-10,151795,2025-02-07
PAYEMS,2019-12-01,2026-07-31,151794,2026-02-11
PAYEMS,2020-01-01,2020-03-05,152186,2020-02-07
PAYEMS,2020-01-01,2020-04-02,152271,2020-03-06
PAYEMS,2020-01-01,2021-02-04,152212,2020-04-03
PAYEMS,2020-01-01,2022-02-03,152234,2021-02-05
PAYEMS,2020-01-01,2023-02-02,152128,2022-02-04
PAYEMS,2020-01-01,2024-02-01,152098,2023-02-03
PAYEMS,2020-01-01,2025-02-06,152045,2024-02-02
PAYEMS,2020-01-01,2026-07-31,152031,2025-02-07
PAYEMS,2020-02-01,2020-04-02,152544,2020-03-06
PAYEMS,2020-02-01,2020-05-07,152487,2020-04-03
PAYEMS,2020-02-01,2020-05-10,152442,2020-05-08
PAYEMS,2020-02-01,2021-02-04,152463,2020-05-11
PAYEMS,2020-02-01,2022-02-03,152523,2021-02-05
PAYEMS,2020-02-01,2023-02-02,152504,2022-02-04
PAYEMS,2020-02-01,2024-02-01,152371,2023-02-03
PAYEMS,2020-02-01,2025-02-06,152309,2024-02-02
PAYEMS,2020-02-01,2026-02-10,152292,2025-02-07
PAYEMS,2020-02-01,2026-07-31,152293,2026-02-11
PAYEMS,2020-03-01,2020-05-07,151786,2020-04-03
PAYEMS,2020-03-01,2020-05-10,151572,2020-05-08
PAYEMS,2020-03-01,2020-06-04,151582,2020-05-11
PAYEMS,2020-03-01,2021-02-04,151090,2020-06-05
PAYEMS,2020-03-01,2022-02-03,150840,2021-02-05
PAYEMS,2020-03-01,2023-02-02,151006,2022-02-04
PAYEMS,2020-03-01,2024-02-01,150944,2023-02-03
PAYEMS,2020-03-01,2025-02-06,150898,2024-02-02
PAYEMS,2020-03-01,2026-07-31,150895,2025-02-07
PAYEMS,2020-04-01,2020-05-10,131072,2020-05-08
PAYEMS,2020-04-01,2020-06-04,131045,2020-05-11
PAYEMS,2020-04-01,2020-07-01,130403,2020-06-05
PAYEMS,2020-04-01,2021-02-04,130303,2020-07-02
PAYEMS,2020-04-01,2022-02-03,130161,2021-02-05
PAYEMS,2020-04-01,2023-02-02,130513,2022-02-04
PAYEMS,2020-04-01,2024-02-01,130430,2023-02-03
PAYEMS,2020-04-01,2025-02-06,130421,2024-02-02
PAYEMS,2020-04-01,2026-02-10,130424,2025-02-07
PAYEMS,2020-04-01,2026-07-31,130426,2026-02-11
PAYEMS,2020-05-01,2020-07-01,132912,2020-06-05
PAYEMS,2020-05-01,2020-08-06,133002,2020-07-02
PAYEMS,2020-05-01,2021-02-04,133028,2020-08-07
PAYEMS,2020-05-01,2022-02-03,132994,2021-02-05
PAYEMS,2020-05-01,2023-02-02,133155,2022-02-04
PAYEMS,2020-05-01,2024-02-01,133055,2023-02-03
PAYEMS,2020-05-01,2026-07-31,133040,2024-02-02
PAYEMS,2020-06-01,2020-08-06,137802,2020-07-02
PAYEMS,2020-06-01,2020-09-03,137819,2020-08-07
PAYEMS,2020-06-01,2021-02-04,137809,2020-09-04
PAYEMS,2020-06-01,2022-02-03,137840,2021-02-05
PAYEMS,2020-06-01,2023-02-02,137660,2022-02-04
PAYEMS,2020-06-01,2024-02-01,137620,2023-02-03
PAYEMS,2020-06-01,2025-02-06,137655,2024-02-02
PAYEMS,2020-06-01,2026-07-31,137671,2025-02-07
PAYEMS,2020-07-01,2020-09-03,139582,2020-08-07
PAYEMS,2020-07-01,2020-10-01,139543,2020-09-04
PAYEMS,2020-07-01,2021-02-04,139570,2020-10-02
PAYEMS,2020-07-01,2022-02-03,139566,2021-02-05
PAYEMS,2020-07-01,2023-02-02,139048,2022-02-04
PAYEMS,2020-07-01,2024-02-01,139064,2023-02-03
PAYEMS,2020-07-01,2025-02-06,139240,2024-02-02
PAYEMS,2020-07-01,2026-07-31,139255,2025-02-07
PAYEMS,2020-08-01,2020-10-01,140914,2020-09-04
PAYEMS,2020-08-01,2020-11-05,141059,2020-10-02
PAYEMS,2020-08-01,2021-02-04,141063,2020-11-06
PAYEMS,2020-08-01,2022-02-03,141149,2021-02-05
PAYEMS,2020-08-01,2023-02-02,140713,2022-02-04
PAYEMS,2020-08-01,2024-02-01,140799,2023-02-03
PAYEMS,2020-08-01,2025-02-06,140774,2024-02-02
PAYEMS,2020-08-01,2026-02-10,140819,2025-02-07
PAYEMS,2020-08-01,2026-07-31,140821,2026-02-11
PAYEMS,2020-09-01,2020-11-05,141720,2020-10-02
PAYEMS,2020-09-01,2020-12-03,141735,2020-11-06
PAYEMS,2020-09-01,2021-02-04,141774,2020-12-04
PAYEMS,2020-09-01,2022-02-03,141865,2021-02-05
PAYEMS,2020-09-01,2023-02-02,141632,2022-02-04
PAYEMS,2020-09-01,2024-02-01,141760,2023-02-03
PAYEMS,2020-09-01,2025-02-06,141820,2024-02-02
PAYEMS,2020-09-01,2026-07-31,141770,2025-02-07
PAYEMS,2020-10-01,2020-12-03,142373,2020-11-06
PAYEMS,2020-10-01,2021-01-07,142384,2020-12-04
PAYEMS,2020-10-01,2021-02-04,142428,2021-01-08
PAYEMS,2020-10-01,2022-02-03,142545,2021-02-05
PAYEMS,2020-10-01,2023-02-02,142279,2022-02-04
PAYEMS,2020-10-01,2024-02-01,142479,2023-02-03
PAYEMS,2020-10-01,2025-02-06,142493,2024-02-02
PAYEMS,2020-10-01,2026-02-10,142461,2025-02-07
PAYEMS,2020-10-01,2026-07-31,142460,2026-02-11
PAYEMS,2020-11-01,2021-01-07,142629,2020-12-04
PAYEMS,2020-11-01,2021-02-04,142764,2021-01-08
PAYEMS,2020-11-01,2022-02-03,142809,2021-02-05
PAYEMS,2020-11-01,2023-02-02,142612,2022-02-04
PAYEMS,2020-11-01,2024-02-01,142743,2023-02-03
PAYEMS,2020-11-01,2025-02-06,142761,2024-02-02
PAYEMS,2020-11-01,2026-02-10,142731,2025-02-07
PAYEMS,2020-11-01,2026-07-31,142733,2026-02-11
PAYEMS,2020-12-01,2021-02-04,142624,2021-01-08
PAYEMS,2020-12-01,2021-03-04,142582,2021-02-05
PAYEMS,2020-12-01,2022-02-03,142503,2021-03-05
PAYEMS,2020-12-01,2023-02-02,142497,2022-02-04
PAYEMS,2020-12-01,2024-02-01,142475,2023-02-03
PAYEMS,2020-12-01,2025-02-06,142518,2024-02-02
PAYEMS,2020-12-01,2026-07-31,142548,2025-02-07
PAYEMS,2021-01-01,2021-03-04,142631,2021-02-05
PAYEMS,2021-01-01,2021-04-01,142669,2021-03-05
PAYEMS,2021-01-01,2022-02-03,142736,2021-04-02
PAYEMS,2021-01-01,2023-02-02,143017,2022-02-04
PAYEMS,2021-01-01,2024-02-01,142969,2023-02-03
PAYEMS,2021-01-01,2025-02-06,142916,2024-02-02
PAYEMS,2021-01-01,2026-02-10,142913,2025-02-07
PAYEMS,2021-01-01,2026-07-31,142863,2026-02-11
PAYEMS,2021-02-01,2021-04-01,143048,2021-03-05
PAYEMS,2021-02-01,2021-05-06,143204,2021-04-02
PAYEMS,2021-02-01,2022-02-03,143272,2021-05-07
PAYEMS,2021-02-01,2023-02-02,143727,2022-02-04
PAYEMS,2021-02-01,2024-02-01,143544,2023-02-03
PAYEMS,2021-02-01,2025-02-06,143443,2024-02-02
PAYEMS,2021-02-01,2026-02-10,143422,2025-02-07
PAYEMS,2021-02-01,2026-07-31,143380,2026-02-11
PAYEMS,2021-03-01,2021-05-06,144120,2021-04-02
PAYEMS,2021-03-01,2021-06-03,144042,2021-05-07
PAYEMS,2021-03-01,2022-02-03,144057,2021-06-04
PAYEMS,2021-03-01,2023-02-02,144431,2022-02-04
PAYEMS,2021-03-01,2024-02-01,144328,2023-02-03
PAYEMS,2021-03-01,2025-02-06,144274,2024-02-02
PAYEMS,2021-03-01,2026-02-10,144246,2025-02-07
PAYEMS,2021-03-01,2026-07-31,144232,2026-02-11
PAYEMS,2021-04-01,2021-06-03,144308,2021-05-07
PAYEMS,2021-04-01,2021-07-01,144335,2021-06-04
PAYEMS,2021-04-01,2022-02-03,144326,2021-07-02
PAYEMS,2021-04-01,2023-02-02,144694,2022-02-04
PAYEMS,2021-04-01,2024-02-01,144614,2023-02-03
PAYEMS,2021-04-01,2025-02-06,144593,2024-02-02
PAYEMS,2021-04-01,2026-02-10,144611,2025-02-07
PAYEMS,2021-04-01,2026-07-31,144587,2026-02-11
PAYEMS,2021-05-01,2021-07-01,144894,2021-06-04
PAYEMS,2021-05-01,2021-08-05,144909,2021-07-02
PAYEMS,2021-05-01,2022-02-03,144940,2021-08-06
PAYEMS,2021-05-01,2023-02-02,145141,2022-02-04
PAYEMS,2021-05-01,2024-02-01,145096,2023-02-03
PAYEMS,2021-05-01,2025-02-06,145044,2024-02-02
PAYEMS,2021-05-01,2026-02-10,145032,2025-02-07
PAYEMS,2021-05-01,2026-07-31,145065,2026-02-11
PAYEMS,2021-06-01,2021-08-05,145759,2021-07-02
PAYEMS,2021-06-01,2021-09-02,145878,2021-08-06
PAYEMS,2021-06-01,2022-02-03,145902,2021-09-03
PAYEMS,2021-06-01,2023-02-02,145698,2022-02-04
PAYEMS,2021-06-01,2024-02-01,145789,2023-02-03
PAYEMS,2021-06-01,2025-02-06,145822,2024-02-02
PAYEMS,2021-06-01,2026-02-10,145828,2025-02-07
PAYEMS,2021-06-01,2026-07-31,145820,2026-02-11
PAYEMS,2021-07-01,2021-09-02,146821,2021-08-06
PAYEMS,2021-07-01,2021-10-07,146955,2021-09-03
PAYEMS,2021-07-01,2022-02-03,146993,2021-10-08
PAYEMS,2021-07-01,2023-02-02,146387,2022-02-04
PAYEMS,2021-07-01,2024-02-01,146558,2023-02-03
PAYEMS,2021-07-01,2025-02-06,146761,2024-02-02
PAYEMS,2021-07-01,2026-02-10,146759,2025-02-07
PAYEMS,2021-07-01,2026-07-31,146762,2026-02-11
PAYEMS,2021-08-01,2021-10-07,147190,2021-09-03
PAYEMS,2021-08-01,2021-11-04,147359,2021-10-08
PAYEMS,2021-08-01,2022-02-03,147476,2021-11-05
PAYEMS,2021-08-01,2023-02-02,146904,2022-02-04
PAYEMS,2021-08-01,2024-02-01,147221,2023-02-03
PAYEMS,2021-08-01,2025-02-06,147226,2024-02-02
PAYEMS,2021-08-01,2026-02-10,147246,2025-02-07
PAYEMS,2021-08-01,2026-07-31,147314,2026-02-11
PAYEMS,2021-09-01,2021-11-04,147553,2021-10-08
PAYEMS,2021-09-01,2021-12-02,147788,2021-11-05
PAYEMS,2021-09-01,2022-02-03,147855,2021-12-03
PAYEMS,2021-09-01,2023-02-02,147328,2022-02-04
PAYEMS,2021-09-01,2024-02-01,147778,2023-02-03
PAYEMS,2021-09-01,2025-02-06,147706,2024-02-02
PAYEMS,2021-09-01,2026-02-10,147712,2025-02-07
PAYEMS,2021-09-01,2026-07-31,147771,2026-02-11
PAYEMS,2021-10-01,2021-12-02,148319,2021-11-05
PAYEMS,2021-10-01,2022-01-06,148401,2021-12-03
PAYEMS,2021-10-01,2022-02-03,148503,2022-01-07
PAYEMS,2021-10-01,2023-02-02,148005,2022-02-04
PAYEMS,2021-10-01,2024-02-01,148559,2023-02-03
PAYEMS,2021-10-01,2025-02-06,148566,2024-02-02
PAYEMS,2021-10-01,2026-02-10,148569,2025-02-07
PAYEMS,2021-10-01,2026-07-31,148572,2026-02-11
PAYEMS,2021-11-01,2022-01-06,148611,2021-12-03
PAYEMS,2021-11-01,2022-02-03,148752,2022-01-07
PAYEMS,2021-11-01,2023-02-02,148652,2022-02-04
PAYEMS,2021-11-01,2024-02-01,149173,2023-02-03
PAYEMS,2021-11-01,2025-02-06,149197,2024-02-02
PAYEMS,2021-11-01,2026-02-10,149206,2025-02-07
PAYEMS,2021-11-01,2026-07-31,149230,2026-02-11
PAYEMS,2021-12-01,2022-02-03,148951,2022-01-07
PAYEMS,2021-12-01,2022-03-03,149162,2022-02-04
PAYEMS,2021-12-01,2023-02-02,149240,2022-03-04
PAYEMS,2021-12-01,2024-02-01,149742,2023-02-03
PAYEMS,2021-12-01,2025-02-06,149763,2024-02-02
PAYEMS,2021-12-01,2026-02-10,149781,2025-02-07
PAYEMS,2021-12-01,2026-07-31,149816,2026-02-11
PAYEMS,2022-01-01,2022-03-03,149629,2022-02-04
PAYEMS,2022-01-01,2022-03-31,149721,2022-03-04
PAYEMS,2022-01-01,2023-02-02,149744,2022-04-01
PAYEMS,2022-01-01,2024-02-01,150106,2023-02-03
PAYEMS,2022-01-01,2025-02-06,150014,2024-02-02
PAYEMS,2022-01-01,2026-07-31,150006,2025-02-07
PAYEMS,2022-02-01,2022-03-31,150399,2022-03-04
PAYEMS,2022-02-01,2022-05-05,150494,2022-04-01
PAYEMS,2022-02-01,2023-02-02,150458,2022-05-06
PAYEMS,2022-02-01,2024-02-01,151010,2023-02-03
PAYEMS,2022-02-01,2025-02-06,150876,2024-02-02
PAYEMS,2022-02-01,2026-02-10,150875,2025-02-07
PAYEMS,2022-02-01,2026-07-31,150825,2026-02-11
PAYEMS,2022-03-01,2022-05-05,150925,2022-04-01
PAYEMS,2022-03-01,2022-06-02,150886,2022-05-06
PAYEMS,2022-03-01,2023-02-02,150856,2022-06-03
PAYEMS,2022-03-01,2024-02-01,151424,2023-02-03
PAYEMS,2022-03-01,2025-02-06,151370,2024-02-02
PAYEMS,2022-03-01,2026-02-10,151346,2025-02-07
PAYEMS,2022-03-01,2026-07-31,151315,2026-02-11
PAYEMS,2022-04-01,2022-06-02,151314,2022-05-06
PAYEMS,2022-04-01,2022-07-07,151292,2022-06-03
PAYEMS,2022-04-01,2023-02-02,151224,2022-07-08
PAYEMS,2022-04-01,2024-02-01,151678,2023-02-03
PAYEMS,2022-04-01,2025-02-06,151642,2024-02-02
PAYEMS,2022-04-01,2026-02-10,151651,2025-02-07
PAYEMS,2022-04-01,2026-07-31,151623,2026-02-11
PAYEMS,2022-05-01,2022-07-07,151682,2022-06-03
PAYEMS,2022-05-01,2022-08-04,151608,2022-07-08
PAYEMS,2022-05-01,2023-02-02,151610,2022-08-05
PAYEMS,2022-05-01,2024-02-01,152042,2023-02-03
PAYEMS,2022-05-01,2025-02-06,151928,2024-02-02
PAYEMS,2022-05-01,2026-02-10,151892,2025-02-07
PAYEMS,2022-05-01,2026-07-31,151924,2026-02-11
PAYEMS,2022-06-01,2022-08-04,151980,2022-07-08
PAYEMS,2022-06-01,2022-09-01,152008,2022-08-05
PAYEMS,2022-06-01,2023-02-02,151903,2022-09-02
PAYEMS,2022-06-01,2024-02-01,152412,2023-02-03
PAYEMS,2022-06-01,2025-02-06,152348,2024-02-02
PAYEMS,2022-06-01,2026-02-10,152353,2025-02-07
PAYEMS,2022-06-01,2026-07-31,152358,2026-02-11
PAYEMS,2022-07-01,2022-09-01,152536,2022-08-05
PAYEMS,2022-07-01,2022-10-06,152429,2022-09-02
PAYEMS,2022-07-01,2023-02-02,152440,2022-10-07
PAYEMS,2022-07-01,2024-02-01,152980,2023-02-03
PAYEMS,2022-07-01,2025-02-06,153038,2024-02-02
PAYEMS,2022-07-01,2026-02-10,153049,2025-02-07
PAYEMS,2022-07-01,2026-07-31,153072,2026-02-11
PAYEMS,2022-08-01,2022-10-06,152744,2022-09-02
PAYEMS,2022-08-01,2022-11-03,152755,2022-10-07
PAYEMS,2022-08-01,2023-02-02,152732,2022-11-04
PAYEMS,2022-08-01,2024-02-01,153332,2023-02-03
PAYEMS,2022-08-01,2025-02-06,153281,2024-02-02
PAYEMS,2022-08-01,2026-02-10,153286,2025-02-07
PAYEMS,2022-08-01,2026-07-31,153362,2026-02-11
PAYEMS,2022-09-01,2022-11-03,153018,2022-10-07
PAYEMS,2022-09-01,2022-12-01,153047,2022-11-04
PAYEMS,2022-09-01,2023-02-02,153001,2022-12-02
PAYEMS,2022-09-01,2024-02-01,153682,2023-02-03
PAYEMS,2022-09-01,2025-02-06,153536,2024-02-02
PAYEMS,2022-09-01,2026-02-10,153513,2025-02-07
PAYEMS,2022-09-01,2026-07-31,153582,2026-02-11
PAYEMS,2022-10-01,2022-12-01,153308,2022-11-04
PAYEMS,2022-10-01,2023-01-05,153285,2022-12-02
PAYEMS,2022-10-01,2023-02-02,153264,2023-01-06
PAYEMS,2022-10-01,2024-02-01,154006,2023-02-03
PAYEMS,2022-10-01,2025-02-06,153897,2024-02-02
PAYEMS,2022-10-01,2026-02-10,153913,2025-02-07
PAYEMS,2022-10-01,2026-07-31,153939,2026-02-11
PAYEMS,2022-11-01,2023-01-05,153548,2022-12-02
PAYEMS,2022-11-01,2023-02-02,153520,2023-01-06
PAYEMS,2022-11-01,2024-02-01,154296,2023-02-03
PAYEMS,2022-11-01,2025-02-06,154155,2024-02-02
PAYEMS,2022-11-01,2026-02-10,154210,2025-02-07
PAYEMS,2022-11-01,2026-07-31,154242,2026-02-11
PAYEMS,2022-12-01,2023-02-02,153743,2023-01-06
PAYEMS,2022-12-01,2023-03-09,154556,2023-02-03
PAYEMS,2022-12-01,2024-02-01,154535,2023-03-10
PAYEMS,2022-12-01,2025-02-06,154291,2024-02-02
PAYEMS,2022-12-01,2026-02-10,154336,2025-02-07
PAYEMS,2022-12-01,2026-07-31,154342,2026-02-11
PAYEMS,2023-01-01,2023-03-09,155073,2023-02-03
PAYEMS,2023-01-01,2023-04-06,155039,2023-03-10
PAYEMS,2023-01-01,2024-02-01,155007,2023-04-07
PAYEMS,2023-01-01,2025-02-06,154773,2024-02-02
PAYEMS,2023-01-01,2026-02-10,154780,2025-02-07
PAYEMS,2023-01-01,2026-07-31,154776,2026-02-11
PAYEMS,2023-02-01,2023-04-06,155350,2023-03-10
PAYEMS,2023-02-01,2023-05-04,155333,2023-04-07
PAYEMS,2023-02-01,2024-02-01,155255,2023-05-05
PAYEMS,2023-02-01,2025-02-06,155060,2024-02-02
PAYEMS,2023-02-01,2026-02-10,155086,2025-02-07
PAYEMS,2023-02-01,2026-07-31,155066,2026-02-11
PAYEMS,2023-03-01,2023-05-04,155569,2023-04-07
PAYEMS,2023-03-01,2023-06-01,155420,2023-05-05
PAYEMS,2023-03-01,2024-02-01,155472,2023-06-02
PAYEMS,2023-03-01,2025-02-06,155206,2024-02-02
PAYEMS,2023-03-01,2026-02-10,155171,2025-02-07
PAYEMS,2023-03-01,2026-07-31,155134,2026-02-11
PAYEMS,2023-04-01,2023-06-01,155673,2023-05-05
PAYEMS,2023-04-01,2023-07-06,155766,2023-06-02
PAYEMS,2023-04-01,2024-02-01,155689,2023-07-07
PAYEMS,2023-04-01,2025-02-06,155484,2024-02-02
PAYEMS,2023-04-01,2026-02-10,155387,2025-02-07
PAYEMS,2023-04-01,2026-07-31,155375,2026-02-11
PAYEMS,2023-05-01,2023-07-06,156105,2023-06-02
PAYEMS,2023-05-01,2023-08-03,155995,2023-07-07
PAYEMS,2023-05-01,2024-02-01,155970,2023-08-04
PAYEMS,2023-05-01,2025-02-06,155787,2024-02-02
PAYEMS,2023-05-01,2026-02-10,155614,2025-02-07
PAYEMS,2023-05-01,2026-07-31,155655,2026-02-11
PAYEMS,2023-06-01,2023-08-03,156204,2023-07-07
PAYEMS,2023-06-01,2023-08-31,156155,2023-08-04
PAYEMS,2023-06-01,2024-02-01,156075,2023-09-01
PAYEMS,2023-06-01,2025-02-06,156027,2024-02-02
PAYEMS,2023-06-01,2026-02-10,155871,2025-02-07
PAYEMS,2023-06-01,2026-07-31,155880,2026-02-11
PAYEMS,2023-07-01,2023-08-31,156342,2023-08-04
PAYEMS,2023-07-01,2023-10-05,156232,2023-09-01
PAYEMS,2023-07-01,2024-02-01,156311,2023-10-06
PAYEMS,2023-07-01,2025-02-06,156211,2024-02-02
PAYEMS,2023-07-01,2026-02-10,156019,2025-02-07
PAYEMS,2023-07-01,2026-07-31,156043,2026-02-11
PAYEMS,2023-08-01,2023-10-05,156419,2023-09-01
PAYEMS,2023-08-01,2023-11-02,156538,2023-10-06
PAYEMS,2023-08-01,2024-02-01,156476,2023-11-03
PAYEMS,2023-08-01,2025-02-06,156421,2024-02-02
PAYEMS,2023-08-01,2026-02-10,156176,2025-02-07
PAYEMS,2023-08-01,2026-07-31,156261,2026-02-11
PAYEMS,2023-09-01,2023-11-02,156874,2023-10-06
PAYEMS,2023-09-01,2023-12-07,156773,2023-11-03
PAYEMS,2023-09-01,2024-02-01,156738,2023-12-08
PAYEMS,2023-09-01,2025-02-06,156667,2024-02-02
PAYEMS,2023-09-01,2026-02-10,156334,2025-02-07
PAYEMS,2023-09-01,2026-07-31,156417,2026-02-11
PAYEMS,2023-10-01,2023-12-07,156923,2023-11-03
PAYEMS,2023-10-01,2024-01-04,156888,2023-12-08
PAYEMS,2023-10-01,2024-02-01,156843,2024-01-05
PAYEMS,2023-10-01,2025-02-06,156832,2024-02-02
PAYEMS,2023-10-01,2026-02-10,156520,2025-02-07
PAYEMS,2023-10-01,2026-07-31,156576,2026-02-11
PAYEMS,2023-11-01,2024-01-04,157087,2023-12-08
PAYEMS,2023-11-01,2024-02-01,157016,2024-01-05
PAYEMS,2023-11-01,2025-02-06,157014,2024-02-02
PAYEMS,2023-11-01,2026-02-10,156661,2025-02-07
PAYEMS,2023-11-01,2026-07-31,156703,2026-02-11
PAYEMS,2023-12-01,2024-02-01,157232,2024-01-05
PAYEMS,2023-12-01,2024-03-07,157347,2024-02-02
PAYEMS,2023-12-01,2025-02-06,157304,2024-03-08
PAYEMS,2023-12-01,2026-02-10,156930,2025-02-07
PAYEMS,2023-12-01,2026-07-31,156857,2026-02-11
PAYEMS,2024-01-01,2024-03-07,157700,2024-02-02
PAYEMS,2024-01-01,2024-04-04,157533,2024-03-08
PAYEMS,2024-01-01,2025-02-06,157560,2024-04-05
PAYEMS,2024-01-01,2026-02-10,157049,2025-02-07
PAYEMS,2024-01-01,2026-07-31,157032,2026-02-11
PAYEMS,2024-02-01,2024-04-04,157808,2024-03-08
PAYEMS,2024-02-01,2024-05-02,157830,2024-04-05
PAYEMS,2024-02-01,2025-02-06,157796,2024-05-03
PAYEMS,2024-02-01,2026-02-10,157271,2025-02-07
PAYEMS,2024-02-01,2026-07-31,157238,2026-02-11
PAYEMS,2024-03-01,2024-05-02,158133,2024-04-05
PAYEMS,2024-03-01,2024-06-06,158111,2024-05-03
PAYEMS,2024-03-01,2025-02-06,158106,2024-06-07
PAYEMS,2024-03-01,2026-02-10,157517,2025-02-07
PAYEMS,2024-03-01,2026-07-31,157466,2026-02-11
PAYEMS,2024-04-01,2024-06-06,158286,2024-05-03
PAYEMS,2024-04-01,2024-07-04,158271,2024-06-07
PAYEMS,2024-04-01,2025-02-06,158214,2024-07-05
PAYEMS,2024-04-01,2026-02-10,157635,2025-02-07
PAYEMS,2024-04-01,2026-07-31,157530,2026-02-11
PAYEMS,2024-05-01,2024-07-04,158543,2024-06-07
PAYEMS,2024-05-01,2024-08-01,158432,2024-07-05
PAYEMS,2024-05-01,2025-02-06,158430,2024-08-02
PAYEMS,2024-05-01,2026-02-10,157828,2025-02-07
PAYEMS,2024-05-01,2026-07-31,157608,2026-02-11
PAYEMS,2024-06-01,2024-08-01,158638,2024-07-05
PAYEMS,2024-06-01,2024-09-05,158609,2024-08-02
PAYEMS,2024-06-01,2025-02-06,158548,2024-09-06
PAYEMS,2024-06-01,2026-02-10,157915,2025-02-07
PAYEMS,2024-06-01,2026-07-31,157695,2026-02-11
PAYEMS,2024-07-01,2024-09-05,158723,2024-08-02
PAYEMS,2024-07-01,2024-10-03,158637,2024-09-06
PAYEMS,2024-07-01,2025-02-06,158692,2024-10-04
PAYEMS,2024-07-01,2026-02-10,158003,2025-02-07
PAYEMS,2024-07-01,2026-07-31,157748,2026-02-11
PAYEMS,2024-08-01,2024-10-03,158779,2024-09-06
PAYEMS,2024-08-01,2024-10-31,158851,2024-10-04
PAYEMS,2024-08-01,2025-02-06,158770,2024-11-01
PAYEMS,2024-08-01,2026-02-10,158074,2025-02-07
PAYEMS,2024-08-01,2026-07-31,157757,2026-02-11
PAYEMS,2024-09-01,2024-10-31,159105,2024-10-04
PAYEMS,2024-09-01,2024-12-05,158993,2024-11-01
PAYEMS,2024-09-01,2025-02-06,159025,2024-12-06
PAYEMS,2024-09-01,2026-02-10,158314,2025-02-07
PAYEMS,2024-09-01,2026-07-31,157912,2026-02-11
PAYEMS,2024-10-01,2024-12-05,159005,2024-11-01
PAYEMS,2024-10-01,2025-01-09,159061,2024-12-06
PAYEMS,2024-10-01,2025-02-06,159068,2025-01-10
PAYEMS,2024-10-01,2026-02-10,158358,2025-02-07
PAYEMS,2024-10-01,2026-07-31,157945,2026-02-11
PAYEMS,2024-11-01,2025-01-09,159288,2024-12-06
PAYEMS,2024-11-01,2025-02-06,159280,2025-01-10
PAYEMS,2024-11-01,2026-02-10,158619,2025-02-07
PAYEMS,2024-11-01,2026-07-31,158079,2026-02-11
PAYEMS,2024-12-01,2025-02-06,159536,2025-01-10
PAYEMS,2024-12-01,2025-03-06,158926,2025-02-07
PAYEMS,2024-12-01,2026-02-10,158942,2025-03-07
PAYEMS,2024-12-01,2026-07-31,158316,2026-02-11
PAYEMS,2025-01-01,2025-03-06,159069,2025-02-07
PAYEMS,2025-01-01,2025-04-03,159067,2025-03-07
PAYEMS,2025-01-01,2026-02-10,159053,2025-04-04
PAYEMS,2025-01-01,2026-07-31,158268,2026-02-11
PAYEMS,2025-02-01,2025-04-03,159218,2025-03-07
PAYEMS,2025-02-01,2025-05-01,159170,2025-04-04
PAYEMS,2025-02-01,2026-02-10,159155,2025-05-02
PAYEMS,2025-02-01,2026-07-31,158310,2026-02-11
PAYEMS,2025-03-01,2025-05-01,159398,2025-04-04
PAYEMS,2025-03-01,2025-06-05,159340,2025-05-02
PAYEMS,2025-03-01,2026-02-10,159275,2025-06-06
PAYEMS,2025-03-01,2026-07-31,158377,2026-02-11
PAYEMS,2025-04-01,2025-06-05,159517,2025-05-02
PAYEMS,2025-04-01,2025-07-02,159422,2025-06-06
PAYEMS,2025-04-01,2026-02-10,159433,2025-07-03
PAYEMS,2025-04-01,2026-07-31,158485,2026-02-11
PAYEMS,2025-05-01,2025-07-02,159561,2025-06-06
PAYEMS,2025-05-01,2025-07-31,159577,2025-07-03
PAYEMS,2025-05-01,2026-02-10,159452,2025-08-01
PAYEMS,2025-05-01,2026-07-31,158498,2026-02-11
PAYEMS,2025-06-01,2025-07-31,159724,2025-07-03
PAYEMS,2025-06-01,2025-09-04,159466,2025-08-01
PAYEMS,2025-06-01,2026-02-10,159439,2025-09-05
PAYEMS,2025-06-01,2026-07-31,158478,2026-02-11
PAYEMS,2025-07-01,2025-09-04,159539,2025-08-01
PAYEMS,2025-07-01,2025-11-19,159518,2025-09-05
PAYEMS,2025-07-01,2026-02-10,159511,2025-11-20
PAYEMS,2025-07-01,2026-07-31,158542,2026-02-11
PAYEMS,2025-08-01,2025-11-19,159540,2025-09-05
PAYEMS,2025-08-01,2025-12-15,159507,2025-11-20
PAYEMS,2025-08-01,2026-02-10,159485,2025-12-16
PAYEMS,2025-08-01,2026-07-31,158472,2026-02-11
PAYEMS,2025-09-01,2025-12-15,159626,2025-11-20
PAYEMS,2025-09-01,2026-02-10,159593,2025-12-16
PAYEMS,2025-09-01,2026-07-31,158548,2026-02-11
PAYEMS,2025-10-01,2026-01-08,159488,2025-12-16
PAYEMS,2025-10-01,2026-02-10,159420,2026-01-09
PAYEMS,2025-10-01,2026-07-31,158408,2026-02-11
PAYEMS,2025-11-01,2026-01-08,159552,2025-12-16
PAYEMS,2025-11-01,2026-02-10,159476,2026-01-09
PAYEMS,2025-11-01,2026-07-31,158449,2026-02-11
PAYEMS,2025-12-01,2026-02-10,159526,2026-01-09
PAYEMS,2025-12-01,2026-03-05,158497,2026-02-11
PAYEMS,2025-12-01,2026-07-31,158432,2026-03-06
PAYEMS,2026-01-01,2026-03-05,158627,2026-02-11
PAYEMS,2026-01-01,2026-04-02,158558,2026-03-06
PAYEMS,2026-01-01,2026-07-31,158592,2026-04-03
PAYEMS,2026-02-01,2026-04-02,158466,2026-03-06
PAYEMS,2026-02-01,2026-05-07,158459,2026-04-03
PAYEMS,2026-02-01,2026-07-31,158436,2026-05-08
PAYEMS,2026-03-01,2026-05-07,158637,2026-04-03
PAYEMS,2026-03-01,2026-06-04,158621,2026-05-08
PAYEMS,2026-03-01,2026-07-31,158650,2026-06-05
PAYEMS,2026-04-01,2026-06-04,158736,2026-05-08
PAYEMS,2026-04-01,2026-07-01,158829,2026-06-05
PAYEMS,2026-04-01,2026-07-31,158798,2026-07-02
PAYEMS,2026-05-01,2026-07-01,159001,2026-06-05
PAYEMS,2026-05-01,2026-07-31,158927,2026-07-02
PAYEMS,2026-06-01,2026-07-31,158984,2026-07-02
