date,AGG,DBC,DIA,EEM,EFA,FXF,FXY,GC=F,GLD,HYG,IEF,IWF,IWM,LQD,QQQ,SHY,SMH,SOXX,SPY,TIP,TLT,UUP,VBMFX,VEIEX,VFINX,VFISX,VFITX,VGTSX,VIPSX,VNQ,VUSTX,VWEHX,XHB,XLB,XLE,XLI,XLK,XLP,XLU,XLV,XLY
1990-01-31,,,,,,,,,,,,,,,,,,,,,,,1.67977774143219,,15.264338493347168,,,,,,1.0566877126693726,0.492815762758255,,,,,,,,,
1990-02-28,,,,,,,,,,,,,,,,,,,,,,,1.6924082040786743,,15.4589204788208,,,,,,1.0532363653182983,0.48389124870300293,,,,,,,,,
1990-03-31,,,,,,,,,,,,,,,,,,,,,,,1.6937588453292847,,15.862143516540527,,,,,,1.049454927444458,0.49192294478416443,,,,,,,,,
1990-04-30,,,,,,,,,,,,,,,,,,,,,,,1.6784710884094238,,15.465343475341797,,,,,,1.0208805799484253,0.4930742383003235,,,,,,,,,
1990-05-31,,,,,,,,,,,,,,,,,,,,,,,1.7265621423721313,,16.96436309814453,,,,,,1.06679368019104,0.5047858953475952,,,,,,,,,
1990-06-30,,,,,,,,,,,,,,,,,,,,,,,1.754328727722168,,16.8531494140625,,,,,,1.0912652015686035,0.5130019187927246,,,,,,,,,
1990-07-31,,,,,,,,,,,,,,,,,,,,,,,1.7765847444534302,,16.794057846069336,,,,,,1.0988677740097046,0.5227932929992676,,,,,,,,,
1990-08-31,,,,,,,,,,,,,,,,,,,,,,,1.7551292181015015,,15.277165412902832,,,,,,1.0522428750991821,0.49689963459968567,,,,,,,,,
1990-09-30,,,,,,,,,,,,,,,,,,,,,,,1.7679518461227417,,14.527920722961426,,,,,,1.0644580125808716,0.4667336940765381,,,,,,,,,
1990-10-31,,,,,,,,,,,,,,,,,,,,,,,1.7944086790084839,,14.468461036682129,,,,,,1.0875259637832642,0.4575055241584778,,,,,,,,,
1990-11-30,,,,,,,,,,,,,,,,,,,,,,,1.8345080614089966,,15.39998722076416,,,,,,1.1376993656158447,0.4682345688343048,,,,,,,,,
1990-12-31,,,,,,,,,,,,,,,,,,,,,,,1.8613417148590088,,15.815570831298828,,,,,,1.1612162590026855,0.4738132357597351,,,,,,,,,
1991-01-31,,,,,,,,,,,,,,,,,,,,,,,1.8822137117385864,,16.504072189331055,,,,,,1.1738555431365967,0.4776894450187683,,,,,,,,,
1991-02-28,,,,,,,,,,,,,,,,,,,,,,,1.8970266580581665,,17.6785945892334,,,,,,1.1797817945480347,0.5029075741767883,,,,,,,,,
1991-03-31,,,,,,,,,,,,,,,,,,,,,,,1.910180687904358,,18.103506088256836,,,,,,1.1831294298171997,0.5212098956108093,,,,,,,,,
1991-04-30,,,,,,,,,,,,,,,,,,,,,,,1.9292739629745483,,18.139184951782227,,,,,,1.1983542442321777,0.5374149084091187,,,,,,,,,
1991-05-31,,,,,,,,,,,,,,,,,,,,,,,1.9423471689224243,,18.91411018371582,,,,,,1.1966538429260254,0.5404175519943237,,,,,,,,,
1991-06-30,,,,,,,,,,,,,,,,,,,,,,,1.9412516355514526,,18.052444458007812,,,,,,1.1873536109924316,0.5504238605499268,,,,,,,,,
1991-07-31,,,,,,,,,,,,,,,,,,,,,,,1.966921091079712,,18.8876895904541,,,,,,1.2056268453598022,0.5637747645378113,,,,,,,,,
1991-08-31,,,,,,,,,,,,,,,,,,,,,,,2.0072076320648193,,19.328365325927734,,,,,,1.2476598024368286,0.5731595158576965,,,,,,,,,
1991-09-30,,,,,,,,,,,,,,,,,,,,,,,2.047844409942627,,19.005788803100586,,,,,,1.2844603061676025,0.5834413170814514,,,,,,,,,
1991-10-31,,,,,,,,,,,,,,,,,,,,,,,2.0674960613250732,,19.258094787597656,3.0517334938049316,2.0981523990631104,,,,1.283477544784546,0.596325695514679,,,,,,,,,
1991-11-30,,,,,,,,,,,,,,,,,,,,,,,2.083045244216919,,18.4857177734375,3.077341079711914,2.1192214488983154,,,,1.2838077545166016,0.6034397482872009,,,,,,,,,
1991-12-31,,,,,,,,,,,,,,,,,,,,,,,2.1466875076293945,,20.59178924560547,3.1317503452301025,2.1984572410583496,,,,1.36429762840271,0.6131720542907715,,,,,,,,,
1992-01-31,,,,,,,,,,,,,,,,,,,,,,,2.1175832748413086,,20.209394454956055,3.1174063682556152,2.1512858867645264,,,,1.3219082355499268,0.6280417442321777,,,,,,,,,
1992-02-29,,,,,,,,,,,,,,,,,,,,,,,2.1311354637145996,,20.460819244384766,3.1236233711242676,2.1625897884368896,,,,1.3293781280517578,0.6386343240737915,,,,,,,,,
1992-03-31,,,,,,,,,,,,,,,,,,,,,,,2.1205437183380127,,20.066905975341797,3.1159584522247314,2.1429202556610107,,,,1.3148167133331299,0.6432112455368042,,,,,,,,,
1992-04-30,,,,,,,,,,,,,,,,,,,,,,,2.1357498168945312,,20.651691436767578,3.145845651626587,2.1551458835601807,,,,1.3139370679855347,0.6470376253128052,,,,,,,,,
1992-05-31,,,,,,,,,,,,,,,,,,,,,,,2.1753649711608887,,20.751781463623047,3.182443380355835,2.2022531032562256,,,,1.349495530128479,0.6570114493370056,,,,,,,,,
1992-06-30,,,,,,,,,,,,,,,,,,,,,,,2.2040793895721436,,20.442256927490234,3.221686840057373,2.2424659729003906,,,,1.3646752834320068,0.6651920676231384,,,,,,,,,
1992-07-31,,,,,,,,,,,,,,,,,,,,,,,2.246363401412964,,21.268850326538086,3.2705178260803223,2.3115315437316895,,,,1.4181736707687378,0.6796569228172302,,,,,,,,,
1992-08-31,,,,,,,,,,,,,,,,,,,,,,,2.268453359603882,,20.829059600830078,3.3101284503936768,2.339332103729248,,,,1.4295965433120728,0.6879556179046631,,,,,,,,,
1992-09-30,,,,,,,,,,,,,,,,,,,,,,,2.297208309173584,,21.073001861572266,3.3460845947265625,2.3799808025360107,,,,1.449049949645996,0.6963298916816711,,,,,,,,,
1992-10-31,,,,,,,,,,,,,,,,,,,,,,,2.269296169281006,,21.142269134521484,3.3087918758392334,2.339200973510742,,,,1.4217865467071533,0.6790168881416321,,,,,,,,,
1992-11-30,,,,,,,,,,,,,,,,,,,,,,,2.269026041030884,,21.86157989501953,3.2934324741363525,2.32483172416687,,,,1.4289379119873047,0.6919137835502625,,,,,,,,,
1992-12-31,,,,,,,,,,,,,,,,,,,,,,,2.3027055263519287,,22.282289505004883,3.3301620483398438,2.3667805194854736,,,,1.4716711044311523,0.701244592666626,,,,,,,,,
1993-01-31,,,,,,,,,,,,,,,,,,,24.113264083862305,,,,2.3438258171081543,,22.303878784179688,3.376734972000122,2.4312007427215576,,,,1.5137139558792114,0.7209792137145996,,,,,,,,,
1993-02-28,,,,,,,,,,,,,,,,,,,24.370508193969727,,,,2.3903589248657227,,22.6063175201416,3.4121508598327637,2.490070343017578,,,,1.5623605251312256,0.7370500564575195,,,,,,,,,
1993-03-31,,,,,,,,,,,,,,,,,,,24.916385650634766,,,,2.3991520404815674,,23.082544326782227,3.419358491897583,2.5000946521759033,,,,1.5654449462890625,0.7484310269355774,,,,,,,,,
1993-04-30,,,,,,,,,,,,,,,,,,,24.278841018676758,,,,2.4169962406158447,,22.523006439208984,3.449152708053589,2.5233302116394043,,,,1.5773682594299316,0.7550573348999023,,,,,,,,,
1993-05-31,,,,,,,,,,,,,,,,,,,24.93362045288086,,,,2.420393943786621,,23.120586395263672,3.433445930480957,2.519712209701538,,,,1.5833642482757568,0.7647592425346375,,,,,,,,,
1993-06-30,,,,,,,,,,,,,,,,,,,25.023588180541992,,,,2.4641149044036865,,23.181676864624023,3.4634666442871094,2.5751235485076904,,,,1.649436354637146,0.7824059724807739,,,,,,,,,
1993-07-31,,,,,,,,,,,,,,,,,,,24.9020938873291,,,,2.479126214981079,,23.083370208740234,3.463841676712036,2.575861692428589,,,,1.672493815422058,0.7891820669174194,,,,,,,,,
1993-08-31,,,,,,,,,,,,,,,,,,,25.856531143188477,,,,2.521106004714966,,23.957141876220703,3.5007452964782715,2.632014274597168,,,,1.7392910718917847,0.7979907393455505,,,,,,,,,
1993-09-30,,,,,,,,,,,,,,,,,,,25.66840362548828,,,,2.531128168106079,,23.767669677734375,3.51379656791687,2.648350477218628,,,,1.7449594736099243,0.8008254170417786,,,,,,,,,
1993-10-31,,,,,,,,,,,,,,,,,,,26.17479705810547,,,,2.5390138626098633,,24.261676788330078,3.5171775817871094,2.650958299636841,,,,1.7557373046875,0.8219342827796936,,,,,,,,,
1993-11-30,,,,,,,,,,,,,,,,,,,25.89541244506836,,,,2.514435052871704,,24.020158767700195,3.513509750366211,2.6201789379119873,,,,1.712228775024414,0.8217655420303345,,,,,,,,,
1993-12-31,,,,,,,,,,,,,,,,,,,26.21331787109375,,,,2.526743173599243,,24.314170837402344,3.513481616973877,2.5397756099700928,,,,1.71958327293396,0.8297169804573059,,,,,,,,,
1994-01-31,,,,,,,,,,,,,,,,,,,27.12752342224121,,,,2.5619595050811768,,25.135194778442383,3.5372159481048584,2.577515125274658,,,,1.7580060958862305,0.8491116762161255,,,,,,,,,
1994-02-28,,,,,,,,,,,,,,,,,,,26.336383819580078,,,,2.5138068199157715,,24.452848434448242,3.50567364692688,2.514223098754883,,,,1.6879409551620483,0.8404015898704529,,,,,,,,,
1994-03-31,,,,,,,,,,,,,,,,,,,25.232860565185547,,,,2.458566427230835,,23.379667282104492,3.4685330390930176,2.442009210586548,,,,1.6234421730041504,0.8032569885253906,,,,,,,,,
1994-04-30,,,,,,,,,,,,,,,,,,,25.515783309936523,,,,2.4382193088531494,,23.68126678466797,3.4517979621887207,2.419456720352173,,,,1.6025395393371582,0.7902870178222656,,,,,,,,,
1994-05-31,,,,,,,,,,,,,,,,,,,25.92247200012207,,,,2.4385178089141846,5.163257122039795,24.061058044433594,3.4563188552856445,2.4238340854644775,,,,1.5950418710708618,0.791063666343689,,,,,,,,,
1994-06-30,,,,,,,,,,,,,,,,,,,25.32848358154297,,,,2.434152126312256,4.938971519470215,23.472782135009766,3.463958978652954,2.415834665298462,,,,1.5820879936218262,0.7972128987312317,,,,,,,,,
1994-07-31,,,,,,,,,,,,,,,,,,,26.147268295288086,,,,2.479198455810547,5.331471920013428,24.241920471191406,3.4970357418060303,2.4572019577026367,,,,1.6287140846252441,0.804422914981842,,,,,,,,,
1994-08-31,,,,,,,,,,,,,,,,,,,27.14399528503418,,,,2.4829556941986084,5.9949870109558105,25.230018615722656,3.50581431388855,2.464622974395752,,,,1.6179107427597046,0.8116721510887146,,,,,,,,,
1994-09-30,,,,,,,,,,,,,,,,,,,26.458507537841797,,,,2.447134256362915,6.013678550720215,24.612409591674805,3.49326753616333,2.4206323623657227,,,,1.5694708824157715,0.8112799525260925,,,,,,,,,
1994-10-31,,,,,,,,,,,,,,,,,,,27.210607528686523,,,,2.4456331729888916,5.920226097106934,25.16536521911621,3.502851963043213,2.414271593093872,,,,1.5640329122543335,0.8122254014015198,,,,,,,,,
1994-11-30,,,,,,,,,,,,,,,,,,,26.127212524414062,,,,2.4412357807159424,5.560435771942139,24.245637893676758,3.4838621616363525,2.4051625728607178,,,,1.5738381147384644,0.803897500038147,,,,,,,,,
1994-12-31,,,,,,,,,,,,,,,,,,,26.317462921142578,,,,2.461064577102661,5.112595081329346,24.5987491607666,3.491046190261841,2.424264907836914,,,,1.5993493795394897,0.8161022067070007,,,,,,,,,
1995-01-31,,,,,,,,,,,,,,,,,,,27.20195198059082,,,,2.507878303527832,4.5670037269592285,25.23417854309082,3.5457088947296143,2.4714574813842773,,,,1.6413533687591553,0.8272724151611328,,,,,,,,,
1995-02-28,,,,,,,,,,,,,,,,,,,28.312030792236328,,,,2.5624892711639404,4.585816860198975,26.213098526000977,3.6024372577667236,2.535350799560547,,,,1.6862462759017944,0.8514224290847778,,,,,,,,,
1995-03-31,,,,,,,,,,,,,,,,,,,29.100486755371094,,,,2.579928159713745,4.538780689239502,26.987415313720703,3.621978998184204,2.54992938041687,,,,1.6984583139419556,0.8591818809509277,,,,,,,,,
1995-04-30,,,,,,,,,,,,,,,,,,,29.96251106262207,,,,2.6138529777526855,4.773954391479492,27.781173706054688,3.6590182781219482,2.589676856994629,,,,1.7265751361846924,0.8796470165252686,,,,,,,,,
1995-05-31,,,,,,,,,,,,,,,,,,,31.151212692260742,,,,2.717190980911255,5.14082145690918,28.879764556884766,3.7330260276794434,2.712559700012207,,,,1.856579065322876,0.9016513824462891,,,,,,,,,
1995-06-30,,,,,,,,,,,,,,,,,,,31.7813777923584,,,,2.7352561950683594,5.112595081329346,29.54700469970703,3.7558515071868896,2.734678030014038,,,,1.8775856494903564,0.905937910079956,,,,,,,,,
1995-07-31,,,,,,,,,,,,,,,,,,,32.80363082885742,,,,2.728433609008789,5.2584028244018555,30.52323341369629,3.7644307613372803,2.718132257461548,,,,1.8515197038650513,0.9198706746101379,,,,,,,,,
1995-08-31,,,,,,,,,,,,,,,,,,,32.949684143066406,,,,2.760667085647583,5.131412029266357,30.604103088378906,3.7878332138061523,2.7538294792175293,,,,1.889717936515808,0.9244807958602905,,,,,,,,,
1995-09-30,,,,,,,,,,,,,,,,,,,34.345970153808594,,,,2.786926507949829,5.14082145690918,31.89295196533203,3.811016798019409,2.77868390083313,,,,1.9241228103637695,0.9360959529876709,,,,,,,,,
1995-10-31,,,,,,,,,,,,,,,,,,,34.245025634765625,,,,2.8279712200164795,4.919759273529053,31.776958465576172,3.8458874225616455,2.8279519081115723,,,,1.981338381767273,0.94924396276474,,,,,,,,,
1995-11-30,,,,,,,,,,,,,,,,,,,35.76826095581055,,,,2.8687121868133545,4.938572883605957,33.16891098022461,3.883953809738159,2.879655361175537,,,,2.027318239212036,0.9573649168014526,,,,,,,,,
1995-12-31,,,,,,,,,,,,,,,,,,,36.33101272583008,,,,2.9102213382720947,5.135958194732666,33.81074142456055,3.915022611618042,2.9214279651641846,,,,2.0825912952423096,0.9731784462928772,,,,,,,,,
1996-01-31,,,,,,,,,,,,,,,,,,,37.62358093261719,,,,2.9287023544311523,5.666772365570068,34.955379486083984,3.9496779441833496,2.9416720867156982,,,,2.081517457962036,0.9852551221847534,,,,,,,,,
1996-02-29,,,,,,,,,,,,,,,,,,,37.74362564086914,,,,2.87711501121521,5.575908660888672,35.27820587158203,3.9222970008850098,2.871840715408325,,,,1.9789477586746216,0.9858019351959229,,,,,,,,,
1996-03-31,,,,,,,,,,,,,,,,,,,38.393489837646484,,,,2.8552086353302,5.657206058502197,35.6235466003418,3.914785623550415,2.8405308723449707,,,,1.9399369955062866,0.9768138527870178,,,,,,,,,
1996-04-30,,,,,,,,,,,,,,,,,,,38.81080627441406,,,,2.841259002685547,5.810231685638428,36.14229965209961,3.9059810638427734,2.8113789558410645,4.737903118133545,,,1.9053735733032227,0.975210964679718,,,,,,,,,
1996-05-31,,,,,,,,,,,,,,,,,,,39.69180679321289,,,,2.8363120555877686,5.89631462097168,37.06192398071289,3.909518003463745,2.799071788787842,4.6963019371032715,,,1.8966565132141113,0.9788309931755066,,,,,,,,,
1996-06-30,,,,,,,,,,,,,,,,,,,40.04196548461914,,,,2.8727433681488037,5.89631462097168,37.20376968383789,3.9438648223876953,2.8413853645324707,4.719412326812744,,,1.9373555183410645,0.9809536933898926,,,,,,,,,
1996-07-31,,,,,,,,,,,,,,,,,,,38.24266052246094,,,,2.879998207092285,5.499397277832031,35.55921936035156,3.9553170204162598,2.845698833465576,4.557631969451904,,,1.936500906944275,0.9911285638809204,,,,,,,,,
1996-08-31,,,,,,,,,,,,,,,,,,,38.97915267944336,,,,2.875253438949585,5.671552658081055,36.304595947265625,3.9667553901672363,2.835960865020752,4.585367679595947,,,1.9113632440567017,1.0052803754806519,,,,,,,,,
1996-09-30,,,,,,,,,,,,,,,,,,,41.157020568847656,,,,2.9241793155670166,5.80066442489624,38.33998489379883,4.0054707527160645,2.890054941177368,4.700923919677734,,,1.9647307395935059,1.0260035991668701,,,,,,,,,
1996-10-31,,,,,,,,,,,,,,,,,,,42.48769760131836,,,,2.9887948036193848,5.71459436416626,39.39659881591797,4.057067394256592,2.9619250297546387,4.645456314086914,,,2.041029453277588,1.0338845252990723,,,,,,,,,
1996-11-30,,,,,,,,,,,,,,,,,,,45.58942794799805,,,,3.041372537612915,5.915438175201416,42.37641143798828,4.0922136306762695,3.022615671157837,4.82110595703125,,,2.1073687076568604,1.054922103881836,,,,,,,,,
1996-12-31,,,,,,,,,,,,,,,,,,,44.50455093383789,,,,3.0154762268066406,5.949731826782227,41.54241180419922,4.088280200958252,2.9788057804107666,4.769122123718262,,,2.0569870471954346,1.0669472217559814,,,,,,,,,
1997-01-31,,,,,,,,,,,,,,,,,,,47.254310607910156,,,,3.0229928493499756,6.254971504211426,44.13127136230469,4.1044697761535645,2.9806675910949707,4.656243801116943,,,2.0437326431274414,1.0750178098678589,,,,,,,,,
1997-02-28,,,,,,,,,,,,,,,,,,,47.706329345703125,,,,3.0264503955841064,6.443927764892578,44.47968292236328,4.111004829406738,2.98360013961792,4.740901947021484,,,2.041508674621582,1.0904910564422607,,,,,,,,,
1997-03-31,,,,,,,,,,,,,,,,,,,45.601375579833984,,,,2.997117757797241,6.240436553955078,42.639713287353516,4.102987766265869,2.9447102546691895,4.736196994781494,,,1.9948056936264038,1.0695971250534058,,,,,,,,,
1997-04-30,,,,,,,,,,,,,,,,,,,48.45618438720703,,,,3.041792631149292,6.138689041137695,45.1791877746582,4.139401435852051,2.992187261581421,4.745604515075684,,,2.041738986968994,1.0815889835357666,,,,,,,,,
1997-05-31,,,,,,,,,,,,,,,,,,,51.51896667480469,,,,3.068572521209717,6.414857864379883,47.92973709106445,4.168238162994385,3.017152786254883,5.056020259857178,,,2.061938524246216,1.109292984008789,,,,,,,,,
1997-06-30,,,,,,,,,,,,,,,,,,,53.63652420043945,,,,3.1042144298553467,6.666797161102295,50.062984466552734,4.196316719055176,3.0474133491516113,5.3288116455078125,,,2.0986905097961426,1.12283456325531,,,,,,,,,
1997-07-31,,,,,,,,,,,,,,,,,,,57.887939453125,,,,3.191455841064453,6.768542766571045,54.05089569091797,4.246098518371582,3.1342577934265137,5.41347074508667,,,2.2106571197509766,1.14966881275177,,,,,,,,,
1997-08-31,,,,,,,,,,,,,,,,,,,54.8891716003418,,,,3.1641392707824707,5.746241092681885,51.01911163330078,4.246183395385742,3.103177070617676,4.947845458984375,,,2.153799057006836,1.1480073928833008,,,,,,,,,
1997-09-30,,,,,,,,,,,,,,,,,,,57.52881622314453,,,,3.2100090980529785,6.046630382537842,53.808040618896484,4.279299259185791,3.148851156234741,5.220635890960693,,,2.2105963230133057,1.1663132905960083,,,,,,,,,
1997-10-31,,,,,,,,,,,,,,,,,,,56.11921310424805,,,,3.2564632892608643,4.951649188995361,52.00536346435547,4.313424587249756,3.201385259628296,4.745604515075684,,,2.2768452167510986,1.1705738306045532,,,,,,,,,
1997-11-30,,,,,,,,,,,,,,,,,,,58.29078674316406,,,,3.267238140106201,4.8838210105896,54.396820068359375,4.321523189544678,3.2114036083221436,4.689167499542236,,,2.305933713912964,1.178794503211975,,,,,,,,,
1997-12-31,,,,,,,,,,,,,,,,,,,59.402503967285156,,,,3.30121111869812,4.955813884735107,55.324920654296875,4.351763725280762,3.2466516494750977,4.7337212562561035,,,2.344191789627075,1.1947091817855835,,,,,,,,,
1998-01-31,,,43.7219352722168,,,,,,,,,,,,,,,,60.16754150390625,,,,3.344851016998291,4.553992748260498,55.93913650512695,4.398343563079834,3.3027515411376953,4.877602577209473,,,2.38923978805542,1.2169653177261353,,,,,,,,,
1998-02-28,,,47.23106002807617,,,,,,,,,,,,,,,,64.33678436279297,,,,3.3416588306427,5.0947160720825195,59.96242904663086,4.395421028137207,3.290309190750122,5.213327884674072,,,2.3713862895965576,1.2232614755630493,,,,,,,,,
1998-03-31,,,48.66230392456055,,,,,,,,,,,,,,,,67.47537994384766,,,,3.352695941925049,5.278263568878174,63.02162551879883,4.4118828773498535,3.2950549125671387,5.381190776824951,,,2.374847412109375,1.2318657636642456,,,,,,,,,
1998-04-30,,,50.33324432373047,,,,,,,,,,,,,,,,68.33846282958984,,,,3.370168924331665,5.223694801330566,63.6567268371582,4.435792446136475,3.311312675476074,5.409969329833984,,,2.384692668914795,1.2358590364456177,,,,,,,,,
1998-05-31,,,49.25642395019531,,,,,,,,,,,,,,,,66.91913604736328,,,,3.404681921005249,4.56887149810791,62.546810150146484,4.460649013519287,3.3436899185180664,5.328433513641357,,,2.4286065101623535,1.2430659532546997,,,,,,,,,
1998-06-30,,,49.8314208984375,,,,,,,,,,,,,,,,69.76809692382812,,,,3.4323203563690186,4.142245769500732,65.09407043457031,4.485177040100098,3.3756017684936523,5.314048767089844,,,2.485856056213379,1.2500224113464355,,,,,,,,,
1998-07-31,,,49.18906021118164,,,,,,,,,,,,,,,,68.8253173828125,,,,3.440178394317627,4.216658592224121,64.40786743164062,4.5014753341674805,3.3832058906555176,5.3715996742248535,,,2.4732022285461426,1.2602565288543701,,,,,,,,,
1998-08-31,,,41.69666290283203,,,,,,,,,,,,,,,,59.10855484008789,,,,3.5058047771453857,3.1153671741485596,55.08579635620117,4.5750956535339355,3.491414785385132,4.63779878616333,,,2.592937469482422,1.2115516662597656,,,,,,,,,
1998-09-30,,,43.6016845703125,,,,,,,,,,,,,,,,62.87015151977539,,,,3.5748701095581055,3.408052444458008,58.61769485473633,4.657032489776611,3.6185474395751953,4.5418806076049805,,,2.678422212600708,1.231006383895874,,,,,,,,,
1998-10-31,,,47.975791931152344,,,,,,,,,,,,,,,,67.96778106689453,,,,3.5550119876861572,3.933897018432617,63.40329360961914,4.668627738952637,3.5908868312835693,5.031077861785889,,,2.6330130100250244,1.211403727531433,,,,,,,,,
1998-11-30,,,50.72593688964844,,,,,,,,,,,,,,,,71.7523193359375,,,,3.5723860263824463,4.181933403015137,67.25286865234375,4.661614894866943,3.5785787105560303,5.29965877532959,,,2.6565399169921875,1.2628581523895264,,,,,,,,,
1998-12-31,,,51.214027404785156,,,,,,,,,,,,,,,,76.446533203125,,,,3.58638334274292,4.053278923034668,71.15735626220703,4.673391342163086,3.5924432277679443,5.473076820373535,,,2.6524128913879395,1.2629567384719849,,5.9958953857421875,5.714674949645996,15.188973426818848,12.123942375183105,14.233610153198242,5.874228477478027,17.36307716369629,9.601984977722168
1999-01-31,,,52.27946853637695,,,,,,,,,,,,,,,,79.1394271850586,,,,3.6147749423980713,3.9354233741760254,74.1485366821289,4.692848205566406,3.6160991191864014,5.438838958740234,,,2.6786489486694336,1.283028244972229,,5.773665904998779,5.339820384979248,15.024721145629883,14.051695823669434,14.045262336730957,5.728512287139893,18.19784164428711,10.095866203308105
1999-02-28,,,52.14463806152344,,,,,,,,,,,,,,,,76.60153198242188,,,,3.550999879837036,4.022536277770996,71.83177947998047,4.651277542114258,3.5053679943084717,5.32145357131958,,,2.5514063835144043,1.2747856378555298,,5.863414287567139,5.293920516967773,15.159989356994629,12.658141136169434,13.897849082946777,5.570651531219482,18.218711853027344,10.032692909240723
1999-03-31,,,54.954620361328125,,,,,,,,,,,,44.212013244628906,,,,79.77804565429688,,,,3.571190595626831,4.493966102600098,74.70000457763672,4.6836137771606445,3.5259108543395996,5.585626602172852,,,2.5427026748657227,1.2853063344955444,,5.968891620635986,6.042332172393799,15.478415489196777,13.598793029785156,13.881365776062012,5.219212055206299,18.698711395263672,10.520763397216797
1999-04-30,,,60.51673126220703,,,,,,,,,,,,45.265323638916016,,,,82.80758666992188,,,,3.585371255874634,5.185740947723389,77.57742309570312,4.698257923126221,3.535984992980957,5.8695597648620605,,,2.5473544597625732,1.302126407623291,,7.443964004516602,6.93678092956543,17.80600357055664,13.680086135864258,13.397320747375488,5.723414897918701,19.366519927978516,10.796711921691895
1999-05-31,,,59.244449615478516,,,,,,,,,,,,43.843360900878906,,,,80.91410827636719,,,,3.5540733337402344,4.970521926879883,75.72404479980469,4.682288646697998,3.4877657890319824,5.575836181640625,,,2.504612922668457,1.2813175916671753,,6.766462326049805,6.787065505981445,17.456859588623047,13.72653865814209,13.257852554321289,5.790639877319336,18.771757125854492,10.3080472946167
1999-06-30,,,61.69683837890625,,,,,,,,,,,,48.55684280395508,,,,85.3950424194336,,,,3.5366930961608887,5.365091800689697,79.93115997314453,4.689826488494873,3.4787204265594482,5.820605278015137,,,2.4784343242645264,1.2750471830368042,,7.15748405456543,6.925619602203369,18.52786636352539,15.044605255126953,13.491978645324707,6.02907657623291,19.596080780029297,10.97243595123291
1999-07-31,,,60.0046272277832,,,,,,,,,,,,47.68788146972656,,,,82.74590301513672,,,,3.5230515003204346,5.180616855621338,77.42919921875,4.696398735046387,3.4631736278533936,5.952778339385986,,,2.464111089706421,1.275760531425476,,7.075756072998047,7.05679988861084,17.84811782836914,14.870420455932617,12.98952579498291,6.047523021697998,19.011741638183594,10.154969215393066
1999-08-31,,,61.20797348022461,,,,,,,,,,,,50.29478454589844,,,,82.31739044189453,,,,3.5202136039733887,5.129373073577881,77.04480743408203,4.702972412109375,3.4609155654907227,5.9723615646362305,,,2.4521827697753906,1.262956976890564,,6.757453918457031,7.133967399597168,17.99378776550293,15.393007278442383,13.211915969848633,5.7585225105285645,18.15611457824707,9.763510704040527
1999-09-30,,,58.66428756713867,,,,,,,,,,,,50.71609878540039,,,,80.47864532470703,,,,3.564854621887207,5.103750705718994,74.93399047851562,4.7428083419799805,3.498629570007324,6.0213165283203125,,,2.4746878147125244,1.2633748054504395,,6.545529842376709,6.805867671966553,17.9009952545166,15.329129219055176,12.020057678222656,5.904972076416016,17.90567970275879,9.621795654296875
1999-10-31,,,60.91360855102539,,,,,,,,,,,,55.403282165527344,,,,85.63554382324219,,,,3.576798915863037,5.298475742340088,79.67466735839844,4.755149841308594,3.503227949142456,6.2465009689331055,,,2.477858781814575,1.2656852006912231,,6.700864315032959,6.7050981521606445,17.511838912963867,15.793649673461914,13.118051528930664,5.9359564781188965,18.813488006591797,10.475018501281738
1999-11-30,,,61.656654357910156,,,,,,,,,,,,61.93366622924805,,,,87.06150817871094,,,,3.5776607990264893,5.728909969329834,81.28651428222656,4.762806415557861,3.5006425380706787,6.50106143951416,,,2.4633429050445557,1.2868551015853882,,6.605936050415039,6.6934733390808105,17.12268829345703,17.343971252441406,13.159324645996094,5.740776538848877,19.03261375427246,10.480783462524414
1999-12-31,,,65.40685272216797,,,,,,,,,,,,76.99580383300781,,,,92.03352355957031,,,,3.560673952102661,6.549069404602051,86.1549301147461,4.761469841003418,3.4679744243621826,7.111968994140625,,,2.423940420150757,1.296138048171997,,7.3703179359436035,6.740423679351807,18.50910758972168,20.021156311035156,12.204215049743652,5.615261554718018,20.74982452392578,11.475193977355957
2000-01-31,,,62.21839904785156,,,,,,,,,,,,75.57383728027344,,,,87.451416015625,,,,3.5543911457061768,6.229477405548096,81.81948852539062,4.751092910766602,3.4522740840911865,6.669643402099609,,,2.454258441925049,1.286208987236023,,6.4690656661987305,6.794846534729004,16.99517822265625,18.7901554107666,12.311854362487793,5.515488624572754,20.225051879882812,10.049449920654297
2000-02-29,,,57.77939224243164,,,,,,,,,,,,89.9512939453125,,,,86.11991119384766,,,,3.5964651107788086,6.449522018432617,80.25971984863281,4.787040710449219,3.4867799282073975,6.858499050140381,,,2.526956796646118,1.2880240678787231,,5.819126129150391,6.5071892738342285,16.057512283325195,20.76441764831543,10.871176719665527,4.845148086547852,18.902591705322266,9.489543914794922
2000-03-31,,,62.35176086425781,,,,,,,,,,,,92.26854705810547,,,,94.4661636352539,,,,3.647087574005127,6.386653423309326,88.09302520751953,4.820769309997559,3.5578322410583496,7.097253799438477,,,2.6063480377197266,1.276342749595642,,6.4062371253967285,7.316840648651123,18.292814254760742,22.506378173828125,11.279865264892578,5.374420642852783,20.60289192199707,10.83247184753418
2000-04-30,,,61.30934143066406,,,,,,,,,,,,79.83969116210938,,,,91.14844512939453,,,,3.629401206970215,5.909882545471191,85.44540405273438,4.830031871795654,3.548903465270996,6.71348762512207,,,2.58913516998291,1.2859141826629639,,6.193419933319092,7.207632541656494,18.55708885192871,20.439231872558594,11.877913475036621,5.726223945617676,20.36148452758789,10.606917381286621
2000-05-31,,,60.121456146240234,,,,,,,,,15.667140007019043,33.91611099243164,,70.04405212402344,,,,89.71536254882812,,,,3.6234915256500244,5.595526218414307,83.70369720458984,4.844727039337158,3.55469012260437,6.534059047698975,,,2.577554941177368,1.270459771156311,,5.9979777336120605,8.053983688354492,18.478790283203125,18.314016342163086,12.725146293640137,5.713655948638916,19.815731048583984,10.034348487854004
2000-06-30,,,59.618526458740234,,,,,,,,,16.51987075805664,36.86091995239258,,78.73371124267578,,39.9108772277832,,91.48106384277344,,,,3.7013797760009766,5.941315174102783,85.78392791748047,4.907720565795898,3.633213758468628,6.813165187835693,4.193971157073975,,2.6367685794830322,1.3018218278884888,,5.485079288482666,7.610888481140137,17.751995086669922,20.137296676635742,13.445550918579102,5.519577503204346,19.857702255249023,9.491475105285645
2000-07-31,,,60.06039810180664,,,,,,,,,15.872559547424316,35.841182708740234,,75.36317443847656,,35.9304084777832,,90.04464721679688,,,,3.7342166900634766,5.637439250946045,84.50501251220703,4.937722682952881,3.6559131145477295,6.509138584136963,4.227386474609375,,2.676117181777954,1.3172863721847534,,5.533076286315918,7.320873260498047,18.026607513427734,19.068878173828125,12.954355239868164,5.605029582977295,19.563823699951172,9.642132759094238
2000-08-31,,,64.40339660644531,,,,,278.29998779296875,,,,17.37300682067871,38.33757019042969,,85.63282012939453,,41.901119232177734,,95.92822265625,,,,3.78670334815979,5.726510047912598,89.7358169555664,4.983199596405029,3.7150776386260986,6.573929309844971,4.256626605987549,,2.7318613529205322,1.338450312614441,,5.659623622894287,8.120368957519531,19.811613082885742,21.008275985717773,12.796172142028809,5.82341194152832,20.256528854370117,9.242311477661133
2000-09-30,,,61.135108947753906,,,,,273.6000061035156,,,,15.761930465698242,37.08137130737305,,74.78390502929688,,30.187911987304688,,90.66539001464844,,,,3.8156678676605225,5.370237350463867,84.98925018310547,5.022411823272705,3.748429775238037,6.244983673095703,4.23574161529541,,2.7087080478668213,1.3204536437988281,,5.104794025421143,8.253878593444824,19.236234664916992,17.233991622924805,13.362980842590332,6.5929341316223145,19.521848678588867,9.253634452819824
2000-10-31,,,62.811767578125,,,,,,,,,14.929369926452637,35.426334381103516,,68.84588623046875,,27.9163875579834,,90.24127960205078,,,,3.837338924407959,4.961575984954834,84.6239013671875,5.052871227264404,3.782241106033325,6.055591583251953,4.290044784545898,,2.751241445541382,1.2969002723693848,,5.552508354187012,8.029522895812988,19.668956756591797,16.246870040893555,14.29062557220459,6.9758734703063965,19.815731048583984,9.137457847595215
2000-11-30,,,60.0178108215332,,,,,270.1000061035156,,,,12.718168258666992,31.892667770385742,,53.07283020019531,,20.380020141601562,,83.50444030761719,,,,3.8982207775115967,4.469088077545166,77.95761108398438,5.112540245056152,3.863647222518921,5.786453723907471,4.352705478668213,,2.8337152004241943,1.2521013021469116,,5.412049770355225,7.608366012573242,19.000213623046875,12.913878440856934,14.783693313598633,6.972681999206543,18.010467529296875,8.910905838012695
2000-12-31,,,61.4515380859375,,,,,272.0,,,,12.367149353027344,34.419898986816406,,49.18882369995117,,20.804607391357422,,83.06802368164062,,,,3.968066692352295,4.741199970245361,78.35711669921875,5.183506488800049,3.9562766551971436,6.002842903137207,4.319286823272705,,2.9032344818115234,1.285522222518921,,6.174545764923096,8.385141372680664,19.750829696655273,11.636428833007812,15.321455955505371,6.877532482147217,18.307659149169922,9.538858413696289
2001-01-31,,,62.60834503173828,,,,,265.6000061035156,,,,13.271361351013184,36.27121353149414,,54.18144226074219,,25.0546932220459,,86.76119995117188,,,,4.037994861602783,5.298989772796631,81.13495635986328,5.248782634735107,4.008986949920654,6.0688090324401855,4.407008647918701,,2.9116411209106445,1.3476969003677368,,6.009714603424072,8.11795425415039,19.826688766479492,13.861515998840332,14.204371452331543,6.490521430969238,19.63117790222168,10.648120880126953
2001-02-28,,,60.585357666015625,,,,,266.79998779296875,,,,10.91562271118164,33.844749450683594,,39.983036041259766,,17.768831253051758,,78.4852523803711,,,,4.074997901916504,4.837738513946533,73.72103118896484,5.290987491607666,4.059704303741455,5.607050895690918,4.482199192047119,,2.9641685485839844,1.3568599224090576,,6.087536334991455,8.019415855407715,18.638477325439453,10.409147262573242,14.290193557739258,6.625224590301514,19.254953384399414,9.887798309326172
2001-03-31,,,57.29035949707031,,,,,257.8999938964844,,,,9.717738151550293,32.274478912353516,,32.98917770385742,,17.615983963012695,,74.08717346191406,,,,4.097311973571777,4.328221321105957,69.03136444091797,5.332385540008545,4.080478191375732,5.206185817718506,4.478024482727051,,2.946260452270508,1.3399635553359985,,5.782670974731445,7.780174732208252,16.85347557067871,9.216236114501953,13.299063682556152,6.530252456665039,18.022050857543945,9.743620872497559
2001-04-30,,,62.0086669921875,,,,,,,,,10.974108695983887,34.93999481201172,,38.887630462646484,,21.781147003173828,,80.41719055175781,,,,4.078397274017334,4.73047399520874,74.39557647705078,5.335537433624268,4.033195972442627,5.617199897766113,4.503086090087891,,2.870734691619873,1.3383018970489502,,6.399453639984131,8.583532333374023,18.780309677124023,10.706446647644043,13.557302474975586,6.845392227172852,19.352527618408203,10.195499420166016
2001-05-31,,,63.18455505371094,,,,,265.29998779296875,,,,10.832383155822754,35.69642639160156,,37.69108200073242,,19.530855178833008,,79.96639251708984,,,,4.108745098114014,4.8055596351623535,74.87908935546875,5.359851360321045,4.042347431182861,5.419305324554443,4.553213119506836,,2.8771872520446777,1.348660945892334,,6.6455817222595215,8.502437591552734,19.566247940063477,10.267925262451172,13.756355285644531,6.893390655517578,20.09168815612793,10.43825626373291
2001-06-30,,,61.02320861816406,,,,,270.6000061035156,,,,10.690606117248535,36.80671310424805,,38.508426666259766,,20.464942932128906,,78.06083679199219,,,,4.130505561828613,4.698291301727295,73.04621124267578,5.3774847984313965,4.058457374572754,5.211259841918945,4.548662185668945,,2.8989782333374023,1.3108634948730469,,6.4162278175354,7.727603435516357,18.3572940826416,10.468609809875488,13.120081901550293,6.547512531280518,19.86473274230957,10.356058120727539
2001-07-31,,,60.9667854309082,,,,,,,,,10.301684379577637,34.75867462158203,,35.18843460083008,,19.78985023498535,20.22723388671875,77.26494598388672,,,,4.222824573516846,4.381855010986328,72.31591796875,5.45334529876709,4.1656365394592285,5.084400653839111,4.620731353759766,,3.003756284713745,1.3270407915115356,,6.39877462387085,7.638486862182617,18.319183349609375,9.743942260742188,13.519466400146484,6.48866081237793,19.468109130859375,10.816412925720215
2001-08-31,,,58.04302978515625,,21.25237274169922,,,274.3999938964844,,,,9.458697319030762,33.91347122192383,,30.865718841552734,,18.596773147583008,18.84225082397461,72.68061828613281,,,,4.269651412963867,4.338947296142578,67.77877807617188,5.49612283706665,4.2121052742004395,4.967695713043213,4.633449077606201,,3.064666509628296,1.3390697240829468,,6.372596740722656,7.31512451171875,17.69034194946289,8.554749488830566,13.584226608276367,6.2574462890625,18.479904174804688,9.8695068359375
2001-09-30,,,51.459537506103516,,19.20792007446289,,,292.3999938964844,,,,8.52566146850586,28.96859359741211,,24.419565200805664,,12.55069637298584,13.124438285827637,66.7476577758789,,,,4.308012008666992,3.66316556930542,62.290584564208984,5.5887322425842285,4.313790798187256,4.4348978996276855,4.6588358879089355,,3.0918445587158203,1.275442361831665,,5.617797374725342,6.611166477203369,15.098363876342773,7.1537299156188965,13.56784439086914,6.197638034820557,15.804170608520508,8.622833251953125
2001-10-31,,,52.87353515625,,19.55829620361328,,,279.5,,,,8.978426933288574,30.8515682220459,,28.565332412719727,,15.16613483428955,15.93545150756836,67.61685180664062,,,,4.388470649719238,3.9045183658599854,63.47103500366211,5.6518025398254395,4.4095587730407715,4.566828727722168,4.76598596572876,,3.2505533695220947,1.2958712577819824,,5.769948959350586,6.877456188201904,15.366276741027832,7.934137344360352,13.481224060058594,5.871446132659912,15.884867668151855,9.077064514160156
2001-11-30,,,57.56523895263672,,20.21239471435547,,,273.8999938964844,,,,9.811394691467285,33.20803451538086,,33.41047286987305,,18.10000991821289,18.56854820251465,72.88941955566406,,,,4.329803466796875,4.269224643707275,68.32899475097656,5.605033874511719,4.307176113128662,4.729203701019287,4.6545515060424805,,3.0859594345092773,1.3324313163757324,,6.501431465148926,6.493384838104248,16.903535842895508,9.119613647460938,14.076783180236816,5.797311782836914,17.72756004333496,10.285832405090332
2001-12-31,,,58.395843505859375,,20.335607528686523,,,278.70001220703125,,,,9.789194107055664,35.03166580200195,,32.786922454833984,,17.768831253051758,18.20177459716797,73.30044555664062,,,,4.300880432128906,4.600375652313232,68.92695617675781,5.590332984924316,4.2574238777160645,4.7935919761657715,4.5516886711120605,,3.0301015377044678,1.323770523071289,,6.3067169189453125,6.86466121673584,17.668975830078125,8.918940544128418,13.800470352172852,5.983096599578857,18.156475067138672,10.753167152404785
2002-01-31,,,58.1208610534668,,19.15945053100586,,,282.1000061035156,,,,9.600859642028809,34.97713088989258,,32.449867248535156,,19.2336483001709,18.9791202545166,72.58219909667969,,,,4.3348774909973145,4.7322869300842285,67.9114990234375,5.614782810211182,4.276736736297607,4.571475505828857,4.577404975891113,,3.066451072692871,1.3337374925613403,,6.453934192657471,6.62040901184082,16.552701950073242,8.822318077087402,13.708104133605957,5.767512798309326,18.0217227935791,11.106588363647461
2002-02-28,,,59.29003143310547,,19.38956642150879,,,296.70001220703125,,,,9.253032684326172,33.88637161254883,,28.46422004699707,,17.13620948791504,16.887969970703125,71.28040313720703,,,,4.372032165527344,4.858699321746826,66.59662628173828,5.65262508392334,4.331840991973877,4.61279821395874,4.650266170501709,,3.1046440601348877,1.3232033252716064,,6.795478343963623,6.846665382385254,16.96731948852539,7.6740031242370605,13.996066093444824,5.756840229034424,18.850383758544922,11.166749954223633
2002-03-31,,,60.912574768066406,,20.471973419189453,,,302.6000061035156,,,,9.556861877441406,36.437652587890625,,30.38541030883789,,19.755884170532227,19.49642562866211,73.65191650390625,,,,4.308281421661377,5.078553676605225,69.08870697021484,5.606205940246582,4.232252597808838,4.876241207122803,4.616050720214844,,2.985031843185425,1.3411812782287598,,7.004439830780029,7.4527587890625,17.426362991333008,8.053053855895996,14.221776008605957,6.063802719116211,19.9439697265625,11.308808326721191
2002-04-30,,,58.48443603515625,,20.783918380737305,,,308.8999938964844,,,,8.76030158996582,36.87449264526367,,26.7368106842041,,17.60749053955078,17.65435218811035,69.3686294555664,,,,4.381629943847656,5.095039367675781,64.8918228149414,5.693826198577881,4.342278480529785,4.896900653839111,4.749288082122803,,3.095670700073242,1.3632159233093262,,6.673572540283203,7.184468746185303,16.22365951538086,7.079410076141357,13.69322681427002,5.695842266082764,19.822649002075195,10.992585182189941
2002-05-31,,,58.42092514038086,,20.894704818725586,,,326.5,,,,8.531332969665527,35.12720489501953,,25.31275749206543,,16.32525062561035,16.367910385131836,68.95702362060547,,,,4.4172492027282715,5.073054313659668,64.40227508544922,5.728435516357422,4.387159824371338,4.953723430633545,4.822352886199951,,3.1068975925445557,1.3591903448104858,,7.004439830780029,7.058066368103027,16.29401969909668,6.785824775695801,13.54065990447998,5.648504734039307,20.098981857299805,10.936112403869629
2002-06-30,,,54.56475067138672,,20.207759857177734,,,313.5,,,,7.745366096496582,33.08535385131836,,21.992774963378906,,12.886116981506348,13.11349105834961,63.86747360229492,,,,4.429952621459961,4.655336856842041,59.804161071777344,5.7815632820129395,4.462674617767334,4.741936206817627,4.809460163116455,,3.1614181995391846,1.3203423023223877,,6.885146141052246,6.799557685852051,15.29470157623291,5.879067420959473,12.160872459411621,5.268592357635498,18.66130256652832,10.36011028289795
2002-07-31,,,51.47993469238281,,18.281587600708008,,,303.20001220703125,,,40.65226745605469,7.3388261795043945,28.669111251831055,36.914695739746094,20.09685707092285,51.338008880615234,11.378847122192383,11.331633567810059,58.83348083496094,,36.134098052978516,,4.451588153839111,4.259608745574951,55.1877326965332,5.870809555053711,4.58150053024292,4.277041435241699,4.891120433807373,,3.254271984100342,1.2704951763153076,,6.1042962074279785,5.857481002807617,14.428967475891113,5.3216328620910645,11.641642570495605,4.492966651916504,18.121944427490234,9.123079299926758
2002-08-31,,,51.17154312133789,,18.10260581970215,,,312.3999938964844,,,41.67694854736328,7.331120014190674,28.486623764038086,38.25751495361328,19.793500900268555,51.55915832519531,10.232471466064453,10.401016235351562,59.233585357666016,,38.12622833251953,,4.52554178237915,4.320065498352051,55.547874450683594,5.921579837799072,4.692366600036621,4.271875858306885,5.06734037399292,,3.393670082092285,1.2956373691558838,,6.0716376304626465,5.945719242095947,14.204509735107422,5.277040481567383,11.734560012817383,4.671122074127197,18.2972412109375,9.398394584655762
2002-09-30,,,45.05537033081055,,16.227577209472656,,,,,,43.283512115478516,6.616488456726074,26.20136070251465,39.0576171875,17.45939826965332,51.94069290161133,8.168993949890137,8.082683563232422,53.022830963134766,,39.750125885009766,,4.594989776611328,3.8583803176879883,49.49984359741211,5.993298053741455,4.834537982940674,3.806978702545166,5.1490020751953125,,3.530184030532837,1.2780241966247559,,5.283584117889404,5.521455764770508,12.565332412719727,4.396293640136719,10.886338233947754,4.105702877044678,17.163862228393555,8.56052303314209
2002-10-31,,,49.712867736816406,,16.849742889404297,,,318.0,,,42.74208068847656,7.174295902252197,27.281654357910156,38.819000244140625,20.68669319152832,52.06745147705078,10.181520462036133,9.990447998046875,57.3857421875,,38.28158950805664,,4.567187309265137,4.111209392547607,53.84735107421875,5.994461536407471,4.80094575881958,4.023931503295898,5.007167816162109,,3.430016279220581,1.280633807182312,,5.585247039794922,5.623225212097168,13.183296203613281,5.485147953033447,11.309910774230957,4.011141300201416,18.164743423461914,9.138275146484375
2002-11-30,,,52.89699172973633,,17.79578399658203,,,316.79998779296875,,,41.84912109375,7.585411548614502,29.59235382080078,39.096946716308594,23.35783576965332,51.86621856689453,12.440305709838867,12.371728897094727,60.925357818603516,,37.9308967590332,,4.560144424438477,4.37502908706665,57.16223907470703,5.95051908493042,4.730062961578369,4.201225757598877,4.99857234954834,,3.382380247116089,1.3282326459884644,,6.2572712898254395,5.855458736419678,13.87207317352295,6.354747295379639,10.996354103088379,4.127694129943848,18.726049423217773,9.561201095581055
2002-12-31,,,49.81437683105469,,17.199918746948242,,,,,,43.33380889892578,7.03762674331665,27.895606994628906,40.63264083862305,20.535018920898438,52.412384033203125,9.404531478881836,9.492295265197754,57.478851318359375,,39.647422790527344,,4.66356897354126,4.259095668792725,53.647071838378906,6.029952526092529,4.860596179962158,4.090686798095703,5.088831901550293,,3.5350210666656494,1.3423534631729126,,5.970668315887451,5.8568196296691895,13.327176094055176,5.514858722686768,11.027387619018555,4.261431694030762,18.022296905517578,8.746624946594238
2003-01-31,,,48.25431442260742,,16.459871292114258,,,368.29998779296875,,,43.00182342529297,6.863426685333252,27.317893981933594,40.302974700927734,20.59400749206543,52.37416458129883,9.128551483154297,9.032462120056152,56.06514358520508,,39.419124603271484,,4.666382789611816,4.264677047729492,52.238948822021484,6.0227532386779785,4.8371782302856445,3.9609792232513428,5.118917465209961,,3.519787073135376,1.3537681102752686,,5.672738552093506,5.709936618804932,12.60871696472168,5.384440898895264,10.65132999420166,4.161295413970947,17.96120834350586,8.45518970489502
2003-02-28,,,47.48956298828125,,16.11243438720703,,,350.20001220703125,,,43.94953155517578,6.846006870269775,26.497318267822266,41.10087966918945,21.20069122314453,52.579490661621094,9.99470329284668,9.81253719329834,55.30943298339844,,40.64006805419922,,4.731035232543945,4.10279655456543,51.445648193359375,6.0696797370910645,4.923339366912842,3.8878259658813477,5.308028221130371,,3.6267802715301514,1.362899661064148,,5.5222673416137695,5.877800941467285,12.414532661437988,5.410524845123291,10.325039863586426,3.9387645721435547,17.56070327758789,8.41734790802002
2003-03-31,,,47.8548583984375,,15.738935470581055,,,335.8999938964844,,,43.78253173828125,6.953541278839111,26.553970336914062,41.15053939819336,21.276531219482422,52.67339324951172,9.803640365600586,9.563459396362305,55.427799224853516,,40.0854606628418,,4.7253007888793945,4.040535926818848,51.936798095703125,6.0783371925354,4.9146199226379395,3.812751293182373,5.222293376922607,,3.5860326290130615,1.3814561367034912,,5.556366443634033,5.884978294372559,12.546451568603516,5.328546524047852,10.326271057128906,4.138295650482178,18.18671226501465,8.615222930908203
2003-04-30,,,50.943023681640625,7.516479015350342,17.338890075683594,,,339.1000061035156,,,43.842933654785156,7.496640205383301,29.283140182495117,42.120750427246094,23.130338668823242,52.75775146484375,11.204767227172852,10.784210205078125,60.11766052246094,,40.50568771362305,,4.7663960456848145,4.415025234222412,56.22341537475586,6.085172653198242,4.926492691040039,4.182764530181885,5.205001354217529,,3.618630886077881,1.4318801164627075,,6.05819034576416,5.834880352020264,13.90440845489502,5.816686153411865,10.632110595703125,4.49589729309082,18.78567123413086,9.623429298400879
2003-05-31,,,53.413631439208984,8.202195167541504,18.457637786865234,,,364.5,,,45.504966735839844,7.888439655303955,32.4659309387207,43.765724182128906,25.102100372314453,52.949928283691406,12.716285705566406,12.42647647857666,63.414276123046875,,43.06546401977539,,4.853276252746582,4.718505859375,59.182884216308594,6.143548488616943,5.0615081787109375,4.440165042877197,5.451419830322266,,3.8238749504089355,1.4365683794021606,,6.245621204376221,6.45449161529541,14.281257629394531,6.31600284576416,11.154821395874023,4.950209140777588,19.173629760742188,10.135110855102539
2003-06-30,,,54.19992446899414,8.54647445678711,18.81549644470215,,,,,,45.19023895263672,7.978678226470947,32.840675354003906,43.686851501464844,25.236919403076172,53.03775405883789,11.986001014709473,11.933793067932129,64.08975219726562,,42.28742218017578,,4.846985340118408,5.016497611999512,59.92874526977539,6.150402545928955,5.039586067199707,4.558139801025391,5.402958869934082,,3.7672576904296875,1.464332103729248,,6.301971435546875,6.371605396270752,14.579530715942383,6.360716819763184,11.261265754699707,5.017386436462402,20.020437240600586,10.282036781311035
2003-07-31,,,55.82190704345703,9.031181335449219,19.100400924682617,,,354.0,,,42.92164993286133,8.176923751831055,34.975868225097656,41.150306701660156,26.79578971862793,52.769351959228516,13.798974990844727,13.220234870910645,65.2450942993164,,38.06679153442383,,4.685193061828613,5.390321731567383,60.97392272949219,6.094060897827148,4.844229698181152,4.702929496765137,5.161364555358887,,3.4441940784454346,1.4409180879592896,,6.797502040863037,6.146414279937744,15.061397552490234,6.558209419250488,11.244501113891602,4.681681156158447,19.720088958740234,10.47181510925293
2003-08-31,,,57.06908416748047,9.752533912658691,19.729265213012695,,,375.70001220703125,,,43.226436614990234,8.373236656188965,36.64929962158203,41.74729919433594,28.135589599609375,52.74497985839844,15.8751859664917,15.382560729980469,66.5908203125,,38.56376266479492,,4.713879108428955,5.754368782043457,62.15227508544922,6.095215320587158,4.85320520401001,4.82090425491333,5.249215126037598,,3.493346929550171,1.4530435800552368,,6.985980033874512,6.538512706756592,15.647436141967773,6.871215343475342,11.434427261352539,4.774680137634277,18.98971176147461,11.006978988647461
2003-09-30,49.51226043701172,,56.40935516357422,9.689092636108398,20.32512092590332,,,385.3999938964844,,,45.37715148925781,8.298049926757812,35.935543060302734,43.641632080078125,27.3182315826416,53.24895095825195,14.605684280395508,14.343487739562988,65.86457824707031,,40.85224914550781,,4.8414764404296875,5.820969581604004,61.484840393066406,6.165534496307373,5.003040790557861,4.954968452453613,5.416299819946289,,3.670621156692505,1.4837437868118286,,6.671306610107422,6.403690338134766,15.219425201416016,6.811595916748047,11.389460563659668,5.01209020614624,19.039138793945312,10.481705665588379
2003-10-31,49.04943084716797,,59.452423095703125,10.578669548034668,21.64537811279297,,,384.5,,,44.711734771728516,8.741959571838379,39.06437683105469,43.09041976928711,29.64390754699707,53.0317497253418,17.683914184570312,17.053409576416016,69.39008331298828,,39.61393737792969,,4.795079231262207,6.371424674987793,64.9533920288086,6.1443986892700195,4.935342788696289,5.276718616485596,5.442762851715088,,3.576083183288574,1.505308985710144,,7.306957244873047,6.464930057525635,16.160430908203125,7.310914516448975,11.905123710632324,5.0464186668396,19.169218063354492,11.43563175201416
2003-11-30,49.213409423828125,,59.67436218261719,10.777539253234863,22.192602157592773,,,396.79998779296875,,,44.72181701660156,8.823734283447266,40.52699279785156,43.2227783203125,29.81242561340332,53.00018310546875,18.596773147583008,17.95399284362793,70.14794921875,,39.748409271240234,,4.803012847900391,6.461790561676025,65.5147476196289,6.140395641326904,4.93143892288208,5.389331340789795,5.447174072265625,,3.587364435195923,1.5219610929489136,,7.471982479095459,6.51552152633667,16.480636596679688,7.415249347686768,12.045248985290527,5.057862758636475,19.579992294311523,11.53823471069336
2003-12-31,49.69537353515625,,63.714107513427734,11.745845794677734,24.131675720214844,,,415.70001220703125,,,45.63420867919922,9.157864570617676,41.258262634277344,44.334442138671875,30.7344913482666,53.57606887817383,17.615983963012695,17.176593780517578,73.6772689819336,49.68083190917969,40.28235626220703,,4.845707416534424,6.882856845855713,68.93510437011719,6.176802635192871,4.977893829345703,5.8099589347839355,5.495512008666992,,3.631812810897827,1.5534751415252686,,8.204468727111816,7.368560314178467,17.572898864746094,7.647761344909668,12.259515762329102,5.389256954193115,20.713045120239258,12.000367164611816
2004-01-31,49.91425704956055,,64.06661224365234,12.030303955078125,24.403379440307617,,,402.20001220703125,,,46.097564697265625,9.359418869018555,43.04561233520508,44.875770568847656,31.248693466186523,53.64101791381836,17.81553840637207,17.792499542236328,75.13384246826172,50.28653335571289,41.03194046020508,,4.887666702270508,7.119228839874268,70.19065856933594,6.190778732299805,5.018623352050781,5.902788162231445,5.563021659851074,,3.695218563079834,1.5678715705871582,,7.841728687286377,7.534387111663818,17.75020980834961,7.974236011505127,12.259515762329102,5.500137805938721,21.283248901367188,11.931771278381348
2004-02-29,50.48407745361328,,64.83238983154297,12.506073951721191,24.96440887451172,,,,,,46.84061813354492,9.414206504821777,43.4552116394043,45.55202865600586,30.82721519470215,53.900630950927734,17.365480422973633,17.636463165283203,76.15347290039062,51.36602020263672,41.968204498291016,,4.938241481781006,7.436432361602783,71.15755462646484,6.226302623748779,5.080094337463379,6.05021858215332,5.684545516967773,,3.7678842544555664,1.5721017122268677,,8.250572204589844,7.930232048034668,17.61886978149414,7.771594524383545,12.957489967346191,5.604089736938477,21.509960174560547,12.190908432006836
2004-03-31,50.82925033569336,,63.59090805053711,12.574854850769043,24.982059478759766,,,427.29998779296875,,,47.44812774658203,9.233247756958008,43.870697021484375,46.00260925292969,30.211833953857422,54.0523681640625,16.771059036254883,16.87822723388672,75.14479064941406,52.220821380615234,42.560428619384766,,4.977692604064941,7.486980438232422,70.08030700683594,6.251417636871338,5.134325981140137,6.077521800994873,5.769990921020508,,3.8224551677703857,1.584236741065979,,8.060332298278809,7.880652904510498,17.403345108032227,7.565201282501221,12.925376892089844,5.663830757141113,20.613208770751953,12.115678787231445
2004-04-30,49.402767181396484,,62.66584396362305,11.342451095581055,24.135208129882812,,,387.0,,,45.38595199584961,9.12934684753418,41.44961166381836,44.21415710449219,29.309885025024414,53.47832489013672,14.987807273864746,15.137301445007324,73.72293090820312,49.7027587890625,39.906673431396484,,4.847872734069824,6.915436744689941,68.97528076171875,6.176669597625732,4.967555046081543,5.8864030838012695,5.499101161956787,,3.611732244491577,1.5738651752471924,,7.6870832443237305,8.01495361328125,17.396757125854492,7.276254177093506,13.094852447509766,5.421631336212158,21.25371742248535,11.978303909301758
2004-05-31,49.21599197387695,,62.7486572265625,11.475004196166992,24.41044044494629,,,394.0,,,45.144920349121094,9.307738304138184,42.341182708740234,43.98280334472656,30.810344696044922,53.47563552856445,16.52480125427246,16.703041076660156,74.98532104492188,50.70653533935547,39.80369567871094,,4.827347755432129,6.878606796264648,69.91182708740234,6.166732311248779,4.942301273345947,5.913707256317139,5.589395523071289,,3.591576099395752,1.548750400543213,,7.903012752532959,7.990781307220459,17.825088500976562,7.5614447593688965,13.021411895751953,5.4868364334106445,21.18484878540039,12.054621696472168
2004-06-30,49.5744743347168,,64.3119888305664,11.581049919128418,25.22905731201172,,,392.6000061035156,,,45.4398307800293,9.394351959228516,44.13266372680664,44.03843307495117,31.81346893310547,53.46519470214844,16.062009811401367,16.21854591369629,76.3726577758789,50.63504409790039,40.22297668457031,,4.854339122772217,6.894237041473389,71.25951385498047,6.167959213256836,4.9691362380981445,6.055679798126221,5.594403266906738,,3.623065948486328,1.5684038400650024,,8.29954719543457,8.489130020141602,18.925338745117188,7.767841339111328,13.092853546142578,5.581862449645996,21.105735778808594,12.085771560668945
2004-07-31,50.033016204833984,,62.59407424926758,11.15973949432373,24.152851104736328,,,391.0,,,45.99044418334961,8.901559829711914,41.14411163330078,44.726497650146484,29.411039352416992,53.6140251159668,13.968809127807617,13.875401496887207,73.91201782226562,51.045066833496094,40.83899688720703,,4.901143550872803,6.792232036590576,68.90019989013672,6.187409400939941,5.014381408691406,5.853642463684082,5.649565696716309,,3.678309917449951,1.5858944654464722,,8.110499382019043,8.75070858001709,18.397066116333008,7.295012474060059,12.446433067321777,5.666437149047852,19.973100662231445,11.627256393432617
2004-08-31,50.842830657958984,,62.86410903930664,11.553821563720703,24.440427780151367,,,,,,47.29181671142578,8.805360794067383,40.52320861816406,46.10454177856445,28.677642822265625,54.00993347167969,12.453042984008789,12.520435333251953,74.09207153320312,52.419097900390625,42.54026412963867,,4.99638557434082,7.093095779418945,69.16385650634766,6.2369513511657715,5.118464946746826,5.897326946258545,5.796669960021973,,3.803156614303589,1.6161983013153076,,8.246855735778809,8.615872383117676,18.4102725982666,6.972294330596924,12.66757583618164,5.89666223526001,20.297683715820312,11.60433578491211
2004-09-30,51.10563659667969,,62.301483154296875,12.359899520874023,24.946765899658203,,,418.70001220703125,,,47.444271087646484,8.893939018249512,42.68449783325195,46.24810028076172,29.62177276611328,53.958675384521484,12.8394136428833,13.14454174041748,74.83573150634766,52.46237564086914,42.94413757324219,,5.0046563148498535,7.513370990753174,69.9023208618164,6.23934268951416,5.1283955574035645,6.072062015533447,5.810632705688477,19.65232276916504,3.8388514518737793,1.6359450817108154,,8.578298568725586,9.457036972045898,18.806047439575195,7.174932956695557,12.33395004272461,5.934092998504639,19.942777633666992,11.938958168029785
2004-10-31,51.54855728149414,,62.052520751953125,12.711714744567871,25.820085525512695,,,428.5,,,47.913570404052734,9.015936851501465,43.561805725097656,46.795223236083984,31.105403900146484,54.11810302734375,13.735285758972168,13.924677848815918,75.80001831054688,53.036376953125,43.70199203491211,,5.0470685958862305,7.708648204803467,70.96116638183594,6.259504795074463,5.1750168800354,6.26863956451416,5.8618483543396,20.766929626464844,3.895078182220459,1.6640747785568237,,8.49733829498291,9.513896942138672,18.998212814331055,7.490148067474365,12.413663864135742,6.2230987548828125,19.49944496154785,12.421114921569824
2004-11-30,51.16756057739258,,64.83500671386719,13.976363182067871,27.390283584594727,,,451.29998779296875,45.119998931884766,,46.965904235839844,9.37208366394043,47.56968688964844,46.224327087402344,32.976776123046875,53.80664825439453,13.794730186462402,14.370858192443848,79.17440795898438,52.86391067504883,42.65500259399414,,5.006600856781006,8.514431953430176,73.83219146728516,6.219796657562256,5.098487854003906,6.721860885620117,5.84322452545166,21.58822250366211,3.807460308074951,1.6684986352920532,,9.18858528137207,10.155556678771973,20.19099235534668,7.872910022735596,12.72115707397461,6.500261306762695,19.88043785095215,12.941527366638184
2004-12-31,51.57551193237305,,66.91422271728516,14.639684677124023,28.706863403320312,,,437.5,43.79999923706055,,47.514183044433594,9.721827507019043,48.706851959228516,46.8672981262207,33.97343826293945,53.93162536621094,14.168362617492676,14.726703643798828,81.55923461914062,53.7938117980957,43.789066314697266,,5.052767753601074,8.830860137939453,76.33789825439453,6.240638732910156,5.148226737976074,7.020180702209473,5.950159072875977,22.61482810974121,3.892517328262329,1.6865218877792358,,9.311450958251953,9.869096755981445,20.692338943481445,8.078913688659668,13.196815490722656,6.660358905792236,20.976716995239258,13.546093940734863
2005-01-31,51.82733154296875,,65.28865051269531,14.562080383300781,28.16048812866211,,,421.79998779296875,42.220001220703125,,47.9281005859375,9.391500473022461,46.728477478027344,47.443023681640625,31.828824996948242,53.91172790527344,13.251261711120605,13.642729759216309,79.73058319091797,53.79887771606445,45.35175323486328,,5.0857930183410645,8.841419219970703,74.46435546875,6.24365758895874,5.177123546600342,6.9031758308410645,5.950159072875977,20.67926025390625,3.9937286376953125,1.6837037801742554,,9.026440620422363,10.203320503234863,20.112924575805664,7.623490333557129,13.351200103759766,6.801459312438965,20.323593139648438,12.966473579406738
2005-02-28,51.63487243652344,,67.24385070800781,15.97200870513916,29.226375579833984,,,436.5,43.529998779296875,,47.27225875854492,9.504243850708008,47.49576950073242,46.998878479003906,31.6756591796875,53.77299118041992,14.43160629272461,14.715749740600586,81.39730834960938,53.5147705078125,44.68412780761719,,5.054187774658203,9.64610481262207,76.02338409423828,6.220958232879639,5.126162052154541,7.226325988769531,5.921756744384766,21.335113525390625,3.9440860748291016,1.7032352685928345,,9.737404823303223,11.91518783569336,20.34602165222168,7.634972095489502,13.334043502807617,6.947341442108154,20.93503761291504,12.897383689880371
2005-03-31,51.13177490234375,,65.65557861328125,14.708585739135742,28.45965003967285,,,428.70001220703125,42.81999969482422,,47.08150863647461,9.298256874084473,46.14937210083008,46.405609130859375,31.122474670410156,53.781673431396484,13.811713218688965,13.95203971862793,79.90827941894531,53.6318244934082,44.480979919433594,,5.029543876647949,9.022078514099121,74.6855697631836,6.218023777008057,5.1001296043396,7.0146074295043945,5.929538249969482,20.970827102661133,3.914750576019287,1.657738208770752,,9.478598594665527,11.687686920166016,20.33709716796875,7.485716342926025,13.21719741821289,7.024172306060791,20.818199157714844,12.74666690826416
2005-04-30,52.012725830078125,,63.75677490234375,14.525083541870117,27.999263763427734,,,435.0,43.349998474121094,,48.26634216308594,9.127646446228027,43.53871154785156,47.158103942871094,29.769311904907227,54.06166458129883,13.085675239562988,13.147281646728516,78.41119384765625,54.58515930175781,46.200233459472656,,5.097752571105957,8.783617973327637,73.25761413574219,6.263063430786133,5.189575672149658,6.86974573135376,6.038902282714844,22.180845260620117,4.040922164916992,1.6487009525299072,,8.80290699005127,11.055185317993164,19.59526824951172,7.22165060043335,13.079399108886719,7.2410383224487305,21.54328155517578,11.93558120727539
2005-05-31,52.44315719604492,,65.68704986572266,14.984185218811035,27.757431030273438,,,,41.650001525878906,,49.15357208251953,9.583930015563965,46.353397369384766,47.45176696777344,32.40753173828125,54.275447845458984,14.605684280395508,14.644586563110352,80.93792724609375,54.99989700317383,47.649784088134766,,5.1518049240112305,9.103656768798828,75.57803344726562,6.290795803070068,5.251570224761963,6.875319480895996,6.081695556640625,22.96188735961914,4.144330024719238,1.6801578998565674,,8.746336936950684,11.363262176513672,20.2168025970459,7.722996234893799,13.383697509765625,7.236215114593506,21.81519317626953,12.673633575439453
2005-06-30,52.9026985168457,,64.57640075683594,15.578919410705566,28.155122756958008,,,435.8999938964844,43.439998626708984,,49.388710021972656,9.538426399230957,48.24287414550781,48.03059387207031,31.330089569091797,54.40944290161133,14.295738220214844,14.43107795715332,81.06061553955078,55.28449630737305,48.6812744140625,,5.180475234985352,9.429434776306152,75.67192840576172,6.3059234619140625,5.280618190765381,6.964462757110596,6.101971626281738,24.017532348632812,4.212407112121582,1.7007099390029907,,8.571256637573242,12.156322479248047,19.684267044067383,7.623490333557129,13.12512493133545,7.66702127456665,21.69983673095703,12.618997573852539
2005-07-31,52.35495376586914,,67.07414245605469,16.775619506835938,28.99885368347168,,,429.8999938964844,42.81999969482422,,48.30858612060547,10.023299217224121,51.41616439819336,47.63363265991211,33.71522521972656,54.205352783203125,15.862456321716309,16.106304168701172,84.16205596923828,53.91826248168945,47.03546142578125,,5.1291632652282715,10.092902183532715,78.47663116455078,6.280557632446289,5.206570148468018,7.220755100250244,5.980708122253418,25.731904983520508,4.1038007736206055,1.716214895248413,,9.044981956481934,13.017793655395508,20.434659957885742,8.055948257446289,13.546285629272461,7.839508056640625,22.18936538696289,13.335023880004883
2005-08-31,52.9735221862793,,66.1729736328125,16.997554779052734,30.11130714416504,,,433.79998779296875,43.400001525878906,,49.2750129699707,9.87624740600586,50.38616180419922,48.34965515136719,33.20411682128906,54.562618255615234,15.701115608215332,16.136415481567383,83.37309265136719,55.282958984375,48.67070770263672,,5.1989641189575195,10.213175773620605,77.7599868774414,6.327923774719238,5.292319297790527,7.42690372467041,6.111673355102539,24.68855094909668,4.222017288208008,1.7206215858459473,,8.666000366210938,13.8491849899292,19.95225715637207,7.979410171508789,13.309744834899902,7.8905229568481445,22.112442016601562,12.896170616149902
2005-09-30,52.477420806884766,,66.81359100341797,18.468414306640625,31.223758697509766,,,469.0,46.70000076293945,,48.411590576171875,9.922072410583496,50.43394088745117,47.44990539550781,33.61300277709961,54.39931869506836,15.684123992919922,16.229385375976562,84.04219055175781,55.19749450683594,46.91227722167969,,5.14173698425293,11.118807792663574,78.37760925292969,6.307895660400391,5.231929779052734,7.777912139892578,6.105592250823975,25.01856803894043,4.104917526245117,1.7110553979873657,,8.732714653015137,14.719793319702148,20.286602020263672,7.9985456466674805,13.498014450073242,8.224160194396973,21.98990821838379,12.529645919799805
2005-10-31,51.95738220214844,,65.73931884765625,17.297815322875977,30.22954559326172,,,465.1000061035156,46.400001525878906,,47.811676025390625,9.784677505493164,48.45120620727539,46.69934844970703,33.11042785644531,54.35464096069336,14.244787216186523,15.281803131103516,82.0545425415039,54.47333526611328,45.861019134521484,,5.100101470947266,10.410322189331055,77.06210327148438,6.301236629486084,5.190779209136963,7.516048431396484,6.027315616607666,24.298437118530273,4.0335493087768555,1.7020097970962524,,8.75177001953125,13.389607429504395,19.99736785888672,7.814846038818359,13.43423843383789,7.697907447814941,21.31653594970703,12.275120735168457
2005-11-30,52.15204620361328,,68.64373779296875,18.298694610595703,30.928173065185547,,,494.6000061035156,49.099998474121094,,48.11064147949219,10.2406587600708,51.23917007446289,47.00613784790039,35.12923812866211,54.56642150878906,15.8751859664917,16.938697814941406,85.66104888916016,54.569427490234375,46.17755126953125,,5.124661922454834,11.263680458068848,79.96318817138672,6.325718879699707,5.215578079223633,7.716623783111572,6.037101745605469,25.308277130126953,4.056931972503662,1.7176177501678467,,9.421805381774902,13.589828491210938,21.161014556884766,8.308534622192383,13.555990219116211,7.6856689453125,21.576061248779297,12.76488971710205
2005-12-31,52.74348831176758,,67.99073028564453,19.415998458862305,32.53104782104492,,,517.0999755859375,51.58000183105469,,48.76778793334961,10.183584213256836,50.88050842285156,47.41081237792969,34.50528335571289,54.75697326660156,15.556750297546387,16.697690963745117,85.49713134765625,55.13343048095703,47.554420471191406,,5.175471782684326,11.785510063171387,79.98133087158203,6.352142810821533,5.268759727478027,8.113114356994629,6.10396146774292,25.314416885375977,4.15153694152832,1.7335985898971558,,9.691374778747559,13.83438491821289,21.261104583740234,8.053345680236816,13.5718412399292,7.751705169677734,22.322601318359375,12.65563678741455
2006-01-31,52.7120361328125,,68.90592193603516,22.17273712158203,34.40857696533203,,,,56.70000076293945,,48.42485809326172,10.321333885192871,55.1739616394043,47.20393371582031,35.86293411254883,54.85258865356445,15.83697509765625,18.19300651550293,87.55023193359375,55.149539947509766,46.91796875,,5.169896602630615,13.161373138427734,82.09706115722656,6.360814094543457,5.251012802124023,8.670286178588867,6.114002227783203,27.2227725982666,4.114267826080322,1.7496764659881592,,10.158662796020508,15.855504035949707,21.32200050354004,8.323073387145996,13.595152854919434,7.939382076263428,22.61113739013672,12.880457878112793
2006-02-28,52.79676818847656,18.463672637939453,70.07177734375,21.319093704223633,34.1677360534668,,,561.5999755859375,56.06999969482422,,48.37472152709961,10.34729290008545,55.349342346191406,47.526092529296875,35.094451904296875,54.8709716796875,15.718092918395996,17.79042625427246,88.0515365600586,55.149539947509766,47.43776321411133,,5.189631462097168,12.992095947265625,82.30587005615234,6.361514568328857,5.255486965179443,8.607745170593262,6.10396146774292,27.728551864624023,4.147608280181885,1.7618818283081055,36.78326416015625,9.941019058227539,14.392596244812012,21.985145568847656,8.342334747314453,13.711694717407227,8.043098449707031,22.871522903442383,12.973484992980957
2006-03-31,52.33872985839844,18.978979110717773,71.1278305053711,21.78111457824707,35.53619384765625,,,581.7999877929688,58.099998474121094,,47.71782684326172,10.552159309387207,58.06635665893555,46.72600555419922,35.828277587890625,54.9665412902832,15.420880317687988,17.853416442871094,89.5047378540039,53.96987533569336,45.26992416381836,,5.137872219085693,13.169600486755371,83.3262710571289,6.3646769523620605,5.203619003295898,8.880651473999023,5.973407745361328,29.035961151123047,4.006753444671631,1.7610752582550049,36.85368728637695,10.404651641845703,15.003388404846191,22.957530975341797,8.531147956848145,13.824769973754883,7.6705803871154785,22.57933235168457,13.049824714660645
2006-04-30,52.260799407958984,20.310836791992188,72.84774017333984,23.200197219848633,37.23855972290039,,,651.7999877929688,65.08999633789062,,47.41859436035156,10.524141311645508,58.242122650146484,46.631561279296875,35.75993347167969,55.087867736816406,15.985581398010254,18.272441864013672,90.63530731201172,53.843238830566406,44.02386474609375,,5.127565860748291,14.136271476745605,84.43740844726562,6.385881423950195,5.1842241287231445,9.335479736328125,5.968381881713867,28.048437118530273,3.9282398223876953,1.7657103538513184,34.90189743041992,10.774518966674805,15.759071350097656,23.453357696533203,8.419404029846191,13.95949935913086,7.7924981117248535,21.8803653717041,13.216529846191406
2006-05-31,52.15702438354492,20.231557846069336,71.65184020996094,20.61505889892578,35.815364837646484,,,642.5,64.2300033569336,,47.367942810058594,10.13598918914795,54.932594299316406,46.54292678833008,33.17085266113281,55.179893493652344,14.448585510253906,16.54159164428711,87.90531158447266,54.00299072265625,43.939876556396484,,5.1229119300842285,12.640615463256836,81.99158477783203,6.389037609100342,5.185246467590332,8.92044734954834,5.98345422744751,27.291749954223633,3.927166700363159,1.759143590927124,30.22414779663086,10.34032154083252,15.320551872253418,23.05261993408203,7.872237205505371,13.98878288269043,7.9193854331970215,21.421430587768555,12.9955415725708
2006-06-30,52.07311248779297,20.057146072387695,71.79703521728516,20.6590633392334,35.79346466064453,79.55536651611328,,613.5,61.22999954223633,,47.476722717285156,10.120817184448242,54.90962600708008,46.502952575683594,33.15044021606445,55.310367584228516,13.973052024841309,15.880806922912598,88.13459777832031,54.23392105102539,44.45760726928711,,5.12830924987793,12.638511657714844,82.0960922241211,6.405391216278076,5.190788269042969,8.886335372924805,6.001528739929199,28.645692825317383,3.955017566680908,1.7522969245910645,28.012680053710938,10.393691062927246,15.70942211151123,23.02299690246582,7.833704471588135,14.246245384216309,8.101090431213379,21.42891502380371,12.972804069519043
2006-07-31,52.79640197753906,20.501102447509766,71.96562957763672,21.14308738708496,36.08357238769531,79.07594299316406,,634.2000122070312,63.15999984741211,,48.27305603027344,9.914196014404297,53.340370178222656,47.181392669677734,31.722488403320312,55.67811584472656,13.382882118225098,15.198430061340332,88.52930450439453,55.05336380004883,45.41934585571289,,5.197448253631592,12.810158729553223,82.5943374633789,6.454431533813477,5.2609357833862305,8.98867416381836,6.098989486694336,29.760419845581055,4.028051376342773,1.7660439014434814,25.605470657348633,10.005139350891113,16.235370635986328,21.715576171875,7.629482746124268,14.470044136047363,8.48996353149414,22.59815216064453,12.541544914245605
2006-08-31,53.63640213012695,19.81931495666504,73.35302734375,21.477506637573242,37.00318145751953,79.1168441772461,,625.9000244140625,62.290000915527344,,49.12434768676758,10.197053909301758,54.94023895263672,48.231475830078125,33.23594284057617,56.096858978271484,14.474061965942383,16.565908432006836,90.46119689941406,55.96885681152344,46.807430267333984,,5.282797813415527,13.088470458984375,84.5451431274414,6.503031253814697,5.346259117126465,9.216086387634277,6.2015767097473145,30.79736328125,4.138271808624268,1.7916089296340942,25.885759353637695,10.306262016296387,15.410460472106934,21.96071434020996,8.165085792541504,15.02951717376709,8.723285675048828,23.24299430847168,12.790197372436523
2006-09-30,54.17888641357422,18.986906051635742,75.37657165527344,21.290489196777344,37.08529281616211,77.85747528076172,,598.5999755859375,59.470001220703125,,49.71754455566406,10.48374080657959,55.292755126953125,48.652286529541016,34.77793884277344,56.34307098388672,14.558979988098145,16.861841201782227,92.90380096435547,56.03087615966797,47.70378875732422,,5.325909614562988,13.210592269897461,86.71151733398438,6.538497447967529,5.3965630531311035,9.238828659057617,6.213403701782227,31.402799606323242,4.203701972961426,1.8140665292739868,27.0373477935791,10.304838180541992,14.846601486206055,22.799165725708008,8.494434356689453,15.021952629089355,8.59640884399414,23.59968376159668,13.605015754699707
2006-10-31,54.55046081542969,19.17717170715332,78.0483169555664,22.793169021606445,38.475650787353516,78.42320251464844,,,60.2400016784668,,49.98528289794922,10.86390495300293,58.54124450683594,49.13943099975586,36.42912673950195,56.578311920166016,14.4358491897583,16.697275161743164,95.83180236816406,55.98973846435547,48.10765075683594,,5.3645219802856445,13.86043643951416,89.53048706054688,6.569080352783203,5.427700996398926,9.608379364013672,6.202990531921387,33.295684814453125,4.236147403717041,1.8310288190841675,28.342945098876953,10.923652648925781,15.47990894317627,23.44196891784668,8.83035659790039,15.288300514221191,9.05164623260498,23.677907943725586,14.48476791381836
2006-11-30,55.12968444824219,20.437681198120117,79.25526428222656,24.157241821289062,39.65800094604492,81.39018249511719,,646.9000244140625,64.38999938964844,,50.64085006713867,11.07309627532959,59.95425796508789,49.85753631591797,37.67823791503906,56.85182189941406,14.669371604919434,17.245803833007812,97.73745727539062,56.59014892578125,49.21806716918945,,5.424164295196533,14.913436889648438,91.21479034423828,6.6054887771606445,5.48849630355835,9.966565132141113,6.275844097137451,34.88764190673828,4.317277908325195,1.859737753868103,30.574010848999023,11.39915943145752,16.807626724243164,24.016395568847656,9.08132553100586,15.1580810546875,9.291905403137207,23.649465560913086,14.667726516723633
2006-12-31,54.79864501953125,19.96353530883789,80.85061645507812,25.476173400878906,40.925941467285156,80.08646392822266,,635.2000122070312,63.209999084472656,,49.99482345581055,11.0936279296875,60.17780303955078,49.410762786865234,36.970359802246094,56.88920593261719,14.287243843078613,16.735637664794922,99.04429626464844,55.28633499145508,47.89127731323242,,5.398428916931152,15.300620079040527,92.49295806884766,6.592164993286133,5.434730529785156,10.274353981018066,6.1301374435424805,34.24481201171875,4.225104331970215,1.8772052526474,30.947481155395508,11.47116756439209,16.3341064453125,24.13472557067871,9.032410621643066,15.538378715515137,9.371249198913574,23.89666175842285,14.985804557800293
2007-01-31,54.76015853881836,19.484346389770508,82.09222412109375,25.50518798828125,41.496063232421875,78.59134674072266,,652.0,64.83000183105469,,49.79468536376953,11.383916854858398,61.1958122253418,49.457088470458984,37.74985122680664,56.9817008972168,14.363672256469727,16.680782318115234,100.53399658203125,55.41508102416992,47.41466522216797,,5.394272804260254,15.23386287689209,93.87406921386719,6.60447359085083,5.421228408813477,10.373201370239258,6.1405463218688965,37.251243591308594,4.189590930938721,1.8887253999710083,31.651016235351562,11.935415267944336,16.183658599853516,24.637954711914062,9.214919090270996,15.85366439819336,9.338069915771484,24.624486923217773,15.415532112121582
2007-02-28,55.6502799987793,20.475215911865234,79.90801239013672,24.679553985595703,41.44575881958008,80.28713989257812,84.62000274658203,669.4000244140625,66.4800033569336,,50.81798553466797,11.178292274475098,60.79479217529297,50.446502685546875,37.115962982177734,57.395896911621094,14.618420600891113,16.974287033081055,98.561767578125,56.511749267578125,49.02156448364258,,5.475717544555664,15.060347557067871,92.02547454833984,6.666328430175781,5.522179126739502,10.37901496887207,6.265436172485352,36.246158599853516,4.312338352203369,1.9173084497451782,29.52381706237793,12.254792213439941,15.852132797241211,24.36221694946289,8.966394424438477,15.60976791381836,9.833174705505371,24.053653717041016,14.954553604125977
2007-03-31,55.541683197021484,20.613285064697266,80.69741821289062,25.99609375,42.647491455078125,80.51789855957031,84.91999816894531,663.0,65.73999786376953,,50.74776077270508,11.248563766479492,61.39071273803711,50.1059684753418,37.310760498046875,57.65460205078125,14.176855087280273,16.558298110961914,99.70393371582031,56.69586181640625,48.18806838989258,20.40107536315918,5.476901531219482,15.70151424407959,93.04888153076172,6.6851325035095215,5.523775577545166,10.669745445251465,6.276815414428711,35.49406814575195,4.263801097869873,1.9198226928710938,27.013675689697266,12.544149398803711,16.848878860473633,24.56001091003418,9.055703163146973,15.932321548461914,10.186460494995117,24.10060691833496,14.883851051330566
2007-04-30,55.86924362182617,20.767601013183594,85.39089965820312,26.964540481567383,44.246089935302734,81.1658935546875,83.72000122070312,,67.08999633789062,31.773277282714844,51.055538177490234,11.765926361083984,62.387451171875,50.55270004272461,39.39360809326172,57.83076858520508,15.544015884399414,17.566082000732422,104.1204833984375,57.072593688964844,48.62417984008789,20.154191970825195,5.504970073699951,16.38755226135254,97.1596908569336,6.716394424438477,5.555098056793213,11.088395118713379,6.324007987976074,35.4493408203125,4.300671100616455,1.943542718887329,28.349836349487305,12.732060432434082,17.71255874633789,25.69991683959961,9.482865333557129,16.38068962097168,10.686806678771973,25.862497329711914,15.23609447479248
2007-05-31,55.356788635253906,20.718870162963867,89.29772186279297,28.330177307128906,45.29129409790039,80.04976654052734,82.16999816894531,661.0,65.54000091552734,31.891834259033203,50.34407043457031,12.198409080505371,65.11509704589844,49.93051528930664,40.63643264770508,57.79181671142578,15.586472511291504,17.714353561401367,107.65222930908203,56.32410430908203,47.49909591674805,20.5080623626709,5.462190628051758,17.385583877563477,100.53801727294922,6.689785003662109,5.489507675170898,11.431458473205566,6.245353698730469,35.31513214111328,4.217819690704346,1.9553556442260742,29.594697952270508,13.483721733093262,19.090551376342773,27.033281326293945,9.960500717163086,16.60189437866211,10.735554695129395,26.306547164916992,15.693992614746094
2007-06-30,55.14822006225586,20.873186111450195,88.03794860839844,29.372243881225586,45.14597702026367,80.47554016113281,81.23999786376953,648.0999755859375,64.2699966430664,30.88644790649414,50.108665466308594,11.995413780212402,64.17857360839844,49.52606201171875,40.8311882019043,58.06636428833008,16.155412673950195,18.1019344329834,106.0782470703125,56.20317840576172,47.01768112182617,20.475143432617188,5.4413933753967285,18.18792724609375,98.85459899902344,6.714091777801514,5.479890823364258,11.501229286193848,6.233705520629883,32.13404083251953,4.180699348449707,1.9109704494476318,25.134662628173828,13.412005424499512,19.339412689208984,27.04058265686035,9.948065757751465,16.271085739135742,10.225910186767578,25.425870895385742,15.419828414916992
2007-07-31,55.74002456665039,21.271154403686523,86.80803680419922,29.582000732421875,44.11193084716797,81.8899917602539,84.33999633789062,,65.79000091552734,29.688011169433594,51.239559173583984,11.825235366821289,59.68841552734375,49.117916107177734,40.77116012573242,58.59136199951172,16.036529541015625,18.11018180847168,102.75697326660156,57.49625778198242,48.57826232910156,20.285863876342773,5.48695182800293,18.997573852539062,95.79817199707031,6.785655975341797,5.579273700714111,11.379120826721191,6.373669147491455,29.47998046875,4.280487537384033,1.847933053970337,22.00009536743164,13.05435848236084,19.342212677001953,27.29685401916504,9.928635597229004,15.807915687561035,9.817699432373047,24.21614646911621,14.506326675415039
2007-08-31,56.453121185302734,20.86506462097168,87.80963134765625,29.889928817749023,43.83246612548828,81.48966217041016,86.31999969482422,673.0,66.5199966430664,31.230005264282227,52.39912033081055,11.969076156616211,60.958065032958984,50.28998947143555,41.92058181762695,59.20586013793945,16.087482452392578,18.35765838623047,104.07559967041016,57.96891403198242,49.44670486450195,20.40107536315918,5.560488224029541,18.835304260253906,97.2335433959961,6.863364219665527,5.689340591430664,11.297718048095703,6.432882785797119,31.468265533447266,4.364883899688721,1.8820078372955322,20.6614933013916,12.964941024780273,19.57488441467285,27.303783416748047,10.119048118591309,16.18085479736328,9.972722053527832,24.77059555053711,14.596498489379883
2007-09-30,56.81040954589844,22.83055305480957,91.5942153930664,33.34864044189453,46.16325759887695,84.73468780517578,87.0,742.7999877929688,73.51000213623047,32.14265823364258,52.44538497924805,12.532763481140137,62.115234375,50.65877914428711,44.122310638427734,59.53264617919922,16.261558532714844,18.577808380126953,108.10481262207031,58.71120834350586,49.55953598022461,19.79208755493164,5.6007981300354,20.88249969482422,100.85647583007812,6.913644313812256,5.715470790863037,12.01872730255127,6.514138698577881,32.70096206665039,4.374405860900879,1.9346715211868286,17.841548919677734,14.009099960327148,21.023256301879883,28.597402572631836,10.50139045715332,16.92424774169922,10.355295181274414,25.543426513671875,14.468091011047363
2007-10-31,57.383056640625,24.77168083190918,91.72171020507812,37.30719757080078,48.12513732910156,85.1211929321289,86.61000061035156,792.0,78.62000274658203,32.29662322998047,53.010231018066406,12.894148826599121,63.8846321105957,51.14748001098633,47.22917175292969,59.817195892333984,14.699089050292969,17.79868507385254,109.57140350341797,59.39588928222656,50.45956039428711,19.54520606994629,5.6529951095581055,23.4742488861084,102.44884490966797,6.944839954376221,5.7630391120910645,12.728106498718262,6.590394020080566,33.38737869262695,4.435609340667725,1.9436724185943604,18.48351287841797,14.591289520263672,21.55726432800293,28.228439331054688,11.058196067810059,17.18434715270996,11.044783592224121,26.020336151123047,14.397380828857422
2007-11-30,58.41797637939453,24.61736297607422,88.81510925292969,34.45320129394531,46.381248474121094,87.25823211669922,89.8499984741211,782.2000122070312,77.31999969482422,31.9334774017334,55.155860900878906,12.451553344726562,59.48441696166992,51.66889190673828,44.0364990234375,60.88959884643555,13.722548484802246,16.28173065185547,105.32748413085938,61.84172058105469,53.1597785949707,19.602807998657227,5.755671977996826,21.619770050048828,98.1595230102539,7.095283508300781,5.962544918060303,12.146650314331055,6.851825714111328,30.225292205810547,4.635308742523193,1.907563328742981,15.882309913635254,13.856067657470703,20.64944839477539,27.427885055541992,10.224934577941895,17.65614128112793,11.117632865905762,26.35271644592285,13.611719131469727
2007-12-31,58.412559509277344,26.267770767211914,87.96207427978516,33.96855926513672,44.99848937988281,87.3293685913086,89.5999984741211,834.9000244140625,82.45999908447266,31.907136917114258,55.18370056152344,12.367853164672852,59.10072708129883,51.25381088256836,44.005069732666016,61.07206726074219,13.781991004943848,16.376049041748047,104.14137268066406,61.88032913208008,52.82608413696289,19.666793823242188,5.773954391479492,21.181447982788086,97.48145294189453,7.112743854522705,5.979029655456543,11.867825508117676,6.841080665588379,28.589195251464844,4.617429256439209,1.916702151298523,16.200109481811523,14.00464153289795,22.359481811523438,27.39127540588379,10.428548812866211,17.509614944458008,11.09748363494873,25.607559204101562,12.93751335144043
2008-01-31,59.76363754272461,27.033498764038086,83.7116928100586,30.937829971313477,41.467384338378906,91.6408920288086,93.91000366210938,922.7000122070312,91.4000015258789,31.32425880432129,57.035640716552734,11.391122817993164,55.238590240478516,52.56892395019531,38.77293014526367,62.082618713378906,11.952034950256348,14.115763664245605,97.84493255615234,64.09114837646484,53.93327713012695,19.451040267944336,5.877530574798584,18.8563289642334,91.61740112304688,7.25546932220459,6.164166450500488,10.85348129272461,7.104832649230957,28.365907669067383,4.739651679992676,1.9031201601028442,18.418720245361328,13.416913032531738,19.612102508544922,25.88041114807129,9.094664573669434,16.536861419677734,10.282147407531738,24.43996810913086,12.890036582946777
2008-02-29,59.667938232421875,30.046464920043945,81.88035583496094,31.554819107055664,41.043209075927734,95.30661010742188,96.12999725341797,972.0999755859375,96.18000030517578,30.73868751525879,57.74240493774414,11.20188045501709,53.618953704833984,52.19761657714844,36.89999771118164,62.724098205566406,12.121868133544922,13.83460807800293,95.31632995605469,65.00300598144531,53.68776321411133,19.04442596435547,5.883481979370117,19.754663467407227,88.63851165771484,7.3348708152771,6.2477126121521,10.889283180236816,7.198246002197266,27.463491439819336,4.756462097167969,1.8753540515899658,17.079191207885742,13.7258939743042,21.429609298706055,25.355812072753906,8.664379119873047,16.494304656982422,9.86005973815918,23.787256240844727,12.391528129577637
2008-03-31,59.74531555175781,29.77180290222168,81.67335510253906,30.370548248291016,41.215171813964844,100.09156036376953,100.23999786376953,916.2000122070312,90.41000366210938,31.029504776000977,58.51466369628906,11.108599662780762,53.26194763183594,51.88591384887695,37.590904235839844,62.88313674926758,12.194045066833496,13.66094970703125,94.46400451660156,64.91204071044922,54.8360595703125,18.588022232055664,5.901381969451904,19.026660919189453,88.2431411743164,7.353856563568115,6.305866718292236,10.811718940734863,7.204839706420898,29.24457550048828,4.8051605224609375,1.8711364269256592,18.209228515625,13.532926559448242,20.928951263427734,26.276390075683594,8.764545440673828,17.0286922454834,10.018341064453125,22.70633888244629,12.170153617858887
2008-04-30,59.941043853759766,31.569599151611328,85.64229583740234,33.14588928222656,43.456504821777344,95.90109252929688,95.94999694824219,862.7999877929688,86.6500015258789,32.08354187011719,57.100135803222656,11.724841117858887,55.68754959106445,52.53168487548828,40.59162902832031,62.35646057128906,12.97952651977539,14.71666431427002,98.96631622314453,64.00345611572266,53.47263717651367,18.762287139892578,5.87794828414917,20.588930130004883,92.5339126586914,7.282896995544434,6.171445369720459,11.444191932678223,7.054624080657959,31.110166549682617,4.717102527618408,1.9394521713256836,18.57023048400879,14.253874778747559,23.102102279663086,27.049219131469727,9.31233024597168,16.900331497192383,10.530613899230957,22.932161331176758,12.459357261657715
2008-05-31,59.18265151977539,33.7502555847168,84.47914123535156,34.19456481933594,43.972415924072266,95.43604278564453,94.6500015258789,887.2999877929688,87.44999694824219,31.920433044433594,56.08514404296875,12.110496520996094,58.23796081542969,51.37332534790039,42.99909210205078,62.140586853027344,13.862664222717285,15.965338706970215,100.46235656738281,64.07189178466797,52.03516387939453,18.84526824951172,5.837671279907227,20.98349380493164,93.72257232666016,7.246325969696045,6.090122222900391,11.617225646972656,7.060186386108398,31.044536590576172,4.616888999938965,1.935176968574524,16.74007225036621,14.99503231048584,24.303133010864258,27.288110733032227,9.91879940032959,17.41377067565918,10.908214569091797,23.369243621826172,12.800052642822266
2008-06-30,59.07323455810547,37.27093505859375,76.13597869873047,31.02488136291504,40.108642578125,97.47608184814453,93.9000015258789,,91.4000015258789,30.74744415283203,56.72787094116211,11.271844863891602,53.85468673706055,50.709693908691406,38.86472702026367,62.29310607910156,12.588910102844238,14.149587631225586,92.06616973876953,65.2184066772461,53.415985107421875,18.662710189819336,5.837179183959961,18.831157684326172,85.80206298828125,7.270155906677246,6.1369733810424805,10.573047637939453,7.195742130279541,27.7490291595459,4.700113773345947,1.8768776655197144,13.881308555603027,14.122869491577148,25.069992065429688,24.00657081604004,8.989668846130371,16.421276092529297,10.82680606842041,22.38050079345703,11.323659896850586
2008-07-31,59.305965423583984,33.62540817260742,76.43445587158203,29.317285537719727,38.776939392089844,95.1634521484375,92.41999816894531,913.9000244140625,90.08000183105469,30.928924560546875,57.13667678833008,11.045411109924316,55.83280563354492,50.90762710571289,39.11421203613281,62.56366729736328,11.85013484954834,12.986109733581543,91.23886108398438,64.82088470458984,53.219730377197266,18.85356903076172,5.837368488311768,18.06736183166504,85.08840942382812,7.307701587677002,6.184623718261719,10.185210227966309,7.1560468673706055,28.613525390625,4.714328289031982,1.855671763420105,14.844466209411621,13.665986061096191,21.080551147460938,24.197154998779297,8.76993465423584,16.82029151916504,10.129851341247559,23.38317108154297,11.343536376953125
2008-08-31,59.74590301513672,31.4281005859375,77.77590942382812,27.465669631958008,37.129844665527344,90.5616226196289,91.6500015258789,829.2999877929688,81.70999908447266,30.651256561279297,58.008872985839844,11.188647270202637,57.829063415527344,50.98128128051758,39.682098388671875,62.855430603027344,12.100638389587402,13.558172225952148,92.64884948730469,65.32693481445312,54.67757034301758,19.865949630737305,5.878338813781738,16.683237075805664,86.31903076171875,7.3487348556518555,6.245269298553467,9.666104316711426,7.190072536468506,29.292755126953125,4.79934549331665,1.868334174156189,16.669391632080078,13.45276927947998,21.15138816833496,24.860666275024414,8.926891326904297,17.274559020996094,10.0181245803833,23.86618995666504,12.126810073852539
2008-09-30,58.694580078125,28.207054138183594,73.22193145751953,23.433252334594727,32.88358688354492,88.94863891601562,93.87999725341797,874.2000122070312,85.06999969482422,27.38507843017578,57.92754364013672,9.963685989379883,53.34645462036133,45.510738372802734,33.5011100769043,63.34446716308594,10.487220764160156,11.203593254089355,83.92377471923828,62.699562072753906,55.4846076965332,20.28086280822754,5.8130340576171875,13.996158599853516,78.64022827148438,7.387753009796143,6.277161121368408,8.401156425476074,6.916125297546387,29.25650978088379,4.812702655792236,1.7536190748214722,16.700496673583984,11.37061882019043,17.99330711364746,21.859554290771484,7.815676212310791,17.05841636657715,8.917886734008789,22.092679977416992,11.13214111328125
2008-10-31,57.35573959350586,21.132402420043945,63.29048156738281,17.43950080871582,26.03235626220703,85.8851089477539,100.97000122070312,716.7999877929688,71.33999633789062,24.24949836730957,57.42768096923828,8.196694374084473,42.167236328125,44.627384185791016,28.317951202392578,64.04418182373047,8.810114860534668,9.22762680053711,70.06067657470703,57.627410888671875,54.45222091674805,21.99029541015625,5.665890693664551,10.14609432220459,65.4345932006836,7.424186706542969,6.192179203033447,6.545501708984375,6.305201530456543,19.974302291870117,4.6379289627075195,1.483588457107544,11.920434951782227,8.824142456054688,14.61068344116211,17.870895385742188,6.555716037750244,14.907567977905273,7.758529186248779,19.55624771118164,9.169054985046387
2008-11-30,59.090328216552734,18.518943786621094,60.0413703918457,15.738757133483887,24.373577117919922,82.41691589355469,104.31999969482422,816.2000122070312,80.30999755859375,22.52880096435547,61.880516052246094,7.505084037780762,37.1385612487793,46.12406921386719,25.0720157623291,64.75201416015625,7.060828685760498,7.4810380935668945,65.18400573730469,58.13274383544922,62.26142883300781,22.03178596496582,5.872467994689941,9.371241569519043,60.739837646484375,7.50062370300293,6.538244247436523,6.133799076080322,6.316725730895996,15.43665885925293,5.1979169845581055,1.3916574716567993,10.069538116455078,7.881130695343018,14.292311668395996,16.401769638061523,6.004486083984375,14.876665115356445,8.083250999450684,18.32111167907715,8.175539016723633
2008-12-31,63.02714538574219,17.914823532104492,59.69478225708008,17.365121841430664,26.535133361816406,93.99087524414062,110.08999633789062,883.5999755859375,86.5199966430664,26.3060359954834,65.07115173339844,7.640902519226074,38.92332458496094,52.49579620361328,25.643014907836914,65.11666107177734,7.476922512054443,7.908017158508301,65.82258605957031,61.91343688964844,70.76156616210938,20.626039505004883,6.067840576171875,9.698022842407227,61.39086151123047,7.588846683502197,6.777426719665527,6.638044357299805,6.647341728210449,18.01626205444336,5.658854961395264,1.5096979141235352,10.24706745147705,7.83575439453125,13.64927864074707,16.78329086303711,6.099944591522217,14.879046440124512,7.889178276062012,19.63841438293457,8.67186450958252
2009-01-31,61.77507400512695,17.1201114654541,54.7140998840332,15.751703262329102,22.891422271728516,86.14495849609375,110.9000015258789,927.2999877929688,91.30999755859375,26.039539337158203,62.541770935058594,7.249166011810303,35.1606330871582,51.55074691772461,25.056699752807617,64.83206176757812,7.183959007263184,7.701746463775635,60.417598724365234,61.88848876953125,61.5124626159668,21.678646087646484,6.025606155395508,8.925350189208984,56.22630310058594,7.582624912261963,6.615602016448975,5.844431400299072,6.710811138153076,14.857855796813965,5.179708003997803,1.5960862636566162,8.792973518371582,7.256859302520752,13.406404495239258,14.769573211669922,5.8109822273254395,13.806909561157227,7.87558650970459,19.401718139648438,7.751208305358887
2009-02-28,61.12312698364258,16.15631103515625,48.58261489868164,14.764179229736328,20.51355743408203,85.32539367675781,102.0199966430664,,92.62999725341797,23.50959014892578,62.08217239379883,6.704861640930176,30.947364807128906,48.86806106567383,23.737457275390625,64.7380599975586,6.992894172668457,7.576310157775879,53.925777435302734,60.52840805053711,60.570152282714844,22.12140655517578,5.999914646148682,8.404433250427246,50.2342414855957,7.581968784332275,6.577446460723877,5.284596920013428,6.601177215576172,11.808191299438477,5.127475261688232,1.5497715473175049,7.963287830352783,6.674520015716553,11.75203800201416,12.25423526763916,5.589308738708496,12.69113540649414,6.889100074768066,16.99777603149414,7.047651767730713
2009-03-31,61.79730987548828,16.90875244140625,52.19510269165039,17.25385284423828,22.234848022460938,87.6741714477539,100.5199966430664,,90.27999877929688,23.958009719848633,64.13932800292969,7.263856410980225,33.3481559753418,49.09864807128906,26.18634605407715,65.06135559082031,7.939717769622803,8.680142402648926,58.418392181396484,64.10324096679688,63.021636962890625,21.41967010498047,6.08891487121582,9.772523880004883,54.64356994628906,7.649994373321533,6.78875732421875,5.776759147644043,6.996458053588867,12.238177299499512,5.399125099182129,1.580000638961792,9.125788688659668,7.6996965408325195,12.194413185119629,13.334721565246582,6.214245796203613,13.230302810668945,7.020155906677246,18.01861572265625,7.942536354064941
2009-04-30,62.115718841552734,16.891843795776367,56.3002815246582,19.938249588012695,24.79608917236328,87.43429565429688,100.88999938964844,890.7000122070312,87.2699966430664,27.275224685668945,62.378578186035156,8.001008987426758,38.4792594909668,50.46196746826172,29.606460571289062,64.9539566040039,8.691231727600098,9.758893966674805,64.22203063964844,62.952491760253906,58.64030456542969,21.169050216674805,6.110715866088867,11.366251945495605,59.866825103759766,7.630984783172607,6.669663429260254,6.515005588531494,6.863688945770264,15.993302345275879,5.129857540130615,1.7038335800170898,11.652144432067871,8.899198532104492,13.147907257080078,15.74409008026123,6.862722873687744,13.794625282287598,7.102585792541504,17.996295928955078,9.413826942443848
2009-05-31,62.5565185546875,19.639514923095703,59.03888702392578,23.11640739440918,28.067138671875,93.41117095947266,104.38999938964844,978.7999877929688,96.19999694824219,28.054080963134766,61.08281326293945,8.417208671569824,39.787803649902344,51.631080627441406,30.556488037109375,64.99034118652344,8.958719253540039,10.151927947998047,67.97599792480469,64.20947265625,56.4736328125,19.82405662536621,6.1629743576049805,13.448128700256348,63.2299690246582,7.647231101989746,6.596126079559326,7.450109958648682,6.990686893463135,16.41166114807129,4.993167400360107,1.7782691717147827,10.38037395477295,9.419208526611328,14.842373847961426,16.272268295288086,7.021858215332031,14.496896743774414,7.355365753173828,19.22432518005371,9.345108032226562
2009-06-30,62.81974792480469,19.123798370361328,58.72829055786133,22.59641456604004,27.672813415527344,91.76203155517578,103.2699966430664,927.0999755859375,91.18000030517578,28.9943790435791,60.74244689941406,8.495892524719238,40.50947952270508,53.12393569946289,31.458791732788086,64.9290542602539,9.10732364654541,10.254066467285156,67.9314956665039,64.336669921875,56.897743225097656,19.966073989868164,6.196425437927246,13.172402381896973,63.36980056762695,7.634527683258057,6.571506977081299,7.351679801940918,7.013777256011963,15.886972427368164,5.028242111206055,1.8084379434585571,10.132262229919434,8.991839408874512,13.870362281799316,15.994945526123047,7.2774338722229,14.525737762451172,7.750470161437988,19.679973602294922,9.368792533874512
2009-07-31,63.616973876953125,19.478883743286133,63.683074951171875,25.085308074951172,30.45157814025879,93.25125122070312,105.05999755859375,953.7000122070312,93.3499984741211,31.00049591064453,61.24763488769531,9.111709594726562,44.224639892578125,55.584983825683594,34.113525390625,65.00056457519531,10.593367576599121,11.840003967285156,72.99957275390625,64.39322662353516,57.22551345825195,19.481542587280273,6.284947872161865,14.7144775390625,68.17189025878906,7.651525497436523,6.610701560974121,8.083772659301758,7.0195512771606445,17.598108291625977,5.068663120269775,1.9134111404418945,12.322553634643555,10.148933410644531,14.612229347229004,17.393423080444336,7.872893810272217,15.492431640625,8.04226016998291,20.84686279296875,10.257766723632812
2009-08-31,64.39325714111328,18.692626953125,66.26361846923828,24.75579071044922,31.82283592224121,94.10079956054688,106.80000305175781,951.7000122070312,93.4000015258789,30.474449157714844,61.71521759033203,9.288497924804688,45.52184295654297,56.3132209777832,34.61507034301758,65.2664794921875,10.805659294128418,12.150479316711426,75.6961441040039,64.93499755859375,58.50214385986328,19.431419372558594,6.34861946105957,14.64230728149414,70.62532806396484,7.6798577308654785,6.669528484344482,8.360612869262695,7.0945963859558105,20.118722915649414,5.15413236618042,1.9190727472305298,13.374588012695312,10.389410972595215,14.770995140075684,18.223756790161133,8.000779151916504,15.681983947753906,8.122848510742188,21.40787124633789,10.619041442871094
2009-09-30,65.15837097167969,18.650352478027344,67.80680084228516,27.279747009277344,33.03098678588867,96.12975311279297,110.68000030517578,1008.0,98.8499984741211,32.24168014526367,62.409122467041016,9.663900375366211,48.05406951904297,57.3036994934082,36.57011795043945,65.42064666748047,10.877838134765625,12.528087615966797,78.380126953125,66.24858856201172,59.940189361572266,19.038780212402344,6.424131870269775,16.02339744567871,73.25674438476562,7.702569484710693,6.730783462524414,8.797407150268555,7.2273664474487305,21.44510269165039,5.256432056427002,1.9991837739944458,12.98640251159668,10.828018188476562,15.633978843688965,19.286903381347656,8.371405601501465,16.20119857788086,8.234776496887207,21.5395565032959,11.187037467956543
2009-10-31,65.30290985107422,19.94387435913086,67.8492202758789,26.34027862548828,32.19736862182617,97.05926513671875,110.31999969482422,1039.699951171875,102.52999877929688,32.06662368774414,62.323028564453125,9.540776252746582,44.935020446777344,57.01884460449219,35.45353698730469,65.5094985961914,10.270682334899902,11.356111526489258,76.87322235107422,67.00690460205078,58.372135162353516,18.963594436645508,6.450740814208984,15.823781967163086,71.88860321044922,7.721061706542969,6.747684955596924,8.612845420837402,7.331271648406982,20.487953186035156,5.180198669433594,2.0312743186950684,11.91500186920166,10.268067359924316,16.019603729248047,18.518064498901367,8.267112731933594,16.436641693115234,7.970859050750732,21.088783264160156,10.922327995300293
2009-11-30,66.14286041259766,20.848491668701172,72.64390563964844,28.408517837524414,33.45988845825195,99.11817932128906,114.8499984741211,,115.63999938964844,32.60678482055664,63.580238342285156,10.135514259338379,46.338985443115234,58.13212585449219,37.70399475097656,65.90027618408203,10.809905052185059,12.128104209899902,81.60916137695312,68.8825912475586,59.08012390136719,18.520830154418945,6.538466453552246,16.776704788208008,76.18854522705078,7.78792142868042,6.880031108856201,8.938902854919434,7.533318519592285,21.8331298828125,5.27919864654541,2.04460072517395,12.381585121154785,11.373971939086914,16.474821090698242,20.143606185913086,8.72439193725586,17.041168212890625,8.355506896972656,23.049657821655273,11.655369758605957
2009-12-31,64.89859771728516,20.814674377441406,73.27104187011719,29.339134216308594,33.69731903076172,96.06977081298828,106.61000061035156,1095.199951171875,107.30999755859375,33.80823516845703,60.7808952331543,10.444219589233398,50.01123809814453,56.930328369140625,39.6656608581543,65.34627532958984,11.85438060760498,13.834535598754883,83.16796112060547,67.44354248046875,55.331092834472656,19.28104591369629,6.428900718688965,17.19371223449707,77.67137145996094,7.700334072113037,6.6648335456848145,9.075459480285645,7.3652262687683105,23.445899963378906,4.9806742668151855,2.1011574268341064,13.080073356628418,11.609291076660156,16.619874954223633,20.480831146240234,9.230737686157227,17.003427505493164,8.812664985656738,23.47159194946289,12.189961433410645
2010-01-31,65.81682586669922,19.1829776763916,70.79278564453125,27.062692642211914,31.990520477294922,93.760986328125,109.95999908447266,1083.0,105.95999908447266,33.18859100341797,62.22151565551758,9.97491455078125,48.14502716064453,57.64094543457031,37.09930419921875,65.86616516113281,10.5126953125,12.078166007995605,80.14543151855469,68.47565460205078,56.82072830200195,19.59014129638672,6.530250549316406,16.112056732177734,74.87230682373047,7.773616790771484,6.795930862426758,8.61569881439209,7.4767303466796875,22.151493072509766,5.11338472366333,2.118917465209961,13.080073356628418,10.606363296508789,15.888148307800293,20.178674697875977,8.43769359588623,16.829986572265625,8.389362335205078,23.63023567199707,11.83781623840332
2010-02-28,65.94742584228516,19.977689743041992,72.91442108154297,27.543434143066406,32.07585525512695,92.56160736083984,111.6500015258789,1118.300048828125,109.43000030517578,33.81034469604492,62.428001403808594,10.322704315185547,50.299583435058594,57.93300247192383,38.80731201171875,65.97174835205078,11.200521469116211,13.042059898376465,82.64555358886719,67.58329772949219,56.62609100341797,19.748870849609375,6.543415546417236,16.284587860107422,77.18721008300781,7.788741588592529,6.8237128257751465,8.634592056274414,7.3887038230896,23.38824462890625,5.10294246673584,2.1201560497283936,13.772603034973145,11.084955215454102,16.366247177124023,21.254674911499023,8.731563568115234,17.363155364990234,8.278562545776367,23.72089385986328,12.497064590454102
2010-03-31,65.94300079345703,19.884693145751953,76.8097152709961,29.77745819091797,34.124027252197266,94.3207015991211,106.05000305175781,1113.300048828125,108.94999694824219,34.53170394897461,61.76826095581055,10.917136192321777,54.439579010009766,58.31064224243164,41.79973602294922,65.79423522949219,11.833150863647461,13.887929916381836,87.67699432373047,67.57938385009766,55.46113967895508,19.88253402709961,6.53849458694458,17.611774444580078,81.83085632324219,7.760752201080322,6.761711597442627,9.214011192321777,7.39180326461792,25.770751953125,5.025883197784424,2.1774375438690186,14.58630657196045,11.962457656860352,16.8272705078125,23.102331161499023,9.328787803649902,18.017295837402344,8.50130558013916,24.353622436523438,13.472691535949707
2010-04-30,66.58477020263672,20.66249656677246,77.92707824707031,29.727962493896484,33.166996002197266,92.35172271728516,105.55000305175781,1180.0999755859375,115.36000061035156,35.19625473022461,62.78909683227539,11.034818649291992,57.53091812133789,59.423099517822266,42.73709487915039,65.99171447753906,12.308684349060059,14.16894817352295,89.03335571289062,69.2790298461914,57.30350112915039,20.016197204589844,6.59935188293457,17.658231735229492,83.12215423583984,7.782471179962158,6.845125675201416,9.056561470031738,7.574681758880615,27.613405227661133,5.164953231811523,2.200934886932373,16.563520431518555,11.987144470214844,17.526456832885742,24.08588218688965,9.445901870727539,17.823768615722656,8.724875450134277,23.406147003173828,14.284993171691895
2010-05-31,67.30551147460938,18.56580924987793,72.09052276611328,26.935447692871094,29.454675674438477,85.70520782470703,108.9800033569336,1212.199951171875,118.87999725341797,33.55064392089844,64.63084411621094,10.187925338745117,53.195011138916016,58.64567947387695,39.57781219482422,66.29058837890625,11.64208984375,13.241585731506348,81.95923614501953,69.41181945800781,60.2307014465332,21.169050216674805,6.657219409942627,16.012514114379883,76.47576904296875,7.820141792297363,6.972014427185059,8.080368041992188,7.574681758880615,26.140331268310547,5.383875846862793,2.1258771419525146,14.933183670043945,10.844505310058594,15.519580841064453,21.8895320892334,8.739171981811523,16.998058319091797,8.243345260620117,21.882633209228516,13.279869079589844
2010-06-30,68.49596405029297,18.236087799072266,69.55980682373047,26.558712005615234,28.847339630126953,92.15182495117188,112.08999633789062,1245.5,121.68000030517578,33.92344284057617,66.60100555419922,9.631037712097168,49.07590866088867,60.56842041015625,37.21274948120117,66.5683364868164,11.00521183013916,12.337939262390137,77.71858978271484,70.30017852783203,63.72282791137695,20.935136795043945,6.764340877532959,16.005884170532227,72.46089935302734,7.86435604095459,7.116255283355713,7.98589563369751,7.680368423461914,24.7778263092041,5.63525915145874,2.163435459136963,12.443158149719238,10.049371719360352,14.599971771240234,20.384572982788086,8.267555236816406,16.567766189575195,8.185471534729004,21.483427047729492,11.989177703857422
2010-07-31,69.08142852783203,19.352067947387695,74.58760070800781,29.462242126464844,32.196632385253906,95.33016204833984,114.5999984741211,1181.699951171875,115.48999786376953,35.67158508300781,67.2068099975586,10.321497917175293,52.37916946411133,61.84680938720703,39.913761138916016,66.69745635986328,11.629351615905762,12.978689193725586,83.02685546875,70.12942504882812,63.11970901489258,19.83241081237793,6.827605724334717,17.485694885253906,77.53036499023438,7.894118785858154,7.192908763885498,8.810937881469727,7.674447059631348,27.154882431030273,5.625729084014893,2.2373621463775635,13.09486198425293,11.338753700256348,15.822519302368164,22.509981155395508,8.883563995361328,17.52934455871582,8.796630859375,21.765300750732422,12.939913749694824
2010-08-31,69.9703369140625,18.768714904785156,71.64877319335938,28.50863265991211,30.974761962890625,97.74890899658203,117.83000183105469,,122.08000183105469,35.31856918334961,69.4622802734375,9.83813762664795,48.480140686035156,63.61276626586914,37.86623764038086,66.85678100585938,10.30465030670166,11.620979309082031,79.29222869873047,71.4913558959961,68.41609191894531,20.14986228942871,6.9290547370910645,17.094173431396484,74.01842498779297,7.92318058013916,7.336584091186523,8.5275239944458,7.822487831115723,26.808454513549805,6.024291515350342,2.243849039077759,12.295440673828125,10.995157241821289,15.046671867370605,20.949369430541992,8.385082244873047,17.20448875427246,8.924074172973633,21.40724754333496,12.425447463989258
2010-09-30,69.97552490234375,20.383499145507812,77.30097961425781,31.860488891601562,34.06354904174805,100.94723510742188,118.56999969482422,1307.800048828125,127.91000366210938,36.61051559448242,69.46013641357422,10.877655029296875,54.51362991333008,63.90321731567383,42.85429763793945,66.93616485595703,11.765216827392578,13.35410213470459,86.39319610595703,72.05292510986328,66.69172668457031,19.080549240112305,6.928464412689209,19.005321502685547,80.61662292480469,7.936997413635254,7.3636627197265625,9.415548324584961,7.877607822418213,28.00698471069336,5.914669513702393,2.3058817386627197,13.760107040405273,11.847825050354004,16.55067253112793,23.364160537719727,9.363091468811035,18.2432804107666,9.182405471801758,23.34745979309082,13.794918060302734
2010-10-31,70.08203125,21.288118362426758,79.8033676147461,32.821205139160156,35.35985565185547,100.75732421875,122.93000030517578,1357.0999755859375,132.6199951171875,37.28313446044922,69.4552993774414,11.411266326904297,56.77494430541992,63.735313415527344,45.57034683227539,67.08296966552734,12.529468536376953,14.277129173278809,89.69363403320312,73.835693359375,63.711063385009766,18.687911987304688,6.953401565551758,19.569374084472656,83.6706314086914,7.957380771636963,7.397018909454346,9.749342918395996,8.079444885253906,29.33525848388672,5.720369815826416,2.3565356731414795,13.49884033203125,12.577919960021973,17.489511489868164,24.03640365600586,9.904047966003418,18.825645446777344,9.28189754486084,23.8681640625,14.558780670166016
2010-11-30,69.49687194824219,21.195119857788086,79.24113464355469,31.86760711669922,33.65420150756836,98.81834411621094,118.16000366210938,1385.0,135.4199981689453,36.8078727722168,68.83136749267578,11.540432929992676,58.753604888916016,62.70582962036133,45.49174499511719,66.94551086425781,13.187575340270996,14.974326133728027,89.69363403320312,72.58586120605469,62.63478469848633,19.631914138793945,6.913870334625244,19.03850746154785,83.6706314086914,7.933357238769531,7.324211597442627,9.308480262756348,7.94290828704834,28.792118072509766,5.629103183746338,2.3174965381622314,13.620759010314941,12.718886375427246,18.513961791992188,24.357589721679688,9.741354942321777,18.53119659423828,9.000986099243164,23.178997039794922,14.92625904083252
2010-12-31,69.02754974365234,23.291805267333984,83.53740692138672,34.1868782043457,36.4502067565918,106.19449615478516,121.75,1421.0999755859375,138.72000122070312,37.83589553833008,66.46981811523438,12.168435096740723,63.47348403930664,62.2342529296875,47.655826568603516,66.83588409423828,13.811713218688965,15.722329139709473,95.68983459472656,71.57865142822266,60.317928314208984,18.971946716308594,6.834803581237793,20.431594848632812,89.251953125,7.894934177398682,7.1565937995910645,10.085025787353516,7.818475723266602,30.10236930847168,5.427791118621826,2.3483195304870605,15.359410285949707,13.995576858520508,20.239173889160156,26.178743362426758,10.282543182373047,19.346485137939453,9.280495643615723,24.245973587036133,15.537614822387695
2011-01-31,68.9687728881836,24.120336532592773,85.78776550292969,32.8736457824707,37.21402359008789,104.95513153076172,120.41999816894531,1333.800048828125,129.8699951171875,38.46027374267578,66.4557113647461,12.463828086853027,63.23820495605469,62.25718688964844,49.00343322753906,66.92344665527344,14.609931945800781,16.792133331298828,97.91946411132812,71.59197235107422,58.459449768066406,18.67955780029297,6.840620040893555,19.86591911315918,91.355712890625,7.914897441864014,7.1774396896362305,10.155416488647461,7.818475723266602,31.080944061279297,5.2987823486328125,2.3953702449798584,15.624381065368652,14.006505966186523,21.692237854003906,27.207263946533203,10.60910701751709,19.062660217285156,9.393020629882812,24.38452911376953,15.442089080810547
2011-02-28,69.16913604736328,25.12640380859375,88.57130432128906,32.85929870605469,38.5350456237793,106.61427307128906,120.73999786376953,1409.300048828125,137.66000366210938,39.012332916259766,66.3171615600586,12.89097785949707,66.74288940429688,62.92958068847656,50.55228805541992,66.8421859741211,15.191611289978027,17.523202896118164,101.32096099853516,72.1080551147461,59.424110412597656,18.453998565673828,6.851678848266602,19.697568893432617,94.47669219970703,7.897150039672852,7.146469593048096,10.430578231811523,7.890646934509277,32.54339599609375,5.364279270172119,2.4257259368896484,15.765693664550781,14.378172874450684,23.290618896484375,27.785348892211914,10.841782569885254,19.617107391357422,9.508511543273926,25.14654541015625,16.36827850341797
2011-03-31,69.01487731933594,25.794301986694336,89.3738021850586,34.92601013183594,37.614707946777344,107.8236312866211,118.76000213623047,1438.9000244140625,139.86000061035156,39.0289192199707,66.21468353271484,12.89159107208252,68.42684173583984,62.58945083618164,50.32569122314453,66.7552719116211,14.68635368347168,16.704345703125,101.33307647705078,72.96631622314453,59.441524505615234,18.203380584716797,6.851715564727783,20.795242309570312,94.50454711914062,7.886789321899414,7.13819694519043,10.385787010192871,7.962963581085205,32.01923751831055,5.365304946899414,2.432908535003662,16.113876342773438,14.63036823272705,23.72905731201172,28.405071258544922,10.673630714416504,19.86152458190918,9.530505180358887,25.60133171081543,16.273107528686523
2011-04-30,70.09664916992188,26.969457626342773,93.10575103759766,35.88043212890625,39.73085403442383,114.49015045166016,121.69999694824219,1556.0,152.3699951171875,39.65239334106445,67.43383026123047,13.315835952758789,70.23160552978516,64.15692138671875,51.77156066894531,67.11187744140625,15.577981948852539,17.18208885192871,104.2678451538086,74.70149230957031,60.8318977355957,17.50164031982422,6.942146301269531,21.515806198120117,97.29051208496094,7.943072319030762,7.252650737762451,10.929713249206543,8.156588554382324,33.859222412109375,5.474771022796631,2.472445249557495,16.857181549072266,14.941116333007812,23.946269989013672,29.181734085083008,10.952143669128418,20.923646926879883,9.916272163391113,27.248300552368164,16.8981876373291
2011-05-31,70.96572875976562,25.574485778808594,91.55992889404297,34.825538635253906,38.85434341430664,116.01934814453125,121.05999755859375,,149.63999938964844,39.70526123046875,69.12345123291016,13.168739318847656,68.97152709960938,64.97138977050781,51.1406364440918,67.35616302490234,15.23831558227539,16.83155059814453,103.0985336303711,74.90011596679688,62.914085388183594,17.82744789123535,7.0328168869018555,20.90972137451172,96.17613220214844,7.984567165374756,7.380675792694092,10.616153717041016,8.180793762207031,34.32468032836914,5.655069351196289,2.48732852935791,16.72444725036621,14.531671524047852,22.943544387817383,28.37491226196289,10.837461471557617,21.448060989379883,10.128589630126953,27.92098617553711,16.852354049682617
2011-06-30,70.64979553222656,24.48387336730957,90.49903869628906,34.49977111816406,38.38391876220703,117.65849304199219,122.52999877929688,1502.300048828125,146.0,39.47869873046875,68.77476501464844,12.979000091552734,67.3130874633789,64.45340728759766,50.104793548583984,67.35299682617188,14.469816207885742,15.7207670211792,101.3592758178711,75.46558380126953,61.45252990722656,17.72719955444336,7.005396366119385,20.59322166442871,94.56655883789062,7.981609344482422,7.368540287017822,10.456178665161133,8.234027862548828,33.192237854003906,5.542069911956787,2.463696241378784,16.015417098999023,14.473268508911133,22.502538681030273,28.22005844116211,10.56833553314209,20.876506805419922,10.11402416229248,27.607160568237305,16.815673828125
2011-07-31,71.84143829345703,25.599849700927734,88.60567474365234,34.14461135864258,37.47123336791992,125.72428131103516,128.14999389648438,1628.300048828125,158.2899932861328,39.618839263916016,70.95463562011719,12.856409072875977,65.02031707763672,66.01982116699219,50.93914031982422,67.54569244384766,13.61215877532959,14.862502098083496,99.33163452148438,78.40835571289062,64.16546630859375,17.56847381591797,7.11564302444458,20.424861907958984,92.63097381591797,8.023157119750977,7.529078960418701,10.296197891235352,8.553078651428223,33.71138000488281,5.774101734161377,2.4996466636657715,14.880322456359863,13.973296165466309,22.83104705810547,26.280122756958008,10.613571166992188,20.60912322998047,10.020373344421387,26.511573791503906,16.581480026245117
2011-08-31,72.9337158203125,25.498401641845703,85.14058685302734,30.98455238342285,34.19066619873047,122.62588500976562,128.77000427246094,1828.5,177.72000122070312,38.53792953491211,74.25509643554688,12.167595863342285,59.23907470703125,66.24445343017578,48.35704040527344,67.7784652709961,12.380864143371582,13.692646026611328,93.87081909179688,78.9129409790039,70.36858367919922,17.601890563964844,7.220144748687744,18.673965454101562,87.5858383178711,8.064725875854492,7.732666492462158,9.42591667175293,8.626709938049316,31.817047119140625,6.275249481201172,2.419957160949707,13.36391544342041,12.991747856140137,20.498661041259766,24.552356719970703,10.050198554992676,20.649227142333984,10.237878799438477,25.95212745666504,15.711634635925293
2011-09-30,73.4957275390625,21.770017623901367,80.13320922851562,25.439943313598633,30.49524688720703,108.99302673339844,127.80000305175781,1620.4000244140625,158.05999755859375,36.49488830566406,75.91616821289062,11.283153533935547,52.63373565673828,66.47706604003906,46.18541717529297,67.70967102050781,12.075162887573242,13.040823936462402,87.35421752929688,78.90603637695312,79.66162109375,18.637786865234375,7.284814834594727,15.657038688659668,81.40373229980469,8.046905517578125,7.7891411781311035,8.267674446105957,8.632070541381836,28.36745262145996,6.9131388664245605,2.373699188232422,11.816143989562988,10.85078239440918,17.542049407958984,22.266523361206055,9.741698265075684,19.968717575073242,10.260000228881836,24.787385940551758,14.628286361694336
2011-10-31,73.58872985839844,23.435531616210938,87.93231201171875,29.578466415405273,33.4311637878418,112.50119018554688,126.0199966430664,1724.199951171875,167.33999633789062,39.59389877319336,74.93946838378906,12.50202751159668,60.58198547363281,68.1454086303711,50.989620208740234,67.73284912109375,13.47629165649414,14.881077766418457,96.88871002197266,80.53978729248047,76.61112976074219,18.019590377807617,7.2968902587890625,17.771583557128906,90.28797912597656,8.059545516967773,7.756510257720947,9.112360954284668,8.798783302307129,32.421539306640625,6.683271408081055,2.501603364944458,14.350077629089355,12.731931686401367,20.899953842163086,25.46705436706543,10.736510276794434,20.897808074951172,10.635366439819336,26.21698570251465,16.373933792114258
2011-11-30,73.34530639648438,23.36789321899414,88.77335357666016,28.99864387512207,32.70355987548828,108.09349822998047,126.9800033569336,1745.5,170.1300048828125,38.632991790771484,75.37401580810547,12.489152908325195,60.352813720703125,65.9942398071289,49.61699295043945,67.76335906982422,13.021987915039062,14.350010871887207,96.49493408203125,80.96282196044922,78.13501739501953,18.428936004638672,7.275045871734619,17.16550064086914,90.07701873779297,8.0565767288208,7.779650688171387,8.849994659423828,8.835833549499512,31.189157485961914,6.8046345710754395,2.450571060180664,14.705719947814941,12.757794380187988,21.24773597717285,25.825212478637695,10.575523376464844,21.476806640625,10.745226860046387,26.466968536376953,16.256441116333008
2011-12-31,74.34034729003906,22.691545486450195,90.2698745727539,27.761903762817383,31.99226951599121,105.04508209228516,127.93000030517578,1565.800048828125,151.99000549316406,40.39161682128906,76.87220001220703,12.453185081481934,60.66366195678711,68.29631042480469,49.312255859375,67.79866790771484,12.920085906982422,14.05650806427002,97.50318145751953,81.09558868408203,80.82666778564453,18.77145004272461,7.3536763191223145,16.605749130249023,90.99797821044922,8.073780059814453,7.858303546905518,8.624053001403809,8.853302955627441,32.701934814453125,7.018782615661621,2.5179715156555176,15.247344017028809,12.467005729675293,20.81378746032715,25.89086151123047,10.551314353942871,22.071773529052734,11.10319995880127,27.2517147064209,16.468976974487305
2012-01-31,74.87976837158203,23.528528213500977,93.51997375488281,30.8132266998291,33.678123474121094,107.19396209716797,129.1300048828125,,169.30999755859375,40.98324966430664,77.5348129272461,13.205243110656738,64.99854278564453,69.76114654541016,53.463531494140625,67.85485076904297,14.232050895690918,15.795080184936523,102.02483367919922,82.95111083984375,80.5600357055664,18.479063034057617,7.4179253578186035,18.45159149169922,95.06066131591797,8.092488288879395,7.922141075134277,9.251380920410156,9.047808647155762,34.7880973815918,7.0242390632629395,2.5902099609375,16.647245407104492,13.836516380310059,21.283477783203125,27.785688400268555,11.206368446350098,21.75927734375,10.702028274536133,28.12371253967285,17.439733505249023
2012-02-29,74.86968994140625,24.78822898864746,96.15593719482422,32.43767166137695,35.30582809448242,109.06298065185547,121.02999877929688,1709.9000244140625,164.2899932861328,41.84487533569336,76.68207550048828,13.828012466430664,66.66835021972656,70.90023803710938,56.890586853027344,67.75929260253906,14.64814281463623,16.412540435791016,106.4532470703125,82.47161865234375,78.46788024902344,18.345396041870117,7.414596080780029,19.47782325744629,99.1548080444336,8.08126449584961,7.87034273147583,9.726822853088379,9.010161399841309,34.38778305053711,6.876006126403809,2.639707326889038,17.949060440063477,13.758362770080566,22.54500961303711,28.560497283935547,12.00238037109375,22.574491500854492,10.766830444335938,28.422229766845703,18.228994369506836
2012-03-31,74.44075775146484,24.348604202270508,98.21183013916016,31.427881240844727,35.45439529418945,109.222900390625,118.77999877929688,1669.300048828125,162.1199951171875,41.44602584838867,75.46192169189453,14.281425476074219,68.32483673095703,69.89266204833984,59.76531982421875,67.7071304321289,15.200101852416992,16.946247100830078,109.87723541259766,81.76272583007812,75.14395141601562,18.303625106811523,7.371608257293701,18.919940948486328,102.40980529785156,8.070793151855469,7.807662010192871,9.654187202453613,8.91347885131836,36.17599868774414,6.615903377532959,2.627260684967041,19.070077896118164,13.810752868652344,21.686065673828125,28.840099334716797,12.544189453125,23.274497985839844,10.913151741027832,29.69472312927246,19.08952522277832
2012-04-30,75.11512756347656,24.018884658813477,98.32491302490234,30.893707275390625,34.71805191040039,108.58323669433594,123.16000366210938,,161.8800048828125,41.91714859008789,77.35533142089844,14.264131546020508,67.21922302246094,70.64893341064453,59.06635284423828,67.84368896484375,14.68635368347168,15.994174003601074,109.1436538696289,83.22198486328125,78.77664184570312,18.220088958740234,7.455886363983154,18.589336395263672,101.75489044189453,8.096320152282715,7.925028324127197,9.482497215270996,9.095902442932129,37.210418701171875,6.905162334442139,2.6548008918762207,19.22193717956543,13.698681831359863,21.531911849975586,28.52410316467285,12.402775764465332,23.342792510986328,11.106245994567871,29.615758895874023,19.30967140197754
2012-05-31,75.9250259399414,21.338844299316406,92.59880065917969,27.586288452148438,30.8490047454834,101.42698669433594,125.43000030517578,1562.5999755859375,151.6199951171875,40.56706237792969,79.57506561279297,13.347769737243652,62.796836853027344,71.1838607788086,54.907981872558594,67.88220977783203,13.191819190979004,14.31523323059082,102.58897399902344,84.84178924560547,85.88650512695312,19.205860137939453,7.52686882019043,16.52998161315918,95.63142395019531,8.101582527160645,8.023528099060059,8.432557106018066,9.259453773498535,35.53375244140625,7.44313907623291,2.6286492347717285,18.498422622680664,12.634016036987305,19.23183250427246,26.720632553100586,11.61668872833252,23.06962013244629,11.168534278869629,28.541980743408203,18.247024536132812
2012-06-30,75.9100112915039,21.770017623901367,96.32223510742188,28.97536849975586,33.021793365478516,103.75575256347656,122.94000244140625,1603.5,155.19000244140625,42.4561653137207,79.24542236328125,13.714787483215332,65.96939849853516,71.8043212890625,56.89646530151367,67.81627655029297,13.68433666229248,14.947961807250977,106.75214385986328,84.27434539794922,84.44512939453125,18.77145004272461,7.529581546783447,17.328935623168945,99.56440734863281,8.091062545776367,8.005847930908203,8.934415817260742,9.202170372009277,37.494178771972656,7.335724830627441,2.683316946029663,19.17411231994629,13.254610061645508,20.156879425048828,27.621444702148438,11.99582290649414,23.909231185913086,11.627693176269531,30.172285079956055,18.600439071655273
2012-07-31,76.94397735595703,23.038175582885742,97.4102783203125,28.967960357666016,33.04823684692383,100.88726806640625,125.73999786376953,,156.49000549316406,42.890220642089844,80.355712890625,13.866618156433105,64.9660873413086,74.30522918701172,57.463993072509766,67.96588134765625,13.688582420349121,14.910816192626953,108.01496887207031,85.75296783447266,87.66865539550781,18.971946716308594,7.634106159210205,17.43913459777832,100.92839813232422,8.114363670349121,8.074610710144043,8.974035263061523,9.372346878051758,38.24486541748047,7.579420566558838,2.7391908168792725,18.89570426940918,13.08559513092041,21.153024673461914,27.729869842529297,12.217118263244629,24.500606536865234,11.920034408569336,30.473936080932617,18.498462677001953
2012-08-31,76.9439697265625,24.340150833129883,98.5635757446289,29.086429595947266,34.10579299926758,103.1061019897461,125.41000366210938,1684.5999755859375,164.22000122070312,43.424041748046875,80.26146697998047,14.317779541015625,67.26290893554688,74.26524353027344,60.443626403808594,67.97067260742188,13.998529434204102,15.413649559020996,110.72106170654297,85.54113006591797,86.51240539550781,18.629432678222656,7.6362199783325195,17.514894485473633,103.18852233886719,8.123394012451172,8.082825660705566,9.218362808227539,9.353442192077637,38.23912811279297,7.4935760498046875,2.762704372406006,21.185821533203125,13.389822959899902,21.723995208740234,28.1557559967041,12.73068618774414,24.383708953857422,11.426506996154785,30.831148147583008,19.352434158325195
2012-09-30,77.14912414550781,24.247150421142578,101.159912109375,30.604440689086914,35.03113555908203,104.63529968261719,125.80000305175781,1771.0999755859375,171.88999938964844,43.650081634521484,79.9819564819336,14.522515296936035,69.45626068115234,75.08230590820312,60.98061752319336,67.98198699951172,13.433832168579102,14.888189315795898,113.5279541015625,85.97895050048828,84.32121276855469,18.311981201171875,7.6444292068481445,18.447078704833984,105.84712219238281,8.125652313232422,8.078062057495117,9.552508354187012,9.399352073669434,37.52665328979492,7.341675758361816,2.795114755630493,22.32636833190918,13.894145965576172,22.400888442993164,28.470491409301758,12.925825119018555,24.812044143676758,11.560117721557617,32.00547790527344,19.948644638061523
2012-10-31,77.11267852783203,23.30025863647461,98.69282531738281,30.471147537231445,35.41448211669922,105.66475677490234,122.94000244140625,1717.5,166.8300018310547,44.018516540527344,79.66519927978516,14.09793758392334,67.9496078491211,76.09297943115234,57.761268615722656,67.93531036376953,13.200310707092285,14.317110061645508,111.4619369506836,86.51557159423828,83.91307067871094,18.286916732788086,7.653362274169922,18.37042236328125,103.87890625,8.11286449432373,8.052823066711426,9.606209754943848,9.462646484375,37.18586730957031,7.310282230377197,2.8235089778900146,23.41436195373535,13.603425979614258,21.946334838867188,28.43930435180664,12.104074478149414,24.50735855102539,11.72213077545166,31.933696746826172,19.641685485839844
2012-11-30,77.3214111328125,23.75679588317871,98.56859588623047,30.945066452026367,36.399322509765625,106.11453247070312,119.01000213623047,1710.9000244140625,166.0500030517578,44.237205505371094,80.4453125,14.343973159790039,68.32423400878906,75.54247283935547,58.51719284057617,67.95136260986328,13.603666305541992,14.61556339263916,112.09274291992188,86.99829864501953,84.88585662841797,18.311981201171875,7.668436050415039,18.614336013793945,104.46057891845703,8.122647285461426,8.102751731872559,9.780743598937988,9.506954193115234,37.08768844604492,7.408956527709961,2.8422696590423584,23.666135787963867,13.856391906738281,21.677886962890625,28.938119888305664,12.21308422088623,24.95746421813965,11.220207214355469,32.10123062133789,20.264137268066406
2012-12-31,77.1318130493164,23.486257553100586,99.23997497558594,33.05044174194336,37.994041442871094,107.40384674072266,113.02999877929688,1674.800048828125,162.02000427246094,44.85713577270508,79.68882751464844,14.347697257995605,70.7967529296875,75.29277038574219,58.24394607543945,67.96826934814453,14.024742126464844,14.987215995788574,113.09423828125,86.28343963623047,82.77408599853516,18.220088958740234,7.652839660644531,19.701797485351562,105.39640045166016,8.130215644836426,8.069952964782715,10.189261436462402,9.453415870666504,38.4683723449707,7.262365341186523,2.8803341388702393,23.988449096679688,14.298833847045898,21.898719787597656,29.75490951538086,12.16527271270752,24.439199447631836,11.218344688415527,31.985841751098633,20.35550308227539
2013-01-31,76.65267181396484,24.069608688354492,105.30316925048828,32.95356369018555,39.4106330871582,108.00353240966797,107.18000030517578,1660.5999755859375,161.1999969482422,45.010894775390625,78.65830993652344,14.954554557800293,75.21316528320312,74.31575775146484,59.799991607666016,67.97632598876953,14.879325866699219,16.133434295654297,118.88358306884766,85.8357162475586,80.1375503540039,18.061359405517578,7.598355293273926,19.82137680053711,110.8519515991211,8.124917030334473,8.010644912719727,10.52935791015625,9.388357162475586,39.90654754638672,7.024649620056152,2.899689197540283,25.990489959716797,14.862558364868164,23.716978073120117,31.466407775878906,12.39719295501709,25.818716049194336,11.751630783081055,34.416053771972656,21.50973129272461
2013-02-28,77.10560607910156,22.936721801757812,106.99898529052734,32.20088577270508,38.902793884277344,104.78521728515625,105.76000213623047,1577.699951171875,153.0,45.43074035644531,79.54912567138672,15.116674423217773,75.96882629394531,75.11544799804688,60.00566101074219,68.0174331665039,15.235042572021484,16.720943450927734,120.40039825439453,85.9991455078125,81.130126953125,18.687911987304688,7.63987398147583,19.476720809936523,112.3362045288086,8.134760856628418,8.067971229553223,10.400120735168457,9.40137004852295,40.39177322387695,7.113283634185791,2.9083011150360107,25.521541595458984,14.660680770874023,23.821231842041016,32.16513442993164,12.494178771972656,26.673038482666016,12.024702072143555,34.84916687011719,21.85299301147461
2013-03-31,77.18155670166016,23.088899612426758,111.0739974975586,31.872995376586914,39.4106330871582,103.41593170166016,104.05000305175781,1594.800048828125,154.4499969482422,45.82703399658203,79.77729034423828,15.686728477478027,79.50822448730469,75.08036041259766,61.82066345214844,68.03996276855469,15.412899017333984,17.1103458404541,124.97216033935547,86.18392944335938,80.78984832763672,18.880050659179688,7.646157741546631,19.17011833190918,116.53169250488281,8.13703441619873,8.090109825134277,10.493268966674805,9.421631813049316,41.5518913269043,7.11555814743042,2.932171583175659,27.131507873535156,14.98497200012207,24.426923751831055,32.92763137817383,12.816241264343262,27.98708724975586,12.670296669006348,37.013790130615234,22.809242248535156
2013-04-30,77.92912292480469,22.209644317626953,113.24776458740234,32.2605094909668,41.38852310180664,105.57479858398438,100.45999908447266,1472.199951171875,142.77000427246094,46.79766845703125,80.99409484863281,16.018613815307617,79.23040008544922,76.71220397949219,63.389278411865234,68.0866470336914,16.07227325439453,17.410879135131836,127.3731460571289,86.86662292480469,84.57476806640625,18.5458927154541,7.7156829833984375,19.43060874938965,118.755859375,8.146889686584473,8.14760684967041,10.854636192321777,9.493453025817871,44.35028839111328,7.391133785247803,2.979612350463867,27.339099884033203,15.126480102539062,24.106605529785156,32.68319320678711,13.040644645690918,28.81041717529297,13.425332069396973,38.12541961669922,23.502134323120117
2013-05-31,76.36968231201172,21.863019943237305,115.93059539794922,30.703012466430664,40.138973236083984,102.56639099121094,97.45999908447266,1392.5999755859375,133.9199981689453,45.589717864990234,78.47919464111328,16.32852554321289,82.34571838378906,74.24391174316406,65.65705108642578,67.99562072753906,16.610185623168945,18.402069091796875,130.38037109375,83.22413635253906,78.856689453125,18.888408660888672,7.584073543548584,18.705469131469727,121.51976776123047,8.118843078613281,7.997835159301758,10.5341796875,9.088641166687012,41.699180603027344,6.930440425872803,2.955631732940674,27.889680862426758,15.413330078125,24.793432235717773,34.323272705078125,13.404762268066406,28.184114456176758,12.210149765014648,38.75373840332031,24.1519832611084
2013-06-30,75.17414855957031,21.245845794677734,114.20927429199219,29.06783103942871,39.06407928466797,103.86570739746094,98.62999725341797,1223.800048828125,119.11000061035156,44.81984329223633,76.48099517822266,15.987842559814453,81.67211151123047,71.81797790527344,64.08438110351562,67.92874908447266,16.34990692138672,18.394145965576172,128.6405487060547,80.05985260009766,76.27706909179688,18.846635818481445,7.458528995513916,17.557910919189453,119.880126953125,8.098388671875,7.868006229400635,10.139719009399414,8.730260848999023,40.872737884521484,6.705006122589111,2.868286609649658,26.576480865478516,14.779823303222656,24.23142433166504,33.79329299926758,13.017127990722656,28.098907470703125,12.319369316101074,38.524574279785156,24.350248336791992
2013-07-31,75.37650299072266,21.922199249267578,119.2032470703125,29.45288848876953,41.14339828491211,105.93462371826172,99.93000030517578,1312.4000244140625,127.95999908447266,46.09904479980469,76.21126556396484,16.874515533447266,87.66210174560547,72.6123046875,68.13068389892578,68.03916931152344,16.727312088012695,18.814037322998047,135.28831481933594,80.78203582763672,74.5548095703125,18.453998565673828,7.4732537269592285,17.72907066345215,125.9608154296875,8.108235359191895,7.877761363983154,10.602502822875977,8.80867862701416,41.24148941040039,6.575648784637451,2.921231985092163,27.18172836303711,15.600709915161133,25.50643539428711,35.79048156738281,13.502246856689453,29.317203521728516,12.853004455566406,41.28384780883789,25.632522583007812
2013-08-31,74.75361633300781,22.539365768432617,114.11116027832031,28.705432891845703,40.33894729614258,105.39490509033203,99.62999725341797,1396.0999755859375,134.6199951171875,45.51262664794922,75.12715911865234,16.578821182250977,84.8883056640625,71.88738250732422,67.86093139648438,67.97305297851562,16.111316680908203,18.07271385192871,131.2306365966797,79.3067626953125,73.55546569824219,18.537540435791016,7.4256463050842285,17.165674209594727,122.29296875,8.095346450805664,7.797729015350342,10.429823875427246,8.658379554748535,38.36281204223633,6.491219997406006,2.8915538787841797,25.790569305419922,15.581442832946777,25.24340057373047,34.9028205871582,13.361815452575684,27.985572814941406,12.211334228515625,39.82734298706055,24.902875900268555
2013-09-30,75.59130859375,21.778472900390625,116.76951599121094,30.774152755737305,43.49542999267578,108.38334655761719,99.47000122070312,,128.17999267578125,45.86822509765625,76.51414489746094,17.31417465209961,90.39682006835938,72.42072296142578,71.14008331298828,68.12467193603516,17.299928665161133,19.38766860961914,135.38365173339844,80.69953155517578,74.03483581542969,18.069713592529297,7.4972662925720215,18.391460418701172,126.10619354248047,8.127976417541504,7.912031173706055,11.181934356689453,8.803412437438965,39.698551177978516,6.548089027404785,2.920020341873169,27.66627311706543,16.271461486816406,25.777097702026367,36.9505615234375,13.700154304504395,28.369272232055664,12.351438522338867,41.104766845703125,26.25334358215332
2013-10-31,76.22074127197266,21.770017623901367,120.22013092041016,32.05765914916992,44.91345977783203,107.97355651855469,99.37999725341797,1323.5999755859375,127.73999786376953,47.02333450317383,77.10923767089844,18.078048706054688,92.58445739746094,73.73017120361328,74.66644287109375,68.17147827148438,17.859527587890625,20.033445358276367,141.65277099609375,80.97705841064453,75.09384155273438,18.069713592529297,7.555675506591797,19.246713638305664,131.8900146484375,8.138601303100586,7.950410842895508,11.563454627990723,8.842887878417969,41.493194580078125,6.634777069091797,2.9934580326080322,27.593936920166016,16.953142166137695,26.859052658081055,38.71010208129883,14.388580322265625,30.186901092529297,12.817473411560059,42.876041412353516,27.457103729248047
2013-11-30,76.02967071533203,21.56711196899414,124.65789794921875,31.97461700439453,45.15888595581055,108.0135269165039,95.33999633789062,1250.5999755859375,120.69999694824219,47.245792388916016,76.43351745605469,18.573989868164062,96.2474594116211,73.62744903564453,77.31795501708984,68.23521423339844,17.863866806030273,20.207971572875977,145.8510284423828,80.121337890625,73.06389617919922,18.12819480895996,7.529632568359375,18.858612060546875,135.88427734375,8.149230003356934,7.939948558807373,11.5773286819458,8.750777244567871,39.31440353393555,6.4696736335754395,3.0024306774139404,28.877796173095703,17.17392349243164,26.874584197998047,40.127323150634766,14.83327865600586,30.65735626220703,12.56958293914795,44.89917755126953,28.4053955078125
2013-12-31,75.6063461303711,21.693927764892578,128.6560516357422,31.844608306884766,46.1416130065918,109.76262664794922,92.76000213623047,,116.12000274658203,47.437965393066406,74.83557891845703,19.102924346923828,98.19276428222656,73.78571319580078,79.58113861083984,68.11416625976562,18.69916534423828,21.21879005432129,149.6324920654297,78.95746612548828,71.6978530883789,17.97782325744629,7.480879306793213,18.67650604248047,139.303955078125,8.122634887695312,7.82147741317749,11.721808433532715,8.610563278198242,39.35444259643555,6.315966606140137,3.011944055557251,30.12638282775879,18.014812469482422,27.646345138549805,41.82011413574219,15.357592582702637,30.86885643005371,12.68409538269043,45.23093795776367,29.053955078125
2014-01-31,76.7713623046875,21.034486770629883,121.97496795654297,29.094392776489258,43.74169921875,107.94356536865234,95.58000183105469,1240.0999755859375,120.08999633789062,47.62693786621094,77.12797546386719,18.547290802001953,95.46895599365234,75.17495727539062,78.05211639404297,68.25142669677734,18.143877029418945,20.98823356628418,144.358154296875,80.61705017089844,76.21678924560547,18.236793518066406,7.59640645980835,17.318742752075195,134.47134399414062,8.148504257202148,7.95164155960083,11.16196060180664,8.796304702758789,41.036895751953125,6.711299896240234,3.0319995880126953,28.56125259399414,17.165128707885742,26.043964385986328,40.03559494018555,14.962265968322754,29.274431228637695,13.061578750610352,45.655181884765625,27.310623168945312
2014-02-28,77.06034851074219,22.091283798217773,127.19701385498047,30.0771484375,46.423553466796875,111.27183532714844,95.91999816894531,1321.4000244140625,127.62000274658203,48.72637176513672,77.40373229980469,19.498544692993164,100.03129577636719,76.03560638427734,82.07368469238281,68.278076171875,19.23682975769043,22.397756576538086,150.92881774902344,80.9690933227539,76.6161880493164,17.860862731933594,7.632626533508301,17.91095733642578,140.60411071777344,8.150779724121094,7.968555927276611,11.76379680633545,8.822840690612793,43.11556625366211,6.75145149230957,3.0903067588806152,30.786815643310547,18.350004196166992,27.377721786499023,41.66006851196289,15.619706153869629,30.416379928588867,13.51254940032959,48.49435806274414,29.058298110961914
2014-03-31,76.94625854492188,22.08283042907715,128.37054443359375,31.24276351928711,46.21038055419922,110.65216064453125,94.52999877929688,1283.4000244140625,123.61000061035156,48.68667221069336,76.9694595336914,19.297826766967773,99.2826156616211,76.01349639892578,79.83013916015625,68.20375061035156,20.100610733032227,23.31743049621582,152.1807861328125,80.53807830810547,77.17716217041016,17.927696228027344,7.62128210067749,18.60296058654785,141.76060485839844,8.134044647216797,7.920657157897949,11.811989784240723,8.781695365905762,43.329803466796875,6.7881574630737305,3.0949137210845947,29.479230880737305,18.501558303833008,27.954933166503906,42.05857467651367,15.686903953552246,31.083419799804688,13.965353965759277,47.88438415527344,28.22517204284668
2014-04-30,77.57848358154297,22.328006744384766,129.4204559326172,31.486541748046875,46.98054885864258,111.13190460205078,95.44000244140625,1295.5999755859375,124.22000122070312,48.891387939453125,77.55313110351562,19.31120491027832,95.56185150146484,77.02397918701172,79.57520294189453,68.27726745605469,19.686349868774414,22.884374618530273,153.23867797851562,81.60137176513672,78.79422760009766,17.777328491210938,7.6805267333984375,18.697053909301758,142.78713989257812,8.152324676513672,7.9596333503723145,11.967037200927734,8.90117359161377,44.753257751464844,6.917959690093994,3.1142265796661377,28.07546615600586,18.654178619384766,29.4239501953125,42.62118148803711,15.730062484741211,31.935199737548828,14.55482292175293,47.58147048950195,27.841402053833008
2014-05-31,78.49320220947266,22.00674057006836,130.91319274902344,32.415985107421875,47.73009490966797,109.18292999267578,95.79000091552734,1245.5999755859375,120.43000030517578,49.481204986572266,78.9687271118164,19.897680282592773,96.31283569335938,78.19039154052734,83.14462280273438,68.39926147460938,20.422327041625977,23.89678192138672,156.79483032226562,83.23452758789062,81.11825561523438,17.936050415039062,7.76127290725708,19.391942977905273,146.12106323242188,8.162992477416992,8.04185962677002,12.192564010620117,9.07375717163086,45.82698440551758,7.112465858459473,3.143829345703125,28.528295516967773,19.2059268951416,29.916748046875,43.44096374511719,16.3212890625,32.51271057128906,14.396510124206543,48.948673248291016,28.64384651184082
2014-06-30,78.447998046875,22.471731185913086,131.92042541503906,33.194541931152344,48.16958236694336,110.1823959350586,96.25,,128.0399932861328,49.78396987915039,78.79757690429688,20.276762008666992,101.39046478271484,78.19562530517578,85.74192810058594,68.34510040283203,21.810556411743164,25.351877212524414,160.0317840576172,83.54228973388672,80.91436767578125,17.760618209838867,7.7699174880981445,19.972963333129883,149.12049865722656,8.166048049926758,8.031224250793457,12.40447998046875,9.108997344970703,46.34672546386719,7.095528602600098,3.162780523300171,29.70355224609375,19.516021728515625,31.56616973876953,43.64726257324219,16.626312255859375,32.43034744262695,15.035998344421387,49.98713684082031,29.199140548706055
2014-07-31,78.251220703125,21.40648078918457,130.0169219970703,33.64756774902344,46.915489196777344,107.50379943847656,94.70999908447266,1281.300048828125,123.38999938964844,48.57333755493164,78.623779296875,19.971715927124023,95.25196838378906,77.94581604003906,86.75538635253906,68.29261779785156,21.488840103149414,24.248592376708984,157.8814239501953,83.46533203125,81.45181274414062,18.16160774230957,7.749850273132324,20.26517677307129,147.05068969726562,8.154619216918945,7.999969005584717,12.204977989196777,9.108997344970703,46.383880615234375,7.137928485870361,3.12580943107605,26.719589233398438,19.126798629760742,30.4719181060791,41.84679412841797,16.908117294311523,31.354673385620117,14.013436317443848,50.0528678894043,28.827266693115234
2014-08-31,79.15081787109375,21.16130256652832,134.65245056152344,34.5997200012207,47.000038146972656,106.3644027709961,93.61000061035156,1285.800048828125,123.86000061035156,49.7294921875,80.10211181640625,20.871484756469727,99.85221099853516,79.50787353515625,91.10137176513672,68.41951751708984,22.775699615478516,25.80374526977539,164.11196899414062,83.9723892211914,85.29942321777344,18.39552116394043,7.837589263916016,20.98841094970703,152.91390991210938,8.166055679321289,8.082542419433594,12.333230972290039,9.155847549438477,47.79583740234375,7.439669132232666,3.1764256954193115,28.61517906188965,19.865921020507812,31.13729476928711,43.61496353149414,17.46304702758789,32.801025390625,14.703062057495117,52.47705841064453,30.109172821044922
2014-09-30,78.66416931152344,19.631059646606445,134.33558654785156,31.91221809387207,45.17526626586914,102.2065658569336,88.80000305175781,1210.5,116.20999908447266,48.74350357055664,79.26150512695312,20.570301055908203,93.93306732177734,78.1708755493164,90.41206359863281,68.369384765625,22.51568603515625,25.554241180419922,161.84779357910156,81.7931137084961,83.49761962890625,19.105613708496094,7.780694961547852,19.48444175720215,150.7452392578125,8.154613494873047,8.029808044433594,11.714690208435059,8.928290367126465,44.908714294433594,7.291642665863037,3.117981433868408,26.885784149169922,19.58677864074707,28.723726272583008,43.114967346191406,17.372756958007812,32.99414825439453,14.427681922912598,52.70530319213867,29.274869918823242
2014-10-31,79.5011978149414,18.87016487121582,137.00550842285156,32.365257263183594,45.05549240112305,101.39698028564453,86.6500015258789,1171.0999755859375,112.66000366210938,49.26041793823242,80.4791259765625,21.093368530273438,100.12654876708984,79.13569641113281,92.80071258544922,68.5474624633789,22.66111183166504,25.642513275146484,165.6594696044922,82.53026580810547,85.85105895996094,19.289400100708008,7.853606224060059,19.93448257446289,154.39816284179688,8.188969612121582,8.119749069213867,11.678888320922852,8.995220184326172,49.3714599609375,7.4820756912231445,3.1794955730438232,28.28504753112793,19.116758346557617,27.70941734313965,44.78601837158203,17.65142250061035,34.164424896240234,15.586285591125488,55.47623062133789,29.893823623657227
2014-11-30,80.0235595703125,17.263835906982422,141.03492736816406,31.866147994995117,45.08367919921875,100.94723510742188,82.01000213623047,1175.199951171875,112.11000061035156,48.727867126464844,81.51628875732422,21.787057876586914,100.23823547363281,79.8572006225586,97.01976013183594,68.61944580078125,24.481233596801758,27.493247985839844,170.21046447753906,82.66162109375,88.39854431152344,19.60685157775879,7.905007362365723,19.73528289794922,158.5397491455078,8.200428009033203,8.188417434692383,11.650248527526855,9.021990776062012,50.35900115966797,7.696375370025635,3.1622798442840576,30.411190032958984,19.41694450378418,25.30045509338379,46.16504669189453,18.50046730041504,36.05878448486328,15.76795482635498,57.40599822998047,31.522396087646484
2014-12-31,80.14165496826172,15.5983247756958,141.16476440429688,30.603118896484375,43.28359603881836,98.10871887207031,81.20999908447266,1183.9000244140625,113.58000183105469,48.33653259277344,81.62178802490234,21.545347213745117,103.13807678222656,79.84342956542969,94.84593963623047,68.41864013671875,24.350679397583008,27.55276107788086,169.77877807617188,81.79263305664062,91.27275848388672,20.024551391601562,7.912356853485107,18.753795623779297,158.13766479492188,8.180561065673828,8.159759521484375,11.225292205810547,8.940367698669434,51.317787170410156,7.912346839904785,3.1507906913757324,31.04560089111328,19.308813095092773,25.247127532958984,46.155094146728516,18.09775161743164,35.72138977050781,16.33042335510254,56.60034942626953,31.802947998046875
2015-01-31,81.78640747070312,14.710614204406738,136.17840576171875,30.392820358276367,43.55393981933594,106.13451385498047,82.80999755859375,1278.5,123.44999694824219,48.676414489746094,85.1333999633789,21.2298583984375,99.75818634033203,82.83898162841797,92.87088012695312,68.84807586669922,23.508081436157227,26.212053298950195,164.748291015625,84.43608093261719,100.23181915283203,20.993614196777344,8.095162391662598,18.879709243774414,153.37411499023438,8.231081008911133,8.380175590515137,11.239728927612305,9.218481063842773,54.83403015136719,8.622076988220215,3.1709177494049072,31.200281143188477,18.955059051513672,24.095762252807617,44.51544189453125,17.46312713623047,35.37515640258789,16.71084976196289,57.33704376220703,30.85084342956543
2015-02-28,81.0545425415039,15.361600875854492,144.30731201171875,31.732528686523438,46.31428909301758,102.24655151367188,81.27999877929688,,116.16000366210938,49.762474060058594,83.02908325195312,22.62925910949707,105.69019317626953,81.66234588623047,99.57672119140625,68.6478042602539,25.398359298706055,28.73032569885254,174.00794982910156,83.34806823730469,94.0792465209961,21.052095413208008,8.007712364196777,19.54631233215332,162.16831970214844,8.196619033813477,8.24725341796875,11.860553741455078,9.089600563049316,52.8193359375,8.134317398071289,3.2319717407226562,33.06556701660156,20.465429306030273,25.202484130859375,46.89741134643555,18.85930061340332,36.84114074707031,15.642210960388184,59.79540252685547,33.486759185791016
2015-03-31,81.35832977294922,14.431620597839355,141.67739868164062,31.257400512695312,45.65266799926758,100.1776351928711,81.0199966430664,,113.66000366210938,49.29081344604492,83.73988342285156,22.36331558227539,107.56090545654297,81.82166290283203,97.22773742675781,68.81893920898438,24.653839111328125,27.962343215942383,171.27500915527344,82.9464340209961,95.10677337646484,21.636873245239258,8.039916038513184,19.140390396118164,159.59080505371094,8.223438262939453,8.310650825500488,11.677940368652344,9.050923347473145,53.734092712402344,8.226004600524902,3.2139837741851807,33.57709503173828,19.461627960205078,24.911325454711914,45.70338821411133,18.211376190185547,36.12545394897461,15.486525535583496,60.17847442626953,33.32502365112305
2015-04-30,81.095703125,15.463053703308105,142.2488250732422,33.39937973022461,47.317420959472656,104.31546783447266,81.37999725341797,1182.4000244140625,113.47000122070312,49.720333099365234,83.20982360839844,22.48540496826172,104.80207061767578,80.85029602050781,99.09679412841797,68.84087371826172,24.725168228149414,27.60247802734375,172.9593048095703,83.50868225097656,91.8492660522461,20.80982780456543,8.010653495788574,20.630983352661133,161.10543823242188,8.227272987365723,8.293355941772461,12.271608352661133,9.111984252929688,50.592018127441406,7.97338342666626,3.24458384513855,31.51839828491211,20.11594009399414,26.548959732055664,45.58866882324219,18.71236801147461,35.8511962890625,15.413323402404785,59.52273941040039,33.307334899902344
2015-05-31,80.74101257324219,14.972699165344238,144.10781860351562,32.02851104736328,47.409912109375,103.43592834472656,78.25,1189.4000244140625,114.0999984741211,49.89704132080078,82.86338806152344,22.78154754638672,107.14576721191406,79.94450378417969,101.32492065429688,68.86925506591797,26.664487838745117,30.059066772460938,175.18289184570312,82.66890716552734,89.67012023925781,21.269298553466797,7.974739074707031,19.933889389038086,163.15570068359375,8.2318754196167,8.283272743225098,12.15577220916748,9.016999244689941,50.439056396484375,7.801565170288086,3.2543387413024902,32.73904800415039,20.191741943359375,25.171422958374023,45.73616027832031,19.059545516967773,36.162506103515625,15.510919570922852,62.20381164550781,33.745182037353516
2015-06-30,79.87162780761719,15.217876434326172,141.04872131347656,31.089799880981445,45.931549072265625,103.83570861816406,79.3499984741211,1171.5,112.37000274658203,48.95542526245117,81.51191711425781,22.383663177490234,107.98468017578125,78.43904876708984,98.80792236328125,68.89115905761719,24.328386306762695,27.459665298461914,171.62457275390625,81.82186126708984,86.01878356933594,20.910076141357422,7.894639015197754,19.457775115966797,159.99822998046875,8.228812217712402,8.222495079040527,11.828630447387695,8.935583114624023,48.0842399597168,7.510585784912109,3.208967447280884,33.38941192626953,19.394256591796875,24.294578552246094,44.52200698852539,18.275657653808594,35.4991455078125,14.58273983001709,61.9599723815918,33.93228530883789
2015-07-31,80.5602798461914,13.29873275756836,141.87338256835938,29.128047943115234,46.86479187011719,100.40750122070312,78.31999969482422,1094.9000244140625,104.93000030517578,48.71454620361328,82.74964141845703,23.14706802368164,106.79259490966797,79.09163665771484,103.31135559082031,68.92205810546875,23.249507904052734,26.102928161621094,175.50143432617188,82.25999450683594,89.92921447753906,21.24423599243164,7.955104351043701,18.133657455444336,163.32667541503906,8.241877555847168,8.292106628417969,11.733537673950195,8.97629165649414,50.85895538330078,7.8265533447265625,3.2182648181915283,34.26473617553711,18.416332244873047,22.42626190185547,44.65376663208008,18.796558380126953,37.52021408081055,15.47261905670166,63.792381286621094,35.59162521362305
2015-08-31,80.28976440429688,13.264914512634277,133.06895446777344,26.554235458374023,43.38502883911133,100.16763305664062,80.04000091552734,1131.5999755859375,108.81999969482422,47.97247314453125,82.81504821777344,21.73369789123535,100.05292510986328,78.43717193603516,96.26091003417969,68.88789367675781,22.090373992919922,24.755149841308594,164.80455017089844,81.47865295410156,89.30915069580078,20.935136795043945,7.927065372467041,16.44298553466797,153.4591522216797,8.231887817382812,8.289199829101562,10.87765884399414,8.894872665405273,47.659358978271484,7.770624160766602,3.1900017261505127,33.03383255004883,17.378278732299805,21.472707748413086,42.24072265625,17.759164810180664,35.282875061035156,14.93447208404541,58.71164321899414,33.266780853271484
2015-09-30,80.94122314453125,12.808379173278809,131.26466369628906,25.722454071044922,41.46790313720703,99.2880859375,80.83000183105469,1115.5,106.86000061035156,46.53815460205078,84.12285614013672,21.167375564575195,95.1139907836914,79.37042236328125,94.13612365722656,69.09107971191406,22.237497329711914,24.426538467407227,160.5994415283203,81.052490234375,91.06573486328125,20.96855354309082,7.9869771003723145,15.90884017944336,149.62576293945312,8.268017768859863,8.387297630310059,10.453526496887207,8.854164123535156,49.117591857910156,7.919296741485596,3.1226556301116943,31.23938751220703,16.08856773376465,19.9280948638916,41.30972671508789,17.51553726196289,35.420413970947266,15.370183944702148,55.36341094970703,33.071502685546875
2015-10-31,80.99671936035156,12.850650787353516,142.52688598632812,27.362472534179688,44.20975875854492,97.86882781982422,80.3499984741211,1141.5,109.30000305175781,48.04168701171875,83.58708953857422,23.00870704650879,100.46196746826172,79.82574462890625,104.83931732177734,68.99348449707031,24.16789436340332,26.849411010742188,174.2599334716797,81.29570770263672,90.69343566894531,21.09386444091797,7.987765789031982,16.795608520507812,162.2283172607422,8.257248878479004,8.348037719726562,11.107789039611816,8.874516487121582,51.946044921875,7.8814167976379395,3.2091896533966064,32.61748504638672,18.248762130737305,22.15209197998047,44.936439514160156,19.35577392578125,37.43952560424805,15.533507347106934,59.63499450683594,36.059776306152344
2015-11-30,80.68157958984375,11.996759414672852,143.58761596679688,26.671945571899414,43.87697219848633,93.94088745117188,78.73999786376953,,101.91999816894531,46.84256362915039,83.22956848144531,23.079265594482422,103.7369613647461,79.70266723632812,105.47761535644531,68.81534576416016,24.87674903869629,27.470121383666992,174.89688110351562,81.1784896850586,89.90650939941406,21.787246704101562,7.966263771057129,16.249906539916992,162.69288635253906,8.231093406677246,8.31528377532959,10.960761070251465,8.860949516296387,51.620933532714844,7.817761421203613,3.162778615951538,33.17417907714844,18.43011474609375,22.14883804321289,45.325592041015625,19.493244171142578,37.094242095947266,15.203303337097168,59.44269561767578,35.97517013549805
2015-12-31,80.52693939208984,11.295045852661133,141.2919158935547,25.653114318847656,42.85380554199219,96.31964111328125,80.62999725341797,1060.300048828125,101.45999908447266,45.909324645996094,82.85249328613281,22.728515625,98.51856994628906,78.84103393554688,103.79547882080078,68.71271514892578,24.26854705810547,26.996593475341797,171.87428283691406,80.35791778564453,89.63931274414062,21.428024291992188,7.935822486877441,15.843636512756348,160.0858154296875,8.218003273010254,8.283994674682617,10.733436584472656,8.776845932006836,52.56611251831055,7.7918477058410645,3.107384204864502,31.24909210205078,17.630231857299805,19.8194522857666,44.15962600708008,19.087556838989258,38.1765251159668,15.525489807128906,60.46683883666992,34.95234680175781
2016-01-31,81.52596282958984,10.804692268371582,133.54994201660156,24.36209487915039,40.489253997802734,94.12078857421875,80.01000213623047,1116.4000244140625,106.94999694824219,45.17435836791992,85.6144790649414,21.437644958496094,90.068115234375,78.93787384033203,96.62275695800781,69.16069793701172,22.647001266479492,24.950218200683594,163.31723022460938,81.61812591552734,94.63500213623047,21.603458404541016,8.049275398254395,14.891946792602539,152.1188507080078,8.285147666931152,8.479745864868164,10.133429527282715,8.913558006286621,50.75962448120117,8.19982624053955,3.0766496658325195,27.902938842773438,15.742149353027344,19.12617301940918,41.643836975097656,18.37896156311035,38.38069152832031,16.29315185546875,55.79940414428711,33.14122009277344
2016-02-29,82.2491455078125,10.779329299926758,134.53065490722656,24.162864685058594,39.13912582397461,96.38961791992188,85.87999725341797,1233.9000244140625,118.63999938964844,45.85057067871094,86.88671112060547,21.437644958496094,89.86688995361328,79.76802062988281,95.11029815673828,69.2381591796875,22.970399856567383,25.3829288482666,163.182373046875,82.61448669433594,97.55535125732422,21.29435920715332,8.10238265991211,14.762516975402832,151.8980712890625,8.297505378723145,8.549029350280762,9.903796195983887,9.009255409240723,50.575008392333984,8.43437385559082,3.0908544063568115,28.22293472290039,16.972444534301758,18.590595245361328,43.418212890625,18.258642196655273,38.50165557861328,16.60883140563965,55.597938537597656,33.28879165649414
2016-03-31,82.9686050415039,11.235865592956543,144.3656005859375,27.29478645324707,41.71531295776367,100.11766052246094,86.0199966430664,1234.199951171875,117.63999938964844,47.01838684082031,86.82929992675781,22.88123321533203,97.06834411621094,82.65130615234375,101.62782287597656,69.33350372314453,25.088428497314453,27.614625930786133,174.15896606445312,83.9919204711914,97.46436309814453,20.500730514526367,8.178825378417969,16.687969207763672,162.19342041015625,8.319153785705566,8.56837272644043,10.714526176452637,9.180143356323242,55.867916107177734,8.439138412475586,3.179260492324829,30.987030029296875,18.25778579711914,20.480497360229492,46.44600296020508,19.869354248046875,40.32599639892578,17.933629989624023,57.10322952270508,35.51829147338867
2016-04-30,83.18006134033203,12.3264799118042,145.2473602294922,27.406356811523438,42.64216232299805,100.27758026123047,90.93000030517578,1289.199951171875,123.6500015258789,48.48655700683594,86.69375610351562,22.670269012451172,98.69157409667969,83.93619537353516,98.38916778564453,69.35884857177734,23.895048141479492,26.336673736572266,174.84532165527344,84.16773223876953,96.74651336669922,20.13315200805664,8.20961856842041,16.81757354736328,162.79953002929688,8.316832542419434,8.55730152130127,10.952298164367676,9.193814277648926,54.554534912109375,8.386432647705078,3.262364625930786,30.822193145751953,19.190839767456055,22.33694839477539,47.023746490478516,18.870508193969727,39.74839782714844,17.499916076660156,58.7966194152832,35.56318283081055
2016-05-31,83.1913833618164,12.436387062072754,145.80722045898438,26.394262313842773,42.605674743652344,96.59950256347656,87.36000061035156,,116.05999755859375,48.569053649902344,86.60770416259766,23.11513900756836,100.90264892578125,83.50605773925781,102.68877410888672,69.27639770507812,25.91742706298828,28.624332427978516,177.8197021484375,83.62555694580078,97.52574920654297,20.75135040283203,8.211193084716797,16.245807647705078,165.70216369628906,8.309106826782227,8.539570808410645,10.840845108032227,9.132294654846191,55.78124237060547,8.450387001037598,3.2607250213623047,31.298362731933594,19.125640869140625,22.128469467163086,46.82280349731445,19.793201446533203,40.02199172973633,17.763761520385742,60.11085891723633,35.581153869628906
2016-06-30,84.80128479003906,12.97746753692627,147.20977783203125,27.59760856628418,41.57487106323242,98.2386474609375,93.58000183105469,1318.4000244140625,126.47000122070312,49.43994140625,89.28182983398438,23.014236450195312,100.88513946533203,86.09004974365234,100.34953308105469,69.69376373291016,25.967529296875,28.312902450561523,178.43777465820312,85.50617218017578,104.28836822509766,20.75135040283203,8.370205879211426,17.063722610473633,166.12091064453125,8.371072769165039,8.714547157287598,10.73646354675293,9.338739395141602,59.645999908447266,8.998746871948242,3.286672353744507,30.759634017944336,18.975595474243164,22.730518341064453,47.15671920776367,19.52049446105957,42.16658401489258,19.118785858154297,60.6573600769043,35.17568588256836
2016-07-31,85.26293182373047,12.072848320007324,151.5394287109375,29.08350372314453,43.228328704833984,98.87831115722656,94.70999908447266,1349.0,128.97999572753906,50.08919906616211,89.50189971923828,24.10902214050293,106.81200408935547,87.20191192626953,107.52532196044922,69.66107177734375,28.923662185668945,31.445341110229492,184.94566345214844,86.05236053466797,106.48098754882812,20.60933494567871,8.423859596252441,17.86130142211914,172.2281036376953,8.363335609436035,8.718305587768555,11.21013069152832,9.4002685546875,62.18870162963867,9.179686546325684,3.3536007404327393,33.08906936645508,19.93788719177246,22.44405746459961,48.865848541259766,20.90678596496582,41.82252883911133,18.991260528564453,63.60947036743164,36.7799186706543
2016-08-31,85.07929992675781,12.165847778320312,151.91773986816406,29.34052085876465,43.4592170715332,97.34910583496094,93.3499984741211,1306.9000244140625,124.77999877929688,51.07470703125,88.5966796875,23.984704971313477,108.7176284790039,87.35918426513672,108.65441131591797,69.49832916259766,30.158042907714844,32.92688751220703,185.16712951660156,85.75749969482422,105.40188598632812,20.734642028808594,8.409523010253906,18.160400390625,172.45114135742188,8.339285850524902,8.655129432678223,11.292837142944336,9.359248161315918,59.84781265258789,9.088214874267578,3.4092438220977783,33.14408874511719,19.88465118408203,22.820459365844727,49.32890701293945,21.14983367919922,41.57784652709961,17.938215255737305,61.54554748535156,36.30226135253906
2016-09-30,85.12326049804688,12.690018653869629,151.25344848632812,30.079465866088867,44.04016876220703,98.47852325439453,95.20999908447266,1313.300048828125,125.63999938964844,51.62552261352539,88.8070068359375,24.05597496032715,109.88507843017578,87.08344268798828,111.05952453613281,69.58832550048828,31.642942428588867,34.30695724487305,185.1779022216797,86.40129852294922,103.81198120117188,20.617687225341797,8.402694702148438,18.391382217407227,172.47607421875,8.358696937561035,8.679679870605469,11.447455406188965,9.427614212036133,58.75105667114258,8.968421936035156,3.4302804470062256,31.172809600830078,19.653759002685547,23.662126541137695,49.42074966430664,21.5943546295166,40.93525695800781,18.002979278564453,61.23189926147461,36.2054557800293
2016-10-31,84.42761993408203,12.647746086120605,150.0701141357422,29.830472946166992,43.064476013183594,96.59950256347656,92.02999877929688,1271.5,121.94000244140625,51.11803436279297,87.4795913696289,23.494810104370117,104.83360290527344,85.75232696533203,109.44116973876953,69.55477905273438,31.096357345581055,33.81202697753906,181.96749877929688,85.93403625488281,99.26432800292969,21.235881805419922,8.335179328918457,18.507787704467773,169.31448364257812,8.348600387573242,8.615629196166992,11.250866889953613,9.379758834838867,55.377994537353516,8.589224815368652,3.4402339458465576,29.04196548461914,19.242155075073242,22.995258331298828,48.4302864074707,21.431655883789062,40.619834899902344,18.16468048095703,57.19843673706055,35.32791519165039
2016-11-30,82.26165008544922,12.859106063842773,158.99154663085938,28.51323127746582,42.29732894897461,93.9109115600586,84.26000213623047,1170.800048828125,111.75,51.12757110595703,83.7816390991211,24.009782791137695,116.43167114257812,83.03607940673828,109.91824340820312,69.2279281616211,32.36717224121094,36.24713134765625,188.67083740234375,84.15393829345703,91.1110610961914,21.92926597595215,8.114590644836426,17.70073127746582,175.577392578125,8.300407409667969,8.387345314025879,11.00891399383545,9.188333511352539,54.45005416870117,7.914294719696045,3.409196138381958,31.09014320373535,20.555150985717773,24.942241668701172,52.832279205322266,21.467815399169922,38.91195297241211,17.179824829101562,58.37874221801758,37.024192810058594
2016-12-31,82.4707260131836,13.391731262207031,164.42446899414062,28.441198348999023,43.44200897216797,93.68102264404297,82.5199966430664,1150.0,109.61000061035156,52.0677604675293,83.68238830566406,24.321060180664062,119.7900619506836,83.73289489746094,111.16278076171875,69.2779769897461,32.89422607421875,37.348182678222656,192.4955291748047,84.1197738647461,90.68958282470703,22.10469627380371,8.134502410888672,17.671857833862305,179.02066040039062,8.308265686035156,8.382817268371582,11.230914115905762,9.065092086791992,57.072967529296875,7.886687278747559,3.4564671516418457,31.15680503845215,20.591466903686523,25.373933792114258,52.993980407714844,21.952951431274414,40.07798385620117,18.021425247192383,58.79689025878906,37.038639068603516
2017-01-31,82.64624786376953,13.315641403198242,165.2937469482422,30.33401870727539,44.871768951416016,96.30964660644531,85.41000366210938,,115.55000305175781,52.54298400878906,83.86597442626953,25.12093734741211,120.12761688232422,83.8543701171875,116.87666320800781,69.35181427001953,34.179874420166016,38.9124755859375,195.94017028808594,84.87044525146484,91.42797088623047,21.494857788085938,8.158235549926758,18.544540405273438,182.3919219970703,8.322330474853516,8.408548355102539,11.665513038635254,9.1558837890625,56.96232223510742,7.937900066375732,3.490935802459717,31.75511932373047,21.52781105041504,24.55868148803711,53.98197937011719,22.733745574951172,40.760032653808594,18.247758865356445,60.144412994384766,38.59937286376953
2017-02-28,83.17997741699219,13.290278434753418,173.7824249267578,30.862071990966797,45.40604019165039,94.83042907714844,85.80999755859375,1252.5999755859375,119.2300033569336,53.34783935546875,84.47283172607422,26.14571762084961,122.44612884521484,84.96209716796875,121.99009704589844,69.37727355957031,35.075225830078125,40.00809097290039,203.6389923095703,85.21984100341797,92.87671661376953,21.81230926513672,8.21185302734375,19.152299880981445,189.61964416503906,8.328581809997559,8.441861152648926,11.840877532958984,9.190800666809082,58.96089553833008,8.062544822692871,3.5410332679748535,33.15416717529297,21.647964477539062,24.046615600585938,56.094242095947266,23.76420783996582,42.705406188964844,19.20875358581543,63.95676803588867,39.30009841918945
2017-03-31,83.13399505615234,12.859106063842773,172.74856567382812,31.999387741088867,46.87343215942383,95.01033020019531,86.5199966430664,1247.300048828125,118.72000122070312,53.271392822265625,84.5408706665039,26.46198844909668,122.47799682617188,84.71134948730469,124.46263122558594,69.42156982421875,36.59964370727539,41.7696647644043,203.8935546875,85.21984100341797,92.26831817626953,21.678646087646484,8.205782890319824,19.5836181640625,189.79893493652344,8.330160140991211,8.447196960449219,12.174988746643066,9.191495895385742,57.53186798095703,8.015423774719238,3.533332586288452,34.32820129394531,21.782588958740234,23.689281463623047,55.6648063659668,24.29320526123047,42.52490234375,19.182762145996094,63.64939498901367,40.13874053955078
2017-04-30,83.88807678222656,12.512475967407227,175.19747924804688,32.54368591308594,48.009700775146484,95.52006530761719,86.38999938964844,1266.0999755859375,120.7699966430664,53.705936431884766,85.4782943725586,27.05029296875,123.8855972290039,85.71842956542969,127.85675811767578,69.55143737792969,36.59505081176758,41.531654357910156,205.9174346923828,85.60316467285156,93.71988677978516,21.36119270324707,8.26806926727295,19.856704711914062,191.73129272460938,8.345824241638184,8.512476921081543,12.442654609680176,9.233433723449707,57.67118453979492,8.142675399780273,3.579096555709839,34.862998962402344,22.056900024414062,22.99114990234375,56.75996017456055,24.780799865722656,42.99239730834961,19.328571319580078,64.62518310546875,41.10171127319336
2017-05-31,84.46444702148438,12.334936141967773,176.4868927001953,33.469783782958984,49.71036911010742,98.03874206542969,86.9000015258789,1272.0,120.62000274658203,54.259822845458984,86.1849594116211,27.750207901000977,121.444580078125,86.86121368408203,132.83975219726562,69.6024398803711,39.48316192626953,45.15664291381836,208.82351684570312,85.56880950927734,95.48919677734375,20.951847076416016,8.32353401184082,20.09856605529785,194.4035186767578,8.352885246276855,8.562668800354004,12.817386627197266,9.233433723449707,57.253231048583984,8.283785820007324,3.613574504852295,34.56792449951172,22.061054229736328,22.17778778076172,57.769569396972656,25.76055145263672,44.129920959472656,20.12862777709961,65.12165069580078,41.55352783203125
2017-06-30,84.44900512695312,12.216573715209961,179.54086303710938,33.77993392944336,49.85751724243164,98.91828155517578,85.52999877929688,1240.699951171875,118.0199966430664,54.33177185058594,85.74584197998047,27.675804138183594,125.54261016845703,87.27833557128906,129.7605743408203,69.54814910888672,37.58684158325195,42.88512420654297,210.15475463867188,84.82697296142578,96.24535369873047,20.676162719726562,8.32508659362793,20.253921508789062,195.59210205078125,8.345829010009766,8.522329330444336,12.88340950012207,9.145328521728516,58.531490325927734,8.336094856262207,3.6233444213867188,35.595855712890625,22.469234466552734,22.15301513671875,58.550174713134766,25.03620719909668,43.135459899902344,19.583375930786133,68.0958251953125,41.03020095825195
2017-07-31,84.73110961914062,12.715381622314453,184.33921813964844,35.74681854248047,51.1804313659668,97.9787826538086,87.23999786376953,1266.5999755859375,120.75,54.885501861572266,86.06724548339844,28.4002628326416,126.61278533935547,87.94644927978516,135.03062438964844,69.67745971679688,39.4142951965332,44.95903396606445,214.47433471679688,85.2183609008789,95.6117172241211,20.10809326171875,8.357595443725586,21.336849212646484,199.58697509765625,8.369394302368164,8.558161735534668,13.323938369750977,9.19430923461914,59.25582504272461,8.287102699279785,3.6642184257507324,35.42955780029297,22.81580924987793,22.733121871948242,58.72209548950195,26.152587890625,43.43381118774414,20.05826187133789,68.65441131591797,41.82215881347656
2017-08-31,85.52865600585938,12.766108512878418,185.4808807373047,36.58745193481445,51.15748977661133,98.70840454101562,87.43000030517578,1316.199951171875,125.81999969482422,54.92145919799805,87.32173919677734,28.915998458862305,125.02021026611328,88.54203796386719,137.83059692382812,69.81846618652344,40.67238998413086,46.26517105102539,215.1000518798828,86.10249328613281,98.87088775634766,20.074676513671875,8.428894996643066,21.988176345825195,200.1726531982422,8.385111808776855,8.632251739501953,13.408946990966797,9.278274536132812,59.10111999511719,8.558209419250488,3.668630838394165,35.27250671386719,22.995365142822266,21.487606048583984,58.85102462768555,26.916664123535156,42.954872131347656,20.717823028564453,69.85752868652344,41.04393768310547
2017-09-30,85.03984069824219,13.019739151000977,189.5044403076172,36.57112121582031,52.365684509277344,97.6589584350586,85.37000274658203,1281.5,121.58000183105469,55.25136947631836,86.06292724609375,29.27069664001465,132.90167236328125,88.4981918334961,137.42369079589844,69.6880874633789,42.84880447387695,48.66283416748047,219.43421936035156,85.49808502197266,96.57422637939453,20.199987411499023,8.383906364440918,21.81559944152832,204.2954559326172,8.368597984313965,8.56037425994873,13.651559829711914,9.21225357055664,59.0336799621582,8.363974571228027,3.6969974040985107,36.853946685791016,23.845504760742188,23.675548553466797,61.31365203857422,27.136810302734375,42.647743225097656,20.146686553955078,70.49415588378906,41.38209915161133
2017-10-31,85.12300872802734,13.535456657409668,197.96690368652344,37.770851135253906,53.24507522583008,94.73048400878906,84.4800033569336,,120.66999816894531,55.29824447631836,85.90025329589844,30.417560577392578,133.87026977539062,88.66873931884766,143.75390625,69.62449645996094,46.65524673461914,53.005271911621094,224.60498046875,85.69987487792969,96.53693389892578,20.534149169921875,8.393271446228027,22.34729766845703,209.03021240234375,8.36230754852295,8.542765617370605,13.915730476379395,9.233383178710938,58.4013671875,8.36264705657959,3.7001471519470215,38.279239654541016,24.769094467163086,23.478479385375977,61.77133560180664,28.904605865478516,41.9445915222168,20.932809829711914,69.95941162109375,42.25953674316406
2017-11-30,84.99675750732422,13.662270545959473,206.26437377929688,37.623931884765625,53.61212921142578,95.9398422241211,84.87999725341797,1273.199951171875,121.0999984741211,55.09489059448242,85.66040802001953,31.3139705657959,137.8076629638672,88.55935668945312,146.5884246826172,69.4740219116211,46.03078842163086,52.95616912841797,231.47018432617188,85.77381134033203,97.25436401367188,20.20833969116211,8.379247665405273,22.386978149414062,215.42514038085938,8.34024715423584,8.509775161743164,14.016738891601562,9.240427017211914,59.957313537597656,8.41553783416748,3.6902916431427,40.56526565551758,25.00419807434082,23.8898983001709,64.3447494506836,29.313264846801758,44.283180236816406,21.49486541748047,71.99498748779297,44.40031433105469
2017-12-31,85.4006576538086,14.042717933654785,210.6017608642578,39.03919219970703,54.33528518676758,96.77940368652344,85.13999938964844,1306.300048828125,123.6500015258789,55.23027420043945,85.81866455078125,31.605491638183594,137.2584686279297,89.64016723632812,147.47247314453125,69.46000671386719,45.55113220214844,52.207645416259766,234.2775115966797,86.57621765136719,99.01722717285156,20.09359359741211,8.416814804077148,23.175926208496094,217.79849243164062,8.334734916687012,8.515969276428223,14.306925773620605,9.320372581481934,59.868934631347656,8.566454887390137,3.7009761333465576,41.063419342041016,25.536027908325195,25.14875030517578,65.7015151977539,29.473249435424805,45.28089904785156,20.192659378051758,71.59864807128906,45.49177169799805
2018-01-31,84.43984985351562,14.45698356628418,222.69471740722656,42.27864456176758,57.06324768066406,101.1771011352539,87.87999725341797,1339.0,127.6500015258789,55.25559616088867,83.9733657836914,33.8020133972168,140.76966857910156,88.54144287109375,160.3867645263672,69.26116180419922,49.602821350097656,56.7148323059082,247.4811553955078,85.8400650024414,95.79365539550781,19.44136619567871,8.324469566345215,25.120542526245117,230.2405548095703,8.297616004943848,8.383667945861816,15.106982231140137,9.23460578918457,57.322078704833984,8.275294303894043,3.708529233932495,41.51802444458008,26.55696678161621,26.050153732299805,69.22667694091797,31.54720115661621,46.02110290527344,19.564041137695312,76.2922592163086,49.69569778442383
2018-02-28,83.58809661865234,14.03426456451416,213.66636657714844,39.78484344482422,54.304359436035156,99.66788482666016,89.94000244140625,1315.5,125.0,54.77635192871094,83.1900863647461,32.922000885009766,135.35888671875,86.56063842773438,158.3132781982422,69.19151306152344,49.616790771484375,56.84088897705078,238.48260498046875,84.95274353027344,92.88015747070312,19.809289932250977,8.23900032043457,23.933053970336914,221.72525024414062,8.290507316589355,8.34286117553711,14.330459594726562,9.148832321166992,52.92103576660156,8.036725997924805,3.6671764850616455,37.612091064453125,25.156341552734375,23.22761344909668,66.55242156982422,31.418161392211914,42.51103973388672,18.80508804321289,72.86299896240234,47.97171401977539
2018-03-31,84.14909362792969,14.355530738830566,206.52780151367188,40.000247955322266,53.848426818847656,98.34858703613281,90.11000061035156,1322.800048828125,125.79000091552734,54.64936065673828,84.15155792236328,32.02755355834961,137.00689697265625,87.0426025390625,151.85597229003906,69.36251831054688,48.56428146362305,55.46475601196289,231.9457244873047,85.81047821044922,95.53620910644531,19.742393493652344,8.290980339050293,23.64774513244629,216.04869079589844,8.31430435180664,8.405414581298828,14.23897933959961,9.233319282531738,54.980045318603516,8.258077621459961,3.6464619636535645,37.91927719116211,24.113277435302734,23.62784194946289,64.76329040527344,30.24507713317871,42.125492095947266,19.519027709960938,70.7378921508789,46.82773208618164
2018-04-30,83.3572006225586,14.8458833694458,206.75831604003906,38.87348175048828,54.667572021484375,94.78044891357422,87.6500015258789,,124.58999633789062,54.91141128540039,83.07740020751953,32.11227035522461,138.35142517089844,85.6795883178711,152.62405395507812,69.19966125488281,45.24842834472656,51.974517822265625,233.14442443847656,85.69781494140625,93.541259765625,20.17721176147461,8.222454071044922,23.152917861938477,216.8550567626953,8.2897367477417,8.328120231628418,14.356910705566406,9.226147651672363,55.43172836303711,8.089953422546387,3.6629695892333984,36.218074798583984,24.14291763305664,25.87109375,62.95872497558594,30.26356315612793,40.3806037902832,19.916900634765625,71.4852294921875,47.94190979003906
2018-05-31,83.90894317626953,15.243241310119629,209.6077117919922,37.85442352294922,53.63203430175781,95.23021697998047,88.02999877929688,1300.0999755859375,123.0999984741211,54.93905258178711,83.89659118652344,33.519615173339844,146.87884521484375,86.1262435913086,161.28233337402344,69.44340515136719,49.91950225830078,57.73817825317383,238.8119659423828,85.97991180419922,95.41624450683594,20.704010009765625,8.272233963012695,22.498477935791016,222.0477752685547,8.319950103759766,8.390887260437012,14.0817232131958,9.247654914855957,57.47152328491211,8.234909057617188,3.648423910140991,36.51555633544922,24.63839340209961,26.64572525024414,64.89405822753906,32.31625747680664,39.7482795715332,19.696720123291016,71.61556243896484,48.89426803588867
2018-06-30,83.99502563476562,14.94733715057373,208.67449951171875,36.13368225097656,52.782447814941406,94.70049285888672,86.47000122070312,1251.300048828125,118.6500015258789,54.99339294433594,84.0622329711914,33.84202575683594,147.78123474121094,85.70657348632812,163.12905883789062,69.47341918945312,47.814491271972656,55.0960807800293,240.1853485107422,86.53649139404297,96.03240966796875,20.854524612426758,8.274650573730469,21.483652114868164,223.3826141357422,8.327940940856934,8.399439811706543,13.787789344787598,9.304680824279785,59.886600494384766,8.2893648147583,3.658723831176758,36.8519401550293,24.7062931060791,26.797481536865234,62.69481658935547,32.23123550415039,41.56440734863281,20.25095558166504,72.7967529296875,50.663597106933594
2018-07-31,83.97048950195312,14.583799362182617,218.786865234375,37.40958023071289,54.28780746459961,94.62052917480469,85.58000183105469,,115.98999786376953,55.91602325439453,83.61857604980469,34.81820297241211,150.21824645996094,86.85831451416016,167.69081115722656,69.43173217773438,49.31407165527344,57.340240478515625,249.0834197998047,86.07550811767578,94.65257263183594,20.887971878051758,8.277889251708984,22.166053771972656,231.6685028076172,8.3200044631958,8.369937896728516,14.129501342773438,9.261404037475586,60.24687194824219,8.183098793029785,3.701812267303467,36.91716384887695,25.41254425048828,27.2138729095459,67.3249282836914,32.90397644042969,43.209869384765625,20.57443618774414,77.56788635253906,51.57674026489258
2018-08-31,84.44744110107422,14.693705558776855,224.1473388671875,36.000247955322266,53.074058532714844,96.51954650878906,86.08999633789062,1200.300048828125,113.51000213623047,56.311771392822266,84.46644592285156,36.7065315246582,156.6935272216797,86.87566375732422,177.3844757080078,69.6724853515625,50.734493255615234,58.830162048339844,257.0341491699219,86.63043212890625,95.89441680908203,21.06357192993164,8.320854187011719,21.379289627075195,239.1890869140625,8.35119342803955,8.434677124023438,13.819573402404785,9.319110870361328,61.79825210571289,8.279951095581055,3.738651752471924,37.289859771728516,25.216838836669922,26.268163681030273,67.48247528076172,35.075294494628906,43.37924575805664,20.83946418762207,80.92599487304688,54.20957946777344
2018-09-30,83.92411041259766,15.192514419555664,228.53948974609375,35.791770935058594,53.58635330200195,95.26020050048828,84.1500015258789,1191.5,112.76000213623047,56.60714340209961,83.44864654541016,36.92081832885742,153.0503387451172,86.7533950805664,176.88494873046875,69.57282257080078,49.57487487792969,57.45359802246094,258.5623474121094,85.78973388671875,93.14773559570312,21.12210464477539,8.275463104248047,21.1001033782959,240.5135955810547,8.334406852722168,8.365985870361328,13.861554145812988,9.231156349182129,60.151710510253906,8.052715301513672,3.75557541847229,35.89912796020508,24.764083862304688,26.91067886352539,68.9518051147461,35.06854248046875,43.807518005371094,20.7043514251709,83.31671905517578,54.49713134765625
2018-10-31,83.38356018066406,14.338621139526367,217.2538604736328,32.6562385559082,49.22789001464844,92.61157989501953,84.70999908447266,1212.300048828125,115.1500015258789,55.4881706237793,83.19575500488281,33.63066101074219,136.2333984375,84.97560119628906,161.68040466308594,69.6793441772461,43.52529525756836,50.59516906738281,240.69448852539062,84.48643493652344,90.41798400878906,21.590370178222656,8.214783668518066,19.500749588012695,224.04075622558594,8.342446327209473,8.360518455505371,12.703763008117676,9.100319862365723,58.3922233581543,7.825604438781738,3.6964778900146484,31.743276596069336,22.48988151550293,23.86217498779297,61.45857238769531,32.261390686035156,44.684791564941406,21.113325119018555,77.66886138916016,48.992549896240234
2018-11-30,84.02692413330078,12.926739692687988,221.5159454345703,34.25736618041992,49.47220993041992,93.3511962890625,84.22000122070312,1220.199951171875,115.54000091552734,55.26670455932617,84.30229187011719,33.92417526245117,138.58531188964844,84.67092895507812,161.251953125,69.94485473632812,45.05747985839844,52.23759460449219,245.1593017578125,84.89117431640625,92.03399658203125,21.67399024963379,8.25808334350586,20.369430541992188,228.58131408691406,8.374624252319336,8.441354751586914,12.863457679748535,9.136662483215332,61.12093734741211,7.965697288513184,3.670414686203003,33.162811279296875,23.3448429107666,23.489103317260742,63.79801940917969,31.628265380859375,45.700164794921875,21.860490798950195,83.94719696044922,50.20597457885742
2018-12-31,85.69165802001953,12.409507751464844,202.71978759765625,33.06216049194336,46.8255729675293,94.83042907714844,87.11000061035156,1278.300048828125,121.25,54.11231231689453,86.66636657714844,31.077627182006836,121.99365234375,86.24541473388672,147.28634643554688,70.476318359375,41.4277229309082,48.82014083862305,223.5733642578125,85.34221649169922,97.42115020751953,21.509845733642578,8.406638145446777,19.763416290283203,207.89727783203125,8.447957992553711,8.601764678955078,12.237679481506348,9.182960510253906,56.26067352294922,8.404478073120117,3.592252492904663,30.50029945373535,21.736923217773438,20.56725311279297,56.99776840209961,28.978925704956055,41.6262092590332,20.98728370666504,76.09506225585938,46.211463928222656
2019-01-31,86.47225189208984,13.291620254516602,217.58352661132812,36.4818000793457,49.932411193847656,93.64104461669922,87.6500015258789,1319.699951171875,124.75,56.787906646728516,87.2319564819336,33.831424713134766,135.80560302734375,89.15032196044922,160.55795288085938,70.6532974243164,45.846744537353516,53.72984313964844,241.47390747070312,86.55799102783203,97.78997039794922,21.459131240844727,8.491231918334961,21.44645118713379,224.53330993652344,8.473031997680664,8.652273178100586,13.165390968322754,9.315512657165527,62.93017578125,8.445901870727539,3.7697434425354004,34.401939392089844,22.954565048217773,22.873220443725586,63.510799407958984,30.989398956298828,43.76572799682617,21.716995239257812,79.75424194335938,50.77146530151367
2019-02-28,86.37377166748047,13.66844367980957,226.170654296875,35.92314529418945,51.199039459228516,93.1812973022461,85.55000305175781,1312.800048828125,123.98999786376953,57.4776496887207,86.77352142333984,35.04690933227539,142.83914184570312,88.96852111816406,165.36061096191406,70.714111328125,49.0459098815918,57.16788101196289,249.301513671875,86.40989685058594,96.44392395019531,21.670425415039062,8.486422538757324,21.585342407226562,231.71957397460938,8.472236633300781,8.629376411437988,13.39126968383789,9.300786972045898,63.367774963378906,8.335482597351074,3.8263285160064697,35.98698043823242,23.686016082763672,23.400407791137695,67.55487823486328,33.130794525146484,44.544471740722656,22.609317779541016,80.61624908447266,51.43889236450195
2019-03-31,88.20720672607422,13.617057800292969,226.51922607421875,36.32944107055664,51.66904067993164,93.3511962890625,86.11000061035156,1293.0,122.01000213623047,58.21959686279297,89.07750701904297,36.034854888916016,139.8490753173828,91.5744400024414,171.8502655029297,71.1573486328125,50.469871520996094,59.1329345703125,253.81394958496094,88.1165771484375,101.81753540039062,22.00004768371582,8.652137756347656,21.995906829833984,236.20326232910156,8.538690567016602,8.782832145690918,13.487617492675781,9.470157623291016,66.0396499633789,8.79154109954834,3.864476442337036,36.245113372802734,23.98278045654297,23.89838981628418,66.77833557128906,34.710697174072266,46.247406005859375,23.240446090698242,81.00474548339844,53.31914520263672
2019-04-30,88.03040313720703,13.779779434204102,232.4799346923828,37.184349060058594,53.18263244628906,91.12236022949219,85.5199966430664,1282.800048828125,121.19999694824219,58.79376983642578,88.6155776977539,37.63473129272461,144.59934997558594,91.97407531738281,181.30076599121094,71.28787994384766,55.178428649902344,66.00275421142578,264.182861328125,88.31143188476562,99.79022979736328,22.11837387084961,8.65627384185791,22.454160690307617,245.74851989746094,8.551756858825684,8.778946876525879,13.859797477722168,9.499613761901855,65.93324279785156,8.626443862915039,3.9222545623779297,38.22895431518555,24.82541847229004,23.894775390625,69.43061828613281,36.91998291015625,47.566162109375,23.45619010925293,78.80636596679688,56.232147216796875
2019-05-31,89.71253967285156,12.957616806030273,217.65269470214844,34.458797454833984,50.50597381591797,92.6415786743164,87.94999694824219,1305.800048828125,123.33000183105469,57.65688705444336,91.3171157836914,35.28254699707031,133.24441528320312,93.49217224121094,166.38845825195312,71.8024673461914,46.62518310546875,55.07094955444336,247.335693359375,89.85884857177734,106.61514282226562,22.24515151977539,8.814762115478516,21.005765914916992,230.10765075683594,8.6267671585083,8.959464073181152,13.091160774230957,9.66162395477295,66.02445220947266,9.200432777404785,3.8797879219055176,36.06647872924805,22.794443130493164,21.24180793762207,64.12608337402344,33.720970153808594,45.83529281616211,23.27240562438965,77.05824279785156,51.95630645751953
2019-06-30,90.69813537597656,13.471467971801758,233.66697692871094,36.597904205322266,53.49170684814453,94.86041259765625,88.33999633789062,1409.699951171875,133.1999969482422,59.475685119628906,92.42855834960938,37.564117431640625,142.55142211914062,96.52760314941406,179.0174560546875,72.13343048095703,52.29728698730469,62.15458679199219,264.5468444824219,90.53218078613281,107.62812805175781,21.949337005615234,8.916546821594238,22.144290924072266,246.2896728515625,8.66763687133789,9.05111026763916,13.85612964630127,9.739302635192871,67.0506591796875,9.293191909790039,3.985491991043091,39.276710510253906,25.430330276489258,23.237506866455078,69.20514678955078,36.73505401611328,48.22768783569336,24.01393699645996,82.13949584960938,56.01716995239258
2019-07-31,90.86302185058594,13.317312240600586,236.20709228515625,35.6255989074707,52.45002746582031,93.0913314819336,87.4800033569336,1426.0999755859375,133.2100067138672,59.568885803222656,92.46393585205078,38.514320373535156,143.5231475830078,96.77278137207031,183.19715881347656,72.08741760253906,55.5771369934082,65.65372467041016,268.546630859375,90.81747436523438,107.90418243408203,22.591672897338867,8.93700885772705,21.880765914916992,249.80137634277344,8.65947437286377,9.03679084777832,13.594228744506836,9.76148796081543,68.19373321533203,9.313562393188477,4.0032548904418945,39.24844741821289,25.36077880859375,22.86911964416504,69.56271362304688,38.02011489868164,49.357181549072266,23.981719970703125,80.80950927734375,56.731483459472656
2019-08-31,93.39151000976562,12.700691223144531,232.9578399658203,34.27802276611328,51.44090270996094,93.41117095947266,89.55000305175781,1519.0999755859375,143.75,59.97972106933594,96.11778259277344,38.182464599609375,136.4459991455078,100.53345489501953,179.71726989746094,72.65095520019531,54.309814453125,64.1343765258789,264.0502014160156,92.93446350097656,119.82667541503906,22.71000099182129,9.185638427734375,21.0572452545166,245.8269500732422,8.739872932434082,9.260741233825684,13.275035858154297,9.983339309692383,70.7484359741211,10.307768821716309,4.041621208190918,39.6253776550293,24.643510818481445,20.965179443359375,67.7213134765625,37.43640899658203,50.428531646728516,25.201950073242188,80.33072662353516,56.19575119018555
2019-09-30,92.81991577148438,12.880538940429688,237.9791717529297,34.857994079589844,53.06852722167969,92.57160949707031,87.94999694824219,,138.8699951171875,60.24302673339844,94.97772216796875,38.21274185180664,139.22544860839844,99.77348327636719,181.3668975830078,72.5534439086914,56.54542922973633,66.52366638183594,269.1880798339844,91.90625762939453,116.61539459228516,22.90439224243164,9.130785942077637,21.33610725402832,250.4034881591797,8.721002578735352,9.196696281433105,13.636028289794922,9.8768310546875,72.1117935180664,10.038042068481445,4.058848857879639,41.64884948730469,25.42711639404297,21.790014266967773,69.76063537597656,38.025238037109375,51.311676025390625,26.273447036743164,80.24591064453125,56.91025161743164
2019-10-31,93.01306915283203,13.128901481628418,239.2815704345703,36.316444396972656,54.86704635620117,93.59107971191406,88.0199966430664,1511.4000244140625,142.42999267578125,60.236087799072266,95.15618133544922,39.292362213134766,143.00650024414062,100.21759796142578,189.3108367919922,72.78050994873047,60.51353073120117,70.59541320800781,275.13848876953125,91.87934112548828,115.31721496582031,22.473350524902344,9.15060806274414,22.161222457885742,255.79977416992188,8.743265151977539,9.2120361328125,14.096871376037598,9.861946105957031,72.92376708984375,9.927456855773926,4.08373498916626,43.01887512207031,25.422754287719727,21.33360481262207,70.55143737792969,39.50790786743164,51.094459533691406,26.0745906829834,84.35926055908203,56.980979919433594
2019-11-30,92.9809341430664,13.111772537231445,249.00393676757812,36.28232955932617,55.485557556152344,92.23178100585938,86.8499984741211,1465.5999755859375,137.86000061035156,60.578189849853516,94.50226593017578,41.03746032714844,148.82058715820312,100.69367218017578,197.01473999023438,72.74616241455078,63.08615493774414,73.46517944335938,285.09796142578125,92.14855194091797,114.84776306152344,22.743810653686523,9.144891738891602,22.19455909729004,265.0607604980469,8.739178657531738,9.17829418182373,14.253230094909668,9.884272575378418,71.97261047363281,9.888240814208984,4.108035087585449,43.38736343383789,26.230998992919922,21.675912857055664,73.72360229492188,41.62802505493164,51.79621887207031,25.587594985961914,88.57945251464844,57.73537826538086
2019-12-31,92.93746185302734,13.87869930267334,253.45367431640625,39.08705520629883,57.147560119628906,95.13026428222656,87.43000030517578,,142.89999389648438,61.73603820800781,93.625244140625,42.22250747680664,152.967529296875,101.22467041015625,204.67140197753906,72.85893249511719,68.12813568115234,79.29228973388672,293.3816223144531,92.46800231933594,111.17546081542969,22.388757705688477,9.131702423095703,23.739402770996094,273.03326416015625,8.75157356262207,9.14448070526123,14.861639976501465,9.922911643981934,72.52608489990234,9.591869354248047,4.160910606384277,43.095848083496094,26.981840133666992,22.982154846191406,73.57534790039062,43.42660903930664,53.04592514038086,26.4295654296875,91.65785217285156,59.33069610595703
2020-01-31,94.82317352294922,12.686612129211426,251.18948364257812,36.68276596069336,55.53452682495117,95.54004669189453,87.63999938964844,1582.9000244140625,149.3300018310547,61.44819641113281,96.87007904052734,43.17775344848633,148.2216339111328,103.70067596435547,210.8902130126953,73.28079223632812,66.27812194824219,76.75341033935547,293.2631530761719,94.44317626953125,119.72614288330078,22.656009674072266,9.325176239013672,22.54146385192871,272.8958435058594,8.804490089416504,9.344535827636719,14.370694160461426,10.13371467590332,73.41712188720703,10.291727066040039,4.1644744873046875,44.48786926269531,25.31689453125,20.45579719543457,73.25021362304688,45.16046905517578,53.21437454223633,28.21280288696289,89.21024322509766,59.283390045166016
2020-02-29,96.3257827758789,11.842577934265137,227.0337677001953,35.297698974609375,51.22211456298828,95.32017517089844,87.93000030517578,1564.0999755859375,148.3800048828125,60.65580749511719,99.73909759521484,40.31444549560547,135.11036682128906,104.83243560791016,198.11572265625,73.92321014404297,63.58016586303711,73.194580078125,270.0466613769531,95.31430053710938,127.65985870361328,22.871536254882812,9.4843168258667,21.706287384033203,250.4056396484375,8.895547866821289,9.543346405029297,13.405433654785156,10.231590270996094,68.2584457397461,10.969740867614746,4.131504058837891,40.39704895019531,23.159929275512695,17.32848358154297,65.99834442138672,41.86331558227539,48.843021392822266,25.43160057067871,83.33428192138672,54.79409408569336
2020-03-31,95.81834411621094,9.78905200958252,196.1105499267578,29.731258392333984,43.99637222290039,95.41012573242188,88.19000244140625,,148.0500030517578,54.5732536315918,103.45211029052734,36.26475524902344,106.09260559082031,98.21558380126953,183.68133544921875,74.84284210205078,56.43540954589844,65.02436065673828,236.32565307617188,93.63875579833984,135.80027770996094,23.130165100097656,9.428776741027832,17.902801513671875,219.35215759277344,8.985857963562012,9.76009464263916,11.245747566223145,10.097569465637207,55.02189636230469,11.591437339782715,3.7199485301971436,28.33036994934082,19.918298721313477,11.372516632080078,53.70553207397461,38.27230453491211,46.14098358154297,22.889558792114258,80.09479522705078,46.622474670410156
2020-04-30,97.4655532836914,9.484502792358398,217.69090270996094,31.917757034301758,46.55583190917969,95.06031036376953,88.30999755859375,1684.199951171875,158.8000030517578,57.238365173339844,103.73683166503906,41.5919303894043,120.7839126586914,102.97488403320312,211.185302734375,75.04692840576172,64.42809295654297,74.47650146484375,266.3351745605469,96.47471618652344,137.45559692382812,23.095684051513672,9.588419914245605,19.566408157348633,247.45962524414062,9.014087677001953,9.805458068847656,12.155081748962402,10.35358715057373,59.952999114990234,11.801774024963379,3.863612651824951,34.28364181518555,22.943191528320312,14.871150970458984,58.43809509277344,43.529563903808594,49.351463317871094,23.65378189086914,90.1767349243164,55.42597961425781
2020-05-31,98.1210708618164,10.250224113464355,228.04393005371094,32.86727523803711,49.08237838745117,95.3701400756836,87.83000183105469,1736.9000244140625,162.91000366210938,58.924896240234375,104.07653045654297,44.369869232177734,128.74595642089844,105.50829315185547,225.1254119873047,74.98807525634766,67.945068359375,79.80623626708984,279.02471923828125,97.10297393798828,135.03372192382812,22.931884765625,9.640155792236328,20.02242660522461,259.228515625,9.039835929870605,9.846843719482422,12.739063262939453,10.406293869018555,60.99277114868164,11.604491233825684,4.008571147918701,40.08476257324219,24.521970748901367,15.168577194213867,61.58707046508789,46.653446197509766,50.17313003540039,24.657596588134766,93.14252471923828,59.03388977050781
2020-06-30,98.76776123046875,10.711398124694824,231.92236328125,35.03813934326172,50.80575180053711,96.70944213867188,87.70999908447266,1793.0,167.3699951171875,58.58113098144531,104.12095642089844,46.297332763671875,133.16189575195312,107.7530746459961,239.27828979492188,75.00537109375,73.61559295654297,86.01687622070312,283.9730529785156,98.05964660644531,135.4883270263672,22.690494537353516,9.707788467407227,21.45511817932129,264.32452392578125,9.048147201538086,9.876068115234375,13.279489517211914,10.519243240356445,62.4717903137207,11.651272773742676,4.017909526824951,41.850650787353516,25.056913375854492,15.002394676208496,62.80206298828125,49.89542007446289,50.060428619384766,23.50553321838379,90.86746215820312,60.8485221862793
2020-07-31,100.08454132080078,11.259584426879883,237.9380340576172,37.929500579833984,51.790653228759766,100.09766387939453,89.43000030517578,1962.800048828125,185.42999267578125,61.54560470581055,105.01030731201172,49.89835739135742,137.04937744140625,111.09354400634766,256.85687255859375,75.0755615234375,80.08103942871094,92.21561431884766,300.6968078613281,100.3396987915039,141.49742126464844,21.79391098022461,9.8583402633667,23.252225875854492,279.197998046875,9.064763069152832,9.923995971679688,13.824416160583496,10.760198593139648,64.74696350097656,12.13743782043457,4.199232578277588,47.2940788269043,26.84002113342285,14.281014442443848,65.57194519042969,52.731849670410156,53.52641677856445,25.33832359313965,95.82536315917969,65.27484893798828
2020-08-31,99.26020812988281,11.781668663024902,256.4341735839844,39.024723052978516,54.23621368408203,101.16710662841797,89.30999755859375,1967.5999755859375,184.8300018310547,61.53185272216797,103.99187469482422,54.97310256958008,144.55471801757812,109.11796569824219,284.9692077636719,75.05821990966797,84.48930358886719,97.56011962890625,321.6845397949219,101.23263549804688,134.35671997070312,21.466310501098633,9.757890701293945,23.77779769897461,299.8639831542969,9.081392288208008,9.91019058227539,14.419647216796875,10.865616798400879,65.03335571289062,11.565735816955566,4.22302770614624,50.28750991821289,28.009490966796875,14.13039493560791,71.1299819946289,58.996829986572266,55.98505783081055,24.680185317993164,98.30431365966797,71.51168060302734
2020-09-30,99.16362762451172,11.364002227783203,250.91690063476562,38.63043975830078,53.1261100769043,99.128173828125,89.62000274658203,1887.5,177.1199951171875,60.95863723754883,104.33272552490234,52.41920471191406,139.84034729003906,108.63814544677734,268.5018615722656,75.05735778808594,83.92562103271484,97.0810775756836,309.63946533203125,100.84993743896484,135.39588928222656,21.854257583618164,9.76544189453125,23.381072998046875,287.85174560546875,9.086384773254395,9.91751766204834,14.136569023132324,10.829412460327148,63.30066680908203,11.65670108795166,4.188466548919678,51.451866149902344,28.431766510009766,12.06641960144043,70.64473724365234,55.84928512573242,55.047420501708984,24.947059631347656,96.16082763671875,70.17913818359375
2020-10-31,98.61001586914062,11.007245063781738,239.7671356201172,39.17366409301758,51.239776611328125,99.51797485351562,90.29000091552734,1877.4000244140625,176.1999969482422,61.20448684692383,102.89210510253906,50.6524772644043,142.92112731933594,108.08368682861328,260.3262939453125,75.02264404296875,84.28695678710938,97.35835266113281,301.9190673828125,100.16766357421875,130.8123779296875,21.87150001525879,9.705754280090332,23.834495544433594,280.16229248046875,9.080557823181152,9.858888626098633,13.82448673248291,10.753945350646973,61.40068817138672,11.284226417541504,4.204468727111816,49.637489318847656,28.226261138916016,11.570869445800781,69.6260757446289,53.05442810058594,53.467281341552734,26.207435607910156,92.67832946777344,68.26448059082031
2020-11-30,99.79998016357422,12.12972354888916,268.9093017578125,42.69587326049805,58.55139923095703,100.267578125,90.5,,166.6699981689453,63.255584716796875,103.24024963378906,55.887386322021484,168.99595642089844,112.16008758544922,289.5498962402344,75.0391616821289,100.50359344482422,115.31104278564453,334.7608642578125,101.37692260742188,132.98904418945312,21.397342681884766,9.813525199890137,25.793607711791992,310.7998352050781,9.09054946899414,9.880887985229492,15.612642288208008,10.882237434387207,67.34113311767578,11.457199096679688,4.328910827636719,54.650882720947266,31.715450286865234,14.81006908416748,80.78534698486328,59.09400939941406,57.46057891845703,26.40069007873535,100.04443359375,75.08757781982422
2020-12-31,99.8855209350586,12.791027069091797,277.7606201171875,45.73986053466797,61.48798370361328,102.91619873046875,91.45999908447266,1893.0999755859375,178.36000061035156,64.4941177368164,102.99406433105469,58.37398910522461,183.6081085205078,112.32901000976562,303.744873046875,75.06954956054688,105.96272277832031,121.09300994873047,347.16326904296875,102.4896011352539,131.3563232421875,20.89732551574707,9.828807830810547,27.312530517578125,322.7265319824219,9.097307205200195,9.894420623779297,16.520389556884766,11.005067825317383,69.18228149414062,11.339043617248535,4.381529331207275,55.15196228027344,32.50251770019531,15.473575592041016,81.59872436523438,62.368797302246094,58.40928268432617,26.564489364624023,103.84394073486328,76.91056823730469
2021-01-31,99.14181518554688,13.217395782470703,272.44122314453125,47.1916389465332,61.00761032104492,102.1266098022461,90.08000183105469,1847.300048828125,172.61000061035156,64.25030517578125,101.8692626953125,57.91404342651367,192.50474548339844,110.27163696289062,304.5387878417969,75.08690643310547,109.93596649169922,125.00191497802734,343.62548828125,102.76258850097656,126.58445739746094,21.052501678466797,9.750988960266113,28.112548828125,319.4303283691406,9.098998069763184,9.848753929138184,16.503355026245117,11.050827026367188,69.20671844482422,10.951587677001953,4.383054733276367,57.69713592529297,31.716785430908203,16.053333282470703,78.11544799804688,61.845924377441406,55.49964141845703,26.331466674804688,105.29945373535156,77.49893951416016
2021-02-28,97.6367416381836,14.55740737915039,281.7378234863281,47.563438415527344,62.37289810180664,99.93775177001953,88.5,1728.0999755859375,161.80999755859375,64.0931167602539,99.46174621582031,57.8970947265625,204.44496154785156,107.7758560180664,304.13214111328125,75.04344177246094,116.89275360107422,133.1422882080078,353.18011474609375,101.02838134765625,119.32740783691406,21.13871192932129,9.603710174560547,28.577085494995117,328.23876953125,9.074501037597656,9.71847915649414,16.88656234741211,10.860160827636719,71.57714080810547,10.337018966674805,4.383792877197266,59.36203384399414,33.023338317871094,19.65838623046875,83.49700164794922,62.6901741027832,54.81552505493164,24.725738525390625,103.08415222167969,77.08755493164062
2021-03-31,96.5174560546875,14.45299243927002,301.2251892089844,47.21820068359375,63.94044494628906,96.06977081298828,85.16000366210938,1713.800048828125,159.9600067138672,64.87220001220703,97.0888900756836,58.92106246948242,207.29702758789062,106.18289947509766,309.3533935546875,75.00167846679688,118.15411376953125,135.6585235595703,369.2142639160156,100.76341247558594,113.0683822631836,21.65597152709961,9.471385955810547,28.282697677612305,342.579345703125,9.081271171569824,9.632972717285156,17.171581268310547,10.851789474487305,75.26484680175781,9.840001106262207,4.377231597900391,67.44837951660156,35.52995300292969,20.2424373626709,91.00078582763672,63.84159469604492,59.47385787963867,27.334810256958008,107.23568725585938,80.52552032470703
2021-04-30,97.22398376464844,15.584171295166016,309.3186950683594,47.78474044799805,65.82820129394531,99.26810455322266,86.19999694824219,1767.300048828125,165.66000366210938,65.28582000732422,98.06097412109375,62.96967697143555,211.003173828125,107.2905502319336,327.6356506347656,75.04432678222656,117.88729095458984,135.0313720703125,388.74951171875,102.20403289794922,115.88954162597656,21.19043731689453,9.561540603637695,28.80788803100586,360.81378173828125,9.096527099609375,9.702580451965332,17.649517059326172,10.996990203857422,81.18048095703125,10.073561668395996,4.429128170013428,72.22161865234375,37.441707611083984,20.378591537475586,94.21747589111328,67.1535873413086,60.5796012878418,28.478736877441406,111.4520034790039,85.72396850585938
2021-05-31,97.42218017578125,16.184568405151367,316.083740234375,48.572601318359375,68.12054443359375,100.75732421875,85.76000213623047,1902.5,178.3800048828125,65.31130981445312,98.4776382446289,62.09695053100586,211.57546997070312,107.95858001708984,323.699951171875,75.08955383300781,120.8902587890625,138.43896484375,391.3021545410156,103.25051879882812,115.89205169677734,20.880083084106445,9.584561347961426,29.307247161865234,363.29864501953125,9.10840129852295,9.75271224975586,18.204269409179688,11.103978157043457,81.83594512939453,10.090292930603027,4.4373579025268555,71.8573989868164,39.34445571899414,21.54214096069336,97.16608428955078,66.52867889404297,61.65048599243164,27.81287384033203,113.53718566894531,82.81092834472656
2021-06-30,98.22877502441406,16.75015640258789,315.9125061035156,49.03423309326172,67.38617706298828,97.84884643554688,84.7300033569336,1770.800048828125,165.6300048828125,66.1764907836914,99.484619140625,65.8929672241211,215.52978515625,110.3460464477539,343.97052001953125,74.9607925415039,127.22124481201172,145.50450134277344,400.0780334472656,103.99879455566406,121.01351165771484,21.405963897705078,9.658771514892578,29.72335433959961,371.7320556640625,9.077864646911621,9.744218826293945,18.118743896484375,11.182865142822266,83.99439239501953,10.48447036743164,4.482153415679932,70.29443359375,37.273685455322266,22.4542236328125,94.95122528076172,71.11006927490234,61.314849853515625,27.198686599731445,116.14735412597656,85.673583984375
2021-07-31,99.32556915283203,16.967689514160156,320.25067138671875,45.87790298461914,67.90729522705078,99.8877944946289,85.79000091552734,1812.5999755859375,169.82000732421875,66.24586486816406,101.46459197998047,68.1211166381836,207.7118377685547,111.91188049316406,353.811279296875,75.08521270751953,127.65787506103516,146.36619567871094,409.844970703125,106.78155517578125,125.5111083984375,21.354238510131836,9.775822639465332,27.854822158813477,380.5123291015625,9.08890151977539,9.854873657226562,17.88656234741211,11.468417167663574,87.70767974853516,10.862557411193848,4.505404949188232,72.35798645019531,38.04804611206055,20.58686065673828,95.84140014648438,73.87433624267578,62.66434097290039,28.37731170654297,121.86479949951172,86.57566833496094
2021-08-31,99.12652587890625,16.689245223999023,324.887451171875,46.59807586669922,68.88973999023438,98.69841003417969,85.5,,169.69000244140625,66.64912414550781,101.06439208984375,70.60655212402344,212.28797912597656,111.52693176269531,368.7373962402344,75.06085968017578,131.38851928710938,149.97964477539062,422.0418701171875,106.60635375976562,125.08418273925781,21.45768928527832,9.756153106689453,28.598772048950195,392.0382080078125,9.089749336242676,9.827618598937988,18.196138381958008,11.452981948852539,89.59733581542969,10.837308883666992,4.528738021850586,74.95899963378906,38.76807403564453,20.17420768737793,96.90772247314453,76.5037841796875,63.321563720703125,29.482805252075195,124.68663787841797,88.1207046508789
2021-09-30,98.21733093261719,17.559385299682617,311.19744873046875,44.79319763183594,66.6429443359375,96.849365234375,84.45999908447266,1755.300048828125,164.22000122070312,66.40245819091797,99.45030975341797,66.62057495117188,206.17333984375,109.84575653076172,347.7815246582031,74.98513793945312,124.32499694824219,143.1787872314453,402.3724365234375,105.77464294433594,121.44796752929688,21.819772720336914,9.667093276977539,27.63361930847168,373.734130859375,9.07361888885498,9.732161521911621,17.57274627685547,11.365086555480957,84.50688171386719,10.525413513183594,4.5212273597717285,68.95570373535156,35.9811897277832,21.97606658935547,91.01593780517578,72.03598022460938,60.700584411621094,27.686349868774414,117.8059310913086,86.2342300415039
2021-10-31,98.20874786376953,18.57744598388672,329.6510009765625,45.273311614990234,68.76158142089844,98.47852325439453,82.45999908447266,1783.0,166.64999389648438,66.19609832763672,99.00983428955078,72.44538879394531,214.93861389160156,110.42899322509766,375.13104248046875,74.7335433959961,132.7517547607422,152.41429138183594,430.60430908203125,106.94827270507812,124.441650390625,21.768049240112305,9.664554595947266,27.93901252746582,399.8702392578125,9.040517807006836,9.662225723266602,18.030864715576172,11.490840911865234,90.5347900390625,10.735991477966309,4.506133556365967,74.54825592041016,38.714683532714844,24.24581527709961,97.20211791992188,77.92642211914062,62.825645446777344,28.999584197998047,123.83967590332031,96.66211700439453
2021-11-30,98.4747543334961,16.950288772583008,318.00469970703125,43.42397689819336,65.64344024658203,98.12870025634766,83.0999984741211,1773.5999755859375,165.5,65.42223358154297,100.09111785888672,72.90242004394531,205.6266632080078,110.29801940917969,382.6218566894531,74.6908950805664,147.91700744628906,169.95074462890625,427.14447021484375,107.87345886230469,127.89056396484375,22.155994415283203,9.696415901184082,27.04027557373047,397.0602111816406,9.041363716125488,9.703215599060059,17.235641479492188,11.600876808166504,88.6251220703125,11.023009300231934,4.468229293823242,77.18115234375,38.50092315673828,23.030784606933594,93.7415771484375,81.39507293701172,61.9791374206543,28.505491256713867,120.05470275878906,98.24313354492188
2021-12-31,98.12147521972656,18.08146858215332,335.60638427734375,44.078399658203125,68.52579498291016,98.7183837890625,81.48999786376953,1827.5,170.9600067138672,66.9166030883789,99.56661224365234,74.38825988769531,210.29750061035156,110.2603759765625,387.0309753417969,74.53234100341797,150.6064453125,174.48265075683594,446.89892578125,108.30810546875,125.31510162353516,22.095645904541016,9.656890869140625,27.50849723815918,414.7865905761719,9.02099323272705,9.669912338256836,17.938011169433594,11.618988037109375,97.22673034667969,10.8118896484375,4.544397830963135,82.56040954589844,41.4205207824707,23.717880249023438,98.8013687133789,84.03826141357422,68.45886993408203,31.267478942871094,130.88343811035156,98.39025115966797
2022-01-31,96.16043090820312,19.50849151611328,324.5411071777344,44.06938171386719,66.03489685058594,96.97931671142578,81.44000244140625,1795.0,168.08999633789062,65.14002990722656,97.46272277832031,67.9301986694336,190.24620056152344,106.29991912841797,353.17730712890625,74.01826477050781,134.3211212158203,154.26165771484375,423.3289794921875,106.0782241821289,120.41040802001953,22.302549362182617,9.447192192077637,27.622968673706055,393.2678527832031,8.955588340759277,9.516019821166992,17.429256439208984,11.402483940124512,89.03858947753906,10.414231300354004,4.421481609344482,71.64604187011719,38.60460662841797,28.170856475830078,94.06719970703125,78.2864990234375,67.44678497314453,30.249685287475586,121.9095458984375,89.01033782958984
2022-02-28,95.05877685546875,20.770193099975586,314.1629638671875,42.16548156738281,63.770450592041016,97.99877166748047,81.56999969482422,1899.4000244140625,178.3800048828125,64.5804672241211,97.16632843017578,65.10160064697266,192.21255493164062,104.03416442871094,337.369140625,73.69841766357422,130.78504943847656,152.55325317382812,410.8335266113281,106.98591613769531,118.44410705566406,22.311168670654297,9.340141296386719,26.434221267700195,381.4617614746094,8.933506965637207,9.489553451538086,16.911727905273438,11.482672691345215,85.93766021728516,10.252748489379883,4.383249759674072,67.42079162597656,38.115478515625,30.162303924560547,93.27350616455078,74.46812438964844,66.496826171875,29.67308235168457,120.7297592163086,85.39122772216797
2022-03-31,92.38553619384766,22.675792694091797,321.8165588378906,40.73981475830078,64.10140991210938,97.16919708251953,76.94000244140625,1949.199951171875,180.64999389648438,63.749210357666016,93.22049713134766,67.6825180053711,194.43746948242188,101.02369689941406,353.1172180175781,72.6653060913086,131.58494567871094,152.55787658691406,426.2768859863281,104.97936248779297,111.99552917480469,22.67325210571289,9.077042579650879,25.78076171875,395.54571533203125,8.797514915466309,9.194095611572266,16.839107513427734,11.29383373260498,91.32072448730469,9.710488319396973,4.352570533752441,60.9610595703125,40.44772720336914,32.979034423828125,96.47871398925781,76.9591064453125,67.68136596679688,32.74284362792969,127.65741729736328,89.17118835449219
2022-04-30,88.86949157714844,23.954898834228516,306.0240783691406,38.24038314819336,59.781524658203125,92.15182495117188,72.16999816894531,1909.300048828125,176.91000366210938,61.08430099487305,89.27885437011719,59.42303466796875,175.18978881835938,94.25582122802734,305.1082763671875,72.30423736572266,112.10497283935547,129.18812561035156,388.8629150390625,102.68762969970703,101.44122314453125,23.76812171936035,8.728130340576172,24.3509521484375,361.0134582519531,8.7311429977417,8.974504470825195,15.785016059875488,11.050607681274414,87.58768463134766,8.843000411987305,4.206714630126953,59.118717193603516,39.01610565185547,32.422489166259766,89.13367462158203,68.48018646240234,69.24208068847656,31.335676193237305,121.41385650634766,78.50922393798828
2022-05-31,89.54537200927734,25.059972763061523,307.2283935546875,38.4749870300293,60.974727630615234,93.32121276855469,72.72000122070312,,171.13999938964844,62.07994842529297,89.83097076416016,58.06514358520508,175.5308074951172,96.01263427734375,300.2674560546875,72.73530578613281,119.28925323486328,137.36268615722656,389.74078369140625,101.668701171875,99.15543365478516,23.457761764526367,8.778484344482422,24.492164611816406,361.62823486328125,8.787359237670898,9.04057502746582,16.004615783691406,10.945207595825195,83.48384094238281,8.665472984313965,4.247069358825684,60.19903564453125,39.4749641418457,37.62129592895508,88.72144317626953,68.01046752929688,66.41495513916016,32.685672760009766,123.2217025756836,74.48926544189453
2022-06-30,88.15470886230469,23.18047523498535,287.067626953125,36.490570068359375,55.62928771972656,93.7509994506836,68.97000122070312,1804.0999755859375,168.4600067138672,57.70338821411133,89.0553207397461,53.40369415283203,160.84527587890625,92.53431701660156,273.5199890136719,72.30303192138672,99.36544036865234,112.86424255371094,357.60260009765625,98.50121307373047,97.89163208007812,24.104339599609375,8.647080421447754,23.39873695373535,331.7126770019531,8.73022747039795,8.965806007385254,14.674769401550293,10.615090370178223,77.26522064208984,8.538448333740234,3.976383924484253,52.911521911621094,34.005191802978516,31.19803810119629,82.18535614013672,61.71561813354492,64.85603332519531,31.085559844970703,120.00800323486328,66.41947937011719
2022-07-31,90.39215850830078,22.719303131103516,306.6308898925781,36.363182067871094,58.504661560058594,93.89092254638672,70.16999816894531,1762.9000244140625,164.10000610351562,61.5688591003418,91.69268798828125,59.8673210144043,177.8358612060547,96.64692687988281,307.8514404296875,72.59937286376953,115.6702880859375,131.49795532226562,390.5332946777344,102.74645233154297,100.27140808105469,24.38883399963379,8.846945762634277,23.194339752197266,362.2619323730469,8.782370567321777,9.138091087341309,15.207749366760254,11.047005653381348,83.92236328125,8.76260757446289,4.228134632110596,61.89613342285156,36.09817886352539,34.21269989013672,89.99549865722656,70.01752471923828,66.93164825439453,32.778804779052734,123.90098571777344,78.66661834716797
2022-08-31,87.64221954345703,22.37994956970215,295.0611572265625,35.880882263183594,54.92601776123047,91.36224365234375,67.30000305175781,1712.800048828125,159.27000427246094,58.915916442871094,88.15899658203125,57.06894302368164,174.2743682861328,92.36630249023438,292.0518798828125,72.01130676269531,104.65245056152344,119.3466567993164,374.5987243652344,99.96797943115234,95.70594024658203,25.09575653076172,8.602134704589844,23.247663497924805,347.4429626464844,8.682244300842285,8.872304916381836,14.585936546325684,10.756294250488281,78.87651062011719,8.378365516662598,4.09635591506958,57.82452392578125,34.841461181640625,35.120147705078125,87.44544982910156,65.66751861572266,65.6916732788086,32.9516716003418,116.75139617919922,75.1301498413086
2022-09-30,84.0094223022461,20.80499839782715,269.2743835449219,31.740427017211914,49.8607177734375,90.41273498535156,64.61000061035156,1662.4000244140625,154.6699981689453,56.71225357055664,83.98467254638672,51.51521301269531,157.43870544433594,86.84294128417969,261.2826843261719,71.15266418457031,90.28876495361328,103.45384216308594,339.9685974121094,93.23779296875,87.82447052001953,25.992338180541992,8.242982864379883,20.8808650970459,315.40545654296875,8.55185317993164,8.583476066589355,13.12813949584961,10.044316291809082,68.72406768798828,7.709647178649902,3.941288948059082,53.02890396118164,31.600189208984375,31.76311492919922,78.3240737915039,57.808998107910156,60.34907150268555,29.234397888183594,113.78744506835938,68.96469116210938
2022-10-31,82.93537139892578,21.857866287231445,307.06158447265625,31.112537384033203,52.79841232299805,89.08342742919922,62.810001373291016,1635.9000244140625,151.91000366210938,58.621070861816406,82.76355743408203,54.49740982055664,175.01356506347656,86.19573974609375,271.733642578125,71.06318664550781,92.28846740722656,105.96934509277344,367.5997314453125,94.5621337890625,82.58626556396484,25.888887405395508,8.129703521728516,20.16083526611328,340.8941345214844,8.535541534423828,8.512430191040039,13.574673652648926,10.17113971710205,71.13290405273438,7.281416416168213,4.047316551208496,56.56804656982422,34.420555114746094,39.69287109375,89.20662689208984,62.233009338378906,65.78437042236328,29.80113983154297,124.72366333007812,69.7296142578125
2022-11-30,86.09388732910156,22.17981719970703,325.285888671875,35.9627799987793,59.75096130371094,94.23074340820312,67.55000305175781,1746.0,164.80999755859375,60.63254928588867,85.75313568115234,56.95318603515625,178.87033081054688,91.92573547363281,286.7989501953125,71.55620574951172,111.07098388671875,125.94733428955078,388.03515625,96.29534912109375,88.49202728271484,24.664705276489258,8.429885864257812,23.067951202392578,359.9009704589844,8.599413871765137,8.729519844055176,15.387603759765625,10.357144355773926,75.5047607421875,7.785146713256836,4.154067039489746,60.388362884521484,38.4489860534668,40.20005798339844,96.17487335205078,66.17033386230469,69.808837890625,31.87624740600586,130.61459350585938,70.76567077636719
2022-12-31,85.34449005126953,21.578405380249023,312.0624694824219,35.01426315307617,58.66773223876953,96.4595718383789,71.0999984741211,1819.699951171875,169.63999938964844,59.567256927490234,84.47708892822266,52.58771514892578,167.2184600830078,90.49987030029297,260.9478759765625,71.64042663574219,100.10548400878906,113.26344299316406,365.6734313964844,95.02679443359375,86.17353057861328,24.1860408782959,8.378722190856934,22.582015991210938,339.1110534667969,8.595993995666504,8.6616849899292,15.055473327636719,10.219536781311035,71.70359802246094,7.615283012390137,4.133387565612793,58.673641204833984,36.32707595825195,38.97438430786133,93.29940032958984,60.7375602722168,67.90475463867188,31.718647003173828,128.1620330810547,62.701934814453125
2023-01-31,88.18663787841797,21.770994186401367,321.2821044921875,38.210819244384766,63.94998550415039,97.36910247802734,71.66000366210938,,179.41000366210938,61.751590728759766,87.50234985351562,56.96675109863281,183.63723754882812,95.16948699951172,288.7203369140625,72.19646453857422,116.95580291748047,131.3931427001953,388.6696472167969,96.99980163574219,92.76030731201172,23.925138473510742,8.645767211914062,24.337379455566406,360.36712646484375,8.680071830749512,8.87355899810791,16.320632934570312,10.436235427856445,79.16258239746094,8.147749900817871,4.273163795471191,67.554443359375,39.58660125732422,40.070491790771484,96.75738525390625,66.36032104492188,67.1669692993164,31.08427619934082,125.81291198730469,72.18782806396484
2023-02-28,85.83592987060547,20.79930877685547,308.3445129394531,35.31913757324219,61.98365783691406,94.60054016113281,68.45999908447266,1828.9000244140625,169.77999877929688,60.587459564208984,84.64030456542969,56.28927993774414,180.47242736816406,91.20178985595703,287.68157958984375,71.61463928222656,118.09033203125,133.39491271972656,378.8974304199219,95.68742370605469,88.26089477539062,24.716552734375,8.425253868103027,22.810575485229492,351.53912353515625,8.572497367858887,8.64914321899414,15.642868995666504,10.280213356018066,74.52027130126953,7.757883071899414,4.203915596008301,65.6771240234375,38.2678337097168,37.29011154174805,95.92139434814453,66.63368225097656,65.6093978881836,29.244138717651367,119.97323608398438,70.65377807617188
2023-03-31,88.10303497314453,20.781801223754883,314.89263916015625,36.455482482910156,63.92316436767578,97.339111328125,70.12999725341797,1969.0,183.22000122070312,61.78972625732422,87.78980255126953,60.106422424316406,171.72430419921875,94.71167755126953,314.9903564453125,72.79481506347656,129.8253631591797,145.09957885742188,392.94610595703125,98.42826080322266,92.53216552734375,24.24692153930664,8.641144752502441,23.390361785888672,364.4002990722656,8.717148780822754,8.905852317810059,16.054656982421875,10.57939624786377,72.91402435302734,8.119492530822754,4.264918327331543,66.09483337402344,37.884735107421875,37.29209518432617,96.5152587890625,73.86874389648438,68.37765502929688,30.678871154785156,122.61003112792969,72.81712341308594
2023-04-30,88.61005401611328,20.62422752380371,323.0303649902344,36.15061569213867,65.80009460449219,99.617919921875,68.3499984741211,1990.0999755859375,184.8000030517578,61.91459655761719,88.50513458251953,60.721439361572266,168.64402770996094,95.28376770019531,316.5902099609375,72.97240447998047,121.96255493164062,134.48483276367188,399.2234191894531,98.47919464111328,92.84525299072266,24.133861541748047,8.68846321105957,23.23491668701172,370.0518493652344,8.738241195678711,8.96843147277832,16.326313018798828,10.588088035583496,73.14231872558594,8.167092323303223,4.293581962585449,69.1771469116211,37.83308029174805,38.32761001586914,95.38966369628906,73.78070068359375,70.87625885009766,31.263532638549805,126.46465301513672,71.99908447265625
2023-05-31,87.59609985351562,19.30238914489746,312.8036193847656,35.28218460083008,63.16344451904297,97.69892883300781,66.80999755859375,1963.9000244140625,182.32000732421875,61.15216064453125,87.23211669921875,63.56772232055664,167.2675323486328,93.5982666015625,341.54962158203125,72.69735717773438,142.3891143798828,155.55126953125,401.0663146972656,97.30134582519531,90.04570770263672,24.88179588317871,8.59403133392334,22.658843994140625,371.60894775390625,8.69629192352295,8.869877815246582,15.77394962310791,10.45769214630127,70.24471282958984,7.933995723724365,4.257704734802246,67.19705200195312,35.2357177734375,34.48269271850586,92.3848876953125,80.35997772216797,66.51055908203125,29.427963256835938,121.0662612915039,73.82510375976562
2023-06-30,87.2735366821289,19.87139320373535,327.14300537109375,36.834197998046875,65.98689270019531,99.40802764892578,64.54000091552734,1921.0999755859375,178.27000427246094,62.24077606201172,86.13713073730469,67.79591369628906,180.76161193847656,94.3564682006836,363.0803527832031,72.33783721923828,150.20262145996094,165.74716186523438,427.0553283691406,96.97067260742188,90.24120330810547,24.681764602661133,8.561934471130371,23.63239860534668,396.1166687011719,8.635706901550293,8.761302947998047,16.462539672851562,10.410262107849121,74.19911193847656,7.928985118865967,4.312143325805664,78.51043701171875,39.11363983154297,36.866607666015625,102.78156280517578,85.22429656982422,68.3650131225586,29.897672653198242,126.22444152832031,82.85374450683594
2023-07-31,87.2601547241211,21.60466957092285,338.5509338378906,39.05951690673828,67.77079772949219,101.98667907714844,65.29000091552734,1970.5,182.35000610351562,62.935176849365234,85.5758285522461,70.12657928466797,191.8040008544922,94.40727233886719,377.0955810546875,72.55787658691406,158.46006774902344,174.90921020507812,441.0342102050781,97.0104751586914,87.94519805908203,24.542613983154297,8.557535171508789,25.02902603149414,408.8018798828125,8.664909362792969,8.75166130065918,17.10310173034668,10.419038772583008,75.70867919921875,7.757114887237549,4.358553886413574,82.6266098022461,40.45880889892578,39.732547760009766,105.7504653930664,87.42523956298828,69.82133483886719,30.642370223999023,127.57484436035156,84.77128601074219
2023-08-31,86.70926666259766,21.525882720947266,331.652587890625,36.47106170654297,65.10403442382812,100.66737365722656,63.91999816894531,1938.199951171875,180.02000427246094,63.05073165893555,84.95032501220703,69.45397186279297,182.0550537109375,93.2469482421875,371.5032653808594,72.8556137084961,154.11923217773438,166.861328125,433.8665466308594,96.22216796875,85.18191528320312,25.125307083129883,8.508201599121094,23.604835510253906,402.2518615722656,8.69514274597168,8.734030723571777,16.343578338623047,10.331265449523926,73.15130615234375,7.540553569793701,4.363642692565918,81.21869659423828,39.12308120727539,40.38658142089844,103.65308380126953,86.10664367675781,67.06535339355469,28.76462745666504,126.68093872070312,83.29289245605469
2023-09-30,84.4638442993164,21.849777221679688,320.234619140625,35.33512878417969,62.7285041809082,97.14921569824219,62.189998626708984,1848.0999755859375,171.4499969482422,62.03337478637695,82.28389739990234,65.65744018554688,171.3982391357422,89.92989349365234,352.6313781738281,72.79806518554688,143.03038024902344,155.3162384033203,413.2863464355469,94.37771606445312,78.40897369384766,25.855846405029297,8.296463012695312,23.11696434020996,383.0310974121094,8.654391288757324,8.572794914245605,15.800713539123535,10.135316848754883,67.83777618408203,6.985281467437744,4.302011966705322,75.04427337646484,37.253379821777344,41.3571891784668,97.48828125,80.52836608886719,63.854347229003906,27.141603469848633,122.93220520019531,78.68512725830078
2023-10-31,83.13720703125,21.455852508544922,316.13800048828125,34.17125701904297,60.90817642211914,97.79087829589844,61.279998779296875,,184.08999633789062,61.38629913330078,80.69768524169922,64.6996841430664,159.54759216308594,87.76087188720703,345.3478698730469,73.04055786132812,137.0814666748047,145.06565856933594,404.314453125,93.6950912475586,74.1253433227539,26.11675262451172,8.166362762451172,22.320785522460938,374.9284362792969,8.667877197265625,8.492398262023926,15.239688873291016,10.064377784729004,65.38104248046875,6.642677307128906,4.2745490074157715,70.19290924072266,36.07246780395508,38.97798538208008,94.5842056274414,80.56766510009766,62.972755432128906,27.491640090942383,118.92167663574219,74.34468078613281
2023-11-30,86.95562744140625,20.930618286132812,345.0738830566406,36.834197998046875,65.91407775878906,101.58832550048828,62.619998931884766,2038.0999755859375,188.75,64.38662719726562,84.37300872802734,71.79637908935547,174.22999572753906,94.40825653076172,382.7104797363281,73.80892181396484,158.3219451904297,168.43275451660156,441.24603271484375,96.29682159423828,81.48146057128906,25.47318458557129,8.534341812133789,23.82982063293457,409.12017822265625,8.77886962890625,8.76140022277832,16.536487579345703,10.330395698547363,73.28022003173828,7.24515962600708,4.465198993682861,81.29713439941406,39.08403396606445,38.69887161254883,102.94061279296875,90.95731353759766,65.57111358642578,28.905601501464844,125.38623809814453,82.49766540527344
2023-12-31,90.17095184326172,20.241731643676758,362.0523376464844,38.1474494934082,69.44113159179688,105.74598693847656,65.80999755859375,2062.39990234375,191.1699981689453,66.44222259521484,87.55581665039062,74.98401641845703,195.357421875,99.01094055175781,404.09234619140625,74.62332916259766,173.55831909179688,189.2834014892578,461.39129638671875,98.64241790771484,88.5587387084961,25.064239501953125,8.849784851074219,24.537630081176758,427.6743469238281,8.900161743164062,9.014225959777832,17.339366912841797,10.601156234741211,80.20177459716797,7.868439674377441,4.615283966064453,93.94036865234375,40.851951599121094,38.7287483215332,110.21395111083984,94.76176452636719,67.34917449951172,29.44290542602539,130.81057739257812,87.55655670166016
2024-01-31,90.0346908569336,20.50806999206543,366.5835876464844,36.420806884765625,69.1277847290039,103.09659576416016,63.029998779296875,2048.39990234375,188.4499969482422,66.51948547363281,87.61940002441406,76.81179809570312,187.73622131347656,98.57251739501953,411.4436340332031,74.85982513427734,184.47579956054688,192.55258178710938,468.7396545410156,98.9727783203125,86.57048034667969,25.7489013671875,8.829022407531738,23.75310707092285,434.79803466796875,8.931899070739746,9.033431053161621,17.05940055847168,10.62826919555664,76.14448547363281,7.693537712097168,4.604287624359131,92.1137924194336,39.261619567871094,38.53011703491211,109.15037536621094,97.32183837890625,68.18132781982422,28.56886863708496,134.6472625732422,83.69310760498047
2024-02-29,88.70702362060547,20.195810317993164,375.4227294921875,37.93873977661133,71.192138671875,100.596923828125,61.779998779296875,2045.699951171875,189.30999755859375,66.72138214111328,85.79458618164062,81.90191650390625,198.296875,96.66808319091797,433.1816101074219,74.56971740722656,210.3601837158203,214.2506561279297,493.20166015625,97.93579864501953,84.62073516845703,25.989459991455078,8.70663833618164,24.698312759399414,457.967041015625,8.879561424255371,8.89686393737793,17.582008361816406,10.510780334472656,77.6512222290039,7.526168346405029,4.610395431518555,101.21715545654297,41.816654205322266,39.791202545166016,116.99171447753906,101.90040588378906,69.61189270019531,28.87105941772461,138.90594482421875,90.29867553710938
2024-03-31,89.50763702392578,21.095849990844727,383.8598937988281,38.97282791137695,73.59746551513672,98.66600036621094,61.22999954223633,2217.39990234375,205.72000122070312,67.44855499267578,86.42364501953125,83.4730224609375,205.21144104003906,98.15775299072266,438.7045593261719,74.825927734375,223.30238342285156,222.91232299804688,509.3302917480469,98.56901550292969,85.28321075439453,26.24852180480957,8.77817440032959,25.0867919921875,472.6446838378906,8.915002822875977,8.948664665222168,18.1210880279541,10.586699485778809,79.16624450683594,7.612977027893066,4.650940418243408,109.75926971435547,44.52150344848633,43.96385955810547,122.16381072998047,102.70481872558594,71.92342376708984,30.77366065979004,142.20877075195312,90.24018096923828
2024-04-30,87.28941345214844,21.4356632232666,365.1072082519531,38.88744354248047,71.21056365966797,96.77999877929688,58.70000076293945,2291.39990234375,211.8699951171875,66.53710174560547,83.71876525878906,79.95381164550781,191.15985107421875,94.97444152832031,419.5166015625,74.49542236328125,212.484130859375,211.14114379882812,488.7943420410156,96.90241241455078,79.7778091430664,26.81290626525879,8.563968658447266,25.342100143432617,453.2869873046875,8.86958122253418,8.763700485229492,17.709030151367188,10.414780616760254,72.87722778320312,7.157002925872803,4.605197429656982,100.92660522460938,42.479705810546875,43.549407958984375,117.85760498046875,96.7872314453125,71.11338806152344,31.284605026245117,135.08534240722656,86.18184661865234
2024-05-31,88.74674987792969,21.371374130249023,374.74114990234375,39.64641189575195,74.81394958496094,98.52999877929688,58.84000015258789,2322.89990234375,215.3000030517578,67.6242904663086,85.22586822509766,84.77074432373047,200.79103088378906,97.07689666748047,445.3244323730469,75.03144836425781,238.67617797851562,230.8946075439453,513.5173950195312,98.6243896484375,82.0809555053711,26.52608871459961,8.709778785705566,25.83381462097168,475.7052001953125,8.943846702575684,8.89659595489502,18.420764923095703,10.604798316955566,76.20024108886719,7.36462926864624,4.664455890655518,103.5724868774414,43.869667053222656,43.400394439697266,119.78764343261719,103.63685607910156,72.84647369384766,34.08775329589844,138.32937622070312,86.35360717773438
2024-06-30,89.5325927734375,21.334636688232422,379.06732177734375,40.68436050415039,73.44729614257812,98.98999786376953,57.529998779296875,2327.699951171875,215.00999450683594,67.94845581054688,86.26303100585938,90.37904357910156,198.53338623046875,97.65581512451172,474.1375732421875,75.4398422241211,258.7445068359375,243.65679931640625,531.6343383789062,99.37543487548828,83.57247924804688,26.951688766479492,8.791114807128906,26.393997192382812,492.7084045410156,8.995388984680176,8.990279197692871,18.251691818237305,10.682117462158203,77.62944793701172,7.4884443283081055,4.71524715423584,99.56393432617188,42.52797317504883,42.78664016723633,118.60311126708984,111.75720977783203,72.67521667480469,32.19839859008789,140.85252380371094,89.70154571533203
2024-07-31,91.69854736328125,20.7376708984375,396.080810546875,41.02825927734375,75.35074615478516,101.26000213623047,61.68000030517578,2426.5,226.5500030517578,69.54676818847656,88.76226806640625,88.81200408935547,219.0531005859375,100.23206329345703,466.1810302734375,76.32974243164062,245.13735961914062,232.5424346923828,538.0720825195312,101.09207916259766,86.60610961914062,26.609357833862305,8.994450569152832,26.659645080566406,498.6441650390625,9.111711502075195,9.205161094665527,18.761302947998047,10.874505996704102,83.79271697998047,7.751524925231934,4.792689323425293,116.41732788085938,44.37240982055664,43.75362014770508,124.43253326416016,108.08679962158203,73.88045501708984,34.395668029785156,144.60214233398438,92.20475006103516
2024-08-31,93.0386734008789,20.306018829345703,403.8916931152344,41.42946243286133,77.80742645263672,104.5999984741211,63.279998779296875,2493.800048828125,231.2899932861328,70.62294006347656,89.95680236816406,90.61457824707031,215.354248046875,102.1069107055664,471.3269958496094,77.01056671142578,241.6338348388672,228.35354614257812,550.6444091796875,101.89982604980469,88.43455505371094,26.1560001373291,9.114436149597168,26.94426727294922,510.68206787109375,9.200602531433105,9.318878173828125,19.22373390197754,10.966119766235352,88.16725158691406,7.913965702056885,4.861618995666504,115.62931060791016,45.402984619140625,42.847652435302734,127.9360580444336,108.84261322021484,78.30284881591797,36.04953384399414,151.9177703857422,92.02277374267578
2024-09-30,94.27872467041016,20.452964782714844,411.8167724609375,43.808048248291016,78.41690826416016,105.04000091552734,64.30000305175781,,243.05999755859375,71.82147216796875,91.20045471191406,93.21294403076172,216.88441467285156,104.11116790771484,483.6833190917969,77.60603332519531,243.60890197753906,228.3648681640625,562.2103881835938,103.4259033203125,90.20275115966797,26.072729110717773,9.233839988708496,28.845428466796875,521.5205688476562,9.278632164001465,9.421806335449219,19.71884536743164,11.122701644897461,91.05001831054688,8.066863059997559,4.922025680541992,122.81836700439453,46.621456146240234,41.554466247558594,132.2373046875,111.72534942626953,79.18643951416016,38.42987060546875,149.39979553222656,98.74224853515625
2024-10-31,91.90406799316406,20.746854782104492,406.652587890625,42.46113586425781,74.28181457519531,102.91000366210938,60.790000915527344,2738.300048828125,253.50999450683594,71.1294174194336,88.11114501953125,92.86032104492188,213.81118774414062,100.80107116699219,479.5012512207031,77.12190246582031,239.86717224121094,216.1538543701172,557.1934814453125,101.51573181152344,85.2823257446289,27.016454696655273,9.00842571258545,27.94192886352539,516.74462890625,9.198626518249512,9.191242218017578,18.79023551940918,10.919294357299805,87.99385070800781,7.648383617401123,4.884658336639404,112.61310577392578,45.17511749267578,41.928367614746094,130.66539001464844,109.98336029052734,76.43876647949219,38.0159797668457,142.46426391601562,97.02730560302734
2024-11-30,92.92511749267578,20.33357048034668,438.48388671875,41.324378967285156,74.04739379882812,100.8499984741211,61.70000076293945,2657.0,245.58999633789062,72.29915618896484,89.01071166992188,98.9242172241211,237.4839630126953,102.60630798339844,505.15850830078125,77.3502426147461,240.31381225585938,213.3214569091797,590.4208984375,102.02133178710938,86.97705841064453,27.617849349975586,9.110905647277832,27.399826049804688,547.0081176757812,9.229610443115234,9.258615493774414,18.742856979370117,10.965522766113281,91.74164581298828,7.784928798675537,4.936817646026611,121.1717300415039,45.84749221801758,45.21296691894531,140.58514404296875,115.66958618164062,79.3963394165039,39.452701568603516,142.9880828857422,109.54935455322266
2024-12-31,91.35152435302734,20.683862686157227,415.7255554199219,40.62323760986328,71.86286926269531,97.86000061035156,58.619998931884766,,242.1300048828125,71.7350082397461,87.00048828125,99.82032775878906,217.59732055664062,99.86079406738281,507.45208740234375,77.54397583007812,241.41879272460938,213.7470245361328,576.2152099609375,100.27228546142578,81.4270248413086,28.448415756225586,8.95093059539795,27.274402618408203,533.915283203125,9.233475685119629,9.139793395996094,18.258628845214844,10.786250114440918,84.06086730957031,7.364517688751221,4.908120155334473,103.21317291259766,40.91291427612305,40.88175582885742,129.29164123535156,115.25932312011719,75.56721496582031,36.30670166015625,134.0474395751953,110.76911163330078
2025-01-31,91.82289123535156,21.25465202331543,435.32208251953125,41.49748611450195,75.31297302246094,97.5,59.470001220703125,2812.5,258.55999755859375,72.71095275878906,87.5368881225586,101.74176788330078,223.03329467773438,100.44029235839844,518.4303588867188,77.8371810913086,242.8643035888672,216.3656768798828,591.6902465820312,101.64627075195312,81.82796478271484,28.535444259643555,9.00763988494873,27.400943756103516,548.7178344726562,9.274998664855957,9.189652442932129,18.86564064025879,10.917901992797852,85.44804382324219,7.399947166442871,4.969827651977539,107.06513977050781,43.173973083496094,41.826717376708984,135.75820922851562,114.41168212890625,75.92289733886719,37.3571891784668,143.1092987060547,114.6301040649414
2025-02-28,93.8773193359375,21.283676147460938,429.0999450683594,41.97346115112305,77.5370101928711,98.33999633789062,61.31999969482422,2836.800048828125,263.2699890136719,73.41642761230469,89.98766326904297,98.08531951904297,211.38333129882812,102.82205963134766,504.41473388671875,78.40946197509766,232.04795837402344,206.83338928222656,584.178955078125,103.8389663696289,86.48978424072266,28.41940689086914,9.195369720458984,27.469079971313477,541.49853515625,9.361101150512695,9.379313468933105,19.202871322631836,11.16240406036377,88.60928344726562,7.789961814880371,5.003628730773926,100.1414794921875,43.15938186645508,43.430301666259766,133.77603149414062,111.7944107055664,79.86420440673828,37.99995803833008,145.11656188964844,106.6266860961914
2025-03-31,93.8526611328125,21.767396926879883,411.7860107421875,42.449440002441406,77.67957305908203,100.37999725341797,61.5,3122.800048828125,288.1400146484375,72.61927795410156,90.29537963867188,89.85184478759766,196.8948974609375,102.3465347290039,466.14892578125,78.75501251220703,210.81402587890625,186.8865966796875,551.6289672851562,104.54479217529297,85.44784545898438,27.59747886657715,9.196475982666016,27.842548370361328,510.9127197265625,9.402900695800781,9.43054485321045,19.255342483520508,11.235882759094238,86.31626892089844,7.713192939758301,4.98363733291626,96.01524353027344,42.00690841674805,44.947425842285156,129.0096435546875,102.53109741210938,78.92463684082031,38.09092712402344,142.8217315673828,97.7609634399414
2025-04-30,94.2572021484375,19.900236129760742,398.7050476074219,42.50772476196289,80.5499038696289,107.54000091552734,64.54000091552734,3305.0,303.7699890136719,72.7043685913086,91.24900817871094,91.27020263671875,192.32513427734375,102.06956481933594,472.6601867675781,79.39498901367188,210.62461853027344,182.58612060546875,546.8462524414062,104.67644500732422,84.28536987304688,26.50479507446289,9.234654426574707,27.900981903076172,507.4002685546875,9.481947898864746,9.547409057617188,19.854354858398438,11.245308876037598,84.20936584472656,7.626338005065918,5.0012006759643555,93.8353271484375,40.98579788208008,38.718753814697266,129.15728759765625,104.26412200927734,79.07925415039062,38.11507797241211,137.40274047851562,97.66194915771484
2025-05-31,93.68516540527344,20.20014190673828,415.2205505371094,44.21735763549805,84.40869140625,107.81999969482422,64.02999877929688,3288.89990234375,303.6000061035156,73.97904968261719,90.11787414550781,99.39217376708984,202.40232849121094,102.2802505493164,516.042236328125,79.19282531738281,239.0063018798828,203.54222106933594,581.2127685546875,104.01498413085938,81.57929229736328,26.543476104736328,9.168851852416992,28.97222328186035,539.2694091796875,9.457292556762695,9.465755462646484,20.772197723388672,11.169900894165039,85.15318298339844,7.407903671264648,5.074375152587891,93.39934539794922,42.18278503417969,39.214168548583984,140.574951171875,114.66222381591797,80.04564666748047,39.5739860534668,129.7436981201172,105.85078430175781
2025-06-30,95.0486068725586,21.099863052368164,433.9298095703125,47.313472747802734,86.43131256103516,111.80000305175781,63.939998626708984,,304.8299865722656,75.33917236328125,91.56153106689453,105.75312042236328,213.57176208496094,104.41017150878906,548.9959106445312,79.65618133544922,278.0149230957031,237.59130859375,611.0790405273438,104.99102783203125,83.7525863647461,25.992298126220703,9.312925338745117,30.47585105895996,566.6428833007812,9.516739845275879,9.583443641662598,21.578338623046875,11.278650283813477,85.73944854736328,7.598212242126465,5.157230854034424,97.82579040527344,43.1195182800293,41.12360382080078,145.64300537109375,125.9540023803711,78.7849349975586,39.72228240966797,132.4761505126953,107.82722473144531
2025-07-31,94.79773712158203,21.719024658203125,434.7762451171875,47.62732696533203,84.62319946289062,109.05999755859375,61.08000183105469,3293.199951171875,302.9599914550781,75.44145965576172,91.0177230834961,109.69600677490234,217.13475036621094,104.31648254394531,562.3018798828125,79.58289337158203,287.88421630859375,238.91514587402344,625.1531372070312,105.00061798095703,82.79808807373047,26.978612899780273,9.285120964050293,30.80774688720703,579.26806640625,9.510122299194336,9.538506507873535,21.374032974243164,11.288175582885742,85.81645965576172,7.530662536621094,5.1751275062561035,101.14058685302734,43.080230712890625,42.28734588623047,150.07586669921875,130.6841583251953,77.62704467773438,41.672882080078125,128.19100952148438,109.86141967773438
2025-08-31,95.92615509033203,21.48683738708496,449.58331298828125,48.90235900878906,88.45213317871094,110.72000122070312,62.630001068115234,3473.699951171875,318.07000732421875,76.27534484863281,92.51783752441406,110.9862289428711,232.75253295898438,105.40507507324219,567.666015625,80.28922271728516,289.3895568847656,244.1805877685547,637.9810180664062,106.69358825683594,82.80862426757812,26.46611785888672,9.362335205078125,31.725341796875,590.953369140625,9.598870277404785,9.685726165771484,22.26907730102539,11.459641456604004,88.80088806152344,7.558338165283203,5.240077018737793,113.1393051147461,45.31452941894531,43.82930374145508,150.07586669921875,130.53993225097656,78.60005950927734,41.01619338989258,135.07083129882812,114.9766845703125
2025-09-30,97.00703430175781,21.796419143676758,458.43017578125,52.374366760253906,90.27957916259766,111.2300033569336,62.209999084472656,3840.800048828125,355.4700012207031,76.95111846923828,93.12023162841797,116.77851104736328,240.1520233154297,107.3837890625,598.1849975585938,80.52021026611328,325.3476257324219,270.42822265625,660.7061157226562,107.14347076416016,85.78226470947266,26.60149383544922,9.459885597229004,33.52919387817383,612.4527587890625,9.628958702087402,9.716695785522461,23.0758113861084,11.513909339904785,88.85206604003906,7.786941051483154,5.277041435241699,110.11739349365234,44.21717071533203,43.68983459472656,152.89671325683594,140.3744354248047,76.77836608886719,42.707550048828125,137.406494140625,119.10592651367188
2025-10-31,97.60408020019531,22.13502311706543,470.38226318359375,54.23787307739258,91.36251068115234,109.95999908447266,59.65999984741211,3982.199951171875,368.1199951171875,76.94254302978516,93.7825698852539,121.05912780761719,244.3900909423828,107.5442886352539,626.780517578125,80.78893280029297,361.8939208984375,305.767822265625,676.45556640625,107.48896789550781,86.96697235107422,27.27837562561035,9.519011497497559,33.999916076660156,626.7177734375,9.659113883972168,9.768095016479492,23.42766571044922,11.552416801452637,86.67499542236328,7.892016410827637,5.295219898223877,104.38294982910156,42.26829528808594,43.098114013671875,153.71954345703125,149.74734497070312,74.7308120727539,43.63309860229492,142.42214965820312,119.25006103515625
2025-11-30,98.19526672363281,22.309162139892578,472.4695129394531,53.27669143676758,92.03934478759766,110.12000274658203,58.91999816894531,4218.2998046875,387.8800048828125,77.51680755615234,94.70925903320312,118.78294372558594,246.89126586914062,108.54571533203125,616.996337890625,81.14347076416016,351.187255859375,295.98284912109375,677.7747192382812,107.7223129272461,87.20381927490234,27.27837562561035,9.578298568725586,33.56842041015625,628.1858520507812,9.707837104797363,9.857462882995605,23.486309051513672,11.571671485900879,88.7743148803711,7.928762435913086,5.331658363342285,108.20922088623047,44.10862731933594,44.232662200927734,152.36138916015625,142.5458526611328,77.758056640625,44.382354736328125,155.65234375,117.52540588378906
2025-12-31,97.92131042480469,22.360000610351562,476.8621520996094,54.427101135253906,94.53404235839844,111.5999984741211,58.66999816894531,4325.60009765625,396.30999755859375,77.89864349365234,93.98834991455078,118.116943359375,245.1399383544922,107.74522399902344,612.8628540039062,81.38262939453125,360.1300048828125,300.82171630859375,678.3152465820312,107.0554428100586,84.88541412353516,27.030000686645508,9.551053047180176,33.97935104370117,628.4963989257812,9.727408409118652,9.83120346069336,24.110658645629883,11.517078399658203,86.78909301757812,7.772477626800537,5.368234157562256,102.50130462646484,44.98102569580078,44.101722717285156,154.3057098388672,143.61996459960938,76.71292114257812,42.1246223449707,153.4893035888672,118.9336166381836
2026-01-31,98.16641235351562,24.43000030517578,485.4325866699219,58.79439926147461,99.17066955566406,114.4000015258789,59.41999816894531,4713.89990234375,444.95001220703125,78.37205505371094,93.77330780029297,116.28268432617188,258.57403564453125,108.1167984008789,620.405029296875,81.54966735839844,403.4599914550781,345.9224853515625,688.3120727539062,107.61064147949219,84.85618591308594,26.850000381469727,9.572663307189941,35.6683235168457,637.536865234375,9.7470703125,9.824469566345215,25.49381446838379,11.566296577453613,89.05469512939453,7.761760234832764,5.377004146575928,107.91706848144531,48.86913299560547,50.355464935302734,164.571533203125,143.5301971435547,82.47035217285156,42.677207946777344,153.4298095703125,120.68659210205078
2026-02-28,99.73523712158203,25.100000381469727,486.6614074707031,62.25640869140625,103.73838806152344,114.87999725341797,58.83000183105469,,483.75,78.37107849121094,96.0895004272461,112.349609375,260.3267517089844,109.60660552978516,605.8594360351562,81.98335266113281,406.3699951171875,351.9059753417969,682.3637084960938,108.97427368164062,88.78821563720703,27.079999923706055,9.71894359588623,36.687705993652344,632.6238403320312,9.823766708374023,10.001132011413574,26.847116470336914,11.71395206451416,93.8507080078125,8.081635475158691,5.404269218444824,114.8261489868164,52.97544860839844,55.15920639038086,176.21011352539062,138.42263793945312,88.8894271850586,47.09787368774414,158.84356689453125,116.39378356933594
2026-03-31,97.94544219970703,28.950000762939453,461.34808349609375,56.49634552001953,95.61690521240234,110.41000366210938,57.880001068115234,,430.2900085449219,77.62371826171875,93.86002349853516,106.5062026977539,247.41163635253906,107.33464050292969,576.54638671875,81.60089111328125,383.3999938964844,328.5039978027344,648.6688842773438,107.4937515258789,85.03243255615234,27.780000686645508,9.553853034973145,33.889404296875,601.0155029296875,9.754983901977539,9.817377090454102,24.526519775390625,11.556452751159668,87.9250259399414,7.758090496063232,5.335442066192627,98.57775115966797,49.78385543823242,60.82136917114258,161.33306884765625,132.74171447753906,81.41510009765625,45.59882736206055,145.96624755859375,108.76327514648438
2026-04-30,98.11076354980469,31.100000381469727,494.88494873046875,63.65911865234375,100.72605895996094,112.91999816894531,58.630001068115234,4614.7001953125,423.6600036621094,78.80410766601562,93.71893310546875,119.16505432128906,277.310546875,107.6372299194336,667.0069580078125,81.75652313232422,506.7200012207031,461.2209777832031,716.8132934570312,108.66258239746094,84.3184585571289,27.360000610351562,9.564840316772461,37.03749465942383,664.0094604492188,9.774850845336914,9.819517135620117,26.528076171875,11.680545806884766,95.48837280273438,7.717867851257324,5.403141975402832,105.84725952148438,51.27826690673828,59.222900390625,174.1515350341797,159.31004333496094,83.72903442382812,46.552738189697266,145.34898376464844,118.11463165283203
2026-05-31,98.39883422851562,29.479999542236328,509.2453918457031,68.24527740478516,103.16743469238281,113.01000213623047,57.619998931884766,4560.5,417.1199951171875,79.14805603027344,93.70111083984375,127.73750305175781,289.740966796875,108.56543731689453,737.49951171875,81.81915283203125,598.9299926757812,568.8099365234375,754.5361328125,108.869140625,84.76819610595703,27.65999984741211,9.596663475036621,37.767051696777344,698.8775024414062,9.775938034057617,9.812729835510254,27.523874282836914,11.69039535522461,94.8638687133789,7.748624324798584,5.431835174560547,102.48211669921875,50.95945739746094,55.886959075927734,172.70509338378906,190.79251098632812,82.33869171142578,44.138153076171875,148.81369018554688,120.62963104248047
2026-06-30,98.64900207519531,26.65999984741211,522.24169921875,68.41000366210938,103.87999725341797,109.05000305175781,56.439998626708984,4022.89990234375,368.3800048828125,79.21641540527344,93.9365234375,124.16999816894531,300.45001220703125,108.68800354003906,736.4000244140625,81.87200164794922,655.8900146484375,640.760009765625,746.77001953125,108.37200164794922,85.75653839111328,28.40999984741211,9.617528915405273,37.7400016784668,692.1400146484375,9.786931991577148,9.825651168823242,27.469999313354492,11.651000022888184,96.43000030517578,7.827770233154297,5.45078706741333,115.55999755859375,50.83000183105469,53.11000061035156,185.22999572753906,190.52000427246094,83.06999969482422,45.34000015258789,158.66000366210938,117.27999877929688
2026-07-31,97.37000274658203,29.450000762939453,524.3200073242188,64.08999633789062,105.58000183105469,109.04000091552734,57.65999984741211,4049.10009765625,371.5400085449219,79.09600067138672,92.63199615478516,118.31999969482422,291.20001220703125,106.25,687.989990234375,82.0,540.530029296875,504.8900146484375,747.030029296875,107.62999725341797,81.91999816894531,28.170000076293945,9.489999771118164,37.04999923706055,691.6099853515625,9.789999961853027,9.739999771118164,27.200000762939453,11.5600004196167,98.94999694824219,7.510000228881836,5.429999828338623,103.69000244140625,50.43000030517578,59.54999923706055,179.83999633789062,175.35000610351562,85.05000305175781,44.349998474121094,162.5500030517578,116.08999633789062
