date,ACWI,AGG,DBC,HYG,BIL,BTC,ETH,SPY,EEM,EFA,EWJ,EWU,EWL,EPP,XLK,SOXX,XLE,XLB,XLI,XLY,XLP,XLV,XLU,VNQ,XHB,SHY,IEF,TLT,TIP,LQD,EMB,UUP,FXA,FXC,FXF,FXY,FXE,GLD,USO,CPER,CORN,WEAT,BAL,JO,IWM,MTUM,QUAL,VLUE,USMV,SPHB
2008-01-31,,60.165164947509766,27.033498764038086,31.784109115600586,73.06613159179688,,,98.09696960449219,31.0986385345459,42.123600006103516,36.918060302734375,21.99051856994629,17.12298583984375,23.233884811401367,9.10550594329834,14.122467041015625,19.753536224365234,13.467076301574707,25.944082260131836,12.915721893310547,16.651609420776367,24.547744750976562,10.347805976867676,28.615921020507812,18.44530487060547,62.44747543334961,57.613243103027344,54.56433868408203,65.4692153930664,52.953636169433594,41.98811340332031,19.451038360595703,66.455810546875,91.02562713623047,91.64088439941406,93.91000366210938,136.8262176513672,91.4000015258789,578.7999877929688,,,,,,55.36994171142578,,,,,
2008-02-29,,60.068843841552734,30.046464920043945,31.18996238708496,73.18561553955078,,,95.5618896484375,31.718841552734375,41.69270706176758,36.366607666015625,21.73250389099121,17.438426971435547,22.637222290039062,8.67470932006836,13.841179847717285,21.584144592285156,13.777209281921387,25.418197631835938,12.416217803955078,16.60874366760254,23.89216423034668,9.923025131225586,27.705547332763672,17.103822708129883,63.09271240234375,58.32720947265625,54.31589126586914,66.40061950683594,52.57959747314453,41.8173828125,19.0444278717041,69.40879821777344,92.92803192138672,95.30659484863281,96.12999725341797,140.0053253173828,96.18000030517578,643.3599853515625,,,,,,53.74645233154297,,,,,
2008-03-31,35.1136589050293,60.14679718017578,29.771804809570312,31.48503875732422,73.35643768310547,,,94.70735168457031,30.52840232849121,41.86738586425781,35.90221405029297,21.39510154724121,17.747013092041016,22.16316032409668,8.774993896484375,13.667439460754395,21.07988929748535,13.583531379699707,26.341032028198242,12.194406509399414,17.1468505859375,22.806486129760742,10.08231258392334,29.50234031677246,18.23551368713379,63.25263977050781,59.10721206665039,55.477630615234375,66.30770874023438,52.265647888183594,41.85628890991211,18.58802604675293,68.33547973632812,89.43669128417969,100.09156036376953,100.23999786376953,145.9151153564453,90.41000366210938,650.8800048828125,,,,,,53.388607025146484,,,,,
2008-04-30,37.911617279052734,60.34376907348633,31.569599151611328,32.554542541503906,73.30846405029297,,,99.22132110595703,33.31819152832031,44.14418411254883,38.54338073730469,22.66530990600586,17.712726593017578,23.882858276367188,9.323431015014648,14.723660469055176,23.268707275390625,14.307170867919922,27.115787506103516,12.48417854309082,17.017593383789062,23.033296585083008,10.597857475280762,31.384353637695312,18.597026824951172,62.722904205322266,57.67831039428711,54.09828186035156,65.379638671875,52.91617965698242,42.3425407409668,18.76228904724121,70.89448547363281,91.16390228271484,95.90110778808594,95.94999694824219,144.71783447265625,86.6500015258789,740.0,,,,,,55.819969177246094,,,,,
2008-05-31,38.2391242980957,59.580326080322266,33.75025177001953,32.388999938964844,73.37889862060547,,,100.7211685180664,34.372283935546875,44.66824722290039,39.29798126220703,22.615705490112305,17.7675838470459,24.566164016723633,9.930630683898926,15.972921371459961,24.4783992767334,15.051101684570312,27.35525131225586,12.825563430786133,17.53459358215332,23.472307205200195,10.97787094116211,31.31814956665039,16.76422691345215,62.505828857421875,56.65316390991211,52.644020080566406,65.44950866699219,51.74930191040039,42.38679885864258,18.845266342163086,72.32813262939453,92.69515228271484,95.43606567382812,94.6500015258789,144.69189453125,87.44999694824219,824.47998046875,,,,,,58.37644958496094,,,,,
2008-06-30,35.1848258972168,59.47014236450195,37.270931243896484,31.19880485534668,73.55037689208984,,,92.3033218383789,31.1861515045166,40.74334716796875,36.366050720214844,21.030860900878906,16.58507537841797,22.3160400390625,9.000393867492676,14.156296730041504,25.250804901123047,14.175678253173828,24.06563949584961,11.34622573852539,16.53520393371582,22.479202270507812,10.895940780639648,27.993614196777344,13.901336669921875,62.659297943115234,57.30232620239258,54.04095458984375,66.62066650390625,51.08083724975586,41.54706954956055,18.662708282470703,72.91619110107422,90.34770202636719,97.47608184814453,93.9000015258789,146.7355499267578,91.4000015258789,909.280029296875,,,,,,53.9827766418457,,,,,
2008-07-31,34.074195861816406,59.70443344116211,33.62541198730469,31.382963180541992,73.68830871582031,,,91.47390747070312,29.46967315673828,39.39056396484375,34.99539566040039,20.168109893798828,16.494449615478516,21.276399612426758,8.780388832092285,12.992278099060059,21.232585906982422,13.717083930969238,24.25669288635254,11.36613941192627,16.937002182006836,23.486282348632812,10.194533348083496,28.86572265625,14.865883827209473,62.93131637573242,57.71523666381836,53.84244918823242,66.21459197998047,51.28018569946289,41.87440490722656,18.853567123413086,71.93994140625,90.22232055664062,95.1634521484375,92.41999816894531,145.93931579589844,90.08000183105469,799.9199829101562,,,,,,55.96559143066406,,,,,
2008-08-31,33.5046272277832,60.14742660522461,31.428102493286133,31.101240158081055,73.74620056152344,,,92.88752746582031,27.608430862426758,37.717411041259766,33.274776458740234,19.488061904907227,15.964621543884277,20.223648071289062,8.937531471252441,13.564613342285156,21.303930282592773,13.503067970275879,24.921838760375977,12.150979042053223,17.394424438476562,23.971445083618164,10.082093238830566,29.55094337463379,16.69344711303711,63.22481155395508,58.59635925292969,55.31732177734375,66.7315444946289,51.354339599609375,42.1739501953125,19.865951538085938,65.94918060302734,87.09892272949219,90.5616226196289,91.6500015258789,137.65736389160156,81.70999908447266,742.9600219726562,,,,,,57.96660232543945,,,,,
2008-09-30,29.39664077758789,59.08896255493164,28.207056045532227,27.7871150970459,74.12104034423828,,,84.1399917602539,23.5550537109375,33.403953552246094,31.087570190429688,16.899797439575195,14.660958290100098,17.660640716552734,7.824995994567871,11.208914756774902,18.123062133789062,11.413129806518555,21.913333892822266,11.15432357788086,17.176776885986328,22.19011116027832,8.974827766418457,29.514375686645508,16.724592208862305,63.71673583984375,58.51413345336914,56.133766174316406,64.04767608642578,45.843814849853516,39.16060256958008,20.280860900878906,60.980045318603516,87.15531158447266,88.94864654541016,93.87999725341797,132.2061004638672,85.06999969482422,656.0800170898438,,,,,,53.473323822021484,,,,,
2008-10-31,23.985782623291016,57.7410888671875,21.132402420043945,24.60546875,73.94869995117188,,,70.2411880493164,17.530147552490234,26.444305419921875,26.246545791625977,13.560437202453613,12.80655574798584,12.977372169494629,6.563531398773193,9.232008934020996,14.71605110168457,8.857139587402344,17.914859771728516,9.18732738494873,15.011007308959961,19.642498016357422,7.808070182800293,20.15036392211914,11.93763542175293,64.42060089111328,58.009239196777344,55.0893440246582,58.86648178100586,44.953956604003906,31.56591796875,21.990297317504883,51.57491683959961,77.30989074707031,85.88510131835938,100.97000122070312,120.1463394165039,71.33999633789062,444.7200012207031,,,,,,42.26750564575195,,,,,
2008-11-30,21.88551139831543,59.487396240234375,18.518943786621094,22.85953712463379,73.91156005859375,,,65.35194396972656,15.82055950164795,24.75928497314453,25.255008697509766,12.687541961669922,11.614435195922852,12.082043647766113,6.011645793914795,7.484591484069824,14.3953857421875,7.910597801208496,16.442121505737305,8.19183349609375,14.979897499084473,18.40191650390625,8.134871482849121,15.572717666625977,10.084070205688477,65.13261413574219,62.50710678100586,62.98985290527344,59.38267135620117,46.46162033081055,34.5863151550293,22.031787872314453,50.94795608520508,74.94691467285156,82.41691589355469,104.31999969482422,120.16043853759766,80.30999755859375,336.7200012207031,,,,,,37.226863861083984,,,,,
2008-12-31,23.08159065246582,63.450599670410156,17.914823532104492,26.692201614379883,73.93409729003906,,,65.99210357666016,17.45538330078125,26.95503044128418,28.169639587402344,12.792269706726074,12.973925590515137,13.221198081970215,6.10722017288208,7.911772727966309,13.747716903686523,7.865052223205566,16.82457733154297,8.689148902893066,14.982281684875488,19.72502899169922,7.939552307128906,18.175058364868164,10.261853218078613,65.49925994873047,65.7301025390625,71.5895004272461,63.24462127685547,52.88001251220703,40.70939254760742,20.626041412353516,55.48540115356445,76.56554412841797,93.99087524414062,110.08999633789062,132.2563018798828,86.5199966430664,264.79998779296875,,,,,,39.01588821411133,,,,,
2009-01-31,20.45448112487793,62.190189361572266,17.1201114654541,26.42181968688965,74.07939147949219,,,60.57325744628906,15.833578109741211,23.253665924072266,24.788116455078125,11.591367721557617,11.077520370483398,11.234254837036133,5.817907333374023,7.705404281616211,13.503090858459473,7.283994674682617,14.805913925170898,7.766655921936035,13.902710914611816,19.48728370666504,7.925876140594482,14.988816261291504,8.80566692352295,65.21308898925781,63.175106048583984,62.232173919677734,63.21918487548828,51.92802429199219,37.8747444152832,21.678647994995117,49.75615310668945,75.86622619628906,86.14496612548828,110.9000015258789,121.419189453125,91.30999755859375,233.75999450683594,,,,,,35.24424743652344,,,,,
2009-02-28,18.46813201904297,61.5338249206543,16.156312942504883,23.8547306060791,74.076171875,,,54.064693450927734,14.840922355651855,20.838176727294922,21.671215057373047,10.463555335998535,9.82491397857666,10.697379112243652,5.5959696769714355,7.579911231994629,11.836788177490234,6.6994757652282715,12.284383773803711,7.061694622039795,12.779193878173828,17.07273292541504,6.933094501495361,11.91226863861084,7.974778175354004,65.11856079101562,62.7108154296875,61.27878189086914,61.829872131347656,49.225730895996094,35.75151824951172,22.121408462524414,50.13328170776367,73.17134094238281,85.32539367675781,102.0199966430664,120.18693542480469,92.62999725341797,216.39999389648438,,,,,,31.020950317382812,,,,,
2009-03-31,20.169694900512695,62.21254348754883,16.90875244140625,24.309724807739258,74.0713119506836,,,58.568870544433594,17.343530654907227,22.586698532104492,23.22966766357422,10.943916320800781,10.657651901245117,12.358183860778809,6.221654415130615,8.6842679977417,12.282355308532715,7.728486061096191,13.367526054382324,7.958360195159912,13.322104454040527,18.09809112548828,7.064986705780029,12.346044540405273,9.138961791992188,65.44377136230469,64.7889175415039,63.75895690917969,65.48157501220703,49.457977294921875,37.57794189453125,21.4196720123291,54.62102127075195,73.81697845458984,87.6741714477539,100.5199966430664,125.99908447265625,90.27999877929688,232.39999389648438,,,,,,33.42745590209961,,,,,
2009-04-30,22.746978759765625,62.533084869384766,16.891843795776367,27.6756534576416,74.11653900146484,,,64.38745880126953,20.041881561279297,25.18846893310547,25.023353576660156,12.249248504638672,11.350434303283691,13.933686256408691,6.870907783508301,9.763525009155273,13.24272632598877,8.932470321655273,15.78282356262207,9.43257999420166,13.890348434448242,18.075664520263672,7.147940158843994,16.134273529052734,11.66895580291748,65.33563995361328,63.010284423828125,59.32638931274414,64.30606842041016,50.83127212524414,40.48170852661133,21.169050216674805,57.20149612426758,77.94739532470703,87.43429565429688,100.88999938964844,125.52947235107422,87.2699966430664,229.0399932861328,,,,,,38.57075500488281,,,,,
2009-05-31,25.132036209106445,62.97682189941406,19.639514923095703,28.465925216674805,74.12458038330078,,,68.15113830566406,23.236560821533203,28.511280059814453,27.55215072631836,14.337783813476562,12.687016487121582,16.091228485107422,7.030231475830078,10.156742095947266,14.949414253234863,9.454431533813477,16.312307357788086,9.363728523254395,14.597487449645996,19.309112548828125,7.4023356437683105,16.55631446838379,10.395353317260742,65.37228393554688,61.70136260986328,57.134368896484375,65.59002685546875,52.00896453857422,41.655601501464844,19.82405662536621,63.111473083496094,85.17555236816406,93.41116333007812,104.38999938964844,134.1356964111328,96.19999694824219,291.20001220703125,,,,,,39.882415771484375,,,,,
2009-06-30,24.750595092773438,63.24189758300781,19.12380027770996,29.42003059387207,74.1149673461914,,,68.10651397705078,22.71385955810547,28.11073112487793,27.878948211669922,14.045267105102539,12.581284523010254,16.221500396728516,7.2861104011535645,10.258936882019043,13.970396041870117,9.025464057922363,16.034299850463867,9.387454986572266,14.626521110534668,19.766769409179688,7.799959182739258,16.026996612548828,10.146886825561523,65.31061553955078,61.35758590698242,57.563480377197266,65.72002410888672,53.512752532958984,42.05526351928711,19.966073989868164,63.62208938598633,79.86372375488281,91.76202392578125,103.2699966430664,133.1507568359375,91.18000030517578,303.44000244140625,,,,,,40.605812072753906,,,,,
2009-07-31,27.08284568786621,64.04438018798828,19.478883743286133,31.45559310913086,74.06804656982422,,,73.18762969970703,25.215702056884766,30.933456420898438,29.179773330688477,15.23608684539795,13.902640342712402,18.280561447143555,7.882284641265869,11.845626831054688,14.71761417388916,10.186882019042969,17.436214447021484,10.278207778930664,15.59992504119873,20.938800811767578,8.09361457824707,17.753225326538086,12.340341567993164,65.38251495361328,61.86788558959961,57.895050048828125,65.77774810791016,55.9918327331543,43.363990783691406,19.48154067993164,66.16547393798828,86.23605346679688,93.2512435913086,105.05999755859375,135.18316650390625,93.3499984741211,294.4800109863281,,,,,,44.32981491088867,,,,,
2009-08-31,27.886571884155273,64.8259048461914,18.692625045776367,30.921823501586914,74.11979675292969,,,75.89115905761719,24.884471893310547,32.32640838623047,30.21451759338379,15.895291328430176,14.762229919433594,18.925941467285156,8.010321617126465,12.156249046325684,14.877519607543945,10.428258895874023,18.268590927124023,10.640203475952148,15.790790557861328,21.50227928161621,8.174715042114258,20.296045303344727,13.393888473510742,65.65006256103516,62.340179443359375,59.186614990234375,66.33119201660156,56.725318908691406,44.420230865478516,19.431415557861328,66.96569061279297,84.812744140625,94.10079956054688,106.80000305175781,135.96131896972656,93.4000015258789,288.3999938964844,,,,,,45.63011169433594,,,,,
2009-09-30,29.242862701416016,65.59618377685547,18.650352478027344,32.71499252319336,74.13910675048828,,,78.58204650878906,27.421545028686523,33.55368423461914,29.38671875,16.49069595336914,15.430014610290527,20.759626388549805,8.381387710571289,12.534038543701172,15.746719360351562,10.868507385253906,19.334352493286133,11.209329605102539,16.31361961364746,21.634557723999023,8.287361145019531,21.634113311767578,13.005146026611328,65.80513000488281,63.04115295410156,60.641502380371094,67.67308807373047,57.723087310791016,46.735687255859375,19.03877830505371,70.00492858886719,86.66402435302734,96.1297607421875,110.68000030517578,138.7509002685547,98.8499984741211,289.5199890136719,,,,,,48.168331146240234,,,,,
2009-10-31,28.453487396240234,65.7417221069336,19.943872451782227,32.537384033203125,74.14237213134766,,,77.0713119506836,26.477190017700195,32.70685577392578,28.233728408813477,16.46943473815918,15.18847370147705,20.278160095214844,8.276970863342285,11.36150074005127,16.1351318359375,10.306463241577148,18.563623428344727,10.944093704223633,16.550697326660156,21.181795120239258,8.021757125854492,20.668537139892578,11.932198524475098,65.89456939697266,62.95426559448242,59.05506896972656,68.44764709472656,57.43610382080078,46.48686981201172,18.963594436645508,71.56716918945312,85.7802505493164,97.05926513671875,110.31999969482422,139.5005340576172,102.52999877929688,314.55999755859375,,,,,,45.0418701171875,,,,,
2009-11-30,29.989194869995117,66.58733367919922,20.848491668701172,33.085472106933594,74.11167907714844,,,81.81939697265625,28.556177139282227,33.98936462402344,28.26327896118164,17.298751831054688,15.692862510681152,21.435739517211914,8.734790802001953,12.133865356445312,16.593637466430664,11.416498184204102,20.19316864013672,11.678593635559082,17.159408569335938,23.151309967041016,8.408858299255371,22.025564193725586,12.399450302124023,66.28759002685547,64.22409057617188,59.7713623046875,70.36373138427734,58.55757522583008,46.85668182373047,18.520828247070312,72.9544448852539,87.85478210449219,99.11819458007812,114.8499984741211,142.25218200683594,115.63999938964844,313.20001220703125,,,,,,46.44916534423828,,,,,
2009-12-31,30.55119514465332,65.33464813232422,20.814674377441406,34.304588317871094,74.1343002319336,,,83.38224792480469,29.491634368896484,34.23057174682617,29.055282592773438,17.425813674926758,15.843307495117188,21.618724822998047,9.241748809814453,13.841104507446289,16.739734649658203,11.65269660949707,20.531227111816406,12.214253425598145,17.121408462524414,23.57510757446289,8.868938446044922,23.652544021606445,13.09895133972168,65.7303237915039,61.396419525146484,55.97844696044922,68.89368438720703,57.34699630737305,46.967830657958984,19.28104591369629,71.75934600830078,88.23617553710938,96.06976318359375,106.61000061035156,135.60073852539062,107.30999755859375,314.239990234375,,,,,,50.13017272949219,,,,,
2010-01-31,28.932968139648438,66.25907135009766,19.182981491088867,33.67581558227539,74.1343002319336,,,80.3519058227539,27.203359603881836,32.49674606323242,29.353580474853516,16.597549438476562,15.152920722961426,19.951730728149414,8.447751998901367,12.08390998840332,16.002731323242188,10.646023750305176,20.228315353393555,11.86140251159668,16.94676971435547,23.734455108642578,8.442931175231934,22.34673500061035,13.09895133972168,66.2532730102539,62.85166549682617,57.485511779785156,69.94795989990234,58.06277084350586,46.71402359008789,19.59014320373535,70.84965515136719,86.69194030761719,93.76097869873047,109.95999908447266,131.3118896484375,105.95999908447266,285.1199951171875,,,,,,48.259525299072266,,,,,
2010-02-28,29.561466217041016,66.39055633544922,19.977689743041992,34.30668640136719,74.1181411743164,,,82.85847473144531,27.68659782409668,32.58344650268555,29.651897430419922,16.457712173461914,15.579965591430664,20.94983673095703,8.741974830627441,13.048255920410156,16.484277725219727,11.126402854919434,21.306964874267578,12.521966934204102,17.483633041381836,23.82550048828125,8.331427574157715,23.594388961791992,13.792475700378418,66.35950469970703,63.06026840209961,57.288639068603516,69.03645324707031,58.35697937011719,47.334869384765625,19.748868942260742,71.9208755493164,88.09659576416016,92.56160736083984,111.6500015258789,128.90182495117188,109.43000030517578,310.55999755859375,,,,,,50.41920471191406,,,,,
2010-03-31,31.43254280090332,66.38605499267578,19.884693145751953,35.03861618041992,74.1181411743164,,,87.90287780761719,29.932228088378906,34.664031982421875,31.14344024658203,17.501110076904297,16.44116973876953,22.449607849121094,9.339910507202148,13.894521713256836,16.948623657226562,12.007184028625488,23.15916633605957,13.499536514282227,18.142309188842773,24.46103286743164,8.555590629577637,25.997888565063477,14.607353210449219,66.18089294433594,62.39371871948242,56.110069274902344,69.03242492675781,58.73737716674805,48.56998062133789,19.882532119750977,73.85802459716797,91.23162078857422,94.32070922851562,106.05000305175781,127.83905792236328,108.94999694824219,322.32000732421875,,,,,,54.56904220581055,,,,,
2010-04-30,31.360294342041016,67.0322036743164,20.66249656677246,35.712913513183594,74.08580017089844,,,89.26273345947266,29.882490158081055,33.69184875488281,30.994281768798828,17.1246280670166,15.601316452026367,22.078588485717773,9.45716381072998,14.175676345825195,17.65284538269043,12.031965255737305,24.14513397216797,14.313458442687988,17.947439193725586,23.509374618530273,8.78058910369873,27.856788635253906,16.58742332458496,66.37957763671875,63.42500305175781,57.973907470703125,70.76861572265625,59.85799789428711,48.81758117675781,20.016197204589844,74.67707061767578,91.16651153564453,92.35172271728516,105.55000305175781,125.97936248779297,115.36000061035156,330.6400146484375,,,,,,57.667728424072266,,,,,
2010-05-31,28.4200439453125,67.75779724121094,18.56580924987793,34.04318618774414,74.1181411743164,,,82.17040252685547,27.07544708251953,29.92078399658203,28.369165420532227,15.242208480834961,13.935846328735352,19.34031867980957,8.749593734741211,13.247872352600098,15.631507873535156,10.885054588317871,21.94339370727539,13.306334495544434,17.116003036499023,21.97914695739746,8.295981407165527,26.370725631713867,14.954731941223145,66.68013763427734,65.28531646728516,60.9354133605957,70.9042739868164,59.07489013671875,47.92937088012695,21.169050216674805,68.55491638183594,87.99429321289062,85.70519256591797,108.9800033569336,116.11125946044922,118.87999725341797,272.32000732421875,,,,,,53.32152557373047,,,,,
2010-06-30,27.4088134765625,68.95625305175781,18.2360897064209,34.421443939208984,74.1343002319336,,,77.91880798339844,26.696762084960938,29.3038330078125,27.642276763916016,14.71145248413086,14.452679634094238,18.950777053833008,8.277411460876465,12.34379768371582,14.705270767211914,10.08694839477539,20.43474006652832,12.013067245483398,16.68272590637207,21.578176498413086,8.237736701965332,24.996217727661133,12.4611177444458,66.95955657958984,67.27539825439453,64.4683609008789,71.81175994873047,61.011680603027344,49.07699966430664,20.935138702392578,68.26841735839844,86.92444610595703,92.15182495117188,112.08999633789062,115.6368179321289,121.68000030517578,271.67999267578125,,25.940000534057617,,,,49.192623138427734,,,,,
2010-07-31,29.96745491027832,69.54566192626953,19.352067947387695,36.19527053833008,74.10198211669922,,,83.2407455444336,29.615379333496094,32.70613479614258,28.934246063232422,16.845928192138672,15.341968536376953,21.220203399658203,8.894159317016602,12.98485279083252,15.936620712280273,11.381152153015137,22.565366744995117,12.9656982421875,17.65097999572754,21.861297607421875,8.852797508239746,27.394222259521484,13.113753318786621,67.0894546508789,67.88737487792969,63.858272552490234,71.6373519897461,62.299461364746094,51.06603240966797,19.83241081237793,73.69158935546875,89.98506164550781,95.33016204833984,114.5999984741211,123.23716735839844,115.48999786376953,282.7200012207031,,27.690000534057617,,,,52.503746032714844,,,,,
2010-08-31,28.684486389160156,70.44047546386719,18.76871681213379,35.83711624145508,74.10198211669922,,,79.4965591430664,28.656816482543945,31.464929580688477,28.18309211730957,16.375247955322266,15.595012664794922,20.864948272705078,8.3950834274292,11.626498222351074,15.155183792114258,11.036266326904297,21.00091552734375,12.450206756591797,17.32386589050293,21.501651763916016,8.981057167053223,27.044740676879883,12.313185691833496,67.24969482421875,70.16571807861328,69.21652221679688,73.02855682373047,64.07837677001953,52.387752532958984,20.14986228942871,72.69366455078125,86.73841094970703,97.7489013671875,117.83000183105469,119.79283142089844,122.08000183105469,255.36000061035156,,29.469999313354492,,,,48.595420837402344,,,,,
2010-09-30,31.498254776000977,70.44570922851562,20.383501052856445,37.14799118041992,74.10198211669922,,,86.61579132080078,32.026092529296875,34.602596282958984,29.715435028076172,17.907691955566406,16.498760223388672,23.489639282226562,9.374253273010254,13.360445976257324,16.670026779174805,11.892122268676758,23.421649932861328,13.822404861450195,18.369857788085938,23.45042610168457,9.241044044494629,28.253829956054688,13.779961585998535,67.3294677734375,70.16358184814453,67.4720230102539,73.60215759277344,64.37089538574219,53.2313117980957,19.080551147460938,79.2100601196289,89.90128326416016,100.94722747802734,118.56999969482422,128.8638916015625,127.91000366210938,278.7200012207031,,32.56999969482422,,,,54.643280029296875,,,,,
2010-10-31,32.67917251586914,70.5529556274414,21.288118362426758,37.83047103881836,74.1181411743164,,,89.9247055053711,32.991817474365234,35.91940689086914,30.106033325195312,18.662965774536133,17.00485610961914,24.16834259033203,9.915855407714844,14.283905029296875,17.615633010864258,12.624953269958496,24.09554100036621,14.587788581848145,18.956268310546875,23.973430633544922,9.341166496276855,29.593820571899414,13.518314361572266,67.47724914550781,70.15855407714844,64.4565200805664,75.4232406616211,64.20181274414062,54.26605987548828,18.68791389465332,80.50756072998047,90.70417022705078,100.75731658935547,122.93000030517578,131.5965576171875,132.6199951171875,281.3599853515625,,37.47999954223633,,,,56.90996551513672,,,,,
2010-11-30,31.96479606628418,69.96385192871094,21.19512176513672,37.34823226928711,74.1181411743164,,,89.9247055053711,32.033233642578125,34.18675994873047,30.8571834564209,17.688770294189453,16.419231414794922,23.59037971496582,9.752967834472656,14.98143196105957,18.64748191833496,12.766436576843262,24.417512893676758,14.956002235412598,18.659765243530273,23.281217575073242,9.058462142944336,29.04591178894043,13.64041805267334,67.33898162841797,69.5284194946289,63.3676643371582,74.1466064453125,63.16476821899414,51.86465072631836,19.631912231445312,79.03767395019531,90.12548828125,98.8183364868164,118.16000366210938,122.69477844238281,135.4199981689453,288.32000732421875,,34.5099983215332,,,,58.89331817626953,,,,,
2010-12-31,34.45554733276367,69.49134826660156,23.291805267333984,38.39132308959961,74.10198211669922,,,95.93639373779297,34.36455535888672,37.027015686035156,33.00466537475586,19.204957962036133,18.132728576660156,25.44915771484375,10.29481029510498,15.729793548583984,20.3851375579834,14.047904014587402,26.243146896362305,15.56857681274414,19.480724334716797,24.352909088134766,9.33975887298584,30.367687225341797,15.381576538085938,67.22864532470703,67.14299774169922,61.023658752441406,73.11772918701172,62.689693450927734,52.05827713012695,18.971946716308594,84.61347961425781,92.61822509765625,106.19449615478516,121.75,126.29117584228516,138.72000122070312,312.0,,39.0099983215332,,,,63.624446868896484,,,,,
2011-01-31,34.823570251464844,69.4321517944336,24.120332717895508,39.02488708496094,74.10198211669922,,,98.17172241210938,33.04452133178711,37.80290603637695,33.06517028808594,19.415029525756836,17.901371002197266,25.091629028320312,10.621758460998535,16.80010414123535,21.84868621826172,14.058880805969238,27.274213790893555,15.472864151000977,19.19492530822754,24.4920711517334,9.453001022338867,31.35489845275879,15.646934509277344,67.31673431396484,67.12870788574219,59.14341735839844,73.1313247680664,62.71277618408203,51.51860809326172,18.679555892944336,82.69395446777344,92.41259002685547,104.95512390136719,120.41999816894531,129.41307067871094,129.8699951171875,308.8800048828125,,41.0,,,,63.388587951660156,,,,,
2011-02-28,35.90561294555664,69.63390350341797,25.12640380859375,39.5850715637207,74.10198211669922,,,101.58193969726562,33.030094146728516,39.14484786987305,34.880271911621094,20.299541473388672,18.58098793029785,25.584571838378906,10.85470962524414,17.53152084350586,23.458585739135742,14.431926727294922,27.853708267211914,16.40089225769043,19.75322723388672,25.257442474365234,9.56922721862793,32.830230712890625,15.788445472717285,67.23504638671875,66.98873138427734,60.11936569213867,73.65850830078125,63.39011764526367,51.48691940307617,18.453998565673828,84.76748657226562,95.27796173095703,106.61426544189453,120.73999786376953,130.40943908691406,137.66000366210938,313.5199890136719,,43.709999084472656,,,,66.90159606933594,,,,,
2011-03-31,35.59645080566406,69.47857666015625,25.794301986694336,39.601863861083984,74.10198211669922,,,101.59416198730469,35.107540130615234,38.20994567871094,31.219820022583008,19.802001953125,18.284561157226562,26.169612884521484,10.686358451843262,16.712278366088867,23.900182723999023,14.685083389282227,28.474956512451172,16.305526733398438,19.99933624267578,25.71424102783203,9.591361999511719,32.30144500732422,16.137121200561523,67.14761352539062,66.88526916503906,60.136993408203125,74.53520202636719,63.04747772216797,52.286190032958984,18.203378677368164,86.39114379882812,95.48085021972656,107.8236312866211,118.76000213623047,133.9498748779297,139.86000061035156,340.79998779296875,,44.25,,,,68.58955383300781,,,,,
2011-04-30,37.31150817871094,70.56766510009766,26.969459533691406,40.23454666137695,74.10198211669922,,,104.53648376464844,36.06692886352539,40.35957717895508,31.855098724365234,21.128768920898438,20.13542938232422,27.38844108581543,10.965204238891602,17.19025421142578,24.11895751953125,14.996976852416992,29.2535400390625,16.931861877441406,21.06882095336914,27.368452072143555,9.97958755493164,34.15766143798828,16.881500244140625,67.50631713867188,68.11673736572266,61.54368209838867,76.30766296386719,64.6264877319336,53.17848205566406,17.501644134521484,91.86089324951172,97.83483123779297,114.4901351928711,121.69999694824219,140.0039825439453,152.3699951171875,361.20001220703125,,46.2400016784668,,,,70.39863586425781,,,,,
2011-05-31,36.58279037475586,71.44255828857422,25.57448959350586,40.28815841674805,74.1181411743164,,,103.36409759521484,35.00654602050781,39.46919631958008,31.068552017211914,20.631237030029297,20.504154205322266,26.5813045501709,10.850384712219238,16.839542388916016,23.10900115966797,14.585999488830566,28.444721221923828,16.885942459106445,21.59688377380371,28.044126510620117,10.193266868591309,34.62725067138672,16.748584747314453,67.7520523071289,69.8234634399414,63.65021896362305,76.51057434082031,65.44690704345703,53.94837951660156,17.827449798583984,89.75251770019531,95.57369995117188,116.01934814453125,121.05999755859375,136.09429931640625,149.63999938964844,324.0,,45.29999923706055,,,,69.13550567626953,,,,,20.580373764038086
2011-06-30,35.938560485839844,71.12454986572266,24.483871459960938,40.05827713012695,74.1181411743164,,,101.62039947509766,34.679073333740234,38.991329193115234,31.827714920043945,20.03166389465332,19.62619400024414,26.205753326416016,10.580934524536133,15.728231430053711,22.66482162475586,14.527386665344238,28.289493560791016,16.849178314208984,21.02136993408203,27.728912353515625,10.17860221862793,33.48480987548828,16.03852653503418,67.74880981445312,69.47130584716797,62.171573638916016,77.08815002441406,64.92517852783203,54.284088134765625,17.72719955444336,90.45096588134766,95.99638366699219,117.65850067138672,122.52999877929688,137.18150329589844,146.0,297.9200134277344,,40.5,,,,67.47320556640625,,,,,19.698354721069336
2011-07-31,35.119232177734375,72.32417297363281,25.599849700927734,40.20045471191406,74.1181411743164,,,99.5875473022461,34.32209014892578,38.06420135498047,32.68214416503906,19.952930450439453,19.412303924560547,25.79293441772461,10.626225471496582,14.869561195373535,22.995695114135742,14.025546073913574,26.344770431518555,16.61452293395996,20.752124786376953,26.628488540649414,10.084356307983398,34.008514404296875,14.901800155639648,67.94263458251953,71.67320251464844,64.91616821289062,80.09422302246094,66.50294494628906,55.35509490966797,17.56847381591797,92.97797393798828,96.91259765625,125.72428131103516,128.14999389648438,135.96189880371094,158.2899932861328,299.3599853515625,,44.7599983215332,,,,65.1749267578125,,,,,18.93001365661621
2011-08-31,32.534637451171875,73.42378234863281,25.498395919799805,39.10368728637695,74.1181411743164,,,94.11265563964844,31.145597457885742,34.73170471191406,30.057802200317383,18.42327880859375,18.195344924926758,24.593017578125,10.062183380126953,13.699151039123535,20.646493911743164,13.040323257446289,24.61277198791504,15.742939949035645,20.79250717163086,26.066577911376953,10.303255081176758,32.097476959228516,13.383197784423828,68.1768569946289,75.00701904296875,71.19196319580078,80.60968017578125,66.72928619384766,55.64039611816406,17.60188865661621,90.74530792236328,94.5740966796875,122.62589263916016,128.77000427246094,135.9827880859375,177.72000122070312,276.0799865722656,,50.20000076293945,,,,59.37996292114258,,,,,16.363229751586914
2011-09-30,29.138160705566406,73.98960876464844,21.770017623901367,37.030643463134766,74.10198211669922,,,87.57927703857422,25.572174072265625,30.977811813354492,28.86770248413086,16.612445831298828,15.975320816040039,20.239145278930664,9.753314018249512,13.047019958496094,17.66855239868164,10.891355514526367,22.321311950683594,14.65743350982666,20.107276916503906,24.896703720092773,10.325514793395996,28.617483139038086,11.833191871643066,68.10762023925781,76.68489074707031,80.59363555908203,80.60261535644531,66.96361541748047,52.97524642944336,18.637786865234375,82.42010498046875,88.37268829345703,108.99302673339844,127.80000305175781,126.83975982666016,158.05999755859375,243.9199981689453,,39.880001068115234,113.5,,,52.758914947509766,,,,,13.940117835998535
2011-10-31,32.43781280517578,74.08319091796875,23.435531616210938,40.1751823425293,74.06961059570312,,,97.1382827758789,29.73221206665039,33.96018981933594,28.68460464477539,18.76070213317871,17.332414627075195,23.492156982421875,10.749314308166504,14.88814640045166,21.05068016052246,12.779529571533203,25.529714584350586,16.406566619873047,21.042810440063477,26.33260726928711,10.703277587890625,32.70730209350586,14.370784759521484,68.13093566894531,75.69835662841797,77.507568359375,82.27154541015625,68.64409637451172,55.70553207397461,18.019590377807617,90.07142639160156,92.94111633300781,112.50119018554688,126.0199966430664,131.05746459960938,167.33999633789062,285.9200134277344,,43.209999084472656,116.8499984741211,,,60.726070404052734,,,,19.756629943847656,16.59940528869629
2011-11-30,32.06538772583008,73.838134765625,23.367895126342773,39.20014953613281,74.08580017089844,,,96.7435531616211,29.149372100830078,33.22107696533203,28.776161193847656,18.4570255279541,16.491609573364258,23.095855712890625,10.58813190460205,14.356829643249512,21.400970458984375,12.805499076843262,25.888742446899414,16.288835525512695,21.625831604003906,26.58368682861328,10.81384563446045,31.46405601501465,14.72693920135498,68.16158294677734,76.13734436035156,79.04920959472656,82.7036361694336,66.47725677490234,54.98870849609375,18.428937911987305,88.12885284423828,90.79631042480469,108.0934829711914,126.9800033569336,127.27119445800781,170.1300048828125,310.239990234375,25.200000762939453,39.59000015258789,107.55000305175781,,,60.496334075927734,,,,19.787080764770508,16.328399658203125
2011-12-31,31.760669708251953,74.83990478515625,22.691547393798828,40.984561920166016,74.07291412353516,,,97.75436401367188,27.906198501586914,32.49853515625,28.133989334106445,18.447965621948242,16.697158813476562,21.9814453125,10.563894271850586,14.06318187713623,20.963891983032227,12.513622283935547,25.954566955566406,16.501802444458008,22.224925994873047,27.371910095214844,11.174097061157227,32.99018096923828,15.269347190856934,68.19711303710938,77.65068054199219,81.7723617553711,82.83927917480469,68.79613494873047,56.040138244628906,18.771451950073242,87.97283935546875,90.9696044921875,105.04508209228516,127.93000030517578,122.59542846679688,151.99000549316406,304.8800048828125,24.5,41.97999954223633,112.0,,,60.80791473388672,,,,20.39516258239746,15.924527168273926
2012-01-31,33.500457763671875,75.3829116821289,23.528528213500977,41.58491134643555,74.0567626953125,,,102.28764343261719,30.97338104248047,34.21106719970703,29.49282455444336,19.04158592224121,17.213869094848633,24.211763381958008,11.219730377197266,15.802576065063477,21.43695640563965,13.888248443603516,27.854055404663086,17.474491119384766,21.91025733947754,28.24773597717285,10.770362854003906,35.09471893310547,16.671266555786133,68.2535629272461,78.31999969482422,81.50260925292969,84.7347183227539,70.2717514038086,56.67839813232422,18.479061126708984,91.5946044921875,92.44497680664062,107.19396209716797,129.1300048828125,123.8791732788086,169.30999755859375,302.55999755859375,27.200000762939453,40.880001068115234,112.19999694824219,,,65.15312194824219,,,,20.662322998046875,17.639205932617188
2012-02-29,35.15740203857422,75.37276458740234,24.788230895996094,42.45917892456055,74.07291412353516,,,106.72752380371094,32.606266021728516,35.864524841308594,30.851652145385742,20.011924743652344,17.974170684814453,25.00226593017578,12.01669692993164,16.420333862304688,22.707595825195312,13.809808731079102,28.630762100219727,18.26532554626465,22.731121063232422,28.54757308959961,10.835582733154297,34.690853118896484,17.974960327148438,68.15753173828125,77.4586181640625,79.3859634399414,84.244873046875,71.41913604736328,58.078853607177734,18.345396041870117,92.76587677001953,93.69298553466797,109.06298828125,121.02999877929688,126.11387634277344,164.2899932861328,327.3599853515625,27.229999542236328,41.09000015258789,108.0999984741211,,,66.82689666748047,,,,21.09739112854004,18.522018432617188
2012-03-31,35.549049377441406,74.94085693359375,24.348602294921875,42.05448913574219,74.0567626953125,,,110.16024780273438,31.591243743896484,36.015445709228516,31.438425064086914,19.749366760253906,18.476125717163086,24.573139190673828,12.559144020080566,16.95429229736328,21.842456817626953,13.862395286560059,28.91105079650879,19.127565383911133,23.435991287231445,29.825672149658203,10.982837677001953,36.4948616027832,19.09760093688965,68.10502624511719,76.22604370117188,76.02320098876953,83.5207748413086,70.4041748046875,58.00838088989258,18.303627014160156,89.83727264404297,92.9267807006836,109.22289276123047,118.77999877929688,126.208984375,162.1199951171875,313.8399963378906,27.1299991607666,39.2599983215332,105.44999694824219,,,68.48731994628906,,,,21.639446258544922,18.616487503051758
2012-04-30,35.14234924316406,75.61979675292969,24.018882751464844,42.532493591308594,74.07291412353516,,,109.42489624023438,31.054298400878906,35.2674446105957,30.079586029052734,20.034759521484375,18.321109771728516,24.900630950927734,12.417566299438477,16.00177574157715,21.68720054626465,13.749899864196777,28.59428596496582,19.3481502532959,23.504758834838867,29.74637222290039,11.177168846130371,37.53838348388672,19.249664306640625,68.24240112304688,78.13868713378906,79.69832611083984,85.01141357421875,71.1660385131836,59.044830322265625,18.220083236694336,90.67535400390625,93.8487319946289,108.58323669433594,123.16000366210938,125.24854278564453,161.8800048828125,317.44000244140625,26.959999084472656,38.88999938964844,102.1500015258789,,,67.37908172607422,,,,21.923065185546875,18.012937545776367
2012-05-31,31.88117027282715,76.43518829345703,21.33884620666504,41.16261672973633,74.07291412353516,,,102.85328674316406,27.729677200317383,31.33716583251953,27.454570770263672,17.751596450805664,16.424039840698242,21.97014617919922,11.630538940429688,14.322030067443848,19.37053108215332,12.681259155273438,26.786376953125,18.283382415771484,23.22968101501465,28.667863845825195,11.239851951599121,35.84694290161133,18.525115966796875,68.28117370605469,80.38087463378906,86.89138793945312,86.66600799560547,71.70487976074219,57.408905029296875,19.205860137939453,85.03374481201172,89.7540512084961,101.42698669433594,125.43000030517578,116.99435424804688,151.6199951171875,260.8800048828125,23.709999084472656,36.209999084472656,100.25,,,62.946163177490234,,,,21.447805404663086,15.641252517700195
2012-06-30,33.4982795715332,76.4200210571289,21.770017623901367,43.079437255859375,74.04055786132812,,,107.02718353271484,29.125965118408203,33.544349670410156,29.340499877929688,19.037080764770508,17.38306999206543,23.507944107055664,12.010126113891602,14.955061912536621,20.30224609375,13.304169654846191,27.68940544128418,18.63749885559082,24.07512664794922,30.30536651611328,11.701940536499023,37.824642181396484,19.201772689819336,68.21489715576172,80.04788970947266,85.43319702148438,86.08636474609375,72.329833984375,59.74248504638672,18.771451950073242,89.46832275390625,91.07443237304688,103.7557601928711,122.94000244140625,119.70455932617188,155.19000244140625,254.63999938964844,23.520000457763672,42.099998474121094,110.55000305175781,,,66.1262435913086,,,,22.226783752441406,16.2573299407959
2012-07-31,33.773162841796875,77.46100616455078,23.038175582885742,43.51985549926758,74.04055786132812,,,108.29329681396484,29.11852264404297,33.57121276855469,28.030935287475586,19.200693130493164,17.66381072998047,24.702091217041016,12.23168659210205,14.917901992797852,21.30557632446289,13.13452434539795,27.79808807373047,18.53533172607422,24.67060089111328,30.608335494995117,11.996148109436035,38.58195495605469,18.922969818115234,68.36530303955078,81.16943359375,88.69441986083984,87.59678649902344,74.84905242919922,61.978515625,18.971946716308594,92.11311340332031,92.45936584472656,100.88726043701172,125.73999786376953,116.30018615722656,156.49000549316406,261.44000244140625,24.200000762939453,50.939998626708984,122.0999984741211,,,65.12057495117188,,,,22.656892776489258,16.189115524291992
2012-08-31,34.712371826171875,77.46100616455078,24.34014892578125,44.061500549316406,74.04055786132812,,,111.00630187988281,29.237613677978516,34.645484924316406,28.249202728271484,19.831754684448242,18.035600662231445,25.025142669677734,12.745867729187012,15.42096996307373,21.88066291809082,13.439888954162598,28.22503089904785,19.391002655029297,24.55289649963379,30.96710968017578,11.499476432800293,38.576175689697266,21.216386795043945,68.37013244628906,81.07425689697266,87.52462768554688,87.38037872314453,74.80883026123047,62.74309539794922,18.629432678222656,90.77608489990234,94.09249114990234,103.10610961914062,125.41000366210938,118.84868621826172,164.22000122070312,287.1199951171875,24.200000762939453,50.939998626708984,122.94999694824219,,,67.42285919189453,,,,22.618497848510742,17.00753402709961
2012-09-30,35.65157699584961,77.66751098632812,24.247148513793945,44.2908821105957,74.04055786132812,,,113.8204116821289,30.76351547241211,35.58547592163086,28.592180252075195,20.33426856994629,18.65778350830078,25.723175048828125,12.941238403320312,14.895258903503418,22.562429428100586,13.946090698242188,28.540538787841797,19.9883975982666,24.98420524597168,32.14663314819336,11.633935928344727,37.85741424560547,22.358577728271484,68.38154602050781,80.79190826416016,85.30781555175781,87.82762145996094,75.63179016113281,63.86332702636719,18.311979293823242,91.3939208984375,94.33128356933594,104.63529968261719,125.80000305175781,121.4257583618164,171.88999938964844,272.9599914550781,25.8799991607666,48.41999816894531,122.4000015258789,,,69.62146759033203,,,,22.97575569152832,17.643817901611328
2012-10-31,35.46831130981445,77.6308364868164,23.300262451171875,44.66474533081055,74.0567626953125,,,111.74909210205078,30.629533767700195,35.97490692138672,28.249202728271484,20.427759170532227,19.113033294677734,26.363508224487305,12.118505477905273,14.323904037475586,22.1046085357666,13.654287338256836,28.50928497314453,19.680818557739258,24.677385330200195,32.074527740478516,11.796982765197754,37.51362609863281,23.448148727416992,68.33454132080078,80.47196197509766,84.89488220214844,88.37581634521484,76.64993286132812,64.2596435546875,18.286916732788086,91.58673095703125,92.88352966308594,105.66476440429688,122.94000244140625,122.38621520996094,166.8300018310547,254.24000549316406,24.649999618530273,48.13999938964844,119.9000015258789,,,68.11122131347656,,,,22.720726013183594,17.4219913482666
2012-11-30,36.03337097167969,77.84095001220703,23.756797790527344,44.886634826660156,74.04055786132812,,,112.38156127929688,31.105907440185547,36.97532653808594,29.091060638427734,20.661487579345703,19.856609344482422,26.82501983642578,12.227641105651855,14.622504234313965,21.834213256835938,13.908203125,29.009313583374023,20.304515838623047,25.130647659301758,32.24279022216797,11.291855812072754,37.4145622253418,23.700275421142578,68.35071563720703,81.2599105834961,85.87903594970703,88.86894989013672,76.09538269042969,64.8355941772461,18.311979293823242,92.08002471923828,93.36027526855469,106.11453247070312,119.01000213623047,122.7570571899414,166.0500030517578,260.4800109863281,25.25,47.849998474121094,117.80000305175781,,,68.4866943359375,,,,22.798004150390625,17.737668991088867
2012-12-31,37.07981491088867,77.6500015258789,23.48625946044922,45.51565170288086,74.04055786132812,,,113.38563537597656,33.22222900390625,38.59526824951172,30.728004455566406,21.26354217529297,20.334627151489258,27.8397274017334,12.179779052734375,14.99433708190918,22.056644439697266,14.35229778289795,29.828113555908203,20.39606475830078,24.608766555786133,32.12691116333008,11.2899751663208,38.80742263793945,24.023069381713867,68.36773681640625,80.49573516845703,83.74263763427734,88.138671875,75.84384155273438,65.29885864257812,18.220083236694336,91.91673278808594,93.43585968017578,107.40384674072266,113.02999877929688,124.53530883789062,162.02000427246094,266.9599914550781,25.010000228881836,44.31999969482422,106.5999984741211,,,70.96514129638672,,,,22.602354049682617,18.779699325561523
2013-01-31,38.475704193115234,77.16771697998047,24.069608688354492,45.671661376953125,74.04055786132812,,,119.18985748291016,33.12485122680664,40.03428268432617,31.42136001586914,21.891727447509766,21.776262283325195,28.814178466796875,12.411974906921387,16.141096115112305,23.88801383972168,14.918130874633789,31.54383087158203,21.55259132385254,25.997859954833984,34.56785202026367,11.826669692993164,40.258262634277344,26.027999877929688,68.37581634521484,79.454833984375,81.07514953613281,87.68131256103516,74.85966491699219,63.43754959106445,18.06136131286621,92.19918823242188,93.03550720214844,108.00354766845703,107.18000030517578,128.11085510253906,161.1999969482422,282.239990234375,26.15999984741211,45.5,105.94999694824219,,,75.39202880859375,,,,23.730913162231445,20.219017028808594
2013-02-28,38.437156677246094,77.62371063232422,22.93671989440918,46.09766387939453,74.04055786132812,,,120.7105941772461,32.36827087402344,39.51840591430664,32.177738189697266,21.29909896850586,21.82179069519043,29.327978134155273,12.509075164794922,16.7288818359375,23.993013381958008,14.715507507324219,32.2442626953125,21.89653968811035,26.858104705810547,35.002864837646484,12.101484298706055,40.74778747558594,25.55837059020996,68.41715240478516,80.35468292236328,82.07938385009766,87.84823608398438,75.66521453857422,63.60519027709961,18.68791389465332,90.48910522460938,89.975341796875,104.78520202636719,105.76000213623047,123.1374282836914,153.0,264.4800109863281,24.829999923706055,42.58000183105469,95.5999984741211,,,76.14952087402344,,,,24.38469123840332,19.859188079833984
2013-03-31,39.13894271850586,77.70013427734375,23.08890151977539,46.49978256225586,74.04055786132812,,,125.29407501220703,32.038665771484375,40.03428268432617,34.03717041015625,21.654674530029297,22.277040481567383,29.351604461669922,12.831525802612305,17.118465423583984,24.60309410095215,15.040999412536621,33.008644104003906,22.854690551757812,28.181259155273438,37.177059173583984,12.751201629638672,41.91812515258789,27.170663833618164,68.4398422241211,80.58519744873047,81.7350845336914,88.0370101928711,75.6298599243164,63.009525299072266,18.88005256652832,92.35358428955078,91.37632751464844,103.41593170166016,104.05000305175781,120.85517883300781,154.4499969482422,278.0,24.010000228881836,40.900001525878906,92.0,,,79.69732666015625,,,,25.594154357910156,20.51917839050293
2013-04-30,40.24948501586914,78.45277404785156,22.209646224975586,47.484683990478516,74.0244140625,,,127.7013168334961,32.42818832397461,42.04345703125,36.87360382080078,22.27101707458496,23.142017364501953,30.47369384765625,13.056193351745605,17.419143676757812,24.28046226501465,15.183039665222168,32.76362609863281,23.548961639404297,29.010330200195312,38.293556213378906,13.511056900024414,44.74119567871094,27.378557205200195,68.48684692382812,81.81430053710938,85.56434631347656,88.73442840576172,77.27362060546875,65.25695037841797,18.54589080810547,92.15564727783203,92.14653778076172,105.5748062133789,100.45999908447266,124.12643432617188,142.77000427246094,265.2799987792969,22.0,41.4900016784668,97.3499984741211,,,79.4188003540039,44.43058395385742,,36.51542282104492,26.305099487304688,20.44196891784668
2013-05-31,40.09525680541992,76.88282775878906,21.86301612854004,46.259002685546875,74.04055786132812,,,130.71627807617188,30.862590789794922,40.774147033691406,34.16323471069336,22.2473087310791,22.55777359008789,27.3731746673584,13.420748710632324,18.410808563232422,24.972240447998047,15.470965385437012,34.407718658447266,24.20010757446289,28.37967872619629,38.92464065551758,12.288117408752441,42.06670379638672,27.92992401123047,68.39527893066406,79.27396392822266,79.77938842773438,85.0135726928711,74.78733825683594,62.04291915893555,18.888410568237305,85.20653533935547,89.53697967529297,102.5663833618164,97.45999908447266,122.46228790283203,133.9199981689453,260.8800048828125,22.690000534057617,42.470001220703125,94.25,,,82.5415267944336,44.567718505859375,,39.182647705078125,25.687902450561523,21.874547958374023
2013-06-30,39.05208969116211,75.67924499511719,21.245847702026367,45.47785568237305,74.0244140625,,,128.9719696044922,29.218914031982422,39.6822509765625,35.51383590698242,21.241886138916016,22.201688766479492,25.967132568359375,13.032649993896484,18.402883529663086,24.406173706054688,14.835088729858398,33.87643814086914,24.398773193359375,28.293882369995117,38.694496154785156,12.398036003112793,41.23300552368164,26.614830017089844,68.3279800415039,77.25547790527344,77.16957092285156,81.78131103515625,72.3436279296875,59.287723541259766,18.846637725830078,81.54000854492188,88.29306030273438,103.8656997680664,98.62999725341797,122.60489654541016,119.11000061035156,273.44000244140625,21.100000381469727,38.66999816894531,85.25,,,81.86638641357422,44.198421478271484,,38.19296646118164,25.58125877380371,21.32932472229004
2013-07-31,40.84068298339844,75.88294219970703,21.922197341918945,46.77577590942383,74.0244140625,,,135.63682556152344,29.605976104736328,41.79447937011719,35.51383590698242,22.601085662841797,23.13160514831543,26.944747924804688,13.518341064453125,18.82297134399414,25.690380096435547,15.65904712677002,35.87852478027344,25.683595657348633,29.520641326904297,41.4659423828125,12.935078620910645,41.60499954223633,27.22095489501953,68.43902587890625,76.98304748535156,75.42707824707031,82.51896667480469,73.14372253417969,59.3801155090332,18.453998565673828,80.30036163330078,90.41980743408203,105.93462371826172,99.93000030517578,125.27708435058594,127.95999908447266,298.8800048828125,21.34000015258789,36.34000015258789,85.5,,,87.87059020996094,46.8398323059082,41.644161224365234,40.08610916137695,26.523771286010742,22.506641387939453
2013-08-31,39.9034309387207,75.25588989257812,22.539365768432617,46.18075942993164,74.0244140625,,,131.5687255859375,28.85463523864746,40.977272033691406,34.406009674072266,22.43268585205078,22.744140625,26.733539581298828,13.377751350402832,18.081289291381836,25.42544174194336,15.639700889587402,34.988712310791016,24.952505111694336,28.17976188659668,40.00299835205078,12.289310455322266,38.700931549072266,25.827781677246094,68.37255859375,75.88794708251953,74.4160385131836,81.01197052001953,72.41351318359375,57.93658447265625,18.537540435791016,79.62944793701172,88.23198699951172,105.39490509033203,99.62999725341797,124.42121124267578,134.6199951171875,307.8399963378906,22.06999969482422,36.5,82.8499984741211,,,85.09015655517578,45.17066955566406,40.78000259399414,38.868038177490234,25.659799575805664,22.01681137084961
2013-09-30,42.113765716552734,76.09923553466797,21.778472900390625,46.541587829589844,74.00826263427734,,,135.73243713378906,30.934101104736328,44.18372344970703,37.7294921875,23.59943199157715,24.23975372314453,28.755149841308594,13.716489791870117,19.396873474121094,25.962987899780273,16.332298278808594,37.04146194458008,26.305660247802734,28.56612205505371,41.28605651855469,12.430314064025879,40.0484504699707,27.706193923950195,68.5250473022461,77.28897094726562,74.90110778808594,82.43474578857422,72.95075988769531,59.76240921020508,18.069713592529297,83.58646392822266,90.21090698242188,108.38334655761719,99.47000122070312,127.2835693359375,128.17999267578125,294.79998779296875,22.440000534057617,33.56999969482422,83.19999694824219,,,90.6117935180664,46.53158187866211,42.33286666870117,39.933624267578125,26.310867309570312,23.258525848388672
2013-10-31,43.77739715576172,76.73284149169922,21.770017623901367,47.71361541748047,73.99212646484375,,,142.0177459716797,32.22429656982422,45.62419128417969,37.69784164428711,24.477495193481445,24.960437774658203,30.004318237304688,14.405735969543457,20.042953491210938,27.052745819091797,17.016538619995117,38.80534744262695,27.511823654174805,30.396366119384766,43.06514358520508,12.899312973022461,41.85893249511719,27.633756637573242,68.57215118408203,77.89014434814453,75.97254943847656,82.71818542480469,74.26983642578125,61.277435302734375,18.069713592529297,84.78694915771484,89.13617706298828,107.97355651855469,99.37999725341797,127.701904296875,127.73999786376953,277.5199890136719,22.510000228881836,32.34000015258789,83.25,,,92.80461120605469,49.12242889404297,44.39198303222656,41.821537017822266,27.55396842956543,24.558311462402344
2013-11-30,44.4568977355957,76.54052734375,21.567113876342773,47.93941879272461,73.97591400146484,,,146.2268524169922,32.14081573486328,45.873504638671875,38.17263412475586,24.669940948486328,25.014678955078125,29.01464080810547,14.85096549987793,20.217573165893555,27.068401336669922,17.238140106201172,40.226036071777344,28.46199607849121,30.870079040527344,45.09719467163086,12.649846076965332,39.660926818847656,28.919462203979492,68.63623046875,77.20755767822266,73.91875457763672,81.84408569335938,74.16632080078125,60.03821563720703,18.128192901611328,81.7662353515625,87.47895050048828,108.0135269165039,95.33999633789062,127.74000549316406,120.69999694824219,267.67999267578125,21.850000381469727,31.030000686645508,80.3499984741211,,,96.47637939453125,50.668277740478516,46.217689514160156,43.200599670410156,27.91817855834961,25.307201385498047
2013-12-31,45.37680435180664,76.11437225341797,21.693927764892578,48.1343879699707,73.97591400146484,,,150.01800537109375,32.0101318359375,46.87179183959961,38.716304779052734,25.416929244995117,25.564882278442383,28.8056583404541,15.37590503692627,21.228864669799805,27.84571647644043,18.08216667175293,41.92301559448242,29.11185646057129,31.083051681518555,45.43041229248047,12.765089988708496,39.70132064819336,30.16986656188965,68.51445770263672,75.59342193603516,72.53673553466797,80.65519714355469,74.32564544677734,60.210147857666016,17.977821350097656,80.33968353271484,87.51631164550781,109.76261901855469,92.76000213623047,129.31851196289062,116.12000274658203,282.55999755859375,22.899999618530273,30.579999923706055,73.75,,,98.42627716064453,52.02497863769531,47.27477264404297,44.13585662841797,28.273588180541992,26.419918060302734
2014-01-31,43.27413558959961,77.28721618652344,21.03448486328125,48.326141357421875,73.97591400146484,,,144.7301025390625,29.245609283447266,44.43389129638672,36.13309097290039,24.236164093017578,24.797697067260742,27.042682647705078,14.980104446411133,20.998201370239258,26.231792449951172,17.22930908203125,40.13408279418945,27.365047454833984,29.477542877197266,45.856536865234375,13.144987106323242,41.398597717285156,28.60247230529785,68.65248107910156,77.90908813476562,77.10855102539062,82.35050201416016,75.72510528564453,59.72026824951172,18.23679542541504,78.83000946044922,83.47582244873047,107.94356536865234,95.58000183105469,126.75100708007812,120.08999633789062,278.3999938964844,21.459999084472656,30.899999618530273,67.5,,,95.69601440429688,50.820343017578125,45.29244613647461,42.564334869384766,27.413421630859375,25.452909469604492
2014-02-28,45.52643966674805,77.57814025878906,22.091283798217773,49.441734313964844,73.99212646484375,,,151.31756591796875,30.233488082885742,47.15818786621094,37.02605438232422,25.879501342773438,26.51803970336914,28.941267013549805,15.638324737548828,22.408403396606445,27.575162887573242,18.418617248535156,41.76256561279297,29.11620330810547,30.62742805480957,48.70823669433594,13.59884262084961,43.4955940246582,30.83122444152832,68.67930603027344,78.18760681152344,77.51268005371094,82.7100830078125,76.59211730957031,61.77743911743164,17.860862731933594,80.49504852294922,83.98738098144531,111.27183532714844,95.91999816894531,129.660888671875,127.62000274658203,293.9200134277344,21.520000457763672,32.47999954223633,72.44999694824219,,,100.26917266845703,54.23492431640625,47.50896453857422,44.25446319580078,28.616064071655273,26.903417587280273
2014-03-31,45.78631591796875,77.46329498291016,22.08283042907715,49.40141677856445,73.97591400146484,,,152.57286071777344,31.405141830444336,46.94163131713867,36.13309097290039,25.06391716003418,26.61102867126465,29.644001007080078,15.705610275268555,23.328495025634766,28.15654945373535,18.57073402404785,42.16205596923828,28.281415939331055,31.299083709716797,48.09557342529297,14.054533958435059,43.711700439453125,29.52177619934082,68.6046142578125,77.7489013671875,78.08019256591797,82.2697525024414,76.56985473632812,62.512962341308594,17.92769432067871,83.78807067871094,84.1689224243164,110.65216064453125,94.52999877929688,129.35659790039062,123.61000061035156,292.7200012207031,20.540000915527344,34.65999984741211,82.6500015258789,,,99.51873779296875,52.38075637817383,47.2862548828125,45.096717834472656,28.85841178894043,26.963987350463867
2014-04-30,46.329708099365234,78.0997314453125,22.328006744384766,49.609169006347656,73.97591400146484,,,153.6334991455078,31.650211334228516,47.7239990234375,35.33578872680664,26.19599151611328,27.14573097229004,30.445356369018555,15.748818397521973,22.895244598388672,29.636144638061523,18.72392463684082,42.72604751586914,27.896869659423828,32.15679168701172,47.79130935668945,14.647759437561035,45.1477165222168,28.11598014831543,68.67852783203125,78.33848571777344,79.71604919433594,83.35590362548828,77.58770751953125,63.174774169921875,17.777326583862305,84.07278442382812,84.91456604003906,111.13190460205078,95.44000244140625,130.22190856933594,124.22000122070312,290.55999755859375,20.450000762939453,35.22999954223633,85.4000015258789,,,95.78912353515625,51.859893798828125,47.63882064819336,45.461669921875,29.242656707763672,27.007305145263672
2014-05-31,47.25897216796875,79.02056884765625,22.00674057006836,50.207637786865234,73.97591400146484,,,157.1987762451172,32.584468841552734,48.48540496826172,36.93036651611328,26.451623916625977,27.32396125793457,30.852197647094727,16.34074592590332,23.90812110900879,30.13250732421875,19.277748107910156,43.547855377197266,28.700925827026367,32.73828887939453,49.164546966552734,14.48843765258789,46.23091125488281,28.56946563720703,68.80125427246094,79.7684326171875,82.06737518310547,85.0241928100586,78.7626724243164,65.36528015136719,17.936052322387695,84.32706451416016,85.8372573852539,109.18292999267578,95.79000091552734,127.92068481445312,120.43000030517578,301.44000244140625,21.09000015258789,31.56999969482422,75.44999694824219,,,96.54190826416016,53.969356536865234,48.74691390991211,46.16176986694336,29.57887840270996,27.613826751708984
2014-06-30,48.11824035644531,78.97510528564453,22.471731185913086,50.51485824584961,73.95977020263672,,,160.44410705566406,33.36707305908203,48.93183135986328,38.65959167480469,26.665056228637695,27.20543098449707,30.839012145996094,16.646137237548828,25.363914489746094,31.793821334838867,19.588991165161133,43.75465393066406,29.257333755493164,32.65536880493164,50.20758819580078,15.132000923156738,46.755245208740234,29.746416091918945,68.74678039550781,79.59556579589844,81.86109161376953,85.33856964111328,78.76795959472656,65.39363861083984,17.760618209838867,85.57876586914062,87.22891235351562,110.18240356445312,96.25,128.49124145507812,128.0399932861328,311.0400085449219,21.43000030517578,29.43000030517578,68.8499984741211,,,101.63156127929688,55.08759689331055,49.03379821777344,47.370601654052734,29.946918487548828,28.891504287719727
2014-07-31,47.423545837402344,78.77696228027344,21.406478881835938,49.28641891479492,73.9435806274414,,,158.28811645507812,33.82246017456055,47.657901763916016,38.531150817871094,26.026521682739258,26.000524520874023,31.70939064025879,16.928268432617188,24.260107040405273,30.691665649414062,19.198318481445312,41.949745178222656,28.88471794128418,31.572235107421875,50.273616790771484,14.102917671203613,46.792720794677734,26.758155822753906,68.69393920898438,79.41999816894531,82.40483093261719,85.25994110107422,78.51628112792969,65.22911834716797,18.161609649658203,84.49847412109375,85.39410400390625,107.5038070678711,94.70999908447266,125.60987091064453,123.38999938964844,290.55999755859375,21.959999084472656,26.010000228881836,63.54999923706055,,,95.47850799560547,54.512855529785156,48.663028717041016,46.988948822021484,29.520488739013672,28.06653594970703
2014-08-31,48.64525604248047,79.68264770507812,21.16130256652832,50.45952224731445,73.95977020263672,,,164.5347442626953,34.77956771850586,47.743770599365234,37.88896942138672,26.230859756469727,26.65846824645996,32.00994873046875,17.483869552612305,25.816001892089844,31.361841201782227,19.940202713012695,43.7222785949707,30.16916847229004,33.028621673583984,52.70848083496094,14.796952247619629,48.21712112426758,28.656471252441406,68.82159423828125,80.913330078125,86.29743957519531,85.7779541015625,80.08977508544922,66.05744171142578,18.39552116394043,85.01215362548828,85.64413452148438,106.36439514160156,93.61000061035156,123.18495178222656,123.86000061035156,286.0799865722656,21.6299991607666,25.75,64.30000305175781,,,100.08967590332031,57.02080535888672,50.778072357177734,48.350929260253906,30.6951904296875,29.612262725830078
2014-09-30,47.03227615356445,79.19271850585938,19.631061553955078,49.45907211303711,73.95977020263672,386.9440002441406,,162.26475524902344,32.07809066772461,45.890140533447266,37.79264831542969,24.749462127685547,25.77064323425293,28.8477840423584,17.39347267150879,25.56637954711914,28.930879592895508,19.660017013549805,43.221046447753906,29.333206176757812,33.223087310791016,52.937767028808594,14.519804000854492,45.30453872680664,26.924579620361328,68.77116394042969,80.06415557861328,84.47455596923828,83.55179595947266,78.74299621582031,64.63137817382812,19.10561180114746,79.8434829711914,83.14753723144531,102.20655822753906,88.80000305175781,118.37324523925781,116.20999908447266,275.2799987792969,20.299999237060547,22.780000686645508,54.150001525878906,,,94.15645599365234,56.64107131958008,50.38617706298828,47.59278869628906,30.454660415649414,28.8290958404541
2014-10-31,47.599212646484375,80.03538513183594,18.870166778564453,49.98357391357422,73.9435806274414,338.3210144042969,,166.08628845214844,32.533477783203125,45.76847839355469,38.72381591796875,24.276952743530273,25.659666061401367,30.43199348449707,17.672470092773438,25.65468406677246,27.909257888793945,19.18824005126953,44.89619445800781,29.953388214111328,34.40148162841797,55.72090530395508,15.685808181762695,49.8066291809082,28.325864791870117,68.95028686523438,81.29415130615234,86.85548400878906,84.30480194091797,79.71489715576172,65.9072494506836,19.289398193359375,80.3962173461914,82.65019989013672,101.3969955444336,86.6500015258789,117.43183898925781,112.66000366210938,245.0399932861328,20.510000228881836,26.270000457763672,59.45000076293945,,,100.36466217041016,57.942054748535156,51.73014450073242,48.29046630859375,31.747844696044922,29.55916976928711
2014-11-30,48.253997802734375,80.56122589111328,17.263835906982422,49.443199157714844,73.9435806274414,378.0469970703125,,170.64898681640625,32.03178024291992,45.79710006713867,37.31100082397461,24.302494049072266,26.309677124023438,29.148347854614258,18.522525787353516,27.50630760192871,25.48292350769043,19.48954200744629,46.278629302978516,31.585206985473633,36.30897521972656,57.6591796875,15.86863899230957,50.80286407470703,30.455081939697266,69.02278137207031,82.34175109863281,89.432861328125,84.43898010253906,80.44165802001953,65.63331604003906,19.606849670410156,77.84136962890625,81.46035766601562,100.94722747802734,82.01000213623047,116.45233154296875,112.11000061035156,204.63999938964844,19.309999465942383,26.200000762939453,62.75,,,100.47659301757812,60.11621856689453,52.91352462768555,49.51329803466797,32.879398345947266,29.924192428588867
2014-12-31,47.11631774902344,80.68018341064453,15.598322868347168,49.04617691040039,73.92742156982422,320.1929931640625,,170.2161102294922,30.76218605041504,43.96853256225586,36.30575180053711,23.485675811767578,25.120634078979492,28.253345489501953,18.11933135986328,27.565839767456055,25.429203033447266,19.381013870239258,46.26863098144531,31.8663272857666,35.969242095947266,56.84999084472656,16.43470001220703,51.77012634277344,31.09040069580078,68.82077026367188,82.4483413696289,92.34066772460938,83.5512924194336,80.42780303955078,63.84963607788086,20.024551391601562,74.76756286621094,80.15318298339844,98.10871124267578,81.20999908447266,113.29521179199219,113.58000183105469,162.8800048828125,19.020000457763672,26.639999389648438,63.70000076293945,,,103.38331604003906,59.63161087036133,52.6176643371582,49.77413558959961,32.891868591308594,29.76993179321289
2015-01-31,46.49615478515625,82.33595275878906,14.710612297058105,49.3910026550293,73.9112777709961,217.46400451660156,,165.17269897460938,30.550790786743164,44.2431526184082,37.113258361816406,23.498701095581055,25.168193817138672,28.381906509399414,17.48395347595215,26.224491119384766,24.269533157348633,19.025936126708984,44.624961853027344,30.912317276000977,35.62059783935547,57.58993148803711,16.817546844482422,55.317325592041016,31.245304107666016,69.25267028808594,85.99555206298828,101.40458679199219,86.2515869140625,83.44527435302734,65.04269409179688,20.99361801147461,71.44593048095703,73.30189514160156,106.134521484375,82.80999755859375,105.76374053955078,123.44999694824219,142.55999755859375,16.68000030517578,24.979999542236328,54.75,,,99.99539184570312,59.21979904174805,51.70478820800781,47.72314453125,32.7293586730957,28.42667007446289
2015-02-28,49.057350158691406,81.59923553466797,15.361599922180176,50.49301528930664,73.9112777709961,254.26300048828125,,174.45619201660156,31.89746856689453,47.04719543457031,39.89110565185547,24.879446029663086,26.412731170654297,29.8026123046875,18.881792068481445,28.743980407714844,25.384235382080078,20.541950225830078,47.01279830932617,33.55349349975586,37.09675979614258,60.05911636352539,15.742088317871094,53.284889221191406,33.11327362060547,69.05133819580078,83.86993408203125,95.17997741699219,85.14015197753906,82.260009765625,65.66694641113281,21.052095413208008,71.8020248413086,74.53713989257812,102.2465591430664,81.27999877929688,104.71772003173828,116.16000366210938,144.8000030517578,17.979999542236328,25.799999237060547,54.849998474121094,,,105.94157409667969,62.435333251953125,54.81535720825195,50.55080032348633,33.92379379272461,30.563684463500977
2015-03-31,48.340538024902344,81.90499877929688,14.431619644165039,50.01441955566406,73.9112777709961,244.2239990234375,,171.71627807617188,31.419870376586914,46.375083923339844,40.47251892089844,23.459627151489258,26.325532913208008,29.159761428833008,18.23309326171875,27.975618362426758,25.090980529785156,19.534393310546875,45.81582260131836,33.39141845703125,36.37611389160156,60.44390106201172,15.585413932800293,54.20771026611328,33.625553131103516,69.22339630126953,84.58789825439453,96.21956634521484,84.7298812866211,82.42048645019531,65.6821517944336,21.63687515258789,70.09107971191406,73.57181549072266,100.17764282226562,81.0199966430664,100.5240478515625,113.66000366210938,134.72000122070312,18.59000015258789,24.739999771118164,54.650001525878906,,,107.81670379638672,61.77796173095703,53.9548454284668,50.07576370239258,33.67000961303711,29.95798683166504
2015-04-30,49.72584533691406,81.640625,15.463054656982422,50.450218200683594,73.89509582519531,236.14500427246094,,173.4049072265625,33.57297897338867,48.06618881225586,41.53843307495117,25.022727966308594,27.379825592041016,30.41975212097168,18.73468589782715,27.61557960510254,26.740421295166016,20.191144943237305,45.7008171081543,33.37369918823242,36.09996032714844,59.785282135009766,15.511750221252441,51.03793716430664,31.563861846923828,69.24544525146484,84.05242919921875,92.92390441894531,85.30423736572266,81.44200134277344,66.49217987060547,20.809825897216797,72.94329833984375,77.25508117675781,104.31547546386719,81.37999725341797,104.95543670654297,113.47000122070312,164.0800018310547,19.3700008392334,23.520000457763672,50.75,,,105.05130004882812,61.1364631652832,54.04814147949219,50.40910720825195,33.474159240722656,30.770246505737305
2015-05-31,49.72584533691406,81.28351593017578,14.972700119018555,50.62955856323242,73.8789291381836,230.19000244140625,,175.63421630859375,32.19498062133789,48.16014099121094,42.15214157104492,25.179044723510742,28.061546325683594,29.590473175048828,19.0822696685791,30.073341369628906,25.352947235107422,20.267242431640625,45.84870147705078,33.812435150146484,36.413421630859375,62.47814178466797,15.609965324401855,50.883602142333984,32.786277770996094,69.27397155761719,83.7025375366211,90.71929931640625,84.44642639160156,80.52963256835938,66.28688049316406,21.269298553466797,70.52967071533203,74.90262603759766,103.43592834472656,78.25,102.61612701416016,114.0999984741211,162.47999572753906,18.5,22.6299991607666,49.900001525878906,,,107.40058135986328,63.19279098510742,54.870906829833984,50.87123107910156,33.8168830871582,30.324817657470703
2015-06-30,48.4437370300293,80.4083251953125,15.217877388000488,49.674102783203125,73.8789291381836,263.0719909667969,,172.0666961669922,31.25139617919922,46.65839767456055,41.587093353271484,24.20564842224121,26.57595443725586,28.490558624267578,18.297447204589844,27.472698211669922,24.469791412353516,19.46677017211914,44.63154220581055,33.99990463256836,35.745452880859375,62.23320388793945,14.675859451293945,48.508052825927734,33.43761444091797,69.29597473144531,82.33743286132812,87.02518463134766,83.58113861083984,79.01309967041016,65.08431243896484,20.910078048706055,71.19004821777344,74.58399963378906,103.8357162475586,79.3499984741211,104.09011840820312,112.37000274658203,159.0399932861328,17.690000534057617,25.850000381469727,61.29999923706055,,,108.24148559570312,62.97486877441406,53.85780715942383,50.02975845336914,33.06229782104492,29.417156219482422
2015-07-31,48.84302520751953,81.10160064697266,13.298733711242676,49.429683685302734,73.8789291381836,284.6499938964844,,175.9535369873047,29.279449462890625,47.60639953613281,41.97666931152344,24.590290069580078,27.671451568603516,28.109811782836914,18.81897735595703,26.115324020385742,22.587995529174805,18.48518180847168,44.76362609863281,35.66255187988281,37.78055953979492,64.07369232177734,15.57142448425293,51.30720901489258,34.314178466796875,69.32707977294922,83.58760833740234,90.98138427734375,84.02872467041016,79.67049407958984,65.18058013916016,21.244237899780273,67.57182312011719,71.20065307617188,100.40750122070312,78.31999969482422,102.50202941894531,104.93000030517578,124.72000122070312,16.149999618530273,23.139999389648438,49.849998474121094,,,107.04656219482422,65.3637466430664,55.40876007080078,50.189674377441406,34.39071273803711,28.2067928314209
2015-08-31,45.518375396728516,80.82920837402344,13.264914512634277,48.67673110961914,73.8789291381836,230.05599975585938,,165.2291717529297,26.69225311279297,44.07158279418945,39.347042083740234,22.627309799194336,25.82128143310547,24.834049224853516,17.78034782409668,24.766895294189453,21.6275634765625,17.44325828552246,42.34465026855469,33.33306121826172,35.52768325805664,58.9705810546875,15.029834747314453,48.07941818237305,33.08148956298828,69.29276275634766,83.6536865234375,90.35411071777344,83.23060607910156,79.01127624511719,64.44611358642578,20.935138702392578,65.84329986572266,70.76013946533203,100.16764068603516,80.04000091552734,104.65113067626953,108.81999969482422,127.12000274658203,15.739999771118164,22.90999984741211,48.150001525878906,,,100.29084014892578,61.44104766845703,52.40909957885742,47.28839111328125,32.832698822021484,26.77715492248535
2015-09-30,43.953826904296875,81.48505401611328,12.808379173278809,47.22138595581055,73.84664154052734,236.05999755859375,,161.01321411132812,25.856151580810547,42.124114990234375,37.10698318481445,21.738662719726562,24.823162078857422,24.06598663330078,17.536422729492188,24.438140869140625,20.071809768676758,16.148723602294922,41.41134262084961,33.13740158081055,35.66618728637695,55.607566833496094,15.468321800231934,49.55051040649414,31.28447914123535,69.49717712402344,84.97473907470703,92.1312026977539,82.79523468017578,79.9513168334961,63.7575798034668,20.968557357788086,64.99849700927734,69.74798583984375,99.28809356689453,80.83000183105469,104.20417785644531,106.86000061035156,117.44000244140625,15.600000381469727,23.559999465942383,50.400001525878906,,,95.34017944335938,60.28014373779297,51.72969436645508,45.93299865722656,32.62843322753906,25.053802490234375
2015-10-31,47.31922912597656,81.54097747802734,12.850650787353516,48.746978759765625,73.8304672241211,314.1659851074219,,174.7089080810547,27.50469970703125,44.90934753417969,39.99632263183594,23.17110252380371,25.78070831298828,25.648067474365234,19.378856658935547,26.86215591430664,22.311847686767578,18.316986083984375,45.0469970703125,36.13162612915039,37.69929122924805,59.897972106933594,15.632697105407715,52.403907775878906,32.66453170776367,69.39901733398438,84.43350219726562,91.75459289550781,83.04371643066406,80.40991973876953,65.30442810058594,21.0938663482666,66.13674926757812,71.14439392089844,97.86882781982422,80.3499984741211,102.4734878540039,109.30000305175781,118.4800033569336,15.40999984741211,23.079999923706055,50.650001525878906,,,100.70085906982422,64.69001007080078,56.20524597167969,49.2883415222168,34.58169174194336,27.652568817138672
2015-11-30,47.06660842895508,81.22372436523438,11.996760368347168,47.53023147583008,73.84664154052734,377.3210144042969,,175.34754943847656,26.810577392578125,44.571292877197266,40.19112014770508,22.786470413208008,25.066604614257812,25.5299015045166,19.5164852142334,27.483163833618164,22.30856704711914,18.4990234375,45.437110900878906,36.04684829711914,37.35161590576172,59.70487976074219,15.300390243530273,52.075923919677734,33.222049713134766,69.2197494506836,84.07240295410156,90.95844268798828,82.9239730834961,80.28598022460938,65.50386047363281,21.78724479675293,67.11865234375,69.6261215209961,93.94088745117188,78.73999786376953,98.41292572021484,101.91999816894531,103.44000244140625,13.6899995803833,22.030000686645508,46.599998474121094,,,103.98368072509766,65.03467559814453,56.45341873168945,48.95127487182617,34.50752258300781,27.767087936401367
2015-12-31,46.075504302978516,81.06797790527344,11.29504680633545,46.583282470703125,73.8304672241211,430.5669860839844,,172.31704711914062,25.786455154418945,43.53194046020508,39.63529968261719,21.83728790283203,25.188325881958008,25.8316593170166,19.110313415527344,27.009416580200195,19.962387084960938,17.696157455444336,44.268287658691406,35.02198791503906,38.4414176940918,60.73352813720703,15.62462329864502,53.02942657470703,31.294187545776367,69.11654663085938,83.69153594970703,90.68814086914062,82.08573150634766,79.4179916381836,64.51025390625,21.428022384643555,67.73593139648438,67.17059326171875,96.31963348388672,80.62999725341797,101.18021392822266,101.45999908447266,88.0,14.270000457763672,21.219999313354492,45.70000076293945,,,98.75288391113281,64.9472427368164,55.48405075073242,48.03579330444336,34.68158721923828,25.944089889526367
2016-01-31,43.63222885131836,82.07379913330078,10.804693222045898,45.8375244140625,73.84664154052734,368.7669982910156,,163.7379608154297,24.488725662231445,41.129981994628906,37.60774612426758,20.781957626342773,23.66274642944336,23.806306838989258,18.4008731842041,24.962064743041992,19.26409912109375,15.801012992858887,41.746299743652344,33.20726013183594,38.6469841003418,56.045494079589844,16.39719009399414,51.207008361816406,27.943206787109375,69.56719207763672,86.48151397705078,95.74222564697266,83.37301635742188,79.51556396484375,64.53467559814453,21.603458404541016,65.83092498779297,66.355224609375,94.12079620361328,80.01000213623047,100.77127075195312,106.94999694824219,77.19999694824219,13.619999885559082,21.719999313354492,46.150001525878906,,,90.28230285644531,62.47483825683594,52.923377990722656,43.8681640625,34.200592041015625,22.754241943359375
2016-02-29,43.08744430541992,82.80187225341797,10.779328346252441,46.5236701965332,73.84664154052734,437.6969909667969,,163.60276794433594,24.288454055786133,39.758487701416016,35.61289978027344,20.132518768310547,22.989215850830078,23.65827178955078,18.2804012298584,25.39498519897461,18.72466468811035,17.035911560058594,43.52504348754883,33.355140686035156,38.768795013427734,55.8431282043457,16.714887619018555,51.020790100097656,28.263654708862305,69.64505004882812,87.7666015625,98.69679260253906,84.39087677001953,80.35187530517578,65.66675567626953,21.294361114501953,66.45138549804688,68.67012786865234,96.38961791992188,85.87999725341797,101.1516342163086,118.63999938964844,72.0,14.09000015258789,20.6299991607666,43.349998474121094,,,90.08065795898438,61.67729187011719,53.241302490234375,44.66310501098633,34.55717468261719,22.789684295654297
2016-03-31,46.27360153198242,83.52601623535156,11.235865592956543,47.708614349365234,73.84664154052734,416.72900390625,,174.60760498046875,27.436664581298828,42.37544250488281,37.31342315673828,21.21491241455078,24.125286102294922,26.39015007019043,19.893043518066406,27.627737045288086,20.628204345703125,18.3260555267334,46.56027603149414,35.58906173706055,40.60580825805664,57.35505676269531,18.048145294189453,56.360328674316406,31.031734466552734,69.740966796875,87.70860290527344,98.60475158691406,85.79784393310547,83.25621795654297,67.84251403808594,20.500730514526367,71.46469116210938,71.53804779052734,100.11766052246094,86.0199966430664,105.7256851196289,117.63999938964844,77.5999984741211,14.529999732971191,20.1200008392334,45.0,,,97.29920959472656,64.9506607055664,56.38630294799805,47.348915100097656,36.60702133178711,25.529199600219727
2016-04-30,46.89268493652344,83.73899841308594,12.326480865478516,49.19839096069336,73.8789291381836,448.3179931640625,,175.29579162597656,27.54881477355957,43.31694412231445,37.34611892700195,22.067298889160156,24.83938980102539,26.88134765625,18.89301300048828,26.349178314208984,22.498029708862305,19.262592315673828,47.13945007324219,35.63405990600586,40.02419662475586,59.055908203125,17.611669540405273,55.035377502441406,30.866680145263672,69.76641082763672,87.5716552734375,97.8784408569336,85.97745513916016,84.55052947998047,68.89729309082031,20.13315200805664,70.92498016357422,74.01228332519531,100.277587890625,90.93000030517578,106.35332489013672,123.6500015258789,90.4000015258789,15.0600004196167,21.940000534057617,45.95000076293945,,,98.92628479003906,64.54194641113281,56.162879943847656,47.70392990112305,36.47370147705078,27.20513153076172
2016-05-31,47.04951477050781,83.75039672851562,12.43638801574707,49.28208923339844,73.8789291381836,531.385986328125,,178.27786254882812,26.531452178955078,43.27989196777344,38.556121826171875,21.81023406982422,24.782588958740234,26.295949935913086,19.816810607910156,28.637922286987305,22.28805923461914,19.19715690612793,46.937992095947266,35.65205764770508,40.29969024658203,60.3759765625,17.87718963623047,56.272891998291016,31.343517303466797,69.68350982666016,87.48477935791016,98.66683197021484,85.4236831665039,84.11717224121094,68.74862670898438,20.7513484954834,67.50267028808594,70.79764556884766,96.5995101928711,87.36000061035156,103.26276397705078,116.05999755859375,94.95999908447266,13.920000076293945,22.139999389648438,43.650001525878906,,,101.14263916015625,66.1235122680664,56.76438522338867,48.40625762939453,37.04867935180664,27.19626808166504
2016-06-30,47.02613830566406,85.37109375,12.97746753692627,50.16575241088867,73.8628158569336,673.3369750976562,,178.89756774902344,27.741052627563477,42.23278045654297,37.904022216796875,21.313030242919922,24.700267791748047,26.826171875,19.543781280517578,28.326345443725586,22.894454956054688,19.046546936035156,47.27273941040039,35.245784759521484,42.459163665771484,60.92488098144531,19.240873336791992,60.17170333862305,30.80400848388672,70.10334777832031,90.18592071533203,105.50857543945312,87.34471130371094,86.7200927734375,71.61837005615234,20.7513484954834,69.69994354248047,71.83795928955078,98.2386474609375,93.58000183105469,102.86338806152344,126.47000122070312,92.55999755859375,14.5,20.5,41.25,,,101.12503814697266,68.07494354248047,57.03910446166992,47.82268142700195,38.711605072021484,26.099384307861328
2016-07-31,48.799129486083984,85.8358383178711,12.072848320007324,50.82453155517578,73.89509582519531,624.6810302734375,,185.42214965820312,29.234676361083984,43.91240310668945,39.74979019165039,21.63196563720703,25.166780471801758,28.55755615234375,20.931713104248047,31.460262298583984,22.605915069580078,20.012434005737305,48.9860725402832,36.85321044921875,42.112701416015625,63.889984130859375,19.11252784729004,62.736846923828125,33.136810302734375,70.07048797607422,90.40825653076172,107.72685241699219,87.90261840820312,87.84017944335938,72.59867095947266,20.609333038330078,71.1120834350586,71.05070495605469,98.87831115722656,94.70999908447266,103.61460876464844,128.97999572753906,78.08000183105469,14.609999656677246,18.940000534057617,39.0,,,107.06598663330078,69.90155029296875,58.77621078491211,49.987613677978516,39.28126525878906,27.735036849975586
2016-08-31,48.966392517089844,85.65096282958984,12.165846824645996,51.82451248168945,73.89509582519531,575.4719848632812,,185.6442108154297,29.493024826049805,44.146942138671875,40.474910736083984,21.867698669433594,25.14179229736328,27.87321662902832,21.175060272216797,32.94253921508789,22.98503303527832,19.959003448486328,49.450286865234375,36.37459182739258,41.8663444519043,61.81698989868164,18.052759170532227,60.37530517578125,33.191917419433594,69.90673828125,89.49385833740234,106.6351318359375,87.60143280029297,87.99853515625,73.55945587158203,20.734642028808594,70.38155364990234,70.7226333618164,97.34912109375,93.3499984741211,103.31982421875,124.77999877929688,82.87999725341797,13.699999809265137,17.709999084472656,35.25,,,108.97615051269531,68.85906219482422,58.64659118652344,50.608394622802734,38.510555267333984,28.67730712890625
2016-09-30,49.42637252807617,85.69520568847656,12.690019607543945,52.383426666259766,73.9112777709961,609.7349853515625,,185.6549530029297,30.235811233520508,44.73708724975586,41.33186721801758,21.96476173400879,25.45001983642578,28.933950424194336,21.620107650756836,34.323238372802734,23.8327693939209,19.727245330810547,49.54231643676758,36.27760314941406,41.219295501708984,61.50192642211914,18.117944717407227,59.268898010253906,31.217796325683594,69.99732208251953,89.7063217163086,105.0265884399414,88.25908660888672,87.72077941894531,73.86317443847656,20.617687225341797,71.71150970458984,70.68519592285156,98.478515625,95.20999908447266,103.98548126220703,125.63999938964844,87.44000244140625,14.5,18.68000030517578,35.95000076293945,,,110.14639282226562,69.19862365722656,58.58665084838867,50.93790054321289,38.26124954223633,29.2686767578125
2016-10-31,48.48133087158203,84.99491119384766,12.647747039794922,51.86846160888672,73.92742156982422,700.9719848632812,,182.4362335205078,29.985523223876953,43.74595260620117,41.62850570678711,20.799964904785156,24.167110443115234,28.078514099121094,21.457212448120117,33.82809066772461,23.161088943481445,19.314105987548828,48.5494384765625,35.3983154296875,40.901695251464844,57.45069122314453,18.28066635131836,55.86609649658203,29.083877563476562,69.96353912353516,88.3655014038086,100.42574310302734,87.7817611694336,86.37993621826172,72.58601379394531,21.235883712768555,71.27796173095703,69.11067962646484,96.5995101928711,92.02999877929688,101.51304626464844,121.94000244140625,84.23999786376953,14.449999809265137,19.440000534057617,36.70000076293945,,,105.08292388916016,67.85700988769531,57.3886833190918,50.329261779785156,37.20851516723633,28.761127471923828
2016-11-30,48.98311996459961,82.81438446044922,12.859106063842773,51.878170013427734,73.89509582519531,745.6909790039062,,189.1569061279297,28.66144371032715,42.96665954589844,41.109375,20.841567993164062,23.61728858947754,28.092201232910156,21.493412017822266,36.264347076416016,25.122121810913086,20.632015228271484,52.96225357055664,37.097957611083984,39.18195724487305,58.63622283935547,17.289525985717773,54.92998504638672,31.13500213623047,69.63475036621094,84.63007354736328,92.17705535888672,85.96336364746094,83.643798828125,69.45541381835938,21.92926597595215,69.1989974975586,68.95134735107422,93.9109115600586,84.26000213623047,97.92797088623047,111.75,87.44000244140625,16.889999389648438,18.739999771118164,34.25,,,116.7085189819336,67.45454406738281,59.11618423461914,53.895225524902344,37.43589401245117,32.46533966064453
2016-12-31,49.94430160522461,83.02482604980469,13.391732215881348,52.83216094970703,73.91124725341797,963.7429809570312,,192.99148559570312,28.589027404785156,44.12945556640625,40.72994613647461,21.57298469543457,24.557117462158203,27.69683074951172,21.979124069213867,37.36592483520508,25.55692481994629,20.66845703125,53.124351501464844,37.112449645996094,40.35607147216797,59.05621337890625,18.13650131225586,57.57599639892578,31.201770782470703,69.6851577758789,84.52981567382812,91.75067138671875,85.9284439086914,84.3457260131836,70.48816680908203,22.104698181152344,67.66718292236328,68.95134735107422,93.68102264404297,82.5199966430664,97.2432861328125,109.61000061035156,93.76000213623047,16.350000381469727,18.709999084472656,34.400001525878906,,,120.07493591308594,68.19335174560547,60.29562759399414,55.01569747924805,38.34666442871094,32.7496452331543
2017-01-31,51.396121978759766,83.2015609741211,13.315642356872559,53.314369201660156,73.9435806274414,970.4030151367188,,196.4449920654297,30.4916934967041,45.581844329833984,42.1554069519043,22.107215881347656,25.61575698852539,29.544687271118164,22.760848999023438,38.930965423583984,24.735790252685547,21.608314514160156,54.11478805541992,38.67628860473633,41.04285430908203,60.40969467163086,18.36427879333496,57.464385986328125,31.80093002319336,69.75939178466797,84.71531677246094,92.49768829345703,86.6953353881836,84.46807861328125,71.7096939086914,21.494855880737305,71.17130279541016,71.18190002441406,96.30965423583984,85.41000366210938,99.66819763183594,115.55000305175781,90.55999755859375,17.780000686645508,19.139999389648438,35.45000076293945,,,120.41327667236328,70.341796875,60.99371337890625,55.71330261230469,38.830013275146484,33.394081115722656
2017-02-28,52.687583923339844,83.73892974853516,13.290279388427734,54.131019592285156,73.98084259033203,1179.969970703125,,204.16355895996094,31.02248764038086,46.124568939208984,42.70558547973633,22.43056297302246,25.874168395996094,30.405616760253906,23.792539596557617,40.027076721191406,24.220035552978516,21.728912353515625,56.23225784301758,39.37840270996094,43.00173568725586,64.23882293701172,19.331417083740234,59.48055648803711,33.20201873779297,69.78495025634766,85.32829284667969,93.96344757080078,87.05220031738281,85.58390808105469,72.9115982055664,21.81230926513672,71.99852752685547,69.70109558105469,94.8304214477539,85.80999755859375,97.73779296875,119.2300033569336,91.5999984741211,17.59000015258789,19.40999984741211,36.29999923706055,,,122.7373275756836,73.01163482666016,63.855777740478516,58.260684967041016,40.59384536743164,33.805816650390625
2017-03-31,53.396610260009766,83.69263458251953,12.859106063842773,54.05343246459961,73.96788787841797,1071.7900390625,,204.41879272460938,32.165714263916016,47.615169525146484,42.930660247802734,22.88043975830078,26.657726287841797,31.28055191040039,24.322166442871094,41.78949737548828,23.86012840270996,21.864038467407227,55.8017578125,40.21873474121094,42.81998062133789,63.93010330200195,19.305255889892578,58.0389518737793,34.37773895263672,69.8295669555664,85.39700317382812,93.347900390625,87.05220031738281,85.331298828125,73.28611755371094,21.678647994995117,71.82755279541016,69.5792465209961,95.01033782958984,86.5199966430664,98.3368911743164,118.72000122070312,85.12000274658203,17.309999465942383,19.030000686645508,34.70000076293945,,,122.76927947998047,74.51012420654297,63.82700729370117,57.619041442871094,40.643768310546875,33.68581008911133
2017-04-30,54.25756072998047,84.45170593261719,12.512476921081543,54.49433898925781,74.02294158935547,1347.8900146484375,,206.4479217529297,32.712833404541016,48.76942825317383,43.23076629638672,23.267047882080078,27.708030700683594,31.371549606323242,24.810348510742188,41.55138397216797,23.156953811645508,22.139371871948242,56.89960479736328,41.18360900878906,43.29069137573242,64.91021728515625,19.45199203491211,58.17948913574219,34.91331481933594,69.9602279663086,86.34391021728516,94.81643676757812,87.44377136230469,86.34579467773438,74.5394287109375,21.361194610595703,70.45854949951172,67.80789947509766,95.52005767822266,86.38999938964844,100.3433837890625,120.7699966430664,81.91999816894531,16.899999618530273,18.709999084472656,34.0,,,124.1801986694336,76.43032836914062,64.2215576171875,57.745121002197266,41.214420318603516,33.21982955932617
2017-05-31,55.45615768432617,85.03199005126953,12.33493423461914,55.0564079284668,74.03430938720703,2286.409912109375,,209.36148071289062,33.64375305175781,50.49700164794922,44.42281723022461,24.328479766845703,29.11677360534668,30.958585739135742,25.79126739501953,45.1780891418457,22.337722778320312,22.14354133605957,57.91169738769531,41.63632583618164,44.43611526489258,65.40884399414062,20.25716209411621,57.757850646972656,34.617820739746094,70.01145935058594,87.0577621459961,96.6064224243164,87.40869903564453,87.49690246582031,75.10714721679688,20.951847076416016,69.95425415039062,68.47330474853516,98.03874969482422,86.9000015258789,103.43390655517578,120.62000274658203,79.68000030517578,16.760000228881836,18.969999313354492,34.0,,,121.73340606689453,80.07245635986328,65.17717742919922,57.6741943359375,42.040592193603516,32.69110107421875
2017-06-30,55.892662048339844,85.01642608642578,12.216572761535645,55.12937927246094,74.1104507446289,2480.840087890625,,210.6961669921875,33.95552062988281,50.646484375,45.01091384887695,23.94548988342285,29.2080078125,31.659603118896484,25.066055297851562,42.90549087524414,22.31277847290039,22.553251266479492,58.69422149658203,41.111968994140625,43.43476486206055,68.39612579345703,19.708423614501953,59.04737091064453,35.647216796875,69.95683288574219,86.61417388916016,97.37141418457031,86.6508560180664,87.91714477539062,74.56852722167969,20.676164627075195,72.41650390625,71.31311798095703,98.91828155517578,85.52999877929688,105.06005859375,118.0199966430664,76.0,17.459999084472656,19.049999237060547,39.150001525878906,,,125.84119415283203,80.34900665283203,65.54535675048828,58.3568115234375,41.89154815673828,33.51230239868164
2017-07-31,57.420345306396484,85.30043029785156,12.715380668640137,55.691253662109375,74.13475036621094,2875.340087890625,,215.02688598632812,35.93262481689453,51.990325927734375,45.94216537475586,24.51304817199707,29.344213485717773,33.0546760559082,26.183774948120117,44.980384826660156,22.89706039428711,22.901119232177734,58.866573333740234,41.90549087524414,43.73518753051758,68.95719146728516,20.186342239379883,59.77811813354492,35.480690002441406,70.08695983886719,86.93878936767578,96.73042297363281,87.05067443847656,88.59008026123047,75.44767761230469,20.108089447021484,75.4364013671875,74.15287780761719,97.97877502441406,87.23999786376953,108.83527374267578,120.75,82.23999786376953,18.639999389648438,18.8799991607666,36.54999923706055,,,126.91389465332031,83.14207458496094,66.21516418457031,59.51490783691406,42.739139556884766,34.38709259033203
2017-08-31,57.65078353881836,86.10334014892578,12.766108512878418,55.72770690917969,74.21907806396484,4703.39013671875,,215.65419006347656,36.777626037597656,51.9670295715332,45.90021896362305,24.3118953704834,29.2080078125,33.18991470336914,26.948760986328125,46.287139892578125,21.64257049560547,23.08134651184082,58.995849609375,41.125728607177734,43.252925872802734,70.16561126708984,20.850116729736328,59.622005462646484,35.32339859008789,70.228759765625,88.20599365234375,100.02767181396484,87.95389556884766,89.19002532958984,76.94862365722656,20.074674606323242,74.97718811035156,74.03102111816406,98.70840454101562,87.43000030517578,109.3868179321289,125.81999969482422,77.04000091552734,19.799999237060547,17.690000534057617,32.29999923706055,,,125.3175277709961,84.36235046386719,66.5236587524414,59.641815185546875,43.06448745727539,33.4130973815918
2017-09-30,58.734676361083984,85.61122131347656,13.019740104675293,56.06249237060547,74.27269744873047,4338.7099609375,,219.99952697753906,36.76121520996094,53.19435501098633,46.73918914794922,25.03750991821289,29.820934295654297,32.91231918334961,27.16916275024414,48.685935974121094,23.846290588378906,23.934675216674805,61.464481353759766,41.464561462402344,42.943668365478516,70.8050765991211,20.275333404541016,59.55402374267578,36.90713119506836,70.09764862060547,86.93444061279297,97.7041244506836,87.33638763427734,89.1458740234375,76.80416870117188,20.19998550415039,74.00900268554688,74.10601043701172,97.65895080566406,85.37000274658203,108.50244140625,121.58000183105469,83.44000244140625,18.950000762939453,17.639999389648438,32.900001525878906,,,133.2176971435547,86.73199462890625,68.28766632080078,61.71516799926758,43.28695297241211,35.69546890258789
2017-10-31,59.99777603149414,85.69501495361328,13.535456657409668,56.110042572021484,74.32464599609375,6468.39990234375,,225.18362426757812,37.96717071533203,54.08765411376953,49.205772399902344,25.188383102416992,29.395292282104492,33.2397346496582,28.939067840576172,53.03044128417969,23.64780616760254,24.861717224121094,61.92329025268555,42.34375,42.235633850097656,70.26798248291016,21.06647300720215,58.9161376953125,38.33449172973633,70.03368377685547,86.77017211914062,97.66639709472656,87.5425796508789,89.31768798828125,76.99090576171875,20.534147262573242,72.3508529663086,71.67557525634766,94.73047637939453,84.4800033569336,106.86682891845703,120.66999816894531,87.44000244140625,19.899999618530273,17.209999084472656,31.0,,,134.18862915039062,91.10123443603516,70.27947998046875,63.32748031616211,44.129661560058594,36.32011413574219
2017-11-30,61.20969009399414,85.56787109375,13.662270545959473,55.903682708740234,74.36531066894531,10233.599609375,447.114013671875,232.0665283203125,37.81949996948242,54.46051025390625,50.262882232666016,25.159645080566406,29.778371810913086,33.830501556396484,29.34821128845215,52.98129653930664,24.062185287475586,25.09769630432129,64.50308990478516,44.4887809753418,44.59043884277344,72.31250762939453,21.63212013244629,60.48578643798828,40.623802185058594,69.88231658935547,86.52784729003906,98.39225769042969,87.61810302734375,89.20755767822266,76.78150177001953,20.208341598510742,71.52879333496094,71.6568603515625,95.9398422241211,84.87999725341797,109.1015625,121.0999984741211,91.76000213623047,19.65999984741211,16.989999771118164,30.450000762939453,,,138.13534545898438,93.6484375,72.81124877929688,65.96147918701172,45.48828887939453,37.61466979980469
2017-12-31,62.09743881225586,85.97449493408203,14.042719841003418,56.041099548339844,74.42063903808594,14156.400390625,756.7329711914062,234.8810272216797,39.24209976196289,55.19510269165039,50.61279296875,26.2197265625,30.289154052734375,34.911964416503906,29.508390426635742,52.23244094848633,25.330121994018555,25.63150978088379,65.86315155029297,45.582427978515625,45.59507751464844,71.9144515991211,20.321603775024414,60.3966178894043,41.122657775878906,69.86819458007812,86.68775177001953,100.17579650878906,88.43772888183594,90.2962875366211,77.73747253417969,20.09359359741211,73.79025268554688,73.58409881591797,96.77941131591797,85.13999938964844,109.9383773803711,123.6500015258789,96.08000183105469,21.059999465942383,16.770000457763672,30.0,,,137.5848846435547,93.76319122314453,73.72000885009766,67.09329223632812,45.59699249267578,38.59730911254883
2018-01-31,65.63774108886719,85.0072250366211,14.456982612609863,56.0667610168457,74.518310546875,10221.099609375,1118.31005859375,248.11874389648438,42.49839782714844,57.96624755859375,53.154815673828125,27.200584411621094,31.642717361450195,36.18281555175781,31.58481788635254,56.74176025390625,26.238014221191406,26.65626335144043,69.39698028564453,49.79473114013672,46.340431213378906,76.62872314453125,19.688968658447266,57.82733154296875,41.57793426513672,69.6681900024414,84.82376861572266,96.91443634033203,87.68573760986328,89.18946075439453,77.24201202392578,19.441368103027344,76.25415802001953,75.18701171875,101.1771011352539,87.87999725341797,113.71360778808594,127.6500015258789,103.83999633789062,20.450000762939453,17.149999618530273,31.600000381469727,46.529998779296875,49.34000015258789,141.1043701171875,101.47298431396484,77.09032440185547,70.02186584472656,47.18657684326172,40.86827850341797
2018-02-28,62.700416564941406,84.14973449707031,14.03426456451416,55.580501556396484,74.58028411865234,10397.900390625,855.198974609375,239.0970916748047,39.99163055419922,55.1636962890625,51.57555389404297,25.37794303894043,29.727296829223633,34.83892822265625,31.455623626708984,56.86788558959961,23.395132064819336,25.25040054321289,66.71614074707031,48.06731033325195,42.805999755859375,73.18431854248047,18.925167083740234,53.387474060058594,37.666343688964844,69.5981674194336,84.03252410888672,93.96686553955078,86.77933502197266,87.19412231445312,75.55680847167969,19.80929183959961,73.53265380859375,72.07991027832031,99.66790008544922,89.94000244140625,111.65006256103516,125.0,98.95999908447266,19.959999084472656,17.610000610351562,33.349998474121094,49.7400016784668,48.57600021362305,135.68081665039062,99.99102783203125,74.84937286376953,67.71109008789062,45.18230438232422,39.32403564453125
2018-03-31,61.761505126953125,84.7144775390625,14.35552978515625,55.45163345336914,74.67735290527344,6973.52978515625,396.4570007324219,232.543212890625,40.20817184448242,54.70053482055664,51.24618148803711,25.436500549316406,29.259082794189453,33.93325424194336,30.2811279296875,55.491085052490234,23.798236846923828,24.203433990478516,64.9226303100586,46.92103958129883,42.417789459228516,71.04985046386719,19.643661499023438,55.46465301513672,37.9739990234375,69.77017211914062,85.00375366210938,96.65399169921875,87.65552520751953,87.67964172363281,75.97433471679688,19.742395401000977,72.83355712890625,71.78082275390625,98.34858703613281,90.11000061035156,112.52491760253906,125.79000091552734,104.72000122070312,19.200000762939453,17.959999084472656,31.0,49.29999923706055,47.41999816894531,137.33273315429688,96.53861236572266,73.87865447998047,66.17311096191406,45.063777923583984,38.70684814453125
2018-04-30,62.01131057739258,83.91729736328125,14.845884323120117,55.71756362915039,74.75493621826172,9240.5498046875,669.9240112304688,233.74505615234375,39.07553482055664,55.53266143798828,51.21239471435547,26.53447914123535,28.97815704345703,34.422607421875,30.29964828491211,51.99920654296875,26.057674407958984,24.233184814453125,63.11363220214844,48.03743362426758,40.6607780456543,71.80052185058594,20.04408073425293,55.920291900634766,36.270328521728516,69.6063232421875,83.91867065429688,94.6357650756836,87.5404281616211,86.3066177368164,74.41630554199219,20.177209854125977,71.40787506103516,72.0574951171875,94.78044128417969,87.6500015258789,110.3472671508789,124.58999633789062,110.4000015258789,19.5,18.190000534057617,33.599998474121094,50.869998931884766,48.29999923706055,138.6804962158203,97.02163696289062,72.9139633178711,66.43128967285156,45.159217834472656,38.205936431884766
2018-05-31,62.3041877746582,84.47271728515625,15.243240356445312,55.745628356933594,74.86695098876953,7494.169921875,577.64501953125,239.42723083496094,38.051185607910156,54.48073959350586,50.452327728271484,26.37344741821289,28.322656631469727,34.71475601196289,32.35480499267578,57.76559829711914,26.837886810302734,24.730520248413086,65.05370330810547,48.99168395996094,40.02408218383789,71.9314193725586,19.822490692138672,57.97806167602539,36.56824493408203,69.8515396118164,84.74620819091797,96.53260040283203,87.82861328125,86.75658416748047,73.81336212158203,20.704011917114258,71.81588745117188,71.37738037109375,95.23021697998047,88.02999877929688,106.73371124267578,123.0999984741211,108.4000015258789,19.549999237060547,18.030000686645508,34.29999923706055,56.47999954223633,48.66999816894531,147.22813415527344,100.36659240722656,74.87907409667969,67.7463607788086,45.6104621887207,40.00921630859375
2018-06-30,61.93951416015625,84.55937194824219,14.947338104248047,55.80071258544922,74.97828674316406,6404.0,455.17999267578125,240.80418395996094,36.321495056152344,53.617706298828125,49.28544616699219,26.060073852539062,28.425161361694336,34.235774993896484,32.26966094970703,55.12225341796875,26.990741729736328,24.798664093017578,62.84906005859375,50.764556884765625,41.85279846191406,73.11781311035156,20.38026237487793,60.41442108154297,36.905128479003906,69.88169860839844,84.91354370117188,97.15601348876953,88.39720153808594,86.33382415771484,72.71151733398438,20.854524612426758,70.30422973632812,70.4231185913086,94.70049285888672,86.47000122070312,106.56251525878906,118.6500015258789,120.4800033569336,18.709999084472656,16.440000534057617,31.899999618530273,52.169898986816406,44.45000076293945,148.13262939453125,100.2948226928711,74.87669372558594,67.02450561523438,46.3838996887207,39.36919403076172
2018-07-31,63.838104248046875,84.53468322753906,14.5837984085083,56.73686981201172,75.08238983154297,7780.43994140625,433.86700439453125,249.72509765625,37.6040153503418,55.14688491821289,49.8131103515625,26.30733299255371,30.274797439575195,34.88314437866211,32.94320297241211,57.36745071411133,27.41012954711914,25.507568359375,67.49056243896484,51.679500579833984,43.50969314575195,77.90995788574219,20.7058162689209,60.77788162231445,36.97044372558594,69.83975219726562,84.46540069580078,95.76000213623047,87.92622375488281,87.4940185546875,74.58256530761719,20.887971878051758,70.6825180053711,71.20126342773438,94.62052917480469,85.58000183105469,106.60057830810547,115.98999786376953,114.23999786376953,17.899999618530273,16.959999084472656,34.70000076293945,55.43000030517578,42.63650131225586,150.57545471191406,102.05935668945312,77.65824127197266,69.31248474121094,47.910831451416016,40.51444625854492
2018-08-31,64.28226470947266,85.01483917236328,14.693704605102539,57.138484954833984,75.20144653320312,7037.580078125,283.0039978027344,257.6962890625,36.18737030029297,53.9139289855957,49.54928207397461,25.153438568115234,30.335874557495117,34.22090148925781,35.11711502075195,58.858089447021484,26.45760154724121,25.31113052368164,67.64848327636719,54.31759262084961,43.68024444580078,81.28289031982422,20.972536087036133,62.34294509887695,37.34368133544922,70.08194732666016,85.32184600830078,97.01638793945312,88.49312591552734,87.51143646240234,72.8528823852539,21.06357192993164,68.47393035888672,70.98531341552734,96.51954650878906,86.08999633789062,105.75421905517578,113.51000213623047,117.68000030517578,16.719999313354492,16.200000762939453,33.349998474121094,51.41999816894531,38.37990188598633,157.06613159179688,108.04779815673828,80.55638122558594,71.81141662597656,49.376686096191406,41.458133697509766
2018-09-30,64.6741714477539,84.48800659179688,15.192513465881348,57.43819046020508,75.30671691894531,6625.56005859375,232.84800720214844,259.2283935546875,35.97780227661133,54.43433380126953,51.25993347167969,25.5655460357666,30.266071319580078,33.79676055908203,35.11035919189453,57.480865478515625,27.104751586914062,24.856687545776367,69.1214599609375,54.6057243347168,44.11147689819336,83.68415069580078,20.83656120300293,60.681884765625,35.950923919677734,69.9817123413086,84.293701171875,94.23756408691406,87.63434600830078,87.38829803466797,74.33253479003906,21.122102737426758,68.8996353149414,71.72376251220703,95.26020050048828,84.1500015258789,105.70668029785156,112.76000213623047,124.16000366210938,17.579999923706055,15.869999885559082,31.25,47.86000061035156,38.685001373291016,153.41432189941406,109.0404052734375,81.41645050048828,71.67085266113281,49.99079513549805,41.308067321777344
2018-10-31,59.86673355102539,83.94384002685547,14.33862018585205,56.30278778076172,75.43521118164062,6317.60986328125,197.38099670410156,241.31466674804688,32.82598114013672,50.00689697265625,46.672664642333984,23.834701538085938,28.878843307495117,31.01384925842285,32.29984664916992,50.619197845458984,24.034265518188477,22.573972702026367,61.60978698730469,49.090171813964844,44.99483871459961,78.01141357421875,21.248144149780273,58.906890869140625,31.789073944091797,70.08887481689453,84.03825378417969,91.47590637207031,86.30299377441406,85.59746551513672,72.46315002441406,21.590370178222656,67.4984130859375,70.44918060302734,92.61158752441406,84.70999908447266,103.09156799316406,115.1500015258789,110.31999969482422,16.68000030517578,16.1200008392334,30.700000762939453,47.68600082397461,42.720001220703125,136.55740356445312,98.29214477539062,75.2541275024414,67.43667602539062,47.96626663208008,35.987178802490234
2018-11-30,60.816017150878906,84.59149169921875,12.926741600036621,56.07807540893555,75.57545471191406,4017.2685546875,113.17141723632812,245.7908172607422,34.435428619384766,50.255088806152344,47.09819412231445,23.54997444152832,28.974817276000977,32.077911376953125,31.66597557067871,52.26240158081055,23.65850257873535,23.432138442993164,63.954978942871094,50.30602264404297,46.017269134521484,84.31739807128906,22.000083923339844,61.6596794128418,33.210655212402344,70.35591888427734,85.15599822998047,93.11078643798828,86.71644592285156,85.29061889648438,72.1091537475586,21.67399024963379,69.6574935913086,69.83129119873047,93.3511962890625,84.22000122070312,102.95846557617188,115.54000091552734,85.83999633789062,17.420000076293945,16.170000076293945,30.350000381469727,48.150001525878906,39.52000045776367,138.91485595703125,99.6849365234375,75.94783020019531,67.03691101074219,49.51752853393555,36.69479751586914
2018-12-31,56.43111038208008,86.2674331665039,12.409507751464844,54.906715393066406,75.71358489990234,3742.700439453125,133.36825561523438,224.14935302734375,33.23401641845703,47.566558837890625,43.47584915161133,22.47099494934082,27.500337600708008,31.14763069152832,29.01348304748535,48.84331130981445,20.715578079223633,21.818201065063477,57.13801956176758,46.303550720214844,41.915042877197266,76.43064880371094,21.121294021606445,56.75654220581055,30.54432487487793,70.89049530029297,87.54402160644531,98.56103515625,87.17723083496094,86.87659454345703,73.48458862304688,21.509845733642578,67.26294708251953,68.03556060791016,94.8304214477539,87.11000061035156,104.10909271240234,121.25,77.27999877929688,16.440000534057617,16.049999237060547,29.649999618530273,44.15999984741211,37.45000076293945,122.28372192382812,92.19412994384766,69.51423645019531,59.62776565551758,46.20575714111328,32.59492111206055
2019-01-31,60.96951675415039,87.0532455444336,13.291621208190918,57.62158203125,75.84602355957031,3457.792724609375,107.0610122680664,242.09596252441406,36.67142105102539,50.722564697265625,46.55492401123047,24.10942268371582,29.070785522460938,33.596595764160156,31.026348114013672,53.75535202026367,23.038177490234375,23.040395736694336,63.667057037353516,50.87263488769531,44.06939697265625,80.10598754882812,21.85567283630371,63.48484802246094,34.45158004760742,71.06849670410156,88.11531066894531,98.93415069580078,88.4190902709961,89.8027572631836,76.99930572509766,21.459131240844727,69.50556945800781,70.76698303222656,93.64105987548828,87.6500015258789,103.94744110107422,124.75,90.80000305175781,17.3700008392334,16.190000534057617,30.25,45.43830108642578,39.13999938964844,136.12855529785156,98.14537811279297,75.24669647216797,65.49441528320312,48.815853118896484,36.81591796875
2019-02-28,62.47351837158203,86.95413970947266,13.66844367980957,58.32143783569336,75.9862060546875,3854.785400390625,136.74624633789062,249.94371032714844,36.109867095947266,52.009239196777344,46.623538970947266,24.936294555664062,30.161375045776367,34.72922897338867,33.170291900634766,57.19502258300781,23.569162368774414,23.77457618713379,67.72107696533203,51.54140853881836,44.853553771972656,80.97178649902344,22.75368309020996,63.92628479003906,36.038909912109375,71.12969207763672,87.65223693847656,97.57245635986328,88.26782989501953,89.61970520019531,77.30608367919922,21.670429229736328,67.91995239257812,70.63603973388672,93.18128967285156,85.55000305175781,103.2342529296875,123.98999786376953,95.5999984741211,18.40999984741211,15.649999618530273,26.850000381469727,43.83879852294922,35.241798400878906,143.17884826660156,101.47515869140625,78.52499389648438,66.73513793945312,50.685237884521484,38.23830795288086
2019-03-31,63.4586067199707,88.79984283447266,13.617058753967285,59.07427215576172,76.11915588378906,4105.404296875,141.51409912109375,254.46786499023438,36.51826477050781,52.4866828918457,46.93231201171875,25.27317237854004,30.859355926513672,35.127193450927734,34.7520866394043,59.1610107421875,24.07073974609375,24.07245635986328,66.94266510009766,53.42539596557617,46.568302154541016,81.36201477050781,23.38884925842285,66.62171936035156,36.297420501708984,71.57554626464844,89.97953796386719,103.00880432128906,90.01123046875,92.24463653564453,78.47039031982422,22.000051498413086,67.93335723876953,69.63665771484375,93.3511962890625,86.11000061035156,101.76976013183594,122.01000213623047,100.0,18.31999969482422,15.229999542236328,26.450000762939453,46.70000076293945,33.91999816894531,140.18167114257812,103.62353515625,80.51371002197266,66.09976196289062,52.06070327758789,38.43785095214844
2019-04-30,65.63107299804688,88.62188720703125,13.779778480529785,59.656883239746094,76.26570129394531,5350.7265625,162.16603088378906,264.8634948730469,37.377628326416016,54.02421951293945,47.532684326171875,25.847387313842773,31.583505630493164,35.762386322021484,36.9640007019043,66.03408813476562,24.067092895507812,24.918245315551758,69.6014404296875,56.344200134277344,47.89621353149414,79.1539306640625,23.605966567993164,66.5143814086914,38.28411102294922,71.70687103271484,89.5129623413086,100.9577865600586,90.21024322509766,92.64716339111328,78.6092529296875,22.11837387084961,67.51097106933594,69.51026153564453,91.12236022949219,85.5199966430664,101.64615631103516,121.19999694824219,106.31999969482422,18.18000030517578,15.069999694824219,24.700000762939453,46.0099983215332,32.599998474121094,144.94317626953125,105.96054077148438,83.56879425048828,68.3593521118164,53.19400405883789,40.83270263671875
2019-05-31,61.646751403808594,90.31533813476562,12.957616806030273,58.503326416015625,76.42752838134766,8574.501953125,268.1135559082031,247.97279357910156,34.63790512084961,51.30520248413086,45.216949462890625,24.262548446655273,31.374116897583008,34.56086349487305,33.76117706298828,55.09709548950195,21.39499855041504,22.879676818847656,64.28386688232422,52.05984115600586,46.15332794189453,77.3980941772461,23.4210147857666,66.60638427734375,36.11851501464844,72.22441101074219,92.24185943603516,107.86255645751953,91.79092407226562,94.1764144897461,78.99674224853516,22.24515151977539,66.5257339477539,68.87772369384766,92.6415786743164,87.94999694824219,101.21825408935547,123.33000183105469,88.80000305175781,16.469999313354492,16.709999084472656,28.200000762939453,41.029998779296875,36.72999954223633,133.56129455566406,103.63275146484375,78.06785583496094,61.79572296142578,52.33517837524414,36.061500549316406
2019-06-30,65.64789581298828,91.30754852294922,13.471467971801758,60.348838806152344,76.56627655029297,10817.1552734375,290.69598388671875,265.2283630371094,36.78813171386719,54.33818817138672,47.23825454711914,25.37777328491211,33.44269561767578,36.8189811706543,36.77885055541992,62.184085845947266,23.405086517333984,25.525421142578125,69.37541961669922,56.1287956237793,48.56231689453125,82.50175476074219,24.167280197143555,67.64164733886719,39.33338928222656,72.55731964111328,93.36458587646484,108.88739013671875,92.47875213623047,97.23409271240234,81.78247833251953,21.949337005615234,67.32933044433594,71.1554183959961,94.86041259765625,88.33999633789062,102.95846557617188,133.1999969482422,96.31999969482422,16.959999084472656,16.440000534057617,28.649999618530273,40.095001220703125,37.59000015258789,142.89039611816406,109.97592163085938,83.58958435058594,67.70944213867188,54.94330978393555,39.7650260925293
2019-07-31,65.69244384765625,91.47357940673828,13.317312240600586,60.443389892578125,76.7044448852539,10085.6279296875,218.65414428710938,269.2383728027344,35.81077575683594,53.280029296875,47.03919219970703,24.765316009521484,33.09544372558594,36.203121185302734,38.06544494628906,65.68489074707031,23.034048080444336,25.45560646057129,69.73387145996094,56.844520568847656,49.699649810791016,81.16590881347656,24.134849548339844,68.7947998046875,39.305084228515625,72.51102447509766,93.40025329589844,109.16673278808594,92.77021026611328,97.48104858398438,82.38252258300781,22.591676712036133,65.62842559814453,70.66952514648438,93.09132385253906,87.4800033569336,100.10562133789062,133.2100067138672,96.31999969482422,16.700000762939453,15.859999656677246,26.549999237060547,38.915000915527344,33.83000183105469,143.86447143554688,111.9510269165039,84.74102020263672,68.7936019897461,55.860076904296875,39.913761138916016
2019-08-31,64.24071502685547,94.01907348632812,12.700691223144531,60.860233306884766,76.83442687988281,9630.6640625,172.46978759765625,264.73052978515625,34.4561882019043,52.25493240356445,46.66702651977539,23.823070526123047,33.3625602722168,34.36334228515625,37.48106002807617,64.16483306884766,21.116378784179688,24.73565673828125,67.8879165649414,56.3077392578125,50.77843475341797,80.68500518798828,25.362878799438477,71.37200164794922,39.68256759643555,73.07795715332031,97.09111785888672,121.22866821289062,94.93266296386719,101.26921081542969,83.6612319946289,22.71000099182129,64.64486694335938,70.16632843017578,93.41116333007812,89.55000305175781,99.3734130859375,143.75,91.68000030517578,16.0,14.75,24.799999237060547,35.900001525878906,32.029998779296875,136.77049255371094,112.24775695800781,83.23319244384766,65.68290710449219,56.7501335144043,37.562068939208984
2019-09-30,65.68352508544922,93.44357299804688,12.880538940429688,61.127418518066406,76.95877075195312,8293.8681640625,179.87220764160156,269.8816833496094,35.0391731262207,53.90830612182617,49.107704162597656,24.67894172668457,33.567344665527344,34.87006378173828,38.07057571411133,66.55525207519531,21.947160720825195,25.52219009399414,69.9322738647461,57.023651123046875,51.66769790649414,80.59980773925781,26.441211700439453,72.74737548828125,41.708961486816406,72.97988891601562,95.93955993652344,117.97984313964844,93.88237762451172,100.50370025634766,82.74365234375,22.904394149780273,64.78978729248047,70.53173065185547,92.57160949707031,87.94999694824219,98.4795150756836,138.8699951171875,90.72000122070312,16.1299991607666,15.180000305175781,26.5,37.060001373291016,33.43000030517578,139.5565643310547,110.9699935913086,84.7742919921875,68.87179565429688,57.30838394165039,38.55458068847656
2019-10-31,67.48258972167969,93.6380615234375,13.128900527954102,61.12041473388672,77.08248901367188,9199.5849609375,183.9669189453125,275.8472595214844,36.505218505859375,55.73528289794922,50.786746978759766,25.542667388916016,34.35088348388672,35.77436065673828,39.55500793457031,70.6289291381836,21.487459182739258,25.517810821533203,70.72503662109375,57.094512939453125,51.44898986816406,84.73130798339844,26.2410888671875,73.56653594970703,43.08094024658203,73.20823669433594,96.11980438232422,116.66647338867188,93.85488891601562,100.9510726928711,83.21980285644531,22.473350524902344,66.17176818847656,71.01093292236328,93.59107208251953,88.0199966430664,100.67617797851562,142.42999267578125,90.4000015258789,16.540000915527344,15.149999618530273,27.149999618530273,39.22890090942383,33.970001220703125,143.3466033935547,111.68650817871094,86.64595031738281,70.8277816772461,57.174285888671875,39.47787857055664
2019-11-30,69.05899810791016,93.60569763183594,13.111773490905762,61.467525482177734,77.16593170166016,7569.6298828125,152.53968811035156,285.83245849609375,36.47092056274414,56.36357116699219,51.43586730957031,25.856746673583984,34.63580322265625,35.98484420776367,41.67766571044922,73.50005340576172,21.832239151000977,26.329084396362305,73.9050064086914,57.85042953491211,52.15561294555664,88.97010040283203,25.750980377197266,72.60696411132812,43.44996643066406,73.17369079589844,95.45925903320312,116.19149780273438,94.1298828125,101.43062591552734,82.42948913574219,22.743806838989258,64.91925811767578,70.42711639404297,92.23178100585938,86.8499984741211,99.38292694091797,137.86000061035156,92.95999908447266,16.649999618530273,14.520000457763672,28.350000381469727,38.82870101928711,38.529998779296875,149.17449951171875,115.36224365234375,90.50848388671875,73.44700622558594,57.969970703125,41.33378601074219
2019-12-31,71.43597412109375,93.5618896484375,13.878700256347656,62.642356872558594,77.25201416015625,7193.59912109375,129.61085510253906,294.1374206542969,39.29022216796875,58.0518913269043,51.883121490478516,27.25417709350586,36.185062408447266,36.848304748535156,43.4784049987793,79.32992553710938,23.147891998291016,27.082725524902344,73.75636291503906,59.44892883300781,53.413978576660156,92.06206512451172,26.598323822021484,73.16531372070312,43.15803146362305,73.2871322631836,94.57337951660156,112.47626495361328,94.45623016357422,101.96546936035156,84.8577880859375,22.388757705688477,67.34748840332031,72.07828521728516,95.13025665283203,87.43000030517578,101.08512115478516,142.89999389648438,102.4800033569336,17.540000915527344,14.800000190734863,29.25,41.10499954223633,41.7400016784668,153.331298828125,117.31944274902344,93.07526397705078,75.84606170654297,58.99794387817383,43.6644401550293
2020-01-31,70.40837097167969,95.46029663085938,12.68661117553711,62.350303649902344,77.3449478149414,9350.529296875,180.16017150878906,294.0187683105469,36.873443603515625,56.413330078125,50.57815170288086,26.08728790283203,36.274105072021484,35.68635177612305,45.21430969238281,76.78986358642578,20.60331916809082,25.411556243896484,73.43043518066406,59.40153121948242,53.58361053466797,89.60371398925781,28.392948150634766,74.064208984375,44.55207061767578,73.71148681640625,97.85108947753906,121.12702941894531,96.47386932373047,104.45963287353516,85.90966033935547,22.6560115814209,64.25882720947266,70.76321411132812,95.54005432128906,87.63999938964844,99.8869400024414,149.3300018310547,86.72000122070312,15.779999732971191,14.420000076293945,28.600000381469727,40.290000915527344,33.01369857788086,148.5740966796875,121.71099090576172,92.43939971923828,72.9805908203125,60.382965087890625,41.885658264160156
2020-02-29,65.13518524169922,96.9730453491211,11.842577934265137,61.546268463134766,77.43630981445312,8599.5087890625,219.8485107421875,270.74249267578125,35.481170654296875,52.03268051147461,46.38301467895508,23.417816162109375,33.72761154174805,33.537532806396484,41.91323471069336,73.2293472290039,17.453445434570312,23.24652671813965,66.16072082519531,54.903282165527344,49.18192672729492,83.70183563232422,25.593997955322266,68.86009216308594,40.455326080322266,74.3576431274414,100.74911499023438,129.15350341796875,97.36369323730469,105.59971618652344,84.8324966430664,22.87153434753418,62.54243469238281,69.82029724121094,95.32017517089844,87.93000030517578,99.3734130859375,148.3800048828125,75.5999984741211,15.880000114440918,13.760000228881836,27.149999618530273,36.334999084472656,35.400001525878906,135.4316864013672,112.96529388427734,84.7353515625,65.94792938232422,55.103729248046875,38.028507232666016
2020-03-31,56.400611877441406,96.46216583251953,9.789052963256836,55.37439727783203,77.59467315673828,6438.64453125,133.59356689453125,236.93446350097656,29.885787963867188,44.692596435546875,43.25636672973633,19.085918426513672,31.483854293823242,26.987600326538086,38.31794738769531,65.05524444580078,11.4545316696167,19.992773056030273,53.83766174316406,46.71537399291992,46.46113967895508,80.44802856445312,23.035720825195312,55.506858825683594,28.37125015258789,75.28269958496094,104.49974060058594,137.38917541503906,95.65216064453125,98.93437957763672,72.13187408447266,23.130165100097656,58.899932861328125,66.5950698852539,95.41012573242188,88.19000244140625,99.18323516845703,148.0500030517578,33.68000030517578,13.859999656677246,12.960000038146973,29.0,29.489500045776367,37.34590148925781,106.34489440917969,99.9365005493164,75.08399963378906,53.86602783203125,48.87641143798828,27.838525772094727
2020-04-30,61.944210052490234,98.12040710449219,9.484503746032715,58.078670501708984,77.57943725585938,8658.5537109375,207.60205078125,267.0212707519531,32.08366394042969,47.29254913330078,45.33203887939453,20.18088150024414,32.83723449707031,29.168258666992188,43.581478118896484,74.51188659667969,14.978395462036133,23.028980255126953,58.58186721801758,55.53642272949219,49.69387435913086,90.57443237304688,23.804824829101562,60.481407165527344,34.3331184387207,75.48797607421875,104.78736114501953,139.06382751464844,98.54910278320312,103.72852325439453,75.30047607421875,23.09568214416504,62.509765625,67.3363037109375,95.06031036376953,88.30999755859375,98.46047973632812,158.8000030517578,19.1200008392334,14.949999809265137,12.020000457763672,26.799999237060547,33.7151985168457,33.496498107910156,121.07115936279297,111.63078308105469,84.30271911621094,59.83403778076172,53.45546340942383,33.213714599609375
2020-05-31,65.09912872314453,98.78035736083984,10.250224113464355,59.78995895385742,77.56587219238281,9461.05859375,230.9757080078125,279.7435607910156,33.038116455078125,49.85907745361328,48.52875900268555,20.56451988220215,34.110477447509766,29.5582332611084,46.709083557128906,79.8441390991211,15.27796459197998,24.613664627075195,61.738590240478516,59.15153121948242,50.5212516784668,93.55330657958984,24.815052032470703,61.530372619628906,40.14260482788086,75.42872619628906,105.13048553466797,136.61376953125,99.19080352783203,106.28047180175781,80.02288818359375,22.931882858276367,63.92106246948242,68.03948211669922,95.37014770507812,87.83000183105469,99.6396713256836,162.91000366210938,25.8799991607666,15.510000228881836,12.180000305175781,26.75,33.548500061035156,30.459999084472656,129.05210876464844,118.18183135986328,89.03715515136719,61.9031867980957,55.76309585571289,36.253944396972656
2020-06-30,67.01341247558594,99.4314193725586,10.71139907836914,59.44113540649414,77.56587219238281,9137.9931640625,226.31500244140625,284.7046813964844,35.220252990722656,51.60972595214844,48.48130798339844,20.903160095214844,35.25906753540039,32.08062744140625,49.95490646362305,86.05775451660156,15.110591888427734,25.150604248046875,62.95658493041992,60.96977615356445,50.40778350830078,91.2682113647461,23.655622482299805,63.02242660522461,41.911041259765625,75.4461898803711,105.17538452148438,137.07359313964844,100.16805267333984,108.54167938232422,82.40477752685547,22.690494537353516,66.14839172363281,68.98029327392578,96.70944213867188,87.70999908447266,100.7903060913086,167.3699951171875,28.059999465942383,17.06999969482422,12.399999618530273,25.299999237060547,36.20000076293945,31.190000534057617,133.478515625,123.29248809814453,89.20405578613281,62.13943099975586,55.14354705810547,38.29340362548828
2020-07-31,70.60404968261719,100.75701904296875,11.259584426879883,62.44911193847656,77.57432556152344,11323.466796875,345.5546569824219,301.47149658203125,38.126651763916016,52.610206604003906,47.960479736328125,21.041107177734375,36.679927825927734,32.57280349731445,52.79473114013672,92.2594223022461,14.384004592895508,26.94037628173828,65.73326873779297,65.4049072265625,53.8978157043457,96.24797058105469,25.5001220703125,65.31763458251953,47.362327575683594,75.51680755615234,106.07369995117188,143.1529998779297,102.4971694946289,111.90658569335938,85.58321380615234,21.793909072875977,68.48135375976562,69.91153717041016,100.09767150878906,89.43000030517578,105.611572265625,185.42999267578125,29.06999969482422,17.950000762939453,11.720000267028809,27.049999237060547,37.411800384521484,36.45000076293945,137.37533569335938,131.94180297851562,93.6214828491211,62.792816162109375,57.66290283203125,39.14522171020508
2020-08-31,74.85831451416016,99.92716217041016,11.781667709350586,62.43515396118164,77.57432556152344,11680.8203125,435.0797424316406,322.5133056640625,39.22754669189453,55.09446716308594,51.217872619628906,21.61724090576172,37.76593780517578,34.25914001464844,59.06718063354492,97.60643005371094,14.232301712036133,28.114221572875977,71.30497741699219,71.65418243408203,56.37350845336914,98.73784637451172,24.83777618408203,65.60655212402344,50.360069274902344,75.49933624267578,105.04496765136719,135.92869567871094,103.40927124023438,109.91658782958984,86.20405578613281,21.466312408447266,70.65107727050781,71.78356170654297,101.16710662841797,89.30999755859375,106.90485382080078,184.8300018310547,30.579999923706055,18.959999084472656,12.619999885559082,27.600000381469727,38.64500045776367,39.27000045776367,144.8984832763672,144.44984436035156,100.04766082763672,65.20861053466797,59.23634338378906,41.85380554199219
2020-09-30,72.64936828613281,99.82994842529297,11.364002227783203,61.853492736816406,77.55738067626953,10784.4912109375,359.9378662109375,310.437255859375,38.83122634887695,53.966800689697266,52.14476776123047,20.684066772460938,37.16863250732422,32.74225616455078,55.91587448120117,97.12716674804688,12.153440475463867,28.5380802154541,70.81855010986328,70.31897735595703,55.42937469482422,96.58489990234375,25.106353759765625,63.85858917236328,51.52610397338867,75.49845123291016,105.38929748535156,136.98001098632812,103.01834869384766,109.4332275390625,84.4098892211914,21.854257583618164,68.52935028076172,70.26312255859375,99.12818145751953,89.62000274658203,104.95543670654297,177.1199951171875,28.290000915527344,18.700000762939453,13.109999656677246,28.549999237060547,38.87950134277344,33.54999923706055,140.1729278564453,138.95716857910156,96.89513397216797,63.84537124633789,58.24997329711914,39.75775909423828
2020-10-31,71.03128814697266,99.2725830078125,11.007245063781738,62.10300064086914,77.56587219238281,13780.9951171875,386.59033203125,302.69683837890625,39.37727737426758,52.05061721801758,51.41208267211914,19.750886917114258,35.23191833496094,32.47598648071289,53.11769485473633,97.40458679199219,11.654314994812012,28.331804275512695,69.79737091064453,68.40049743652344,53.83827590942383,93.0870361328125,26.374784469604492,61.9418830871582,49.70911407470703,75.4635238647461,103.93404388427734,132.3428955078125,102.32140350341797,108.87471771240234,84.02497863769531,21.871498107910156,67.25247955322266,70.19661712646484,99.51797485351562,90.29000091552734,104.16613006591797,176.1999969482422,25.25,18.920000076293945,13.329999923706055,29.049999237060547,40.84479904174805,31.510000228881836,143.26109313964844,133.1405487060547,94.38261413574219,63.161739349365234,56.35797119140625,40.45643997192383
2020-11-30,79.38526153564453,100.4705581665039,12.129722595214844,64.18423461914062,77.55738067626953,19625.8359375,614.842529296875,335.623291015625,42.91780471801758,59.477935791015625,56.841064453125,22.93180274963379,38.48993682861328,36.95404052734375,59.16447448730469,115.36580657958984,14.916874885559082,31.834035873413086,80.98410034179688,75.23719024658203,57.85928726196289,100.48564147949219,26.569272994995117,67.93468475341797,54.729759216308594,75.4801254272461,104.2857437133789,134.5450439453125,103.55671691894531,112.98097229003906,87.57072448730469,21.397342681884766,70.2190933227539,72.00211334228516,100.26758575439453,90.5,106.62908172607422,166.6699981689453,30.969999313354492,21.329999923706055,14.149999618530273,28.600000381469727,41.75559997558594,36.310001373291016,169.39779663085938,147.29080200195312,105.03977966308594,73.53728485107422,60.91889190673828,50.936641693115234
2020-12-31,83.10626220703125,100.55667114257812,12.791028022766113,65.44090270996094,77.5599136352539,29001.720703125,737.8034057617188,348.05767822265625,45.97760772705078,62.460994720458984,59.873653411865234,24.03934669494629,40.45708465576172,39.07555389404297,62.44314193725586,121.1505126953125,15.585169792175293,32.6240348815918,81.79948425292969,77.06381225585938,58.81456756591797,104.30191040039062,26.734119415283203,69.79204559326172,55.231544494628906,75.51070404052734,104.03706359863281,132.8932647705078,104.69332122802734,113.15115356445312,89.4583511352539,20.897323608398438,73.76171112060547,73.46554565429688,102.91620635986328,91.45999908447266,109.1110610961914,178.36000061035156,33.0099983215332,21.729999542236328,15.579999923706055,30.950000762939453,44.99509811401367,37.40999984741211,184.04473876953125,152.353271484375,108.93240356445312,75.67001342773438,62.324798583984375,54.571815490722656
2021-01-31,82.84977722167969,99.8080062866211,13.217394828796387,65.19352722167969,77.5599136352539,33114.359375,1314.9862060546875,344.5107421875,47.43693161010742,61.97303009033203,59.36849594116211,23.981895446777344,39.86852264404297,39.132686614990234,61.919673919677734,125.06127166748047,16.169095993041992,31.835359573364258,78.30764770507812,77.65338134765625,55.88472366333008,105.76382446289062,26.499610900878906,69.81671142578125,57.78038787841797,75.52820587158203,102.90083312988281,128.06552124023438,104.97218322753906,111.07866668701172,87.86847686767578,21.052501678466797,73.06087493896484,73.05692291259766,102.12660217285156,90.08000183105469,108.28372955322266,172.61000061035156,35.18000030517578,21.90999984741211,16.8799991607666,31.5,46.42499923706055,35.970001220703125,192.96250915527344,154.78086853027344,105.84845733642578,78.16881561279297,60.62620162963867,54.225746154785156
2021-02-28,84.74604797363281,98.29276275634766,14.557408332824707,65.03404235839844,77.55143737792969,45137.76953125,1416.0489501953125,354.0899963378906,47.81066131591797,63.359901428222656,60.458553314208984,24.92574119567871,39.14413070678711,40.42242431640625,62.76491928100586,133.2054901123047,19.80015754699707,33.146812438964844,83.70243835449219,77.24117279052734,55.19587326049805,103.5387954711914,24.883623123168945,72.20804595947266,59.44770050048828,75.48448181152344,100.46896362304688,120.72356414794922,103.20065307617188,108.56462860107422,85.19107818603516,21.13871192932129,73.5888900756836,73.3990249633789,99.93775177001953,88.5,107.58953857421875,161.80999755859375,41.310001373291016,25.100000381469727,17.219999313354492,31.450000762939453,50.432098388671875,39.38999938964844,204.9311981201172,153.87411499023438,109.23239135742188,83.56698608398438,60.396671295166016,64.232666015625
2021-03-31,87.16447448730469,97.1659927368164,14.45299243927002,65.82451629638672,77.5429916381836,58918.83203125,1918.362060546875,370.1654968261719,47.463623046875,64.9522476196289,60.72443389892578,25.697229385375977,40.03150939941406,41.00198745727539,63.9177131652832,135.7229766845703,20.388416290283203,35.662803649902344,91.22467041015625,80.68599700927734,59.88652420043945,107.7086410522461,27.509353637695312,75.92821502685547,67.54572296142578,75.4424819946289,98.07210540771484,114.39131164550781,102.92994689941406,106.96002197265625,84.57048034667969,21.655975341796875,72.5904769897461,74.27327728271484,96.06976318359375,85.16000366210938,104.47993469238281,159.9600067138672,40.529998779296875,24.6200008392334,17.530000686645508,30.049999237060547,45.76499938964844,35.81999969482422,207.7900390625,152.0367431640625,114.67179107666016,89.6251220703125,63.78392791748047,66.97706604003906
2021-04-30,90.86540985107422,97.87731170654297,15.584172248840332,66.24429321289062,77.5429916381836,57750.17578125,2773.20703125,389.7510986328125,48.033111572265625,66.86991119384766,59.74958801269531,26.698528289794922,41.9149169921875,42.479461669921875,67.23368072509766,135.09556579589844,20.525562286376953,37.58171463012695,94.44927215576172,85.8947982788086,60.999916076660156,111.94353485107422,28.660587310791016,81.89600372314453,72.32584381103516,75.48536682128906,99.05401611328125,117.24553680419922,104.40157318115234,108.07577514648438,86.6026611328125,21.190439224243164,73.59849548339844,75.93627166748047,99.26810455322266,86.19999694824219,107.05702209472656,165.66000366210938,43.27000045776367,27.43000030517578,20.790000915527344,35.5,49.380001068115234,40.2400016784668,211.50494384765625,162.7642059326172,120.1803207397461,91.2171401977539,66.3282699584961,70.26187133789062
2021-05-31,92.20289611816406,98.07678985595703,16.184568405151367,66.27012634277344,77.53448486328125,37332.85546875,2714.9453125,392.31024169921875,48.8250617980957,69.1985092163086,60.777610778808594,27.73265838623047,44.124298095703125,43.703887939453125,66.6080093383789,138.5047149658203,21.69749641418457,39.491573333740234,97.40515899658203,82.9759292602539,62.078243255615234,114.03792572021484,27.9904727935791,82.55724334716797,71.96109008789062,75.53084564208984,99.47489929199219,117.2480697631836,105.47053527832031,108.74871063232422,87.4375228881836,20.880083084106445,73.57929992675781,77.22865295410156,100.75731658935547,85.76000213623047,108.45488739013672,178.3800048828125,45.41999816894531,28.850000381469727,20.290000915527344,33.0,45.80009841918945,46.15999984741211,212.07861328125,161.0439910888672,121.39502716064453,93.81507110595703,66.90904998779297,73.903076171875
2021-06-30,93.36546325683594,98.88877868652344,16.75015640258789,67.14799499511719,77.51757049560547,35040.8359375,2274.547607421875,401.10870361328125,49.28910446166992,68.45252990722656,60.297298431396484,27.293075561523438,44.84861373901367,42.70550537109375,71.19487762451172,145.5735626220703,22.616161346435547,37.41305160522461,95.1848373413086,85.84431457519531,61.74028015136719,116.65959930419922,27.37236213684082,84.73473358154297,70.3958740234375,75.40133666992188,100.4920654296875,122.42936706542969,106.2348861694336,111.15361022949219,88.1887435913086,21.405963897705078,71.54397583007812,75.21404266357422,97.84884643554688,84.7300033569336,105.37383270263672,165.6300048828125,49.880001068115234,26.229999542236328,21.3700008392334,33.849998474121094,46.94070053100586,45.0099983215332,216.04232788085938,164.03866577148438,125.47958374023438,92.3185806274414,68.057373046875,73.02015686035156
2021-07-31,94.21431732177734,99.99293518066406,16.96769142150879,67.21836853027344,77.50907897949219,41626.1953125,2536.2099609375,410.9007568359375,46.11636734008789,68.98189544677734,59.91340637207031,27.368192672729492,46.33342361450195,42.16869354248047,73.96243286132812,146.4357147216797,20.735328674316406,38.190311431884766,96.0771713256836,86.74817657470703,63.09914016723633,122.40227508544922,28.55851173400879,88.48072814941406,72.46239471435547,75.52650451660156,102.49210357666016,126.97962951660156,109.07752990722656,112.73091888427734,88.6803970336914,21.354238510131836,70.02706146240234,74.71989440917969,99.88778686523438,85.79000091552734,105.34529113769531,169.82000732421875,50.65999984741211,27.3799991607666,20.1200008392334,34.54999923706055,49.400001525878906,50.38999938964844,208.20578002929688,165.55203247070312,129.7198944091797,91.67713165283203,70.47048950195312,70.3243179321289
2021-08-31,96.26264953613281,99.7926025390625,16.689247131347656,67.6275863647461,77.5005874633789,47166.6875,3433.732666015625,423.12908935546875,46.84028244018555,69.97987365722656,61.06507873535156,27.551816940307617,46.88676834106445,42.21824264526367,76.59498596191406,150.05079650878906,20.3196964263916,38.91303253173828,97.14615631103516,88.29631805419922,63.760929107666016,125.23656463623047,29.671070098876953,90.38702392578125,75.06717681884766,75.50200653076172,102.08784484863281,126.54771423339844,108.89850616455078,112.34317016601562,89.47743225097656,21.45768928527832,69.73906707763672,73.85515594482422,98.69841003417969,85.5,104.77474975585938,169.69000244140625,48.040000915527344,26.700000762939453,20.0,35.400001525878906,51.101200103759766,53.7599983215332,212.79281616210938,172.37159729003906,133.39352416992188,92.3801040649414,71.79264068603516,72.23750305175781
2021-09-30,92.19365692138672,98.87727355957031,17.559383392333984,67.37727355957031,77.50907897949219,43790.89453125,3001.678955078125,403.4090270996094,45.02602005004883,67.69754791259766,62.716697692871094,26.91748046875,42.9580192565918,40.293983459472656,72.12186431884766,143.24676513671875,22.134552001953125,36.11571502685547,91.23986053466797,86.40608978271484,61.12176513671875,118.32548522949219,27.863136291503906,85.25173950195312,69.05519104003906,75.42584991455078,100.45744323730469,122.86890411376953,108.04896545410156,110.64970397949219,87.11702728271484,21.819772720336914,68.92301177978516,73.5700912475586,96.849365234375,84.45999908447266,102.67317199707031,164.22000122070312,52.560001373291016,25.049999237060547,20.170000076293945,35.400001525878906,58.345001220703125,53.45000076293945,206.66358947753906,166.3950653076172,124.78318786621094,89.12688446044922,68.2123031616211,70.63349914550781
2021-10-31,97.1668701171875,98.86864471435547,18.57744789123535,67.16788482666016,77.5005874633789,61318.95703125,4288.07421875,431.7135925292969,45.50863265991211,69.84969329833984,61.06507873535156,28.11103057861328,45.95530700683594,42.33387756347656,78.01932525634766,152.4866180419922,24.420671463012695,38.85944747924805,97.44125366210938,96.8547592163086,63.26156234741211,124.38582611083984,29.18476676940918,91.332763671875,74.65582275390625,75.17277526855469,100.0124740600586,125.89762115478516,109.2478256225586,111.2371826171875,87.25598907470703,21.768047332763672,71.68799591064453,75.31856536865234,98.478515625,82.45999908447266,102.35936737060547,166.64999389648438,57.150001525878906,26.84000015258789,21.3700008392334,37.650001525878906,63.52899932861328,56.08000183105469,215.44976806640625,180.68453979492188,134.4073944091797,91.33958435058594,71.9709243774414,75.93826293945312
2021-11-30,94.92477416992188,99.13642883300781,16.950288772583008,66.3826675415039,77.48365020751953,57005.42578125,4631.47900390625,428.244873046875,43.64967727661133,66.68220520019531,59.21706008911133,26.742202758789062,45.5402946472168,39.39378356933594,81.49211883544922,170.0314483642578,23.196874618530273,38.64488220214844,93.97220611572266,98.43889617919922,62.40919494628906,120.58419036865234,28.68752098083496,89.40625762939453,77.29254150390625,75.12984466552734,101.10472106933594,129.3869171142578,110.19287872314453,111.10529327392578,85.61332702636719,22.15599250793457,67.89572143554688,72.83837127685547,98.12869262695312,83.0999984741211,100.32433319091797,165.5,47.90999984741211,26.209999084472656,21.030000686645508,37.900001525878906,60.029998779296875,62.998199462890625,206.1156768798828,173.5492706298828,133.59275817871094,90.47220611572266,70.49530792236328,73.93812561035156
2021-12-31,98.61532592773438,98.78077697753906,18.08146858215332,67.89896392822266,77.48365020751953,46306.4453125,3682.6328125,448.05023193359375,44.30751419067383,69.61018371582031,60.56543731689453,28.413192749023438,48.62980651855469,40.74143981933594,84.13845825195312,174.56549072265625,23.888927459716797,41.575408935546875,99.0444564819336,98.58631134033203,68.93387603759766,131.46070861816406,31.46712875366211,98.08367919921875,82.67955017089844,74.97037506103516,100.57490539550781,126.78128051757812,110.63690948486328,111.06732177734375,87.46501159667969,22.095643997192383,69.21102905273438,73.6270980834961,98.71839904785156,81.48999786376953,100.57160186767578,170.9600067138672,54.36000061035156,27.209999084472656,21.540000915527344,36.95000076293945,63.96770095825195,61.220001220703125,210.79759216308594,172.70933532714844,138.2739715576172,97.56391143798828,75.31922912597656,76.51384735107422
2022-01-31,94.13111114501953,96.80656433105469,19.508493423461914,66.09632110595703,77.48365020751953,38483.125,2688.27880859375,424.41943359375,44.298439025878906,67.07986450195312,57.960472106933594,29.056217193603516,45.49418640136719,38.8732795715332,78.3798599243164,154.33493041992188,28.374021530151367,38.748958587646484,94.29864501953125,89.1877212524414,67.9147720336914,122.44715881347656,30.442838668823242,89.8233871459961,71.7494125366211,74.4532699584961,98.4496841430664,121.8192138671875,108.35908508300781,107.07788848876953,84.51370239257812,22.30255126953125,67.27169799804688,73.2089614868164,96.97931671142578,81.44000244140625,99.2688217163086,168.08999633789062,62.47999954223633,26.5,22.610000610351562,36.54999923706055,72.49040222167969,63.689998626708984,190.6986083984375,157.11212158203125,128.66053771972656,95.63883209228516,70.81309509277344,72.03070831298828
2022-02-28,91.25040435791016,95.69747924804688,20.77019500732422,65.52851104736328,77.46672821044922,43193.234375,2919.201171875,411.8919372558594,42.384647369384766,64.77958679199219,56.92934036254883,28.713275909423828,44.2122688293457,39.786033630371094,74.55692291259766,152.62571716308594,30.37982177734375,38.257991790771484,93.50299072265625,85.56137084960938,66.95821380615234,121.26216125488281,29.862558364868164,86.69512176513672,67.51809692382812,74.13153839111328,98.15030670166016,119.82990264892578,109.28628540039062,104.79557037353516,79.8399887084961,22.311168670654297,69.15338897705078,73.33248901367188,97.998779296875,81.56999969482422,98.95499420166016,178.3800048828125,67.4800033569336,27.399999618530273,24.579999923706055,44.20000076293945,69.12110137939453,63.2599983215332,192.66966247558594,152.9040985107422,123.37889099121094,93.58007049560547,68.6438217163086,73.17326354980469
2022-03-31,93.0217056274414,93.00629425048828,22.67579460144043,64.68509674072266,77.50230407714844,45538.67578125,3281.642822265625,427.3750305175781,40.951568603515625,65.11578369140625,55.726356506347656,28.84187889099121,45.28207015991211,41.98688888549805,77.05086517333984,152.6303253173828,33.21688461303711,40.598960876464844,96.71610260009766,89.34888458251953,68.15096282958984,128.2204132080078,32.9519157409668,92.12561798095703,61.04901885986328,73.0923843383789,94.16451263427734,113.30593872070312,107.23657989501953,101.76305389404297,78.96440887451172,22.673254013061523,71.23674011230469,74.36830139160156,97.16920471191406,76.94000244140625,97.55712890625,180.64999389648438,74.12000274658203,28.709999084472656,27.15999984741211,49.29999923706055,78.25669860839844,61.209999084472656,194.89987182617188,160.2025146484375,128.26272583007812,93.84870910644531,72.47490692138672,73.71283721923828
2022-04-30,85.5169448852539,89.46661376953125,23.95490074157715,61.981056213378906,77.49382781982422,37714.875,2730.186767578125,389.8647155761719,38.439151763916016,60.7275390625,51.212894439697266,27.693002700805664,42.79201889038086,39.188899993896484,68.56183624267578,129.24948120117188,32.65631103515625,39.16199493408203,89.35296630859375,78.66565704345703,69.72250366210938,121.9493179321289,31.535783767700195,88.35967254638672,59.20402908325195,72.72917938232422,90.18296813964844,102.62812042236328,104.89555358886719,94.94566345214844,73.69593048095703,23.768117904663086,67.24288940429688,72.3917465209961,92.15182495117188,72.16999816894531,92.95453643798828,176.91000366210938,77.16000366210938,26.450000762939453,29.979999542236328,52.099998474121094,85.7780990600586,60.207698822021484,175.6064453125,139.88563537597656,117.64004516601562,88.45489501953125,68.6068344116211,65.25080108642578
2022-05-31,85.8991928100586,90.14705657958984,25.059974670410156,62.99129104614258,77.51927185058594,31792.310546875,1942.3280029296875,390.744873046875,38.67496871948242,61.939613342285156,52.099300384521484,28.43891143798828,42.00810623168945,39.487464904785156,68.09156799316406,137.42794799804688,37.892616271972656,39.62255096435547,88.93974304199219,74.63770294189453,66.87577819824219,123.76512908935547,32.89439010620117,84.21967315673828,60.28590393066406,73.16277313232422,90.74066925048828,100.31559753417969,103.85472869873047,96.71537780761719,74.29350280761719,23.457761764526367,68.24134826660156,73.48457336425781,93.32121276855469,72.72000122070312,94.47604370117188,171.13999938964844,85.47000122070312,25.969999313354492,28.219999313354492,54.849998474121094,82.70020294189453,63.33000183105469,175.94825744628906,139.0478515625,117.43995666503906,91.91016387939453,68.63487243652344,66.14360046386719
2022-06-30,78.93540954589844,88.74706268310547,23.18047332763672,58.550479888916016,77.5794677734375,19784.7265625,1067.298828125,358.52386474609375,36.68024444580078,56.50959014892578,48.249046325683594,26.148006439208984,39.065940856933594,36.43829345703125,61.789207458496094,112.91783142089844,31.42302894592285,34.132347106933594,82.38756561279297,66.55184936523438,65.30603790283203,120.53729248046875,31.2840518951416,77.94624328613281,52.98787307739258,72.72793579101562,89.95716094970703,99.0369873046875,100.6191635131836,93.21156311035156,69.7214126586914,24.104339599609375,65.59159088134766,72.19218444824219,93.75099182128906,68.97000122070312,92.15575408935547,168.4600067138672,80.3499984741211,22.219999313354492,25.15999984741211,45.20000076293945,67.76000213623047,62.310001373291016,161.22779846191406,130.1626739501953,106.81242370605469,81.79491424560547,65.79898834228516,56.973079681396484
2022-07-31,84.51516723632812,90.99951934814453,22.719303131103516,62.47272491455078,77.60746002197266,23336.896484375,1681.517333984375,391.53936767578125,36.55218505859375,59.43046951293945,51.28116226196289,26.97713279724121,40.90966033935547,37.89967346191406,70.10102081298828,131.5603790283203,34.459434509277344,36.23314666748047,90.21693420410156,78.8233642578125,67.39605712890625,124.44741821289062,32.988101959228516,84.66206359863281,61.985443115234375,73.02601623535156,92.6211929321289,101.44461059570312,104.95567321777344,97.35424041748047,72.23342895507812,24.38883399963379,66.39804077148438,72.52477264404297,93.89092254638672,70.16999816894531,89.80693817138672,164.10000610351562,78.05000305175781,21.700000762939453,25.0,42.29999923706055,66.05000305175781,59.257301330566406,178.2587432861328,136.89178466796875,116.64952850341797,86.5840835571289,69.17281341552734,65.92583465576172
2022-08-31,80.82669067382812,88.23108673095703,22.379947662353516,59.780853271484375,77.75782012939453,20049.763671875,1553.6849365234375,375.56378173828125,36.067378997802734,55.795196533203125,48.94314193725586,25.23160743713379,38.200531005859375,36.51704406738281,65.7458267211914,119.4033203125,35.373435974121094,34.971736907958984,87.66059112548828,75.27986907958984,66.1474609375,117.26630401611328,33.162086486816406,79.57172393798828,57.90796661376953,72.43452453613281,89.05175018310547,96.82575988769531,102.117431640625,93.04231262207031,70.27751922607422,25.09575653076172,65.05390930175781,70.75725555419922,91.36224365234375,67.30000305175781,88.22835540771484,159.27000427246094,73.11000061035156,21.1299991607666,26.8700008392334,42.70000076293945,77.86000061035156,65.39810180664062,174.68881225585938,134.16197204589844,110.65550231933594,83.49372863769531,66.98919677734375,62.67913818359375
2022-09-30,73.23330688476562,84.57386779785156,20.80500030517578,57.54484176635742,77.91854858398438,19431.7890625,1327.9786376953125,340.8444519042969,31.905414581298828,50.64973831176758,44.61415100097656,22.875141143798828,35.22801971435547,32.83296585083008,57.87793731689453,103.5029525756836,31.9921817779541,31.718345642089844,78.51678466796875,69.10211181640625,60.76780319213867,114.2892837524414,29.42107582092285,69.32978057861328,53.10542678833008,71.57085418701172,84.835205078125,88.85205078125,95.2425537109375,87.47853088378906,65.65674591064453,25.992338180541992,60.77204513549805,67.381103515625,90.41273498535156,64.61000061035156,86.00318145751953,154.6699981689453,65.27999877929688,20.450000762939453,27.040000915527344,45.75,58.60499954223633,61.31999969482422,157.8131103515625,126.17269134521484,99.85857391357422,74.64054870605469,62.249977111816406,55.84891891479492
2022-10-31,77.88154602050781,83.49260711669922,21.857866287231445,59.48163604736328,78.0421371459961,20495.7734375,1572.7144775390625,368.5467834472656,31.27425193786621,53.6339225769043,45.65530014038086,24.47230339050293,36.789527893066406,33.19174575805664,62.30721664428711,106.0196533203125,39.97911834716797,34.54925537109375,89.42610931396484,69.86856842041016,66.2408218383789,125.27375030517578,29.99143409729004,71.7598648071289,56.64967346191406,71.4808349609375,83.60164642333984,83.55252075195312,96.59535217285156,86.82656860351562,65.54956817626953,25.88888931274414,60.781654357910156,68.33802795410156,89.08342742919922,62.810001373291016,86.76390838623047,151.91000366210938,71.52999877929688,20.350000381469727,27.40999984741211,44.900001525878906,49.712100982666016,49.56019973754883,175.42979431152344,142.00440979003906,108.14009094238281,84.41511535644531,67.04351806640625,60.70492935180664
2022-11-30,84.37403106689453,86.67239379882812,22.1798152923584,61.52265930175781,78.2880630493164,17168.56640625,1295.6885986328125,389.0348815917969,36.14970779418945,60.69649887084961,50.96150588989258,27.51824951171875,40.345252990722656,38.54723358154297,66.24925231933594,126.00714111328125,40.489959716796875,38.592750549316406,96.41148376464844,70.90667724609375,70.293212890625,131.19065856933594,32.07979202270508,76.17025756835938,60.47551345825195,71.97674560546875,86.62154388427734,89.52740478515625,98.36582946777344,92.59854125976562,72.15475463867188,24.664705276489258,64.54219055175781,69.25489044189453,94.23074340820312,67.55000305175781,91.3094253540039,164.80999755859375,70.2300033569336,22.81999969482422,26.420000076293945,40.20000076293945,60.20500183105469,48.73099899291992,179.29566955566406,146.92897033691406,116.47924041748047,89.25682830810547,70.87644958496094,66.44649505615234
2022-12-31,80.4843521118164,85.91793060302734,21.578407287597656,60.44172668457031,78.57196807861328,16547.49609375,1196.771240234375,366.615478515625,35.196258544921875,59.59612274169922,49.83127212524414,27.163990020751953,39.44221496582031,38.056610107421875,60.809993743896484,113.31723022460938,39.255455017089844,36.46290969848633,93.52893829345703,62.826900482177734,68.37593841552734,128.72726440429688,31.92118263244629,72.3355941772461,58.75830078125,72.06144714355469,85.33257293701172,87.18175506591797,97.06999969482422,91.1622085571289,71.1745376586914,24.1860408782959,64.74107360839844,68.8869857788086,96.45957946777344,71.0999984741211,93.96772003173828,169.63999938964844,70.11000061035156,23.09000015258789,26.93000030517578,39.900001525878906,59.225799560546875,47.83639907836914,167.6161346435547,141.15899658203125,109.9297103881836,83.7389144897461,68.21701049804688,60.763099670410156
2023-01-31,86.52448272705078,88.77920532226562,21.770994186401367,62.65812683105469,78.79529571533203,23139.283203125,1586.535400390625,389.67095947265625,38.409427642822266,64.96195983886719,53.70317077636719,28.856201171875,42.56522750854492,41.72975158691406,66.4394760131836,131.45558166503906,40.35947036743164,39.734619140625,96.99543762207031,72.33167266845703,67.63300323486328,126.36781311035156,31.282758712768555,79.86030578613281,67.65192413330078,72.62075805664062,88.3884048461914,93.84561157226562,99.08547973632812,95.86600494384766,73.968017578125,23.92513656616211,67.1693344116211,70.22023010253906,97.36908721923828,71.66000366210938,95.44979095458984,179.41000366210938,69.31999969482422,25.639999389648438,26.579999923706055,38.599998474121094,61.45000076293945,52.150001525878906,184.07395935058594,140.3852081298828,117.7914810180664,89.74784088134766,69.25776672363281,70.5799560546875
2023-02-28,83.6513900756836,86.41264343261719,20.79930877685547,61.4769172668457,79.0677490234375,23147.353515625,1605.8951416015625,379.8735656738281,35.50271224975586,62.96452331542969,51.204288482666016,28.599267959594727,40.79677200317383,38.61691665649414,66.71311950683594,133.45826721191406,37.55904006958008,38.41091537475586,96.15739440917969,70.79454803466797,66.06462860107422,120.5023422241211,29.430879592895508,75.17709350585938,65.77189636230469,72.03551483154297,85.49748992919922,89.29358673095703,97.74486541748047,91.86930084228516,71.9769058227539,24.716552734375,64.0147705078125,68.59537506103516,94.60054779052734,68.45999908447266,92.92765045166016,169.77999877929688,67.20999908447266,24.84000015258789,25.059999465942383,35.75,59.652000427246094,53.2599983215332,180.901611328125,134.71678161621094,114.55030822753906,86.11862182617188,66.83563232421875,68.94219970703125
2023-03-31,86.43914031982422,88.69501495361328,20.781801223754883,62.696834564208984,79.38330078125,28478.484375,1822.0220947265625,393.9584655761719,36.64496994018555,64.9347152709961,53.72148132324219,28.581546783447266,42.63107681274414,38.94599151611328,73.95684051513672,145.16851806640625,37.56103515625,38.02639389038086,96.7527084350586,72.96224975585938,68.85209655761719,123.15077209472656,30.87476921081543,73.55667114257812,66.19019317626953,73.22264099121094,88.67884063720703,93.61483001708984,100.54461669921875,95.40487670898438,73.18046569824219,24.246919631958008,63.70114517211914,69.3391342163086,97.33911895751953,70.12999725341797,95.42205047607422,183.22000122070312,66.44000244140625,24.940000534057617,25.229999542236328,35.29999923706055,58.93619918823242,49.287498474121094,172.13267517089844,135.29998779296875,120.04936218261719,85.82988739013672,69.1390151977539,68.32904052734375
2023-04-30,87.79507446289062,89.20545959472656,20.624229431152344,62.82355499267578,79.6714859008789,29268.806640625,1876.92431640625,400.251953125,36.3385124206543,66.84135437011719,53.85878372192383,30.061132431030273,45.23672866821289,39.248374938964844,73.86868286132812,134.54869079589844,38.60401916503906,37.97453689575195,95.62435150146484,72.1425552368164,71.36803436279297,127.02241516113281,31.46316146850586,73.7869873046875,69.2769775390625,73.40126037597656,89.40137481689453,93.93158721923828,100.5966567993164,95.98110961914062,73.37804412841797,24.133859634399414,63.06291961669922,69.29117584228516,99.617919921875,68.3499984741211,97.05989837646484,184.8000030517578,67.5,23.850000381469727,23.3799991607666,31.899999618530273,57.73500061035156,54.38970184326172,169.04510498046875,138.54039001464844,122.10065460205078,84.89363098144531,70.16554260253906,65.66268920898438
2023-05-31,86.87532806396484,88.18465423583984,19.30238914489746,62.049896240234375,79.9703598022461,27219.658203125,1874.1304931640625,402.09954833984375,35.4655647277832,64.16297912597656,54.31645584106445,28.262598037719727,43.524715423583984,36.74922180175781,80.4557876586914,155.6251678466797,34.73137283325195,35.36746597290039,92.6121826171875,73.97222137451172,66.97205352783203,121.60018920898438,29.615875244140625,70.86386108398438,67.29401397705078,73.12461853027344,88.11550903320312,91.09923553466797,99.39347076416016,94.28327941894531,72.50572204589844,24.881793975830078,62.09273147583008,69.258544921875,97.69892883300781,66.80999755859375,94.21464538574219,182.32000732421875,60.630001068115234,22.6200008392334,23.100000381469727,30.299999237060547,60.11000061035156,52.38999938964844,167.6653594970703,131.8551788330078,122.9811782836914,81.77894592285156,67.90336608886719,67.25469970703125
2023-06-30,91.90045166015625,87.85997009277344,19.87139320373535,63.15448760986328,80.3387680053711,30477.251953125,1933.18896484375,428.1554870605469,37.0256462097168,67.0311050415039,57.049781799316406,29.217729568481445,44.42975616455078,38.29479217529297,85.32593536376953,165.8258514404297,37.13248062133789,39.25989532470703,103.03443908691406,83.01885986328125,68.83934783935547,126.7811279296875,30.08858299255371,74.85310363769531,78.62371826171875,72.762939453125,87.00945281982422,91.29702758789062,99.05569458007812,95.04708099365234,74.32037353515625,24.681764602661133,63.629730224609375,71.0958251953125,99.40803527832031,64.54000091552734,96.34686279296875,178.27000427246094,63.54999923706055,23.200000762939453,22.190000534057617,32.20000076293945,61.0,54.0,181.19143676757812,140.9219512939453,130.8877410888672,87.48540496826172,70.92581176757812,74.74198150634766
2023-07-31,95.2051773071289,87.84647369384766,21.60466957092285,63.859073638916016,80.64888000488281,29230.111328125,1856.162353515625,442.17047119140625,39.262535095214844,68.84324645996094,58.450679779052734,30.075746536254883,45.87196731567383,39.83600997924805,87.52949523925781,174.9922637939453,40.01909255981445,40.61008834838867,106.0106430053711,84.9402084350586,70.3058090209961,128.13748168945312,30.838037490844727,76.3759536743164,82.74584197998047,72.98429107666016,86.44241333007812,88.97418975830078,99.09635925292969,95.09822845458984,75.6016616821289,24.542613983154297,64.22040557861328,71.53805541992188,101.98668670654297,65.29000091552734,97.23693084716797,182.35000610351562,73.16999816894531,24.81999969482422,23.09000015258789,33.54999923706055,,,192.26016235351562,143.36427307128906,135.83717346191406,90.7501220703125,71.90863037109375,78.87094116210938
2023-08-31,92.43685913085938,87.29188537597656,21.525882720947266,63.97635269165039,81.04945373535156,25931.47265625,1645.63916015625,434.9842834472656,36.6606330871582,66.13426208496094,56.810150146484375,28.90161895751953,44.352840423583984,37.33379364013672,86.20931243896484,166.94056701660156,40.677833557128906,39.269371032714844,103.90809631347656,83.45885467529297,67.53071594238281,127.23963165283203,28.948305130004883,73.79605102539062,81.33590698242188,73.28377532958984,85.81060791015625,86.17855834960938,98.29107666015625,93.92941284179688,74.20619201660156,25.12530517578125,62.038753509521484,69.95894622802734,100.66737365722656,63.91999816894531,96.09435272216797,180.02000427246094,75.05999755859375,23.540000915527344,22.06999969482422,29.950000762939453,,,182.4879913330078,143.80389404296875,135.24517822265625,88.11035919189453,71.45062255859375,74.38976287841797
2023-09-30,88.48075866699219,85.03136444091797,21.84977912902832,62.94407653808594,81.37293243408203,26967.916015625,1671.161865234375,414.35107421875,35.51879119873047,63.72114562988281,55.56593322753906,28.57647705078125,41.89146041870117,36.064552307128906,80.62437438964844,155.38998413085938,41.65544509887695,37.39267349243164,97.7281265258789,78.84190368652344,64.29740142822266,123.47437286376953,27.314916610717773,68.4356918334961,75.15255737304688,73.22589111328125,83.11717224121094,79.32637786865234,96.4070053100586,90.58808898925781,71.73644256591797,25.855844497680664,61.61316680908203,69.8012924194336,97.14921569824219,62.189998626708984,93.81475067138672,171.4499969482422,80.86000061035156,23.020000457763672,22.020000457763672,27.850000381469727,,,171.80584716796875,136.87432861328125,128.39088439941406,85.25235748291016,69.42732238769531,68.75187683105469
2023-10-31,86.22970581054688,83.69583892822266,21.455852508544922,62.287452697753906,81.72358703613281,34667.78125,1816.458984375,405.3560791015625,34.348873138427734,61.87201690673828,54.34014892578125,27.546855926513672,40.30502700805664,34.85877990722656,80.66373443603516,145.13453674316406,39.25907516479492,36.20733642578125,94.8169174194336,74.49284362792969,63.409698486328125,119.44615936279297,27.66718864440918,65.95732116699219,70.2942123413086,73.46977996826172,81.5148696899414,74.99264526367188,95.70967102050781,88.40316009521484,70.88348388671875,26.11675262451172,60.86566925048828,68.49494934082031,97.79087829589844,61.279998779296875,94.08795166015625,184.08999633789062,75.0199966430664,22.700000762939453,22.239999771118164,28.299999237060547,,,159.92701721191406,134.6502227783203,126.49119567871094,82.17945861816406,68.8230209350586,63.00456237792969
2023-11-30,93.89286041259766,87.5399169921875,20.930618286132812,65.33187103271484,82.10620880126953,37712.74609375,2052.55615234375,442.3828125,37.0256462097168,66.9571304321289,57.70414733886719,29.253856658935547,43.670188903808594,36.998355865478516,91.0657730102539,168.5127410888672,38.97796630859375,39.23018264770508,103.19390106201172,82.66204833984375,66.02607727050781,125.93927001953125,29.09017562866211,73.92610168457031,81.41444396972656,74.24272155761719,85.22745513916016,82.434814453125,98.36734771728516,95.0992202758789,75.30514526367188,25.473180770874023,63.472206115722656,70.08068084716797,101.58832550048828,62.619998931884766,96.98338317871094,188.75,70.13999938964844,23.799999237060547,21.950000762939453,28.75,,,174.64430236816406,147.07376098632812,137.4315643310547,88.94550323486328,73.23536682128906,71.792236328125
2023-12-31,98.4117660522461,90.7768325805664,20.241731643676758,67.41761016845703,82.45722961425781,42265.1875,2281.47119140625,462.5799865722656,38.34573745727539,70.54000091552734,59.94365692138672,30.531991958618164,46.410396575927734,40.248069763183594,94.87476348876953,189.373291015625,39.0080451965332,41.004695892333984,110.485107421875,87.73101806640625,67.81645965576172,131.3875274658203,29.63091278076172,80.90867614746094,94.07591247558594,75.0618896484375,88.44245910644531,89.59490966796875,100.76336669921875,99.73555755615234,78.73028564453125,25.064237594604492,65.51871490478516,71.88262176513672,105.74598693847656,65.80999755859375,98.54108428955078,191.1699981689453,66.6500015258789,24.139999389648438,21.56999969482422,29.850000381469727,,,195.82200622558594,154.06863403320312,143.87574768066406,95.68363952636719,75.2618637084961,80.98336791992188
2024-01-31,98.68253326416016,90.63963317871094,20.50806999206543,67.49602508544922,82.80915069580078,42582.60546875,2282.54443359375,469.9472351074219,36.61011505126953,70.2217025756836,61.87823486328125,29.959228515625,45.67966842651367,38.4864616394043,97.43787384033203,192.64398193359375,38.8079833984375,39.408424377441406,109.41893005371094,83.8598861694336,68.65440368652344,135.24110412597656,28.751296997070312,76.81562042236328,92.24671173095703,75.29979705810547,88.5066909790039,87.58338165283203,101.10083770751953,99.29393768310547,77.77554321289062,25.7489013671875,63.20524597167969,70.98568725585938,103.09659576416016,63.029998779296875,96.64646911621094,188.4499969482422,70.91999816894531,24.190000534057617,20.530000686645508,28.399999618530273,,,188.1826629638672,162.6710968017578,147.16122436523438,94.87019348144531,76.89189147949219,78.99810028076172
2024-02-29,103.1307373046875,89.30307006835938,20.195810317993164,67.70088958740234,83.17708587646484,61198.3828125,3341.919677734375,494.4722595214844,38.13593673706055,72.31871795654297,64.59784698486328,30.254850387573242,45.01625442504883,39.1169319152832,102.02192687988281,214.35238647460938,40.078163146972656,41.973018646240234,117.27957153320312,90.47860717773438,70.09491729736328,139.5185546875,29.055418014526367,78.33565521240234,101.36319732666016,75.00794982910156,86.6634292602539,85.61083221435547,100.04158020019531,97.37557220458984,78.38538360595703,25.989459991455078,62.67499923706055,70.49527740478516,100.596923828125,61.779998779296875,96.81903076171875,189.30999755859375,73.36000061035156,23.889999389648438,19.559999465942383,26.950000762939453,,,198.7684326171875,178.9333038330078,156.72425842285156,97.26323699951172,78.50265502929688,82.88019561767578
2024-03-31,106.49589538574219,90.1090316772461,21.095849990844727,68.43871307373047,83.51824188232422,71333.6484375,3647.8564453125,510.6424865722656,39.17539978027344,74.76210021972656,66.68193817138672,31.603614807128906,45.766204833984375,39.6917724609375,102.82728576660156,223.01817321777344,44.280914306640625,44.68797302246094,122.46436309814453,90.42000579833984,72.4224624633789,142.83595275878906,30.970169067382812,79.86399841308594,109.91767120361328,75.26566314697266,87.29883575439453,86.28104400634766,100.68839263916016,98.8761215209961,79.9510726928711,26.24852180480957,62.89806365966797,70.82511901855469,98.66600036621094,61.22999954223633,96.8530502319336,205.72000122070312,78.7300033569336,25.1200008392334,20.18000030517578,27.049999237060547,,,205.6994171142578,184.1405487060547,161.07020568847656,103.11438751220703,80.9657211303711,86.5072021484375
2024-04-30,102.71492767333984,87.87591552734375,21.43566131591797,67.51393127441406,83.87919616699219,60636.85546875,3012.286865234375,490.0535888671875,39.08957290649414,72.33743286132812,62.86887741088867,32.05628204345703,43.61250305175781,38.64407730102539,96.90264129638672,211.24139404296875,43.86347579956055,42.638545989990234,118.14756774902344,86.35357666015625,71.6068115234375,135.6810760498047,31.484371185302734,73.51957702636719,101.07225036621094,74.93326568603516,84.56657409667969,80.71121978759766,98.9859390258789,95.66952514648438,78.02267456054688,26.81290626525879,62.62007141113281,69.77275085449219,96.77999877929688,58.70000076293945,96.00335693359375,211.8699951171875,78.37999725341797,28.309999465942383,19.950000762939453,28.450000762939453,,,191.6144561767578,174.07595825195312,153.82765197753906,96.1074447631836,77.93360900878906,80.82814025878906
2024-05-31,107.41455078125,89.34304809570312,21.371374130249023,68.61705780029297,84.2627944946289,67491.4140625,3760.026611328125,514.8403930664062,39.852481842041016,75.99783325195312,64.45765686035156,33.5528564453125,47.266109466552734,40.66529083251953,103.76042938232422,231.00425720214844,43.71338653564453,44.03369140625,120.08235931396484,86.52568054199219,73.35192108154297,138.939453125,34.305419921875,76.87186431884766,103.72193145751953,75.47240447998047,86.08889770507812,83.04131317138672,100.74496459960938,97.78739929199219,80.0552978515625,26.52608871459961,64.36920928955078,70.62770080566406,98.52999877929688,58.84000015258789,97.79664611816406,215.3000030517578,74.81999969482422,28.420000076293945,19.899999618530273,31.600000381469727,,,201.26852416992188,183.40338134765625,162.43243408203125,99.11585998535156,80.21011352539062,82.01129913330078
2024-06-30,109.60346984863281,90.13420104980469,21.334636688232422,68.94596099853516,84.59923553466797,62678.29296875,3432.88916015625,533.0040283203125,40.89582824707031,74.60955810546875,64.24703216552734,32.845375061035156,47.316864013671875,40.5142822265625,111.89046478271484,243.77252197265625,43.09519958496094,42.68699264526367,118.8949203491211,89.88029479980469,73.17948150634766,141.47372436523438,32.403995513916016,78.31366729736328,99.7076187133789,75.88316345214844,87.13661193847656,84.55029296875,101.51215362548828,98.37052917480469,79.86843872070312,26.951688766479492,64.62930297851562,70.4366455078125,98.98999786376953,57.529998779296875,96.69157409667969,215.00999450683594,79.58999633789062,27.209999084472656,18.309999465942383,26.549999237060547,,,199.00550842285156,191.73004150390625,167.69493103027344,99.06171417236328,81.62886047363281,83.43836975097656
2024-07-31,111.29042053222656,92.31468200683594,20.737672805786133,70.56776428222656,84.98063659667969,64619.25,3231.295654296875,539.4581298828125,41.24150848388672,76.54312896728516,66.81729125976562,34.144874572753906,49.485923767089844,41.296302795410156,108.21569061279297,232.6528778076172,44.06916046142578,44.53832244873047,124.73868560791016,92.38847351074219,74.3930892944336,145.23988342285156,34.61530303955078,84.5312728881836,116.5853042602539,76.7783203125,89.66112518310547,87.61943054199219,103.26571655273438,100.96560668945312,81.99980926513672,26.609357833862305,63.42888641357422,69.98091888427734,101.26000213623047,61.68000030517578,97.90436553955078,226.5500030517578,77.73999786376953,26.219999313354492,17.65999984741211,24.700000762939453,,,219.57400512695312,187.8928985595703,168.6966094970703,103.0161361694336,84.62334442138672,85.89855194091797
2024-08-31,114.06951141357422,93.66380310058594,20.306018829345703,71.65971374511719,85.37300872802734,58969.8984375,2513.393798828125,552.0630493164062,41.644798278808594,79.0386962890625,67.75877380371094,35.34079360961914,51.87090301513672,42.96398162841797,108.97240447998047,228.4619903564453,43.15666198730469,45.572750091552734,128.2508087158203,92.2061538696289,78.84615325927734,152.58778381347656,36.279727935791016,88.94435119628906,115.79617309570312,77.4631576538086,90.86778259277344,89.46927642822266,104.09081268310547,102.85417938232422,83.85813903808594,26.1560001373291,65.78683471679688,71.78543090820312,104.5999984741211,63.279998779296875,100.20982360839844,231.2899932861328,74.33999633789062,26.309999465942383,17.700000762939453,24.850000381469727,,,215.86639404296875,194.1897735595703,174.58892822265625,103.43743896484375,88.78450775146484,84.7326889038086
2024-09-30,116.57556915283203,94.91218566894531,20.452964782714844,72.87584686279297,85.73343658447266,63329.5,2603.062744140625,563.6588134765625,44.03575134277344,79.65782165527344,67.35394287109375,35.2277946472168,51.13479995727539,46.016685485839844,111.85856628417969,228.4733123779297,41.85415267944336,46.795772552490234,132.56263732910156,98.93900299072266,79.73587799072266,150.05868530273438,38.675262451171875,91.8525390625,122.99560546875,78.0621337890625,92.1240234375,91.25814056396484,105.64969635009766,104.87313079833984,85.54753112792969,26.072731018066406,67.24761962890625,71.65673828125,105.04000091552734,64.30000305175781,101.05960845947266,243.05999755859375,69.91999816894531,28.350000381469727,18.489999771118164,26.200000762939453,,,217.4001922607422,199.92625427246094,176.61717224121094,105.2234878540039,89.17254638671875,88.30292510986328
2024-10-31,114.13777923583984,92.52159881591797,20.746854782104492,72.17359924316406,86.07193756103516,70215.1875,2515.79931640625,558.6289672851562,42.68184280395508,75.45729064941406,64.08698272705078,33.476287841796875,48.43574523925781,43.350276947021484,110.11450958251953,216.2564697265625,42.23074722290039,45.34402847290039,130.9868621826172,97.22064971923828,76.96914672851562,143.0925750732422,38.258731842041016,88.76941680908203,112.77558898925781,77.57514953613281,89.00344848632812,86.2801284790039,103.69847106933594,101.5387954711914,83.45919799804688,27.016454696655273,64.1090316772461,69.71873474121094,102.91000366210938,60.790000915527344,98.90746307373047,253.50999450683594,73.08000183105469,27.360000610351562,17.889999389648438,25.700000762939453,,,214.31964111328125,199.58114624023438,173.7802276611328,103.85318756103516,87.88343811035156,85.7098617553711
2024-11-30,118.7403335571289,93.54949951171875,20.33357048034668,73.36055755615234,86.39102935791016,96449.0546875,3705.705322265625,591.9420776367188,41.5391731262207,75.21915435791016,65.61219024658203,33.71170425415039,47.297237396240234,44.857791900634766,115.80751037597656,213.42276000976562,45.53903579711914,46.018924713134766,140.9310302734375,109.76763916015625,79.94722747802734,143.61868286132812,39.704627990722656,92.55025482177734,121.3465805053711,77.80482482910156,89.91209411621094,87.99470520019531,104.21495056152344,103.35725402832031,84.98272705078125,27.617849349975586,63.58341979980469,69.33853912353516,100.8499984741211,61.70000076293945,96.20685577392578,245.58999633789062,71.61000061035156,25.799999237060547,17.8700008392334,23.950000762939453,,,238.04872131347656,213.49395751953125,182.51751708984375,110.55992889404297,92.33670043945312,92.13314819335938
2024-12-31,115.58395385742188,91.96533203125,20.683862686157227,72.78813171386719,86.73926544189453,93429.203125,3332.53173828125,577.6997680664062,40.834388732910156,73.00006866455078,64.16053771972656,32.59035110473633,45.10854721069336,42.164405822753906,115.39675903320312,213.84852600097656,41.17658996582031,41.065895080566406,129.60972595214844,110.98983764648438,76.09154510498047,134.6386260986328,36.53853988647461,84.8017807006836,103.36210632324219,77.99969482421875,87.88153076171875,82.37974548339844,102.42829895019531,100.59161376953125,83.08914947509766,28.448415756225586,60.44160079956055,67.5964584350586,97.86000061035156,58.619998931884766,94.41934204101562,242.1300048828125,75.55000305175781,25.15999984741211,18.770000457763672,24.100000381469727,,,218.11477661132812,204.73695373535156,175.9396514892578,102.61721801757812,87.11038970947266,87.85116577148438
2025-01-31,119.21378326416016,92.43987274169922,21.25465202331543,73.77838897705078,87.0428695678711,102405.0234375,3298.26513671875,593.2147827148438,41.71317672729492,76.5047607421875,65.3175277709961,34.23428726196289,48.65167236328125,43.15571594238281,114.54811096191406,216.4684295654297,42.12836837768555,43.33540344238281,136.09222412109375,114.85852813720703,76.44969177246094,143.74044799804688,37.595733642578125,86.20118713378906,107.21964263916016,78.29463958740234,88.4233627319336,82.7853775024414,103.83180236816406,101.17536926269531,84.49823760986328,28.535444259643555,60.77711486816406,66.96186065673828,97.5,59.470001220703125,94.71882629394531,258.55999755859375,78.0199966430664,26.850000381469727,19.790000915527344,24.75,,,223.56369018554688,216.81814575195312,181.15618896484375,106.8828125,90.21061706542969,90.48719024658203
2025-02-28,118.85965728759766,94.50810241699219,21.283676147460938,74.49422454833984,87.32467651367188,84373.0078125,2237.9052734375,585.6839599609375,42.191627502441406,78.76399230957031,65.47052001953125,35.609046936035156,50.77165603637695,43.069095611572266,111.9277114868164,206.931640625,43.74351119995117,43.32075500488281,134.1051788330078,106.83916473388672,80.4183349609375,145.7565460205078,38.24260711669922,89.39028930664062,100.28597259521484,78.87026977539062,90.89897155761719,87.50173950195312,106.07166290283203,103.5745620727539,86.29962921142578,28.41940689086914,60.77810287475586,67.26248168945312,98.33999633789062,61.31999969482422,94.85143280029297,263.2699890136719,75.22000122070312,28.3799991607666,19.06999969482422,24.149999618530273,,,211.88600158691406,216.12551879882812,179.3876953125,108.00994110107422,92.78105926513672,86.08721160888672
2025-03-31,114.49205780029297,94.48326873779297,21.767396926879883,73.68535614013672,87.6102523803711,82548.9140625,1823.47998046875,553.0501098632812,42.670082092285156,78.9088134765625,65.55657196044922,36.02243423461914,50.830543518066406,42.44350814819336,102.65335083007812,186.975341796875,45.271575927734375,42.163970947265625,129.32705688476562,97.95577239990234,79.47225952148438,143.45162963867188,38.33415603637695,87.0770492553711,96.15380096435547,79.21786499023438,91.20978546142578,86.44762420654297,106.79265594482422,103.09557342529297,85.30709075927734,27.59747886657715,61.25193786621094,67.71864318847656,100.37999725341797,61.5,98.97178649902344,288.1400146484375,77.33000183105469,31.600000381469727,18.559999465942383,23.399999618530273,,,197.36312866210938,200.51458740234375,169.2183074951172,104.28120422363281,92.20964813232422,77.6976547241211
2025-04-30,115.08226776123047,94.89053344726562,19.900236129760742,73.77172088623047,87.90833282470703,94207.3125,1793.775390625,548.2550659179688,42.728668212890625,81.82456970214844,68.30084991455078,36.62809371948242,52.8621940612793,44.050785064697266,104.38843536376953,182.67282104492188,38.997989654541016,41.13904571533203,129.47506713867188,97.85655212402344,79.6279525756836,138.0087127685547,38.35846710205078,84.95159149169922,93.97074127197266,79.8615951538086,92.17304992675781,85.27152252197266,106.92713928222656,102.81657409667969,85.08954620361328,26.50479507446289,62.85728454589844,70.68330383300781,107.54000091552734,64.54000091552734,103.76275634765625,303.7699890136719,63.560001373291016,28.540000915527344,18.739999771118164,22.600000381469727,,,192.78248596191406,207.95465087890625,167.71316528320312,100.28203582763672,91.10699462890625,78.60110473632812
2025-05-31,121.63367462158203,94.31464385986328,20.20014190673828,75.06509399414062,88.22761535644531,104638.09375,2529.08740234375,582.7100830078125,44.44718933105469,85.74442291259766,70.87300872802734,38.37778091430664,54.15774154663086,46.44725036621094,114.7989501953125,203.6388702392578,39.49696731567383,42.340511322021484,140.9208221435547,106.06169891357422,80.60103607177734,130.31590270996094,39.82668685913086,85.90371704101562,93.53411865234375,79.65823364257812,91.03048706054688,82.5337905883789,106.25147247314453,103.02880096435547,86.07954406738281,26.543476104736328,63.33317565917969,71.05215454101562,107.81999969482422,64.02999877929688,104.09229278564453,303.6000061035156,67.1500015258789,29.360000610351562,18.1200008392334,22.649999618530273,,,202.88363647460938,229.68951416015625,175.32794189453125,104.61363983154297,92.06196594238281,87.26837921142578
2025-06-30,127.47997283935547,95.68726348876953,21.099863052368164,76.44518280029297,88.5229263305664,107135.3359375,2486.46435546875,612.6533813476562,47.55939865112305,87.79904174804688,72.26605987548828,38.96736526489258,54.810001373291016,48.35901641845703,126.10417938232422,237.70413208007812,41.42018127441406,43.28074645996094,146.00132751464844,108.0420913696289,79.33158874511719,133.0604248046875,39.975929260253906,86.49515533447266,97.96696472167969,80.12431335449219,92.4887466430664,84.73252868652344,107.24850463867188,105.17431640625,88.3938980102539,25.992298126220703,64.7217025756836,71.62266540527344,111.80000305175781,63.939998626708984,108.0677261352539,304.8299865722656,73.11000061035156,31.639999389648438,17.700000762939453,22.200000762939453,,,214.07965087890625,238.8880157470703,181.4264373779297,111.44469451904297,92.74046325683594,97.00309753417969
2025-07-31,128.828125,95.43470001220703,21.719024658203125,76.54898071289062,88.83856964111328,115758.203125,3696.707763671875,626.7637329101562,47.874881744384766,85.96231842041016,70.96475219726562,39.055660247802734,52.720001220703125,48.32963180541992,130.83999633789062,239.02859497070312,42.59231185913086,43.24131393432617,150.44509887695312,110.08033752441406,78.16566467285156,128.75634765625,41.93898391723633,86.5728530883789,101.28652954101562,80.05059051513672,91.93943786621094,83.76686096191406,107.25829315185547,105.07994079589844,88.99763488769531,26.978612899780273,63.22260284423828,70.45621490478516,109.05999755859375,61.08000183105469,104.67816925048828,302.9599914550781,79.58999633789062,27.450000762939453,17.260000228881836,21.75,,,217.651123046875,239.8522186279297,182.71653747558594,111.18875122070312,91.49561309814453,102.24462890625
2025-08-31,132.27781677246094,96.57071685791016,21.48683738708496,77.39508819580078,89.1679458618164,108236.7109375,4390.01904296875,639.6245727539062,49.15653991699219,89.85184478759766,75.45668029785156,40.67439270019531,55.33000183105469,50.49437713623047,130.69558715820312,244.29653930664062,44.145381927490234,45.48396682739258,150.44509887695312,115.20579528808594,79.14543151855469,135.66653442382812,41.278106689453125,89.58357238769531,113.30256652832031,80.7610855102539,93.4547348022461,83.77749633789062,108.98766326904297,106.17652130126953,90.596435546875,26.46611785888672,64.46761322021484,71.0561752319336,110.72000122070312,62.630001068115234,107.41732025146484,318.07000732421875,74.83999633789062,28.1299991607666,17.56999969482422,21.399999618530273,,,233.30604553222656,242.27769470214844,187.5097198486328,117.81380462646484,93.12576293945312,104.3034439086914
2025-09-30,137.0360107421875,97.6588363647461,21.796419143676758,78.08080291748047,89.46243286132812,114056.0859375,4145.95751953125,662.4082641601562,52.6465950012207,91.70820617675781,77.31707000732422,41.17473220825195,55.2400016784668,50.504173278808594,140.5418243408203,270.556640625,44.00491714477539,44.382503509521484,153.2728729248047,119.34326934814453,77.31110382080078,138.0124969482422,42.98025894165039,89.63520812988281,110.27630615234375,80.99343872070312,94.063232421875,86.78593444824219,109.44721984863281,108.16969299316406,92.01941680908203,26.60149383544922,65.21006774902344,70.17930603027344,111.2300033569336,62.209999084472656,107.85022735595703,355.4700012207031,73.75,30.0,17.450000762939453,20.549999237060547,,,240.72311401367188,255.52804565429688,193.49143981933594,123.77120208740234,94.359130859375,109.40167236328125
2025-10-31,140.17840576171875,98.25989532470703,22.13502311706543,78.07209014892578,89.7764892578125,109556.1640625,3847.080322265625,678.1983642578125,54.5197868347168,92.80827331542969,80.4402084350586,41.8614616394043,55.36000061035156,50.25929260253906,149.9259033203125,305.91302490234375,43.40892791748047,42.42634582519531,154.0977325439453,119.48768615722656,75.24933624267578,143.05026245117188,43.91171646118164,87.4389419555664,104.53357696533203,81.26373291015625,94.73226928710938,87.98451232910156,109.8001480102539,108.33139038085938,93.83753204345703,27.27837562561035,64.55269622802734,69.61483764648438,109.95999908447266,59.65999984741211,105.92237854003906,368.1199951171875,72.55999755859375,31.530000686645508,17.790000915527344,21.200000762939453,,,244.97128295898438,253.30606079101562,195.2821044921875,129.07638549804688,92.41522216796875,114.68244171142578
2025-11-30,140.23788452148438,98.85505676269531,22.309162139892578,78.65480041503906,90.0346450805664,90394.3125,2992.112548828125,679.5208129882812,53.55361557006836,93.49581909179688,80.01608276367188,42.33237075805664,57.81999969482422,49.59321594238281,142.71580505371094,296.1234130859375,44.551658630371094,44.27355194091797,152.73623657226562,117.75959777832031,78.29759216308594,156.33880615234375,44.66575241088867,89.55677032470703,108.36537170410156,81.6203384399414,95.66836547851562,88.22412109375,110.03850555419922,109.34012603759766,94.30355072021484,27.27837562561035,64.67230987548828,69.86969757080078,110.12000274658203,58.91999816894531,106.70352935791016,387.8800048828125,71.06999969482422,32.279998779296875,17.969999313354492,20.84000015258789,,,247.4783935546875,249.35032653808594,197.05287170410156,132.30303955078125,94.54756927490234,112.77937316894531
2025-12-31,141.49000549316406,98.57927703857422,22.360000610351562,79.042236328125,90.3364486694336,87508.828125,2967.03759765625,680.062744140625,54.709999084472656,96.02999877929688,80.73999786376953,43.97999954223633,59.959999084472656,50.470001220703125,143.7912139892578,300.9645690917969,44.41977310180664,45.14921569824219,154.6853485107422,119.17060852050781,77.24520874023438,154.16622924804688,42.39360809326172,87.55404663085938,102.64921569824219,81.86091613769531,94.94015502929688,85.87860107421875,109.3572998046875,108.5337905883789,94.60189819335938,27.030000686645508,65.93921661376953,71.14608001708984,111.5999984741211,58.66999816894531,108.13220977783203,396.30999755859375,69.16000366210938,34.959999084472656,17.729999542236328,19.969999313354492,,,245.722900390625,250.08583068847656,198.19650268554688,136.13983154296875,93.7740707397461,116.73326873779297
2026-01-31,145.5,98.82601928710938,24.43000030517578,79.52259826660156,90.60337829589844,78621.1171875,2445.091796875,690.0853271484375,59.099998474121094,100.73999786376953,85.72000122070312,46.15999984741211,61.540000915527344,53.59000015258789,143.7013397216797,346.0867614746094,50.7186164855957,49.05186080932617,164.9764404296875,120.92707824707031,83.0425796508789,154.10647583007812,42.94972229003906,89.8396224975586,108.07279205322266,82.02894592285156,94.7229232788086,85.84903717041016,109.9244384765625,108.90807342529297,94.89667510986328,26.850000381469727,68.8863525390625,71.76285552978516,114.4000015258789,59.41999816894531,109.20561218261719,444.95001220703125,79.5199966430664,36.43000030517578,17.479999542236328,20.969999313354492,,,259.1889343261719,255.66082763671875,201.9884033203125,146.54470825195312,94.60066223144531,120.9048080444336
2026-02-28,147.3800048828125,100.40538024902344,25.100000381469727,79.5216064453125,90.84530639648438,66995.859375,1965.050537109375,684.1216430664062,62.58000183105469,105.37999725341797,92.37000274658203,48.68000030517578,65.08000183105469,56.79999923706055,138.58767700195312,352.0730895996094,55.557003021240234,53.17353057861328,176.64364624023438,116.62571716308594,89.50619506835938,159.5441131591797,47.398616790771484,94.67790222167969,114.9918441772461,82.46516418457031,97.06257629394531,89.82706451416016,111.31739044189453,110.40878295898438,96.4410400390625,27.079999923706055,70.47000122070312,71.59989166259766,114.87999725341797,58.83000183105469,108.88219451904297,483.75,81.94999694824219,36.880001068115234,17.889999389648438,22.56999969482422,,,260.9458312988281,252.73345947265625,204.42320251464844,150.13912963867188,97.40910339355469,122.85086059570312
2026-03-31,138.3699951171875,98.60355377197266,28.950000762939453,78.76327514648438,91.10677337646484,68233.3125,2104.708251953125,650.3400268554688,56.790000915527344,97.12999725341797,84.44000244140625,45.560001373291016,58.810001373291016,53.13999938964844,132.89999389648438,328.6600036621094,61.2599983215332,49.970001220703125,161.72999572753906,108.9800033569336,81.9800033569336,146.61000061035156,45.88999938964844,88.69999694824219,98.72000122070312,82.08045959472656,94.81053161621094,86.02733612060547,109.80503845214844,108.12019348144531,93.07495880126953,27.780000686645508,68.37000274658203,70.22616577148438,110.41000366210938,57.880001068115234,106.5619888305664,430.2900085449219,127.25,34.43000030517578,18.399999618530273,23.56999969482422,,,248.0,239.99000549316406,191.80999755859375,142.19000244140625,92.73999786376953,115.94999694824219
2026-04-30,151.5399932861328,98.7699966430664,31.100000381469727,79.96099853515625,91.3699951171875,76304.3203125,2256.251220703125,718.6599731445312,63.9900016784668,102.31999969482422,89.0999984741211,47.150001525878906,61.369998931884766,55.66999816894531,159.5,461.44000244140625,59.650001525878906,51.470001220703125,174.5800018310547,118.3499984741211,84.30999755859375,145.99000549316406,46.849998474121094,96.33000183105469,106.0,82.23699951171875,94.66799926757812,85.30500030517578,110.9990005493164,108.42499542236328,95.39000701904297,27.360000610351562,71.3499984741211,71.9330062866211,112.91999816894531,58.630001068115234,108.21600341796875,423.6600036621094,147.08999633789062,36.529998779296875,18.690000534057617,24.110000610351562,,,277.9700012207031,283.9800109863281,207.25,167.07000732421875,94.63999938964844,134.55999755859375
