date,ACWI,AGG,DBC,HYG,BIL,BTC,ETH,SPY,EEM,EFA,EWJ,EWU,EWL,EPP,XLK,SOXX,XLE,XLB,XLI,XLY,XLP,XLV,XLU,VNQ,XHB,SHY,IEF,TLT,TIP,LQD,EMB,UUP,FXA,FXC,FXF,FXY,FXE,GLD,USO,CPER,CORN,WEAT,BAL,JO,IWM,MTUM,QUAL,VLUE,USMV,SPHB,VT,BIV,DIA,FBTC,GDX,IBIT,IWF,QQQ,SMH,SPLV,XLC
2008-01-31,,59.76356506347656,27.03349876403809,31.476320266723633,72.63862609863281,,,97.84489440917967,30.937824249267575,41.4674072265625,36.71854782104492,21.679967880249023,16.825407028198242,22.884653091430664,9.094659805297852,14.115767478942873,19.612096786499023,13.416914939880373,25.880409240722656,12.890037536621094,16.5368595123291,24.439958572387695,10.282150268554688,28.36590003967285,18.418725967407227,62.0826530456543,57.231388092041016,54.15055465698242,64.09117126464844,52.56888961791992,41.63746643066406,19.451040267944336,66.21332550048828,91.00741577148438,91.64090728759766,93.91000366210938,136.6528778076172,91.4000015258789,578.7999877929688,,,,,,55.23857879638672,,,,,,,40.92390441894531,83.71170043945312,,43.574066162109375,,11.391124725341797,38.77293014526367,11.952035903930664,,
2008-02-29,,59.66792297363281,30.04646873474121,30.887924194335938,72.75741577148438,,,95.31636810302734,31.5548152923584,41.04320526123047,36.17007827758789,21.42559242248535,17.135364532470703,22.296966552734375,8.664374351501465,13.834603309631348,21.429601669311523,13.725881576538086,25.355810165405273,12.391523361206056,16.494298934936523,23.787261962890625,9.86005973815918,27.46349334716797,17.079179763793945,62.724063873291016,57.940673828125,53.904014587402344,65.00297546386719,52.197608947753906,41.468170166015625,19.0444278717041,69.15547943115234,92.90936279296876,95.30658721923828,96.12999725341795,139.82794189453125,96.18000030517578,643.3599853515625,,,,,,53.61896133422851,,,,,,,41.12229537963867,81.8803482055664,,45.97130584716797,,11.201885223388672,36.900001525878906,12.121868133544922,,
2008-03-31,34.88698959350586,59.745365142822266,29.771806716918945,31.180150985717773,72.92726135253906,,,94.46399688720705,30.370559692382812,41.215179443359375,35.70820999145508,21.09295654296875,17.438587188720703,21.83003044128418,8.764542579650879,13.660950660705566,20.928945541381836,13.532925605773926,26.276397705078125,12.170157432556152,17.028697967529297,22.70634078979492,10.018340110778809,29.244565963745117,18.2092342376709,62.88311767578125,58.715538024902344,55.056915283203125,64.91203308105469,51.88589096069336,41.506778717041016,18.588022232055664,68.08610534667969,89.41880798339844,100.091552734375,100.23999786376952,145.730224609375,90.41000366210938,650.8800048828125,,,,,,53.261959075927734,,,,,,,41.26123809814453,81.67340850830078,,41.28070831298828,,11.108599662780762,37.59089660644531,12.194046020507812,,
2008-04-30,37.66691207885742,59.941043853759766,31.569599151611328,32.23931121826172,72.87960052490234,,,98.9663543701172,33.14589309692383,43.45650100708008,38.3350944519043,22.345237731933594,17.404897689819336,23.52387237548828,9.31232738494873,14.71666431427002,23.10209274291992,14.253870964050291,27.049217224121097,12.459352493286133,16.90033721923828,22.932157516479492,10.530611991882324,31.110143661499023,18.570228576660156,62.35649871826172,57.29613494873047,53.688045501708984,64.00349426269531,52.53172302246094,41.98893737792969,18.762287139892575,70.63578033447266,91.14563751220705,95.90110778808594,95.9499969482422,144.53443908691406,86.6500015258789,740.0,,,,,,55.68754577636719,,,,,,,40.80123519897461,85.64228820800781,,37.73247146606445,,11.72484016418457,40.59162521362305,12.979528427124023,,
2008-05-31,37.99229431152344,59.182655334472656,33.75025177001953,32.07537841796875,72.94963073730469,,,100.46234893798828,34.194557189941406,43.972412109375,39.08562850952149,22.29631996154785,17.45880699157715,24.196908950805664,9.918804168701172,15.96534252166748,24.30313491821289,14.995035171508787,27.288103103637695,12.800054550170898,17.413761138916016,23.36924171447754,10.908218383789062,31.04453468322754,16.740066528320312,62.14061737060547,56.27775192260742,52.24480438232422,64.07185363769531,51.37329864501953,42.03286361694336,18.84526824951172,72.06414794921875,92.67662048339844,95.43605041503906,94.6500015258789,144.5085906982422,87.44999694824219,824.47998046875,,,,,,58.237945556640625,,,,,,,40.18345260620117,84.4791030883789,,39.82678985595703,,12.110493659973145,42.99910354614258,13.862664222717285,,
2008-06-30,34.957725524902344,59.07320785522461,37.270938873291016,30.896717071533203,73.12005615234375,,,92.06616973876952,31.024898529052734,40.108638763427734,36.16952133178711,20.733861923217773,16.296852111816406,21.98059463500977,8.989676475524902,14.149584770202637,25.07000160217285,14.122870445251465,24.006574630737305,11.323652267456056,16.42127227783203,22.380502700805664,10.826805114746094,27.749025344848633,13.881309509277344,62.29316711425781,56.92262268066406,53.631134033203125,65.21842193603516,50.70966339111328,41.20012283325195,18.662708282470703,72.65013122558594,90.32957458496094,97.47610473632812,93.9000015258789,146.5496063232422,91.4000015258789,909.280029296875,,,,,,53.85469436645508,,,,,,33.846946716308594,40.19236373901367,76.13595581054688,,42.05093765258789,,11.271842956542969,38.86471939086914,12.588908195495605,,
2008-07-31,33.854244232177734,59.305904388427734,33.62540817260742,31.07906723022461,73.25720977783203,,,91.23886108398438,29.317283630371097,38.776947021484375,34.80628204345703,19.883296966552734,16.207794189453125,20.95659065246582,8.769937515258789,12.98611068725586,21.08055305480957,13.66598129272461,24.19715690612793,11.34354019165039,16.820287704467773,23.38315773010254,10.129847526550291,28.613513946533203,14.84446144104004,62.56362533569336,57.33282852172851,53.43413162231445,64.82083129882812,50.90763092041016,41.52473449707031,18.85356712341309,71.67739868164062,90.2042465209961,95.1634521484375,92.41999816894533,145.7543182373047,90.08000183105467,799.9199829101562,,,,,,55.83282470703125,,,,,,32.938262939453125,40.23918914794922,76.43445587158203,,37.62862014770508,,11.045408248901367,39.11423873901367,11.85013484954834,,
2008-08-31,33.28835678100586,59.74593353271485,31.42810440063477,30.80008316040039,73.31473541259766,,,92.64883422851562,27.465662002563477,37.12984085083008,33.094970703125,19.212846755981445,15.68717098236084,19.91967010498047,8.926889419555664,13.558177947998049,21.151391983032227,13.452771186828612,24.86068344116211,12.126809120178224,17.274555206298828,23.866191864013672,10.018123626708984,29.29275131225586,16.669395446777344,62.85544204711914,58.20807647705078,54.89784622192383,65.32698059082031,50.98123550415039,41.821754455566406,19.865949630737305,65.70851135253906,87.0814208984375,90.5616226196289,91.6500015258789,137.48300170898438,81.70999908447266,742.9600219726562,,,,,,57.82908248901367,,,,,,32.3301887512207,40.4579963684082,77.77589416503906,,32.57454299926758,,11.188641548156738,39.68209457397461,12.100639343261719,,
2008-09-30,29.20689392089844,58.69460678100586,28.207056045532227,27.518041610717773,73.68736267089844,,,83.92376708984375,23.433256149291992,32.88358688354492,30.919574737548828,16.661136627197266,14.406167984008787,17.395183563232422,7.815673351287842,11.203598022460938,17.993309020996094,11.370616912841797,21.85955238342285,11.132142066955566,17.05841064453125,22.09267807006836,8.917879104614258,29.25651741027832,16.700498580932617,63.344444274902344,58.12636947631836,55.7081184387207,62.699520111083984,45.51076126098633,38.83358383178711,20.28086280822754,60.757476806640625,87.13787841796875,88.94863891601562,93.87999725341795,132.03858947753906,85.06999969482422,656.0800170898438,,,,,,53.34646224975586,,,,,,29.385496139526367,38.87425994873047,73.2219009399414,,29.24266815185547,,9.963685035705566,33.50110626220703,10.487220764160156,,
2008-10-31,23.830955505371097,57.35573196411133,21.132404327392575,24.367218017578125,73.51602935791016,,,70.06069946289062,17.439502716064453,26.03236389160156,26.10470199584961,13.368940353393556,12.583992004394531,12.782307624816896,6.555713176727295,9.227627754211426,14.610678672790527,8.82414436340332,17.870895385742188,9.169052124023438,14.907573699951172,19.556249618530273,7.758527755737305,19.97430419921875,11.92043113708496,64.04418182373047,57.62485122680664,54.67152404785156,57.62739944458008,44.62736892700195,31.302318572998047,21.990297317504883,51.386695861816406,77.29437255859375,85.88510131835938,100.97000122070312,119.99405670166016,71.33999633789062,444.7200012207031,,,,,,42.16725158691406,,,,,,23.086164474487305,37.69344711303711,63.2904167175293,,18.130626678466797,,8.196696281433105,28.317960739135742,8.810113906860352,,
2008-11-30,21.74424743652344,59.090293884277344,18.518943786621097,22.63817024230957,73.47911071777344,,,65.18401336669922,15.738752365112305,24.37357521057129,25.118532180786133,12.508362770080566,11.412590980529783,11.900435447692873,6.004487991333008,7.481039047241211,14.292315483093262,7.881130695343018,16.401758193969727,8.175539016723633,14.876673698425291,18.321123123168945,8.083253860473633,15.436659812927246,10.069535255432127,64.75206756591797,62.09293746948242,62.51216506958008,58.13274765014648,46.1240348815918,34.297489166259766,22.03178596496582,50.762020111083984,74.9318618774414,82.41691589355469,104.31999969482422,120.00819396972656,80.30999755859375,336.7200012207031,,,,,,37.1385612487793,,,,,,21.514741897583008,39.99323272705078,60.04136276245117,,22.994304656982422,,7.5050835609436035,25.0720272064209,7.06082820892334,,
2008-12-31,22.93260383605957,63.027191162109375,17.914823532104492,26.43374252319336,73.50150299072266,,,65.82256317138672,17.365123748779297,26.53512191772461,28.017427444458008,12.611618041992188,12.748453140258787,13.022472381591797,6.099944591522217,7.908015251159668,13.649272918701172,7.835751533508301,16.783287048339844,8.671866416931152,14.87904930114746,19.638427734375,7.889175891876221,18.016267776489254,10.247068405151367,65.11668395996094,65.29461669921875,71.04655456542969,61.91342544555664,52.49581527709961,40.36946105957031,20.626041412353516,55.28291702270508,76.55020904541016,93.99085998535156,110.08999633789062,132.0887451171875,86.5199966430664,264.79998779296875,,,,,,38.92333221435547,,,,,,22.678998947143555,42.89611053466797,59.694828033447266,,29.320552825927734,,7.640900135040283,25.64300537109375,7.476920127868652,,
2009-01-31,20.322450637817383,61.77512741088867,17.1201114654541,26.16596031188965,73.64598083496094,,,60.4176025390625,15.751704216003418,22.89143180847168,24.65415954589844,11.427669525146484,10.88500690460205,11.065390586853027,5.810979843139648,7.701744556427002,13.406407356262209,7.25685977935791,14.769582748413086,7.751206874847412,13.80691146850586,19.401716232299805,7.875589370727539,14.857858657836914,8.792975425720215,64.83206176757812,62.7564582824707,61.760257720947266,61.88846206665039,51.55070114135742,37.55848693847656,21.67864990234375,49.574615478515625,75.85101318359375,86.14497375488281,110.9000015258789,121.2653350830078,91.30999755859376,233.7599945068359,,,,,,35.16062545776367,,,,,,20.21717643737793,41.56996536254883,54.714115142822266,,29.62344741821289,,7.249166488647461,25.05668830871582,7.183959007263184,,
2009-02-28,18.34891700744629,61.12315368652344,16.156312942504883,23.62372779846191,73.64274597167969,,,53.925777435302734,14.764177322387695,20.5135555267334,21.554115295410156,10.315789222717283,9.654170036315918,10.536584854125977,5.589306831359863,7.576312065124512,11.752036094665527,6.674519062042236,12.254236221313477,7.047646522521973,12.691129684448242,16.997774124145508,6.889102935791016,11.808187484741213,7.963287830352783,64.73805236816406,62.29524230957031,60.81412124633789,60.52841567993164,48.86806106567383,35.452938079833984,22.12140655517578,49.95033645629883,73.15669250488281,85.32540130615234,102.0199966430664,120.03469848632812,92.62999725341795,216.3999938964844,,,,,,30.947362899780273,,,,,,18.291728973388672,40.99520111083984,48.582576751708984,,28.870532989501953,,6.704859256744385,23.737468719482422,6.992895126342773,,
2009-03-31,20.03950881958008,61.797306060791016,16.90875244140625,24.07432746887207,73.63789367675781,,,58.41836929321289,17.25385093688965,22.234848022460938,23.10414123535156,10.789362907409668,10.47243595123291,12.172426223754885,6.214244365692139,8.680142402648926,12.194409370422363,7.69969367980957,13.334720611572266,7.942532062530518,13.230308532714844,18.01861572265625,7.020153999328613,12.23817539215088,9.125794410705566,65.06137084960938,64.35950469970703,63.27547454833984,64.10327911376953,49.098609924316406,37.264129638671875,21.41967010498047,54.42164993286133,73.80213165283203,87.6741714477539,100.5199966430664,125.83936309814452,90.27999877929688,232.3999938964844,,,,,,33.348167419433594,,,,,,19.90772819519043,41.612152099609375,52.195125579833984,,31.916828155517578,,7.263856410980225,26.186342239379883,7.939716815948486,,
2009-04-30,22.60014915466309,62.115692138671875,16.891843795776367,27.40764808654785,73.68290710449219,,,64.22198486328125,19.93824577331543,24.79608154296875,24.88812255859375,12.076265335083008,11.15317726135254,13.724249839782717,6.862722396850586,9.758893013000488,13.147902488708496,8.899198532104492,15.74409008026123,9.41382122039795,13.79462432861328,17.99630355834961,7.102587699890137,15.99330711364746,11.652143478393556,64.95396423339844,62.59273910522461,58.87654495239258,62.95252227783203,50.46196746826172,40.14366912841797,21.16905212402344,56.992774963378906,77.9317398071289,87.43428802490234,100.88999938964844,125.3704071044922,87.2699966430664,229.0399932861328,,,,,,38.47926712036133,,,,,,22.30765724182129,41.80462646484375,56.30031204223633,,28.48108673095703,,8.001008987426758,29.606456756591797,8.691231727600098,,
2009-05-31,24.96980094909668,62.5565185546875,19.63951301574707,28.19026756286621,73.69094848632812,,,67.97604370117188,23.11641502380371,28.067136764526367,27.40326499938965,14.135303497314451,12.466529846191406,15.849359512329102,7.021859169006348,10.15192413330078,14.842374801635742,9.41921329498291,16.27226448059082,9.345104217529297,14.496898651123049,19.22433090209961,7.355366706848144,16.411666870117188,10.380377769470217,64.99031829833984,61.29246139526367,56.70109939575195,64.20946502685547,51.63109588623047,41.307762145996094,19.824054718017575,62.88115310668945,85.15852355957031,93.4111557006836,104.38999938964844,133.9656524658203,96.1999969482422,291.20001220703125,,,,,,39.78779220581055,,,,,,24.673206329345703,41.92283248901367,59.03893280029297,,38.217098236083984,,8.417210578918457,30.556509017944336,8.958718299865723,,
2009-06-30,24.59082794189453,62.819766998291016,19.12380027770996,29.1351318359375,73.6812744140625,,,67.93151092529297,22.59640884399414,27.67281723022461,27.728296279907227,13.846918106079102,12.362638473510742,15.97767448425293,7.277432441711426,10.254070281982422,13.870360374450684,8.991843223571777,15.994954109191896,9.368786811828612,14.52573299407959,19.679977416992188,7.750471115112305,15.886977195739746,10.132265090942385,64.92909240722656,60.95100021362305,57.126983642578125,64.3366470336914,53.12395858764648,41.70406723022461,19.966073989868164,63.3899040222168,79.84771728515625,91.76201629638672,103.2699966430664,132.9821014404297,91.18000030517578,303.44000244140625,,,,,,40.50947952270508,,,,,,24.24685859680176,42.45133972167969,58.728275299072266,,32.72166442871094,,8.495894432067871,31.45880889892578,9.107322692871094,,
2009-07-31,26.908029556274418,63.61695861816406,19.478883743286133,31.1510066986084,73.63470458984375,,,72.99957275390625,25.085309982299805,30.451580047607425,29.022083282470703,15.020917892456056,13.661029815673828,18.00578498840332,7.87289571762085,11.840005874633787,14.612235069274902,10.14892864227295,17.393413543701172,10.257766723632812,15.492427825927734,20.846860885620117,8.042257308959961,17.598115921020508,12.32255744934082,65.0004653930664,61.457889556884766,57.45600891113281,64.39324951171875,55.58500671386719,43.001861572265625,19.48154067993164,65.92402648925781,86.21879577636719,93.25125122070312,105.05999755859376,135.01193237304688,93.3499984741211,294.4800109863281,,,,,,44.22464370727539,,,,,,26.701801300048828,43.494171142578125,63.683101654052734,,34.41789245605469,,9.111711502075195,34.11351013183594,10.593365669250488,,
2009-08-31,27.70656967163086,64.39326477050781,18.692625045776367,30.622392654418945,73.68612670898438,,,75.69612884521484,24.755794525146484,31.822830200195312,30.05123710632324,15.670809745788574,14.50568389892578,18.64146423339844,8.000781059265137,12.150482177734377,14.771002769470217,10.389410972595217,18.223756790161133,10.619046211242676,15.681976318359377,21.407865524291992,8.122847557067871,20.118724822998047,13.374588012695312,65.26644897460938,61.92707443237305,58.73781204223633,64.93498992919922,56.31317901611328,44.04929733276367,19.431419372558594,66.72127532958984,84.79571533203125,94.1008071899414,106.8000030517578,135.7890167236328,93.4000015258789,288.3999938964844,,,,,,45.521854400634766,,,,,,27.416967391967773,44.09808349609375,66.26360321044922,,34.19288635253906,,9.288496971130371,34.61505889892578,10.805658340454102,,
2009-09-30,29.054107666015625,65.15837097167969,18.650352478027344,32.39820861816406,73.70539093017578,,,78.38011932373047,27.27975082397461,33.03099060058594,29.2279109954834,16.257816314697266,15.161856651306152,20.44759178161621,8.371406555175781,12.528085708618164,15.633974075317385,10.82801914215088,19.286901473999023,11.187033653259276,16.201202392578125,21.539566040039062,8.234777450561523,21.44510269165039,12.986404418945312,65.4206771850586,62.62335968017578,60.18169403076172,66.24861907958984,57.3037223815918,46.34543991088867,19.038780212402344,69.74945831298828,86.64666748046875,96.12975311279295,110.68000030517578,138.57504272460938,98.8499984741211,289.5199890136719,,,,,,48.054054260253906,,,,,,28.854175567626953,44.7513427734375,67.80680847167969,,39.19503402709961,,9.663898468017578,36.570098876953125,10.877839088439941,,
2009-10-31,28.269824981689453,65.30290222167969,19.94387435913086,32.2223014831543,73.7085952758789,,,76.8732681274414,26.340272903442383,32.19736099243164,28.08113670349121,16.236852645874023,14.924516677856444,19.973360061645508,8.267112731933594,11.356114387512209,16.019603729248047,10.26806926727295,18.518056869506836,10.92232608795166,16.4366455078125,21.08878517150879,7.970857620239258,20.487960815429688,11.915006637573242,65.5095443725586,62.53705596923828,58.60725784301758,67.00691223144531,57.01880645751953,46.09867858886719,18.96359634399414,71.30599212646484,85.76302337646484,97.05924987792967,110.31999969482422,139.32374572753906,102.52999877929688,314.55999755859375,,,,,,44.93501663208008,,,,,,28.125247955322266,44.82045364379883,67.84923553466797,,36.66799545288086,,9.540778160095215,35.45353317260742,10.270683288574219,,
2009-11-30,29.79560279846191,66.14288330078125,20.848493576049805,32.76506042480469,73.67808532714844,,,81.60914611816406,28.40851402282715,33.45988845825195,28.110557556152344,17.054458618164062,15.42014217376709,21.11353874206543,8.724390029907227,12.128106117248535,16.474828720092773,11.37397003173828,20.14360237121582,11.655369758605955,17.041168212890625,23.049657821655273,8.355506896972656,21.83313369750977,12.381584167480469,65.90023803710938,63.7984504699707,59.31814956665039,68.88261413574219,58.13215255737305,46.46538543701172,18.520830154418945,72.68816375732422,87.837158203125,99.1181869506836,114.8499984741211,142.0718994140625,115.63999938964844,313.20001220703125,,,,,,46.338993072509766,,,,,,29.624343872070312,45.71904373168945,72.64389038085938,,44.23179244995117,,10.135513305664062,37.704010009765625,10.809906005859375,,
2009-12-31,30.353984832763672,64.89864349365234,20.81467628479004,33.97238540649414,73.70059204101562,,,83.16798400878906,29.339134216308594,33.697322845458984,28.898265838623047,17.17972183227539,15.567973136901855,21.293779373168945,9.230742454528809,13.834531784057615,16.6198787689209,11.609292030334473,20.4808349609375,12.189960479736328,17.003429412841797,23.471599578857425,8.812666893005371,23.44588851928711,13.08007526397705,65.34623718261719,60.98950958251953,55.55398941040039,67.44351959228516,56.93031692504883,46.57561492919922,19.281044006347656,71.49742889404297,88.2184829711914,96.06978607177734,106.61000061035156,135.42893981933594,107.30999755859376,314.239990234375,,,,,,50.011253356933594,,,,,,30.08678817749023,44.5622444152832,73.27104187011719,,40.08899688720703,,10.444223403930664,39.6656608581543,11.85438060760498,,
2010-01-31,28.74620246887207,65.81686401367188,19.18297958374023,33.349708557128906,73.70059204101562,,,80.14542388916016,27.06269645690918,31.990507125854492,29.194965362548828,16.363155364990234,14.889582633972168,19.651832580566406,8.43769359588623,12.078169822692873,15.88814640045166,10.606363296508787,20.17866897583008,11.837815284729004,16.829994201660156,23.630229949951172,8.389362335205078,22.1514892578125,13.08007526397705,65.86613464355469,62.435115814208984,57.049583435058594,68.47563171386719,57.64093399047851,46.32394790649414,19.590145111083984,70.59111022949219,86.67450714111328,93.76097869873048,109.95999908447266,131.14556884765625,105.95999908447266,285.1199951171875,,,,,,48.1450309753418,,,,,,28.550691604614254,45.480899810791016,70.79275512695312,,35.326210021972656,,9.974912643432617,37.099308013916016,10.512696266174316,,
2010-02-28,29.370662689208984,65.94744110107422,19.977691650390625,33.9744758605957,73.68450927734375,,,82.64556884765625,27.543434143066406,32.07585525512695,29.491655349731445,16.22529411315918,15.309202194213867,20.63494110107422,8.731565475463867,13.04206371307373,16.366252899169922,11.084953308105469,21.25467300415039,12.497064590454102,17.36315155029297,23.72089195251465,8.278565406799316,23.388242721557617,13.772603034973145,65.97173309326172,62.64232635498047,56.85422897338867,67.58330535888672,57.932960510253906,46.93955993652344,19.748870849609375,71.65843200683594,88.07897186279297,92.56160736083984,111.6500015258789,128.73846435546875,109.43000030517578,310.55999755859375,,,,,,50.29957962036133,,,,,,29.144182205200195,45.67997360229492,72.9144287109375,,38.0763053894043,,10.322704315185547,38.807315826416016,11.200519561767578,,
2010-03-31,31.22964859008789,65.94297790527344,19.884693145751953,34.69934844970703,73.68450927734375,,,87.67699432373047,29.77745819091797,34.124019622802734,30.975147247314453,17.253955841064453,16.155439376831055,22.112173080444336,9.32878589630127,13.887929916381836,16.827268600463867,11.962456703186035,23.102323532104492,13.47269344329834,18.01730155944824,24.35362434387207,8.50130844116211,25.770750045776367,14.586302757263184,65.79423522949219,61.98027420043945,55.6845817565918,67.57942962646484,58.310604095458984,48.164363861083984,19.88253593444824,73.58851623535156,91.21336364746094,94.32069396972656,106.0500030517578,127.67710876464844,108.9499969482422,322.32000732421875,,,,,,54.439579010009766,,,,,,31.085262298583984,45.55738830566406,76.80973052978516,,38.52743148803711,,10.917136192321777,41.79972839355469,11.833149909973145,,
2010-04-30,31.15786361694336,66.58479309082031,20.66249656677246,35.36714172363281,73.65237426757812,,,89.03336334228516,29.72796630859375,33.16700744628906,30.826805114746097,16.882787704467773,15.330185890197754,21.746723175048828,9.44590187072754,14.168946266174316,17.526451110839844,11.987144470214844,24.08587646484375,14.284991264343262,17.823766708374023,23.40614891052246,8.724876403808594,27.61341094970703,16.56351661682129,65.99168395996094,63.00465393066406,57.53426361083984,69.27904510498047,59.42308044433594,48.40991973876953,20.016197204589844,74.40457153320312,91.14826202392578,92.35173034667967,105.5500030517578,125.81969451904295,115.36000061035156,330.6400146484375,,,,,,57.53093338012695,,,,,,30.945629119873047,46.21402740478515,77.92709350585938,,43.819419860839844,,11.034817695617676,42.737091064453125,12.308685302734375,,
2010-05-31,28.236597061157227,67.30553436279297,18.56580924987793,33.713523864746094,73.68450927734375,,,81.95926666259766,26.935447692871097,29.45467185974121,28.215866088867188,15.026959419250488,13.6936616897583,19.04961395263672,8.73917293548584,13.241584777832031,15.519585609436035,10.844504356384276,21.8895320892334,13.279870986938477,16.9980525970459,21.882627487182617,8.243343353271484,26.14033889770508,14.933180809020996,66.29063415527344,64.85270690917969,60.473384857177734,69.4118423461914,58.64570999145508,47.5291633605957,21.16905212402344,68.3046875,87.97665405273438,85.7052001953125,108.9800033569336,115.96414184570312,118.87999725341795,272.32000732421875,,,,,,53.19501876831055,,,,,,27.887374877929688,46.89582443237305,72.09051513671875,,43.25552749633789,,10.187925338745117,39.577816009521484,11.64208698272705,,
2010-06-30,27.23188209533691,68.49600219726562,18.236087799072266,34.088138580322266,73.70059204101562,,,77.71859741210938,26.55871963500977,28.84734344482422,27.492889404296875,14.50369644165039,14.201509475708008,18.66592788696289,8.267557144165039,12.337940216064451,14.599969863891602,10.049370765686035,20.384580612182617,11.989178657531738,16.56777000427246,21.483428955078125,8.185467720031738,24.777835845947266,12.443156242370604,66.568359375,66.8295669555664,63.97947692871094,70.3001937866211,60.56840896606445,48.66716766357422,20.935134887695312,68.01927947998047,86.9070816040039,92.15182495117188,112.08999633789062,115.49031829833984,121.68000030517578,271.67999267578125,,25.940000534057617,,,,49.0759162902832,,,,,,27.10533905029297,47.99391174316406,69.55980682373047,,45.07735061645508,,9.631034851074219,37.212764739990234,11.005213737487793,,
2010-07-31,29.77402114868164,69.08145904541016,19.352066040039062,35.84478759765625,73.66844177246094,,,83.02685546875,29.462238311767575,32.19663619995117,28.777881622314453,16.608030319213867,15.07534408569336,20.901243209838867,8.883566856384277,12.97868537902832,15.822507858276367,11.338753700256348,22.509984970092773,12.93991470336914,17.529342651367188,21.76530647277832,8.796627044677734,27.154876708984375,13.09485912322998,66.69742584228516,67.43745422363281,63.3740234375,70.12940216064453,61.84682083129883,50.63961410522461,19.83241081237793,73.4227066040039,89.96708679199219,95.33016204833984,114.5999984741211,123.08100128173828,115.48999786376952,282.7200012207031,,27.690000534057617,,,,52.379180908203125,,,,,,29.59803771972656,48.79986572265625,74.5876693725586,,41.83275604248047,,10.32149600982666,39.913761138916016,11.629349708557129,,
2010-08-31,28.499332427978516,69.97035217285156,18.768714904785156,35.49007034301758,73.66844177246094,,,79.29224395751953,28.50863265991211,30.97476577758789,28.030790328979492,16.144001007080078,15.32398796081543,20.55131721496582,8.385083198547363,11.620973587036133,15.046669960021973,10.995152473449709,20.94937515258789,12.425445556640623,17.20449447631836,21.407249450683594,8.92407512664795,26.808452606201172,12.295434951782228,66.85678100585938,69.70072937011719,68.69160461425781,71.49134826660156,63.612789154052734,51.95026779174805,20.14986228942871,72.42840576171875,86.72108459472656,97.7489013671875,117.83000183105467,119.64103698730467,122.08000183105467,255.36000061035156,,29.469999313354492,,,,48.48014068603515,,,,,,28.41802215576172,49.923545837402344,71.64884948730469,,46.50879669189453,,9.838135719299316,37.86624526977539,10.30465030670166,,
2010-09-30,31.29494285583496,69.97550201416016,20.383499145507812,36.78826522827149,73.66844177246094,,,86.39323425292969,31.86050033569336,34.06355667114258,29.55486297607422,17.65479850769043,16.2120304107666,23.136554718017575,9.363093376159668,13.354105949401855,16.550678253173828,11.847826957702637,23.36416244506836,13.79491138458252,18.2432804107666,23.34745216369629,9.182411193847656,28.006982803344727,13.760107040405272,66.93611907958984,69.69859313964844,66.96037292480469,72.05291748046875,63.90322494506836,52.78679656982422,19.080549240112305,78.9210205078125,89.88336181640625,100.94723510742188,118.56999969482422,128.70062255859375,127.91000366210938,278.7200012207031,,32.56999969482422,,,,54.51364517211914,,,,,,31.27379035949707,50.2119026184082,77.30097198486328,,48.521484375,,10.877655029296875,42.85429000854492,11.765216827392578,,
2010-10-31,32.46823501586914,70.08204650878906,21.28811836242676,37.464149475097656,73.68450927734375,,,89.69364166259766,32.82121276855469,35.359867095947266,29.943347930908203,18.3994083404541,16.70932960510254,23.80506896972656,9.904045104980469,14.27712345123291,17.489505767822266,12.577922821044922,24.036407470703125,14.55877685546875,18.82564353942871,23.868160247802734,9.281901359558104,29.335281372070312,13.498842239379885,67.08299255371094,69.69364929199219,63.96774673461914,73.83573913574219,63.735321044921875,53.81287384033203,18.68791389465332,80.21372985839844,90.6860809326172,100.75732421875,122.93000030517578,131.4298095703125,132.6199951171875,281.3599853515625,,37.47999954223633,,,,56.77495193481445,,,,,,32.460777282714844,50.45001220703125,79.80335998535156,,49.71001434326172,,11.411266326904297,45.57034683227539,12.52946949005127,,
2010-11-30,31.758459091186523,69.49687957763672,21.19511985778809,36.986568450927734,73.68450927734375,,,89.69364166259766,31.867616653442383,33.654197692871094,30.690425872802734,17.438974380493164,16.133882522583008,23.235790252685547,9.741351127624512,14.974328994750977,18.51396369934082,12.718878746032717,24.35758399963379,14.926261901855469,18.53118324279785,23.178991317749023,9.000986099243164,28.79212760925293,13.620759963989258,66.94551849365234,69.06766510009766,62.88707733154297,72.58595275878906,62.705787658691406,51.4315185546875,19.631912231445312,78.74925994873047,90.10747528076172,98.81834411621094,118.16000366210938,122.53929138183594,135.4199981689453,288.32000732421875,,34.5099983215332,,,,58.75358963012695,,,,,,31.601957321166992,49.88834381103515,79.24112701416016,,51.61860275268555,,11.540433883666992,45.491756439208984,13.187573432922363,,
2010-12-31,34.2331428527832,69.02753448486328,23.291805267333984,38.01958465576172,73.66844177246094,,,95.68985748291016,34.18687438964844,36.45021438598633,32.82631301879883,18.933740615844727,17.817607879638672,25.06661605834961,10.282549858093262,15.722333908081056,20.239177703857425,13.99557399749756,26.17873764038086,15.537615776062012,19.346494674682617,24.24597930908203,9.280495643615724,30.10236167907715,15.359408378601074,66.83587646484375,66.69802856445312,60.560882568359375,71.57866668701172,62.2342529296875,51.62356948852539,18.971946716308594,84.30464935302734,92.59964752197266,106.19448852539062,121.75,126.13111877441406,138.72000122070312,312.0,,39.0099983215332,,,,63.47350311279297,,,,,,34.02292251586914,48.63294219970703,83.53742218017578,,53.68741989135742,,12.168436050415039,47.65583801269531,13.811712265014648,,
2011-01-31,34.598793029785156,68.96875,24.120336532592773,38.6469612121582,73.66844177246094,,,97.91947174072266,32.87363815307617,37.21402359008789,32.88649368286133,19.140844345092773,17.590261459350586,24.7144718170166,10.609108924865724,16.79212760925293,21.692243576049805,14.006507873535156,27.20728302001953,15.442091941833496,19.062658309936523,24.384525299072266,9.393024444580078,31.08094024658203,15.624381065368652,66.9234390258789,66.68387603759766,58.69492721557617,71.59197235107422,62.25716781616211,51.08842086791992,18.67955780029297,82.39220428466797,92.39403533935548,104.95513153076172,120.41999816894533,129.24913024902344,129.8699951171875,308.8800048828125,,41.0,,,,63.23821640014648,,,,,,34.499813079833984,48.933589935302734,85.78770446777344,,47.09330368041992,,12.463830947875977,49.003421783447266,14.609929084777832,,
2011-02-28,35.673831939697266,69.16909790039062,25.12640380859375,39.20175552368164,73.66844177246094,,,101.32087707519533,32.85928726196289,38.5350456237793,34.691768646240234,20.012868881225582,18.258068084716797,25.200014114379883,10.84178352355957,17.52320098876953,23.290618896484375,14.378166198730469,27.78535270690918,16.368276596069336,19.617111206054688,25.146543502807617,9.50851345062256,32.54338455200195,15.765702247619627,66.84215545654297,66.54486083984375,59.66350555419922,72.10806274414062,62.92961120605469,51.05696105957031,18.45400047302246,84.45814514160156,95.25890350341795,106.61427307128906,120.73999786376952,130.24424743652344,137.66000366210938,313.5199890136719,,43.709999084472656,,,,66.74288177490234,,,,,,35.510520935058594,48.96846008300781,88.57133483886719,,52.255062103271484,,12.890979766845703,50.552284240722656,15.191608428955078,,
2011-03-31,35.3666877746582,69.01488494873047,25.794301986694336,39.21841812133789,73.66844177246094,,,101.3331069946289,34.92600631713867,37.614715576171875,31.051109313964844,19.52235412597656,17.966793060302734,25.776262283325195,10.67363166809082,16.704343795776367,23.72905731201172,14.630379676818848,28.405052185058594,16.273109436035156,19.86153030395508,25.601337432861328,9.530505180358888,32.019229888916016,16.113876342773438,66.75531005859375,66.44198608398438,59.68093490600586,72.9662857055664,62.58943939208984,51.84954833984375,18.203378677368164,86.07585144042969,95.46173858642578,107.8236312866211,118.76000213623048,133.78021240234375,139.86000061035156,340.79998779296875,,44.25,,,,68.42683410644531,,,,,,35.48917770385742,48.816986083984375,89.3737564086914,,52.49087905883789,,12.891592979431152,50.32566452026367,14.686358451843262,,
2011-04-30,37.070655822753906,70.09668731689453,26.969459533691406,39.84489059448242,73.66844177246094,,,104.267822265625,35.88042068481445,39.73085403442383,31.68295669555664,20.83038902282715,19.78550148010254,26.976770401000977,10.95214557647705,17.182098388671875,23.946260452270508,14.941110610961914,29.181739807128903,16.898191452026367,20.92364501953125,27.248294830322266,9.916268348693848,33.85921859741211,16.857175827026367,67.11188507080078,67.66535949707031,61.07697296142578,74.70146179199219,64.15697479248047,52.73441696166992,17.501644134521484,91.52565002441406,97.8152084350586,114.49014282226562,121.6999969482422,139.82659912109375,152.3699951171875,361.2000122070313,,46.2400016784668,,,,70.23160552978516,,,,,,37.03372573852539,49.870460510253906,93.10575866699219,,54.32500076293945,,13.315836906433105,51.77155685424805,15.57797908782959,,
2011-05-31,36.346649169921875,70.96572875976562,25.574485778808594,39.89805603027344,73.68450927734375,,,103.09852600097656,34.825538635253906,38.854347229003906,30.900657653808594,20.33987808227539,20.147817611694336,26.18175888061523,10.837462425231934,16.831552505493164,22.943538665771484,14.53166961669922,28.374906539916992,16.85235595703125,21.44805908203125,27.92098617553711,10.128592491149902,34.3246955871582,16.72444725036621,67.35619354248047,69.3607406616211,63.167484283447266,74.90007781982422,64.9713363647461,53.49789047241211,17.827449798583984,89.4250259399414,95.5545654296875,116.01935577392578,121.05999755859376,135.921875,149.63999938964844,324.0,,45.29999923706055,,,,68.9715347290039,,,,,20.555021286010746,36.19383239746094,50.75830841064453,91.55989074707031,,50.78776550292969,,13.168736457824707,51.140621185302734,15.238313674926758,17.879926681518555,
2011-06-30,35.70656967163086,70.64981842041016,24.483871459960938,39.67036437988281,73.68450927734375,,,101.3592758178711,34.499759674072266,38.38391876220703,31.655717849731445,19.74877166748047,19.28511428833008,25.811853408813477,10.56833839416504,15.720768928527832,22.502540588378903,14.47326946258545,28.220054626464844,16.815673828125,20.876522064208984,27.60715103149414,10.114022254943848,33.192237854003906,16.015411376953125,67.35297393798828,69.01089477539062,61.70005798339844,75.46553802490234,64.45343017578125,53.830772399902344,17.727201461791992,90.1208724975586,95.97716522216795,117.65850067138672,122.52999877929688,137.0076141357422,146.0,297.9200134277344,,40.5,,,,67.3130874633789,,,,,19.67407989501953,35.70981979370117,50.49125671386719,90.49905395507812,,47.67848587036133,,12.978997230529785,50.10477066040039,14.469818115234375,17.671844482421875,
2011-07-31,34.89254379272461,71.84136199951172,25.599851608276367,39.811153411865234,73.68450927734375,,,99.3316421508789,34.14461898803711,37.471229553222656,32.50553512573242,19.6711483001709,19.074941635131836,25.40524673461914,10.613569259643556,14.862499237060549,22.831039428710938,13.973301887512209,26.280113220214844,16.58148765563965,20.609127044677734,26.511577606201172,10.020373344421388,33.711368560791016,14.880326271057127,67.54569244384766,71.19821166992188,64.42391204833984,78.40831756591797,66.01980590820312,54.89283752441406,17.568477630615234,92.63868713378906,96.89324951171876,125.72428131103516,128.14999389648438,135.7896270751953,158.2899932861328,299.3599853515625,,44.7599983215332,,,,65.02029418945312,,,,,18.906681060791016,34.94110107421875,51.788387298583984,88.60566711425781,,49.687294006347656,,12.85640811920166,50.93912124633789,13.612157821655273,17.25864028930664,
2011-08-31,32.32463836669922,72.93374633789062,25.49839973449707,38.72501754760742,73.68450927734375,,,93.87081909179688,30.984556198120117,34.19066619873047,29.89537811279297,18.163101196289062,17.879135131835938,24.22335433959961,10.050200462341309,13.692646980285645,20.4986572265625,12.991748809814451,24.5523624420166,15.71163272857666,20.649232864379883,25.95212745666504,10.23788070678711,31.817054748535156,13.363914489746094,67.77851104736328,74.50989532470703,70.65211486816406,78.91291809082031,66.24446105957031,55.17573165893555,17.60188865661621,90.4141616821289,94.55519104003906,122.62588500976562,128.77000427246094,135.81048583984375,177.72000122070312,276.0799865722656,,50.20000076293945,,,,59.23907470703125,,,,,16.343069076538086,32.407188415527344,53.07521438598633,85.14068603515625,,54.84903335571289,,12.167596817016602,48.35704803466797,12.380865097045898,17.270795822143555,
2011-09-30,28.95008087158203,73.49574279785156,21.770017623901367,36.67205429077149,73.66844177246094,,,87.3542709350586,25.439950942993164,30.495237350463867,28.71170997619629,16.377843856811523,15.697691917419434,19.9349308013916,9.74169921875,13.04081916809082,17.54205322265625,10.85077953338623,22.26653480529785,14.628273963928224,19.968719482421875,24.78738784790039,10.260003089904783,28.36745834350586,11.816140174865724,67.70965576171875,76.17675018310547,79.98246765136719,78.90606689453125,66.47708892822266,52.53285598754883,18.637786865234375,82.11935424804688,88.35511016845703,108.99301147460938,127.8000030517578,126.67899322509766,158.05999755859375,243.9199981689453,,39.880001068115234,113.5,,,52.63373565673828,,,,,13.922944068908691,28.93371963500977,53.200828552246094,80.13319396972656,,48.202518463134766,,11.283153533935547,46.18541717529297,12.075164794921875,16.900745391845703,
2011-10-31,32.228424072265625,73.5887222290039,23.435531616210938,39.7861328125,73.63633728027344,,,96.88868713378906,29.57846450805664,33.431156158447266,28.529600143432617,18.49576187133789,17.031200408935547,23.13905143737793,10.736505508422852,14.881072998046877,20.89995384216309,12.731926918029783,25.467056274414062,16.373937606811523,20.897809982299805,26.216983795166016,10.635363578796388,32.421546936035156,14.350079536437988,67.73296356201172,75.19671630859375,76.91981506347656,80.53975677490234,68.1453857421875,55.240333557128906,18.019590377807617,89.74268341064453,92.92243957519533,112.50119018554688,126.0199966430664,130.89137268066406,167.33999633789062,285.9200134277344,,43.209999084472656,116.8499984741211,,,60.58200454711914,,,,19.69493103027344,16.578960418701172,32.193660736083984,53.389007568359375,87.93228149414062,,51.381675720214844,,12.502026557922363,50.9896125793457,13.47629165649414,17.906391143798828,
2011-11-30,31.858413696289062,73.34526062011719,23.367895126342773,38.820552825927734,73.65237426757812,,,96.49494171142578,28.998638153076172,32.703575134277344,28.620651245117188,18.196369171142575,16.20500373840332,22.74869728088379,10.575521469116213,14.350015640258787,21.24773597717285,12.757797241210938,25.82520866394043,16.25644302368164,21.476806640625,26.46695899963379,10.74522876739502,31.189163208007812,14.70571517944336,67.76335906982422,75.63277435302734,78.44977569580078,80.96281433105469,65.99425506591797,54.529510498046875,18.428937911987305,87.8072509765625,90.77806091308594,108.093505859375,126.9800033569336,127.10993194580078,170.1300048828125,310.239990234375,25.200000762939453,39.59000015258789,107.5500030517578,,,60.35279083251953,,,,19.72527313232422,16.308284759521484,31.79505729675293,53.05797576904297,88.77326965332031,,52.761634826660156,,12.489152908325195,49.616973876953125,13.02198600769043,18.093544006347656,
2011-12-31,31.555644989013672,74.34038543701172,22.691545486450195,40.58766174316406,73.63954162597656,,,97.50315856933594,27.76190185546875,31.992280960083008,27.98195457458496,18.187435150146484,16.406982421875,21.651037216186523,10.55131721496582,14.056509017944336,20.813779830932617,12.46700668334961,25.890865325927734,16.468984603881836,22.071781158447266,27.251726150512695,11.10319709777832,32.70193862915039,15.24734115600586,67.79865264892578,77.13610076904297,81.15229034423828,81.09557342529297,68.2962875366211,55.57217025756836,18.77145195007324,87.65181732177734,90.95136260986328,105.04508209228516,127.93000030517578,122.4400863647461,151.99000549316406,304.8800048828125,24.5,41.97999954223633,112.0,,,60.663665771484375,,,,20.331470489501953,15.904900550842283,31.46823501586914,54.04892349243164,90.26985931396484,,45.04751205444336,,12.453182220458984,49.312259674072266,12.920085906982422,18.657655715942383,
2012-01-31,33.28421401977539,74.87979888916016,23.528528213500977,41.18222427368164,73.62346649169922,,,102.02484893798828,30.813220977783203,33.67811584472656,29.33342933654785,18.772674560546875,16.914716720581055,23.847843170166016,11.206369400024414,15.795072555541992,21.283470153808594,13.836514472961426,27.785694122314453,17.439739227294922,21.759279251098633,28.123701095581055,10.702025413513184,34.78810119628906,16.647241592407227,67.85478973388672,77.80097961425781,80.8845443725586,82.95112609863281,69.76119232177734,56.20512771606445,18.479061126708984,91.2603988647461,92.42642211914062,107.19395446777344,129.1300048828125,123.7222137451172,169.30999755859375,302.55999755859375,27.200000762939453,40.880001068115234,112.1999969482422,,,64.99853515625,,,,20.59778594970703,17.61747932434082,33.18814468383789,54.875518798828125,93.51994323730469,,49.45328903198242,,13.205243110656738,53.463531494140625,14.232050895690918,18.554685592651367,
2012-02-29,34.93046951293945,74.86968994140625,24.78822898864746,42.047996520996094,73.63954162597656,,,106.4532699584961,32.43766784667969,35.30582809448242,30.684925079345703,19.729320526123047,17.661808013916016,24.62645149230957,12.002382278442385,16.41254425048828,22.545001983642575,13.758363723754885,28.56049537658691,18.2289981842041,22.574491500854492,28.422224044799805,10.766828536987305,34.38776779174805,17.949068069458008,67.75929260253906,76.94532775878906,78.78396606445312,82.47161865234375,70.90019226074219,57.593868255615234,18.345396041870117,92.42729949951172,93.67425537109376,109.06299591064452,121.02999877929688,125.95410919189452,164.2899932861328,327.3599853515625,27.229999542236328,41.09000015258789,108.0999984741211,,,66.66834259033203,,,,21.031503677368164,18.49920082092285,34.76955795288086,54.87672424316406,96.15592193603516,,48.52484130859375,,13.828009605407715,56.890602111816406,14.648143768310547,18.89277458190918,
2012-03-31,35.31958770751953,74.44072723388672,24.348602294921875,41.64726638793945,73.62346649169922,,,109.87723541259766,31.42787742614746,35.45439910888672,31.268535614013672,19.470460891723633,18.155031204223633,24.20378303527832,12.54419231414795,16.946247100830078,21.686059951782227,13.810755729675291,28.840110778808594,19.089515686035156,23.274503707885746,29.694721221923828,10.913148880004885,36.17600631713867,19.07008171081543,67.70709991455078,75.72096252441406,75.44671630859375,81.76271057128906,69.89265441894531,57.523929595947266,18.303627014160156,89.50948333740234,92.90817260742188,109.22291564941406,118.77999877929688,126.04905700683594,162.1199951171875,313.8399963378906,27.1299991607666,39.2599983215332,105.4499969482422,,,68.32485961914062,,,,21.571849822998047,18.593551635742188,35.17767333984375,54.34054183959961,98.21182250976562,,43.392066955566406,,14.28142261505127,59.765323638916016,15.20009994506836,19.43507957458496,
2012-04-30,34.915504455566406,75.1151123046875,24.018884658813477,42.120635986328125,73.63954162597656,,,109.14371490478516,30.893718719482425,34.718048095703125,29.91703414916992,19.7518253326416,18.002708435058594,24.526344299316406,12.402774810791016,15.994174003601074,21.53192138671875,13.69868278503418,28.52411460876465,19.309669494628903,23.34280014038086,29.615753173828125,11.106245994567873,37.21040725708008,19.221923828125,67.8436508178711,77.62088775634766,79.09398651123047,83.22201538085938,70.6489486694336,58.55183410644531,18.220083236694336,90.3444366455078,93.8299789428711,108.58322143554688,123.16000366210938,125.08984375,161.8800048828125,317.44000244140625,26.959999084472656,38.88999938964844,102.1500015258789,,,67.21925354003906,,,,21.854595184326172,17.990751266479492,34.762271881103516,55.24506378173828,98.32490539550781,,40.63298416137695,,14.264130592346191,59.06636428833008,14.686358451843262,19.64211654663086,
2012-05-31,31.675378799438477,75.92501068115234,21.338844299316406,40.764007568359375,73.63954162597656,,,102.58902740478516,27.58628845214844,30.849010467529297,27.30621337890625,17.50090789794922,16.138612747192383,21.639911651611328,11.616686820983888,14.315226554870604,19.23183250427246,12.63402271270752,26.72063636779785,18.24702835083008,23.06961441040039,28.541982650756836,11.168538093566896,35.533748626708984,18.498422622680664,67.88227081298828,79.84822845458984,86.23246765136719,84.84178161621094,71.18387603759766,56.92953109741211,19.205860137939453,84.723388671875,89.73603057861328,101.4269790649414,125.43000030517578,116.84613037109376,151.6199951171875,260.8800048828125,23.709999084472656,36.209999084472656,100.25,,,62.796836853027344,,,,21.380815505981445,15.621980667114258,31.657724380493164,56.076316833496094,92.5988540649414,,38.34688949584961,,13.347772598266602,54.907997131347656,13.191819190979004,19.33888816833496,
2012-06-30,33.28203582763672,75.9100341796875,21.770017623901367,42.66229248046875,73.607421875,,,106.75218963623048,28.975358963012695,33.021793365478516,29.181957244873047,18.76824188232422,17.080974578857422,23.154590606689453,11.995820045471191,14.947959899902344,20.15688133239746,13.254612922668455,27.621448516845703,18.600440979003903,23.90923500061035,30.172283172607425,11.627691268920898,37.494178771972656,19.174110412597656,67.81635284423828,79.51747131347656,84.78532409667969,84.27434539794922,71.8043212890625,59.24359130859375,18.77145195007324,89.14177703857422,91.05618286132812,103.7557601928711,122.94000244140624,119.5528564453125,155.19000244140625,254.63999938964844,23.520000457763672,42.099998474121094,110.5500030517578,,,65.96941375732422,,,,22.15737533569336,16.237289428710938,33.28286361694336,56.124324798583984,96.3222885131836,,39.21403503417969,,13.714787483215332,56.89643859863281,13.68433666229248,20.14484977722168,
2012-07-31,33.55516052246094,76.9439697265625,23.038175582885746,43.09843826293945,73.607421875,,,108.01499938964844,28.967958450317383,33.0482292175293,27.879457473754883,18.929542541503903,17.35683250427246,24.330793380737305,12.217117309570312,14.910818099975586,21.15302848815918,13.08559799194336,27.7298526763916,18.498472213745117,24.500598907470703,30.47392463684082,11.920031547546388,38.2448616027832,18.89570426940918,67.9658432006836,80.63152313232422,88.02177429199219,85.75296020507812,74.30526733398438,61.460960388183594,18.971946716308594,91.77690887451172,92.44078826904295,100.8872528076172,125.73999786376952,116.15281677246094,156.49000549316406,261.44000244140625,24.200000762939453,50.939998626708984,122.0999984741211,,,64.96607971191406,,,,22.586124420166016,16.169172286987305,33.52335739135742,57.131065368652344,97.41030883789062,,37.5147819519043,,13.866618156433105,57.4639892578125,13.688583374023438,20.5533447265625,
2012-08-31,34.48830032348633,76.94397735595703,24.340150833129883,43.63484573364258,73.607421875,,,110.72105407714844,29.086435317993164,34.10578536987305,28.0965518951416,19.551692962646484,17.722164154052734,24.648988723754883,12.730687141418455,15.413654327392578,21.723989486694336,13.389822959899902,28.155763626098633,19.352441787719727,24.383710861206055,30.831153869628903,11.426512718200684,38.23911666870117,21.185815811157227,67.97073364257812,80.53697967529297,86.86093139648438,85.5411376953125,74.26530456542969,62.21916198730469,18.629432678222656,90.44480895996094,94.07362365722656,103.10609436035156,125.41000366210938,118.6981201171875,164.22000122070312,287.1199951171875,24.200000762939453,50.939998626708984,122.9499969482422,,,67.26288604736328,,,,22.547849655151367,16.986574172973633,34.35416793823242,57.1894645690918,98.56356048583984,,41.99061965942383,,14.31777572631836,60.443599700927734,13.998531341552734,20.376482009887695,
2012-09-30,35.42144012451172,77.1490707397461,24.247150421142575,43.86199188232422,73.607421875,,,113.52796936035156,30.60443878173828,35.03113555908203,28.437673568725582,20.04710578918457,18.33353042602539,25.33652687072754,12.925822257995604,14.888191223144531,22.400890350341797,13.894146919250488,28.470483779907227,19.948644638061523,24.812040328979492,32.0054817199707,11.560114860534668,37.52666473388672,22.326358795166016,67.98200225830078,80.25654602050781,84.66085052490234,85.97895050048828,75.08223724365234,63.330055236816406,18.31197929382324,91.0603485107422,94.31241607666016,104.6352996826172,125.8000030517578,121.27190399169922,171.88999938964844,272.9599914550781,25.8799991607666,48.41999816894531,122.4000015258789,,,69.45626831054688,,,,22.903993606567383,17.622081756591797,35.421695709228516,57.483028411865234,101.15995788574219,,47.02705001831055,,14.522510528564453,60.980613708496094,13.433831214904785,20.722183227539062,
2012-10-31,35.2393684387207,77.11271667480469,23.30025863647461,44.23223114013672,73.62346649169922,,,111.4619369506836,30.471153259277344,35.41448974609375,28.0965518951416,20.1392765045166,18.780872344970703,25.967235565185547,12.10407257080078,14.317111015319824,21.94633102416992,13.60342788696289,28.43931579589844,19.64167594909668,24.507343292236328,31.933679580688477,11.722126960754396,37.18586349487305,23.414363861083984,67.93525695800781,79.93868255615234,84.25111389160156,86.51560974121094,76.09295654296875,63.7230110168457,18.28691673278809,91.25257110595705,92.86495208740234,105.6647720336914,122.94000244140624,122.23110961914062,166.8300018310547,254.2400054931641,24.649999618530273,48.13999938964844,119.9000015258789,,,67.94962310791016,,,,22.64975357055664,17.400524139404297,35.20781326293945,57.64258575439453,98.69279479980469,,46.335086822509766,,14.097938537597656,57.76126480102539,13.200312614440918,20.72381019592285,
2012-11-30,35.80077362060547,77.32141876220703,23.756797790527344,44.452003479003906,73.607421875,,,112.09278869628906,30.94505500793457,36.39932632446289,28.93385887145996,20.36970329284668,19.511531829833984,26.421804428100582,12.213080406188965,14.615564346313477,21.677875518798828,13.856388092041016,28.93811798095703,20.26413917541504,24.95746421813965,32.10121536254883,11.220206260681152,37.087677001953125,23.666126251220703,67.95140838623047,80.721435546875,85.2277603149414,86.99834442138672,75.54244232177734,64.29419708251953,18.31197929382324,91.74400329589844,93.34158325195312,106.1145248413086,119.01000213623048,122.6015396118164,166.0500030517578,260.4800109863281,25.25,47.849998474121094,117.8000030517578,,,68.32421112060547,,,,22.726795196533203,17.71581268310547,35.746192932128906,57.853271484375,98.56859588623047,,41.649024963378906,,14.343972206115723,58.51720428466797,13.603667259216309,20.683048248291016,
2012-12-31,36.84046173095703,77.1318130493164,23.486257553100582,45.07490921020508,73.607421875,,,113.09425354003906,33.050445556640625,37.99403762817383,30.56196022033691,20.96325302124023,19.981237411499023,27.421266555786133,12.165279388427734,14.987217903137209,21.89872932434082,14.298835754394531,29.754913330078125,20.355506896972656,24.439199447631836,31.985841751098633,11.218341827392578,38.468360900878906,23.988449096679688,67.96826171875,79.96237182617188,83.10757446289062,86.28340911865234,75.29279327392578,64.75354766845703,18.220083236694336,91.58129119873048,93.4171371459961,107.40384674072266,113.02999877929688,124.3775405883789,162.02000427246094,266.9599914550781,25.010000228881836,44.31999969482422,106.5999984741211,,,70.79676055908203,,,,22.531755447387695,18.756555557250977,36.85714340209961,57.504295349121094,99.24000549316406,,41.05278015136719,,14.347695350646973,58.24394989013672,14.024741172790527,20.539188385009766,
2013-01-31,38.22734069824219,76.65264892578125,24.069608688354492,45.229393005371094,73.607421875,,,118.88361358642578,32.95356750488281,39.41062545776367,31.251562118530273,21.582565307617188,21.39781951904297,28.381074905395508,12.39719581604004,16.1334285736084,23.71696662902832,14.862558364868164,31.466411590576172,21.509727478027344,25.81871223449707,34.416046142578125,11.751629829406738,39.90654373168945,25.990488052368164,67.97639465332031,78.92832946777344,80.46033477783203,85.8357162475586,74.3157730102539,62.907859802246094,18.06136131286621,91.86273193359376,93.0168914794922,108.0035400390625,107.18000030517578,127.94857025146484,161.1999969482422,282.239990234375,26.15999984741211,45.5,105.9499969482422,,,75.21316528320312,,,,23.656787872314453,20.194110870361328,38.333831787109375,56.85920333862305,105.30314636230469,,36.83156967163086,,14.954551696777344,59.79998016357422,14.879327774047852,21.536802291870117,
2013-02-28,38.18904876708984,77.10555267333984,22.936721801757812,45.651275634765625,73.607421875,,,120.400390625,32.200889587402344,38.90279006958008,32.00385284423828,20.998308181762695,21.442550659179688,28.88714599609375,12.494180679321287,16.7209415435791,23.821226119995117,14.660686492919922,32.16514205932617,21.852998733520508,26.673038482666016,34.84917068481445,12.024697303771973,40.39177322387695,25.521543502807617,68.01746368408203,79.82218933105469,81.45693969726562,85.9991455078125,75.11544036865234,63.07402801513672,18.68791389465332,90.15887451171876,89.95730590820312,104.78521728515624,105.76000213623048,122.98141479492188,153.0,264.4800109863281,24.829999923706055,42.58000183105469,95.5999984741211,,,75.96882629394531,,,,24.30853271484375,19.834718704223633,38.21449279785156,57.429466247558594,106.99897003173828,,33.09709930419922,,15.116676330566406,60.005653381347656,15.235039710998535,22.14615821838379,
2013-03-31,38.88630676269531,77.18153381347656,23.08889961242676,46.04952621459961,73.607421875,,,124.97213745117188,31.872989654541016,39.41062545776367,33.853248596191406,21.348861694335938,21.889892578125,28.910417556762695,12.816238403320312,17.110340118408203,24.426925659179688,14.98497486114502,32.92763137817383,22.809247970581055,27.987071990966797,37.01380157470703,12.670299530029297,41.55189514160156,27.131511688232425,68.03997802734375,80.05113220214844,81.11529541015625,86.18392944335938,75.08031463623047,62.48334503173828,18.880054473876953,92.01649475097656,91.3580551147461,103.41593933105467,104.0500030517578,120.70204162597656,154.4499969482422,278.0,24.010000228881836,40.900001525878906,92.0,,,79.50824737548828,,,,25.514209747314453,20.493900299072266,39.113807678222656,57.629119873046875,111.07417297363281,,33.49531936645508,,15.686735153198242,61.820709228515625,15.412897109985352,23.229412078857422,
2013-04-30,39.98967361450195,77.92909240722656,22.209644317626953,47.024864196777344,73.59131622314453,,,127.3731460571289,32.26051330566406,41.38850784301758,36.674339294433594,21.956499099731445,22.73984146118164,30.015640258789062,13.040641784667969,17.410873413085938,24.10660743713379,15.12647819519043,32.68319320678711,23.502132415771484,28.810422897338867,38.12540054321289,13.425331115722656,44.35029602050781,27.339107513427734,68.0866928100586,81.2721176147461,84.91548919677734,86.86660766601562,76.71220397949219,64.7120361328125,18.545894622802734,91.81936645507812,92.12803649902344,105.5748062133789,100.45999908447266,123.96915435791016,142.77000427246094,265.2799987792969,22.0,41.4900016784668,97.3499984741211,,,79.2303695678711,44.38154602050781,,36.38712310791016,26.22294235229492,20.416791915893555,40.1612434387207,58.44601058959961,113.24779510498047,,26.867048263549805,,16.018617630004883,63.38930892944336,16.072277069091797,24.105358123779297,
2013-05-31,39.83643341064453,76.36968994140625,21.863019943237305,45.81105041503906,73.607421875,,,130.38040161132812,30.703001022338867,40.13896942138672,33.9786262512207,21.933124542236328,22.165754318237305,26.96172523498535,13.404765129089355,18.40207290649414,24.793437957763672,15.413338661193848,34.32327651977539,24.1519775390625,28.184110641479492,38.75373458862305,12.210145950317385,41.69917297363281,27.889677047729492,67.99568176269531,78.74862670898438,79.17435455322266,83.22411346435547,74.24393463134766,61.52478790283203,18.888408660888672,84.89556884765625,89.51899719238281,102.5663833618164,97.45999908447266,122.30711364746094,133.9199981689453,260.8800048828125,22.690000534057617,42.470001220703125,94.25,,,82.34569549560547,44.51853561401367,,39.04498291015625,25.607667922973633,21.847583770751953,39.93678283691406,56.817745208740234,115.930419921875,,26.105993270874023,,16.328529357910156,65.65705871582031,16.610183715820312,23.235044479370117,
2013-06-30,38.80001449584961,75.17414855957031,21.2458438873291,45.03746032714844,73.59131622314453,,,128.6405792236328,29.06783676147461,39.06407165527344,35.32191848754883,20.94190788269043,21.81585121154785,25.57681655883789,13.017129898071287,18.39414405822754,24.231430053710938,14.779821395874023,33.79330825805664,24.350250244140625,28.09890365600586,38.52458572387695,12.319369316101074,40.87274932861328,26.576480865478516,67.92876434326172,76.7435531616211,76.58434295654297,80.05989837646484,71.81800842285156,58.792625427246094,18.846635818481445,81.2424545288086,88.27542877197266,103.86569213867188,98.62999725341795,122.44953155517578,119.11000061035156,273.44000244140625,21.100000381469727,38.66999816894531,85.25,,,81.67216491699219,44.14963912963867,,38.05877685546875,25.50135803222656,21.303041458129883,38.869911193847656,55.262237548828125,114.20927429199219,,21.672399520874023,,15.987846374511719,64.0843734741211,16.34990882873535,23.41727066040039,
2013-07-31,40.57705307006836,75.37652587890625,21.922197341918945,46.322845458984375,73.59131622314453,,,135.2882843017578,29.45288848876953,41.143409729003906,35.32191848754883,22.28190803527832,22.729604721069336,26.539731979370117,13.502240180969238,18.814043045043945,25.506441116333008,15.600716590881348,35.79048156738281,25.63251304626465,29.317214965820312,41.28385162353515,12.85300350189209,41.241493225097656,27.181724548339844,68.0391845703125,76.47291564941406,74.85517883300781,80.78199768066406,72.6123275756836,58.88422393798828,18.45400047302246,80.00730895996094,90.40168762207033,105.93460845947266,99.93000030517578,125.11833190917967,127.95999908447266,298.8800048828125,21.34000015258789,36.34000015258789,85.5,,,87.6620864868164,46.78813552856445,41.570030212402344,39.94526672363281,26.440916061401367,22.478918075561523,40.877166748046875,55.51177978515625,119.2032699584961,,23.88477325439453,,16.874509811401367,68.13069152832031,16.727313995361328,24.39813804626465,
2013-08-31,39.64585494995117,74.75357055664062,22.539363861083984,45.73356628417969,73.59131622314453,,,131.2306671142578,28.705432891845703,40.33894348144531,34.22008514404297,22.115890502929688,22.34886932373047,26.33170509338379,13.36181354522705,18.07271385192871,25.243389129638672,15.58144187927246,34.902828216552734,24.90288352966309,27.9855899810791,39.827354431152344,12.211334228515623,38.36280822753906,25.79057502746582,67.97313690185547,75.38501739501953,73.85173034667969,79.30677795410156,71.88741302490234,57.45279693603515,18.537540435791016,79.33892822265625,88.21430969238281,105.39490509033205,99.62999725341795,124.26356506347656,134.6199951171875,307.8399963378906,22.06999969482422,36.5,82.8499984741211,,,84.88831329345703,45.12080764770508,40.70744323730469,38.731483459472656,25.579654693603516,21.989688873291016,39.8735237121582,54.90162658691406,114.11124420166016,,24.893613815307617,,16.578821182250977,67.86092376708984,16.111316680908203,23.168203353881836,
2013-09-30,41.8419303894043,75.59126281738281,21.778472900390625,46.0909309387207,73.57525634765625,,,135.3836669921875,30.774145126342773,43.495418548583984,37.525604248046875,23.26614761352539,23.81849670410156,28.32292938232422,13.700151443481444,19.38767433166504,25.777095794677734,16.271461486816406,36.950557708740234,26.253347396850582,28.36927604675293,41.10477066040039,12.351438522338867,39.698543548583984,27.666269302368164,68.12470245361328,76.77679443359375,74.33308410644531,80.69949340820312,72.42076110839844,59.26335525512695,18.069713592529297,83.2814712524414,90.19287872314452,108.38333892822266,99.47000122070312,127.12227630615234,128.17999267578125,294.79998779296875,22.440000534057617,33.56999969482422,83.19999694824219,,,90.39680480957033,46.480220794677734,42.25754165649414,39.793331146240234,26.228694915771484,23.229869842529297,42.10150909423828,55.69813919067383,116.76947784423828,,22.141422271728516,,17.314178466796875,71.14009094238281,17.299928665161133,23.640926361083984,
2013-10-31,43.49480819702149,76.2206802368164,21.770017623901367,47.25156784057617,73.55915069580078,,,141.65289306640625,32.05767059326172,44.9134635925293,37.49412536621094,24.131818771362305,24.52665328979492,29.553325653076172,14.388578414916992,20.0334529876709,26.859041213989254,16.953142166137695,38.710105895996094,27.457107543945312,30.186908721923828,42.876033782958984,12.817472457885742,41.493194580078125,27.59393310546875,68.17144775390625,77.37393951416016,75.39636993408203,80.97705078125,73.73016357421875,60.76573181152344,18.069713592529297,84.47760009765625,89.11831665039062,107.97354888916016,99.37999725341795,127.5401382446289,127.73999786376952,277.5199890136719,22.510000228881836,32.34000015258789,83.25,,,92.5844268798828,49.06822204589844,44.31299591064453,41.674598693847656,27.4678897857666,24.52806282043457,43.66279602050781,56.4303092956543,120.22013854980469,,22.212215423583984,,18.078039169311523,74.66642761230469,17.859529495239258,24.73834228515625,
2013-11-30,44.1699333190918,76.02967071533203,21.56711196899414,47.47520065307617,73.54310607910156,,,145.85108947753906,31.9746150970459,45.15888977050781,37.96635055541992,24.321548461914062,24.57995223999023,28.578510284423828,14.83327579498291,20.20797348022461,26.874595642089844,17.173925399780273,40.127296447753906,28.405397415161133,30.657367706298828,44.89917755126953,12.569587707519531,39.314395904541016,28.877798080444336,68.23521423339844,76.6958999633789,73.35821533203125,80.12135314941406,73.62749481201172,59.53688430786133,18.128192901611328,81.4678726196289,87.46144104003906,108.01354217529295,95.33999633789062,127.57818603515624,120.6999969482422,267.67999267578125,21.850000381469727,31.030000686645508,80.3499984741211,,,96.24746704101562,50.61237335205078,46.13545227050781,43.04880905151367,27.830974578857425,25.276029586791992,44.33732604980469,56.123291015625,124.65786743164062,,19.71666145324707,,18.57398796081543,77.31797790527344,17.86386489868164,25.012239456176758,
2013-12-31,45.08391189575195,75.60636138916016,21.693927764892575,47.668251037597656,73.54310607910156,,,149.63250732421875,31.84460830688477,46.1416130065918,38.507083892822266,25.0579891204834,25.12059211730957,28.372682571411133,15.357589721679688,21.218786239624023,27.646333694458008,18.014808654785156,41.82011795043945,29.053951263427734,30.86886405944824,45.23093032836914,12.684099197387695,39.35444641113281,30.12638282775879,68.11416625976562,75.09246826171875,71.98666381835938,78.95747375488281,73.7856674194336,59.70731735229492,17.97782325744629,80.04645538330078,87.49881744384766,109.76261138916016,92.76000213623048,129.1547088623047,116.12000274658205,282.55999755859375,22.899999618530273,30.579999923706055,73.75,,,98.19274139404295,51.967559814453125,47.19063949584961,43.98079299926758,28.18528175354004,26.387367248535156,45.31131362915039,55.44287872314453,128.65597534179688,,18.874570846557617,,19.10292625427246,79.58113861083984,18.699167251586914,25.293977737426758,
2014-01-31,42.99480056762695,76.7713851928711,21.034486770629883,47.85816955566406,73.54310607910156,,,144.3582305908203,29.094390869140625,43.74169921875,35.937828063964844,23.893896102905273,24.366743087768555,26.63619613647461,14.962261199951172,20.988243103027344,26.043970108032227,17.165124893188477,40.03560256958008,27.310625076293945,29.274429321289062,45.65519714355469,13.0615816116333,41.03688430786133,28.56125259399414,68.25145721435547,77.39278411865234,76.52385711669922,80.61707305908203,75.17489624023438,59.2215461730957,18.23679542541504,78.54237365722656,83.45911407470703,107.94356536865234,95.58000183105467,126.59043884277344,120.08999633789062,278.3999938964844,21.459999084472656,30.899999618530273,67.5,,,95.4689483642578,50.764251708984375,45.21184158325195,42.414791107177734,27.327800750732425,25.42155647277832,43.29747009277344,56.66439437866211,121.97490692138672,,20.973724365234375,,18.54728889465332,78.0521469116211,18.143877029418945,24.643169403076172,
2014-02-28,45.23257064819336,77.06031036376953,22.091285705566406,48.96294021606445,73.55915069580078,,,150.92877197265625,30.0771541595459,46.423561096191406,36.825958251953125,25.514028549194336,26.057188034057617,28.506254196166992,15.61970043182373,22.397762298583984,27.37771987915039,18.350006103515625,41.66006851196289,29.058290481567383,30.41638565063477,48.49436950683594,13.512556076049805,43.11556243896485,30.786802291870117,68.27804565429688,77.66946411132812,76.92486572265625,80.96914672851562,76.03561401367188,61.26152420043945,17.860864639282227,80.20132446289062,83.9706039428711,111.27183532714844,95.91999816894533,129.4966583251953,127.62000274658205,293.9200134277344,21.520000457763672,32.47999954223633,72.44999694824219,,,100.03130340576172,54.17507553100586,47.42442321777344,44.098976135253906,28.52666664123535,26.870271682739254,45.555419921875,57.10746383666992,127.19702911376953,,23.117549896240234,,19.4985408782959,82.0737075805664,19.236831665039062,25.578237533569336,
2014-03-31,45.49077224731445,76.9462661743164,22.08283233642578,48.923057556152344,73.54310607910156,,,152.18080139160156,31.242753982543945,46.21038436889648,35.937828063964844,24.70996856689453,26.1485595703125,29.198421478271484,15.686899185180664,23.317432403564453,27.95494842529297,18.50156021118164,42.0585823059082,28.225177764892575,31.08341407775879,47.884376525878906,13.965354919433594,43.32979965209961,29.4792423248291,68.20372772216797,77.23361206054688,77.48809814453125,80.53805541992188,76.01349639892578,61.9909553527832,17.927696228027344,83.48236846923828,84.15205383300781,110.65215301513672,94.52999877929688,129.19271850585938,123.61000061035156,292.7200012207031,20.540000915527344,34.65999984741211,82.6500015258789,,,99.28257751464844,52.32295227050781,47.20210647583008,44.93826675415039,28.768272399902344,26.93076515197754,45.777076721191406,56.84004211425781,128.37060546875,,21.089855194091797,,19.297828674316406,79.83015441894531,20.10061264038086,26.123239517211914,
2014-04-30,46.0306510925293,77.57852172851562,22.32800674438477,49.12874984741211,73.54310607910156,,,153.2386932373047,31.486547470092773,46.98054504394531,35.14485168457031,25.82605743408203,26.673973083496097,29.98772621154785,15.730059623718262,22.88438415527344,29.423948287963867,18.654172897338867,42.62117004394531,27.841394424438477,31.935205459594727,47.58147430419922,14.554819107055664,44.75325012207031,28.07546615600586,68.27722930908203,77.8193588256836,79.11164855957031,81.60136413574219,77.02398681640625,62.647193908691406,17.777324676513672,83.76596069335938,84.8975601196289,111.13190460205078,95.44000244140624,130.05697631835938,124.22000122070312,290.55999755859375,20.450000762939453,35.22999954223633,85.4000015258789,,,95.56185913085938,51.80266952514648,47.554054260253906,45.30193710327149,29.151317596435547,26.974042892456055,46.1146240234375,57.41061019897461,129.4204559326172,,21.53648567199707,,19.311206817626953,79.57518768310547,19.686349868774414,26.607589721679688,
2014-05-31,46.95392990112305,78.49317932128906,22.006742477416992,49.72141647338867,73.54310607910156,,,156.7947998046875,32.415985107421875,47.730098724365234,36.73079681396485,26.07806968688965,26.84910774230957,30.38846015930176,16.3212890625,23.89678001403809,29.916748046875,19.2059383392334,43.44096755981445,28.643848419189453,32.51270294189453,48.94866561889648,14.396506309509276,45.82698440551758,28.528295516967773,68.39923858642578,79.2398452758789,81.445068359375,83.2344970703125,78.19042205810547,64.81939697265625,17.936050415039062,84.01929473876953,85.82000732421875,109.18292236328124,95.79000091552734,127.75857543945312,120.43000030517578,301.44000244140625,21.09000015258789,31.56999969482422,75.44999694824219,,,96.3128433227539,53.90980529785156,48.66016387939453,45.999568939208984,29.486492156982425,27.579803466796875,47.058250427246094,58.22249221801758,130.91317749023438,,20.09833526611328,,19.897676467895508,83.14464569091797,20.422332763671875,26.8928165435791,
2014-06-30,47.80764389038086,78.447998046875,22.47173118591309,50.02569961547851,73.52703094482422,,,160.03182983398438,33.19453811645508,48.16957473754883,38.45067596435547,26.288488388061523,26.73263168334961,30.375459671020508,16.626304626464844,25.351865768432617,31.566171646118164,19.516016006469727,43.64725112915039,29.199148178100582,32.43035888671875,49.98713302612305,15.035992622375488,46.346736907958984,29.70355224609375,68.34507751464844,79.06806945800781,81.2403564453125,83.54231262207031,78.19561004638672,64.8475341796875,17.760616302490234,85.26641845703125,87.2114486694336,110.1823959350586,96.25,128.3284149169922,128.0399932861328,311.0400085449219,21.43000030517578,29.43000030517578,68.8499984741211,,,101.39044952392578,55.026798248291016,48.9465446472168,47.20416259765625,29.853384017944336,28.855920791625977,48.09659957885742,58.211483001708984,131.92030334472656,,23.626707077026367,,20.276762008666992,85.74195861816406,21.810556411743164,27.486860275268555,
2014-07-31,47.1174201965332,78.25120544433594,21.406482696533203,48.80914688110352,73.51094818115234,,,157.88140869140625,33.6475715637207,46.91548538208008,38.322940826416016,25.65897560119629,25.548669815063477,31.232763290405273,16.908119201660156,24.248592376708984,30.471900939941406,19.126800537109375,41.84679412841797,28.8272705078125,31.354673385620117,50.05286407470703,14.013433456420898,46.3838996887207,26.71959686279297,68.29257202148438,78.8936996459961,81.77991485595703,83.46528625488281,77.94583129882812,64.68441772460938,18.161609649658203,84.19011688232422,85.37701416015625,107.50379943847656,94.70999908447266,125.45075988769533,123.38999938964844,290.55999755859375,21.959999084472656,26.010000228881836,63.54999923706055,,,95.25196838378906,54.45268630981445,48.5764274597168,46.82384490966797,29.42827415466309,28.031951904296875,47.25415802001953,58.030967712402344,130.01693725585938,,23.144350051879883,,19.97171401977539,86.75540161132812,21.48883819580078,26.387554168701172,
2014-08-31,48.33125686645508,79.15082550048828,21.161300659179688,49.970924377441406,73.52703094482422,,,164.11195373535156,34.59972381591797,47.000030517578125,37.68421936035156,25.86041831970215,26.19517517089844,31.528806686401367,17.46305274963379,25.803741455078125,31.13729476928711,19.86592674255371,43.614967346191406,30.10916328430176,32.80104064941406,52.47703552246094,14.703064918518066,47.79585266113281,28.61517906188965,68.41951751708984,80.37712097167969,85.64302825927734,83.97240447998047,79.50786590576172,65.50582122802734,18.395517349243164,84.70194244384766,85.62699127197266,106.36439514160156,93.61000061035156,123.02891540527344,123.86000061035156,286.0799865722656,21.6299991607666,25.75,64.30000305175781,,,99.85224151611328,56.9578857421875,50.68772506713867,48.18105697631836,30.599321365356445,29.57579231262207,48.506229400634766,58.90113067626953,134.6524658203125,,23.84109115600586,,20.871479034423828,91.10134887695312,22.775699615478516,27.403141021728516,
2014-09-30,46.72867965698242,78.66413879394531,19.631059646606445,48.98014068603515,73.52703094482422,386.9440002441406,,161.8478240966797,31.91221809387207,45.17526626586914,37.588417053222656,24.399948120117188,25.322782516479492,28.41416358947754,17.372756958007812,25.55424690246582,28.723726272583008,19.586780548095703,43.114959716796875,29.274871826171875,32.994163513183594,52.70530700683594,14.42767333984375,44.90869903564453,26.885786056518555,68.36937713623047,79.53356170654297,83.8339614868164,81.79313659667969,78.17081451416016,64.09166717529297,19.10561180114746,79.55209350585938,83.13091278076172,102.2065658569336,88.80000305175781,118.2232666015625,116.20999908447266,275.2799987792969,20.299999237060547,22.780000686645508,54.150001525878906,,,93.93307495117188,56.578582763671875,50.29651641845703,47.42558288574219,30.35953712463379,28.793577194213867,46.88811111450195,58.32591247558594,134.33572387695312,,19.080018997192383,,20.570301055908203,90.41203308105469,22.515684127807617,27.16686248779297,
2014-10-31,47.291961669921875,79.5011978149414,18.870166778564453,49.49959945678711,73.51094818115234,338.3210144042969,,165.6595001220703,32.365257263183594,45.05550003051758,38.514556884765625,23.934106826782227,25.21372985839844,29.97457504272461,17.65142250061035,25.642507553100582,27.70943260192871,19.116758346557617,44.78602600097656,29.893823623657227,34.1644172668457,55.47623443603515,15.586281776428224,49.37145233154297,28.285051345825195,68.54742431640625,80.75541687011719,86.19683074951172,82.53023529052734,79.13567352294922,65.35682678222656,19.289398193359375,80.10279846191406,82.63360595703125,101.39698791503906,86.6500015258789,117.28298950195312,112.66000366210938,245.0399932861328,20.510000228881836,26.270000457763672,59.45000076293945,,,100.12655639648438,57.878135681152344,51.63810348510742,48.120811462402344,31.6486873626709,29.52275276184082,47.33073806762695,58.97665023803711,137.00538635253906,,15.372990608215332,,21.093366622924805,92.80074310302734,22.661115646362305,28.49436378479004,
2014-11-30,47.94251251220703,80.0235366821289,17.263837814331055,48.964412689208984,73.51094818115234,378.0469970703125,,170.21047973632812,31.866146087646484,45.08367156982422,37.109375,23.95928382873535,25.852449417114254,28.710214614868164,18.500465393066406,27.49324607849121,25.30046272277832,19.416946411132812,46.1650505065918,31.522403717041016,36.05877685546875,57.406009674072266,15.76795768737793,50.35900115966797,30.41119956970215,68.6195297241211,81.79606628417969,88.75465393066406,82.6616439819336,79.85716247558594,65.08518981933594,19.60685157775879,77.5572280883789,81.44402313232422,100.94723510742188,82.01000213623047,116.30476379394533,112.11000061035156,204.63999938964844,19.309999465942383,26.200000762939453,62.75,,,100.2382354736328,60.04987716674805,52.81935501098633,49.3393440246582,32.77668380737305,29.88734245300293,47.92868423461914,59.482173919677734,141.03494262695312,,16.400243759155273,,21.787052154541016,97.01978302001953,24.481231689453125,29.316505432128906,
2014-12-31,46.81219482421875,80.14165496826172,15.598326683044434,48.57120513916016,73.49491882324219,320.1929931640625,,169.77871704101562,30.60312271118164,43.283592224121094,36.10955810546875,23.15401268005371,24.684064865112305,27.828657150268555,18.097749710083008,27.552762985229492,25.247127532958984,19.308809280395508,46.155086517333984,31.802953720092773,35.72139358520508,56.600372314453125,16.330427169799805,51.31780242919922,31.04559326171875,68.4186782836914,81.9019546508789,91.64046478271484,81.79264831542969,79.84342956542969,63.31642150878906,20.02455139160156,74.4947509765625,80.13716888427734,98.10871887207033,81.20999908447266,113.1516342163086,113.58000183105467,162.8800048828125,19.020000457763672,26.63999938964844,63.70000076293945,,,103.1380386352539,59.5657958984375,52.524044036865234,49.599246978759766,32.78913879394531,29.73325538635254,46.978790283203125,59.471981048583984,141.1647491455078,,16.526020050048828,,21.545351028442383,94.8459243774414,24.35068130493164,29.664596557617188,
2015-01-31,46.19603729248047,81.7863998413086,14.710614204406738,48.9127311706543,73.47884368896484,217.46400451660156,,164.74827575683594,30.39280891418457,43.553932189941406,36.91270065307617,23.166851043701172,24.73080062866211,27.955305099487305,17.4631290435791,26.212059020996097,24.09575462341309,18.95507049560547,44.51543045043945,30.850847244262695,35.375152587890625,57.337059020996094,16.710838317871094,54.834022521972656,31.200288772583008,68.84803009033203,85.42566680908203,100.63562774658205,84.43609619140625,82.83905029296875,64.49958038330078,20.99361801147461,71.18516540527344,73.2872314453125,106.134521484375,82.80999755859375,105.62971496582033,123.4499969482422,142.55999755859375,16.68000030517578,24.979999542236328,54.75,,,99.75817108154295,59.154441833496094,51.61278533935547,47.555477142333984,32.62712097167969,28.39165306091309,46.213008880615234,61.305030822753906,136.1783447265625,,20.041622161865234,,21.2298641204834,92.87091064453125,23.50808334350586,29.496173858642578,
2015-02-28,48.740699768066406,81.05455780029297,15.361602783203123,50.00404739379883,73.47884368896484,254.26300048828125,,174.00790405273438,31.73252296447754,46.31429290771485,39.67554473876953,24.528093338012695,25.95370864868164,29.354644775390625,18.859302520751953,28.73033142089844,25.202482223510746,20.46542739868164,46.89741516113281,33.48676300048828,36.84113311767578,59.795433044433594,15.642206192016602,52.8193244934082,33.06556701660156,68.64787292480469,83.31417083740234,94.45817565917967,83.34803009033203,81.66230773925781,65.1186294555664,21.052095413208008,71.5400161743164,74.52224731445312,102.24655151367188,81.27999877929688,104.58502197265624,116.16000366210938,144.8000030517578,17.979999542236328,25.799999237060547,54.849998474121094,,,105.6902084350586,62.36640548706055,54.717830657958984,50.37318420410156,33.817848205566406,30.52602767944336,48.96360778808594,60.44064712524414,144.30728149414062,,19.133499145507812,,22.629262924194336,99.57673645019531,25.398359298706055,29.92723274230957,
2015-03-31,48.028507232666016,81.35832977294922,14.431620597839355,49.53010559082031,73.47884368896484,244.2239990234375,,171.2750244140625,31.25740623474121,45.65266036987305,40.25379943847656,23.12832260131836,25.86802864074707,28.721460342407227,18.21137428283691,27.962337493896484,24.911331176757812,19.461631774902344,45.70338821411133,33.32502365112305,36.125431060791016,60.17851257324219,15.486525535583496,53.734092712402344,33.57709503173828,68.81892395019531,84.02734375,95.48993682861328,82.94634246826172,81.82167053222656,65.13365173339844,21.63687515258789,69.83531951904297,73.55706024169922,100.17764282226562,81.0199966430664,100.39669799804688,113.66000366210938,134.72000122070312,18.59000015258789,24.739999771118164,54.650001525878906,,,107.56089782714844,61.70978927612305,53.85881805419922,49.89982604980469,33.56484603881836,29.921066284179688,48.369285583496094,60.80387496948242,141.67733764648438,,16.4001407623291,,22.363309860229492,97.22772979736328,24.653837203979492,29.822607040405273,
2015-04-30,49.40486526489258,81.095703125,15.463053703308104,49.96171188354492,73.4627914428711,236.14500427246097,,172.9593048095703,33.399383544921875,47.317413330078125,41.313961029052734,24.669353485107425,26.903995513916016,29.962512969970703,18.712371826171875,27.602474212646484,26.548967361450195,20.11593246459961,45.58865737915039,33.30733871459961,35.85121536254883,59.52274703979492,15.413322448730469,50.59202575683594,31.518375396728516,68.84086608886719,83.49545288085938,92.21923828125,83.5086669921875,80.85028839111328,65.9368896484375,20.80982780456543,72.67709350585938,77.23961639404297,104.3154754638672,81.37999725341797,104.8224639892578,113.47000122070312,164.0800018310547,19.3700008392334,23.520000457763672,50.75,,,104.80205535888672,61.06899642944336,53.95197296142578,50.23198318481445,33.36960220336914,30.73235321044922,49.602291107177734,60.644779205322266,142.2489471435547,,18.08151626586914,,22.485395431518555,99.0968017578125,24.72516632080078,29.214256286621094,
2015-05-31,49.40486526489258,80.74101257324219,14.972698211669922,50.1392936706543,73.4466781616211,230.19000244140625,,175.18287658691406,32.028507232666016,47.4099006652832,41.92436218261719,24.82346534729004,27.573871612548828,29.14570045471191,19.059539794921875,30.059066772460938,25.17141914367676,20.191740036010746,45.73616790771485,33.74517822265625,36.16249465942383,62.20381164550781,15.510912895202637,50.43905258178711,32.73903274536133,68.86923217773438,83.14781951904297,90.0313491821289,82.66890716552734,79.94451904296875,65.73332977294922,21.269298553466797,70.27228546142578,74.88765716552734,103.43592071533205,78.25,102.48609924316406,114.0999984741211,162.47999572753906,18.5,22.6299991607666,49.900001525878906,,,107.1457977294922,63.123050689697266,54.77326583862305,50.692481994628906,33.71126174926758,30.287464141845703,49.76719665527344,60.37980651855469,144.1078643798828,,17.6049747467041,,22.781553268432617,101.32494354248047,26.664485931396484,29.488807678222656,
2015-06-30,48.131046295166016,79.87164306640625,15.217876434326172,49.193084716796875,73.4466781616211,263.0719909667969,,171.62452697753906,31.08980369567871,45.93155288696289,41.362361907958984,23.863813400268555,26.114097595214844,28.062314987182617,18.275650024414062,27.45966339111328,24.294580459594727,19.39425468444824,44.521995544433594,33.932273864746094,35.4991340637207,61.95996856689453,14.58274269104004,48.08424377441406,33.389427185058594,68.89118957519531,81.7917709350586,86.36529541015625,81.82186126708984,78.43907928466797,64.54083251953125,20.910076141357425,70.93023681640625,74.56907653808594,103.8357162475586,79.3499984741211,103.9582061767578,112.37000274658205,159.0399932861328,17.690000534057617,25.850000381469727,61.29999923706055,,,107.98467254638672,62.905372619628906,53.761966705322266,49.853981018066406,32.959041595458984,29.380916595458984,48.66223907470703,59.5651741027832,141.04867553710938,,15.968562126159668,,22.383663177490234,98.80792999267578,24.32839012145996,28.983665466308594,
2015-07-31,48.52774429321289,80.56025695800781,13.29873275756836,48.951019287109375,73.4466781616211,284.6499938964844,,175.50143432617188,29.128053665161133,46.86479187011719,41.74982070922851,24.243019104003903,27.19055557250977,27.687294006347656,18.79656219482422,26.102928161621097,22.42625617980957,18.416330337524418,44.65377426147461,35.59163284301758,37.52021408081055,63.792381286621094,15.47262477874756,50.85895919799805,34.26473617553711,68.92203521728516,83.03369903564453,90.2914810180664,82.25997924804688,79.09163665771484,64.63629913330078,21.244237899780273,67.32527160644531,71.18637084960938,100.40750885009766,78.31999969482422,102.3721160888672,104.93000030517578,124.72000122070312,16.149999618530273,23.13999938964844,49.849998474121094,,,106.7926025390625,65.29164123535156,55.3101692199707,50.01332473754883,34.28328323364258,28.17203712463379,48.90745162963867,60.11674880981445,141.87339782714844,,12.363044738769531,,23.147071838378906,103.31133270263672,23.2495059967041,30.22687530517578,
2015-08-31,45.22455596923828,80.28974151611328,13.264915466308594,48.20539855957031,73.4466781616211,230.05599975585935,,164.8046112060547,26.554235458374023,43.3850212097168,39.13440704345703,22.30776023864746,25.37253761291504,24.46076774597168,17.759172439575195,24.755138397216797,21.47271156311035,17.378280639648438,42.24072265625,33.266780853271484,35.28287124633789,58.71164321899414,14.934470176696776,47.65935897827149,33.03382873535156,68.88784790039062,83.09937286376953,89.66887664794922,81.47867584228516,78.43717193603516,63.90794372558594,20.935134887695312,65.60301208496094,70.74597930908203,100.16764068603516,80.04000091552734,104.51854705810548,108.81999969482422,127.12000274658205,15.739999771118164,22.90999984741211,48.150001525878906,,,100.05290222167967,61.37325668334961,52.31583023071289,47.12226486206055,32.730159759521484,26.744157791137695,45.664344787597656,60.002647399902344,133.0688934326172,,12.68673038482666,,21.73370361328125,96.26090240478516,22.09037208557129,28.712263107299805,
2015-09-30,43.67011642456055,80.94123077392578,12.808378219604492,46.76409912109375,73.41455841064453,236.05999755859375,,160.59942626953125,25.72245216369629,41.467891693115234,36.90646743774414,21.431665420532227,24.391761779785156,23.704248428344727,17.51553726196289,24.426549911499023,19.92809677124023,16.088565826416016,41.30971908569336,33.07149124145508,35.42041015625,55.3634147644043,15.370180130004885,49.11758804321289,31.23939323425293,69.09107971191406,84.41163635253906,91.43260955810548,81.05250549316406,79.37045288085938,63.22515869140625,20.968555450439453,64.76130676269531,69.73397064208984,99.2880859375,80.83000183105469,104.07213592529295,106.86000061035156,117.44000244140624,15.600000381469728,23.559999465942383,50.400001525878906,,,95.1139907836914,60.213619232177734,51.637638092041016,45.7716178894043,32.52653121948242,25.022937774658203,43.969783782958984,60.656131744384766,131.26473999023438,,12.354053497314453,,21.167375564575195,94.13614654541016,22.23749542236328,28.607507705688477,
2015-10-31,47.0137825012207,80.99671936035156,12.850651741027832,48.274898529052734,73.39850616455078,314.1659851074219,,174.260009765625,27.36248016357422,44.209747314453125,39.78019332885742,22.843881607055664,25.332666397094727,25.262556076049805,19.355783462524418,26.849411010742188,22.152095794677734,18.24875259399414,44.936431884765625,36.05977249145508,37.43951797485352,59.634986877441406,15.5335054397583,51.946048736572266,32.617469787597656,68.99356842041016,83.87396240234375,91.05877685546876,81.29574584960938,79.82572174072266,64.75909423828125,21.09386444091797,65.89544677734375,71.1301498413086,97.86883544921876,80.3499984741211,102.3436508178711,109.3000030517578,118.4800033569336,15.40999984741211,23.079999923706055,50.650001525878906,,,100.46195220947266,64.61861419677734,56.1052360534668,49.11515808105469,34.47367858886719,27.61849594116211,47.17351531982422,60.69410705566406,142.52688598632812,,13.4509916305542,,23.00870704650879,104.83931732177734,24.167898178100586,30.575605392456055,
2015-11-30,46.76280212402344,80.68157958984375,11.996759414672852,47.06996536254883,73.41455841064453,377.3210144042969,,174.8969268798828,26.67194175720215,43.87696075439453,39.97392654418945,22.464677810668945,24.6309757232666,25.14616584777832,19.493244171142575,27.47011947631836,22.14883041381836,18.43011474609375,45.32560348510742,35.975162506103516,37.094242095947266,59.44270706176758,15.203309059143066,51.62093353271485,33.174163818359375,68.81536865234375,83.51528930664062,90.26868438720705,81.17852020263672,79.70259857177734,64.95682525634766,21.787248611450195,66.87370300292969,69.61215209960938,93.9408950805664,78.73999786376953,98.28825378417967,101.91999816894533,103.44000244140624,13.6899995803833,22.030000686645508,46.599998474121094,,,103.7369613647461,64.962890625,56.352935791015625,48.77928924560547,34.39973068237305,27.73288345336914,47.13377380371094,60.44999313354492,143.58761596679688,,12.372037887573242,,23.079269409179688,105.47760772705078,24.87674331665039,30.901437759399414,
2015-12-31,45.77809143066406,80.52691650390625,11.295045852661133,46.1322135925293,73.39850616455078,430.5669860839844,,171.87429809570312,25.653112411499023,42.85380172729492,39.42110824584961,21.528900146484375,24.750581741333008,25.443382263183594,19.087562561035156,26.996601104736328,19.8194522857666,17.630237579345703,44.15962600708008,34.95235061645508,38.17652893066406,60.46684646606445,15.52548885345459,52.566123962402344,31.249094009399418,68.71270751953125,83.13695526123047,90.00044250488281,80.35794830322266,78.84105682373047,63.97158432006836,21.428024291992188,67.48876190185547,67.1571273803711,96.31963348388672,80.62999725341797,101.05199432373048,101.45999908447266,88.0,14.270000457763672,21.219999313354492,45.70000076293945,,,98.5185546875,64.8755874633789,55.38531494140625,47.867034912109375,34.5732536315918,25.912128448486328,46.10434341430664,60.08766174316406,141.29183959960938,,12.441883087158203,,22.728515625,103.79548645019531,24.26854705810547,30.852842330932617,
2016-01-31,43.3505859375,81.52595520019531,10.804692268371582,45.39366912841797,73.41455841064453,368.7669982910156,,163.31724548339844,24.36210060119629,40.489253997802734,37.404518127441406,20.48847198486328,23.251514434814453,23.448476791381836,18.37896156311035,24.95021629333496,19.12616920471191,15.742155075073242,41.643836975097656,33.14122009277344,38.38068008422851,55.79940414428711,16.293153762817383,50.7596321105957,27.90293884277344,69.16069030761719,85.90843963623047,95.01618957519533,81.61811065673828,78.93782043457031,63.995723724365234,21.60346031188965,65.59068298339844,66.3418960571289,94.12079620361328,80.01000213623047,100.64361572265624,106.9499969482422,77.19999694824219,13.619999885559082,21.719999313354492,46.150001525878906,,,90.068115234375,62.4058837890625,52.82920455932617,43.71403884887695,34.09376907348633,22.726205825805664,43.399864196777344,61.187278747558594,133.5499725341797,,12.886236190795898,,21.437641143798828,96.6227798461914,22.647005081176758,30.31098175048828,
2016-02-29,42.80933380126953,82.2491455078125,10.779329299926758,46.073150634765625,73.41455841064453,437.6969909667969,,163.18240356445312,24.162860870361328,39.139122009277344,35.42045974731445,19.848203659057617,22.589689254760746,23.302669525146484,18.25863265991211,25.38293075561523,18.590600967407227,16.972454071044922,43.418216705322266,33.28879928588867,38.50165939331055,55.597938537597656,16.60882568359375,50.57501602172851,28.222930908203125,69.23814392089844,87.18502807617188,97.9483413696289,82.61453247070312,79.76803588867188,65.11836242675781,21.294363021850582,66.2088851928711,68.65641784667969,96.38961791992188,85.87999725341797,101.02352142333984,118.63999938964844,72.0,14.09000015258789,20.6299991607666,43.349998474121094,,,89.8669204711914,61.60922622680664,53.146575927734375,44.50617980957031,34.449256896972656,22.761608123779297,42.919769287109375,61.87459564208984,134.53054809570312,,17.57461166381836,,21.437641143798828,95.11031341552734,22.970401763916016,30.610639572143555,
2016-03-31,45.97491455078125,82.96857452392578,11.235865592956545,47.24665832519531,73.41455841064453,416.72900390625,,174.15896606445312,27.29478645324707,41.71532440185547,37.111785888671875,20.91531562805176,23.70602035522461,25.99347496032715,19.869354248046875,27.614625930786133,20.480499267578125,18.25778007507324,46.446006774902344,35.51828384399414,40.32598876953125,57.10321807861328,17.933626174926758,55.86791229248047,30.987037658691406,69.33355712890625,87.12739562988281,97.85696411132812,83.99188995361328,82.65131378173828,67.27595520019531,20.500730514526367,71.20390319824219,71.52369689941406,100.11764526367188,86.0199966430664,105.5917510986328,117.63999938964844,77.5999984741211,14.529999732971191,20.1200008392334,45.0,,,97.06835174560548,64.8790054321289,56.28595352172851,47.18253326416016,36.49268341064453,25.497753143310547,46.341548919677734,62.67810821533203,144.3656005859375,,18.109651565551758,,22.881227493286133,101.62781524658203,25.08843421936035,32.44459915161133,
2016-04-30,46.58999252319336,83.18013763427734,12.3264799118042,48.72197723388672,73.4466781616211,448.3179931640625,,174.84532165527344,27.406362533569336,42.64216613769531,37.144317626953125,21.75566291809082,24.407712936401367,26.477291107177734,18.870513916015625,26.336669921875,22.336952209472656,19.190834045410156,47.02374649047851,35.563194274902344,39.748382568359375,58.79661178588867,17.499921798706055,54.554534912109375,30.822208404541016,69.35883331298828,86.99136352539062,97.13619995117188,84.167724609375,83.93619537353516,68.3218994140625,20.133155822753903,70.66609191894531,73.99747467041016,100.27758026123048,90.93000030517578,106.21857452392578,123.6500015258789,90.4000015258789,15.0600004196167,21.940000534057617,45.95000076293945,,,98.69155883789062,64.4707260131836,56.06292724609375,47.53632736206055,36.35978317260742,27.171621322631836,46.80745315551758,62.86381530761719,145.2473907470703,,23.423749923706055,,22.67026138305664,98.38914489746094,23.895044326782227,32.186065673828125,
2016-05-31,46.74581527709961,83.1914291381836,12.436386108398438,48.804874420166016,73.4466781616211,531.385986328125,,177.8197479248047,26.394258499145508,42.60567855834961,38.3477668762207,21.50222396850586,24.351892471313477,25.90068817138672,19.793209075927734,28.624326705932617,22.128475189208984,19.12565040588379,46.82280349731445,35.58115768432617,40.021995544433594,60.110877990722656,17.76375961303711,55.781227111816406,31.298362731933594,69.2763671875,86.90502166748047,97.91857147216795,83.62557220458984,83.50604248046875,68.17452239990234,20.7513484954834,67.25633239746094,70.7834701538086,96.5995101928711,87.36000061035156,103.13191223144533,116.05999755859376,94.95999908447266,13.920000076293944,22.13999938964844,43.650001525878906,,,100.90264129638672,66.05056762695312,56.66335678100586,48.236183166503906,36.93295669555664,27.162765502929688,47.11268615722656,62.73761749267578,145.80726623535156,,20.47650718688965,,23.115140914916992,102.68876647949219,25.917423248291016,32.72629165649414,
2016-06-30,46.72258377075195,84.80126190185547,12.977468490600586,49.679962158203125,73.43067932128906,673.3369750976562,,178.43785095214844,27.59760093688965,41.57487106323242,37.69919204711914,21.01204490661621,24.271007537841797,26.422950744628903,19.5205020904541,28.312904357910156,22.730527877807617,18.9755859375,47.1567268371582,35.17569351196289,42.16658020019531,60.65738677978515,19.11879539489746,59.64601516723633,30.759618759155273,69.69381713867188,89.58827209472656,104.7084732055664,85.50617980957031,86.09000396728516,71.02027893066406,20.7513484954834,69.44561004638672,71.82357025146484,98.2386474609375,93.58000183105467,102.73303985595705,126.47000122070312,92.55999755859376,14.5,20.5,41.25,,,100.88511657714844,67.99981689453125,56.93760681152344,47.654666900634766,38.590702056884766,26.06722640991211,47.02546310424805,64.39065551757812,147.20982360839844,,25.128612518310547,,23.014236450195312,100.34951782226562,25.967529296875,34.60502624511719,
2016-07-31,48.484134674072266,85.26295471191406,12.07284927368164,50.33233642578125,73.4627914428711,624.6810302734375,,184.94566345214844,29.08350372314453,43.22833251953125,39.53498077392578,21.326475143432617,24.72941780090332,28.12831115722656,20.906787872314453,31.44533920288086,22.444061279296875,19.937885284423828,48.865848541259766,36.77991485595703,41.822532653808594,63.60945892333984,18.991256713867188,62.18871307373047,33.08906555175781,69.66107940673828,89.80915832519531,106.90990447998048,86.0523910522461,87.20191192626953,71.99242401123047,20.60933303833008,70.85258483886719,71.03646087646484,98.87831115722656,94.70999908447266,103.48332977294922,128.97999572753906,78.08000183105469,14.609999656677246,18.940000534057617,39.0,,,106.81199645996094,69.8244400024414,58.671627044677734,49.81197738647461,39.1585807800293,27.70087432861328,48.97709274291992,64.7181625366211,151.53927612304688,,27.74031639099121,,24.10902214050293,107.52532958984375,28.923664093017578,34.68233108520508,
2016-08-31,48.65031051635742,85.07935333251953,12.165847778320312,51.32266998291016,73.4627914428711,575.4719848632812,,185.1671905517578,29.34052085876465,43.45922088623047,40.25617599487305,21.55887985229492,24.704853057861328,27.45425033569336,21.149831771850582,32.92689514160156,22.82046127319336,19.884653091430664,49.328914642333984,36.30224609375,41.57787322998047,61.54555892944336,17.93821144104004,59.84779357910156,33.14409637451172,69.49833679199219,88.90081024169922,105.8265151977539,85.75752258300781,87.3591537475586,72.9451675415039,20.734642028808594,70.12469482421875,70.70849609375,97.34911346435548,93.3499984741211,103.1889190673828,124.77999877929688,82.87999725341797,13.699999809265137,17.709999084472656,35.25,,,108.71763610839844,68.78306579589844,58.54219436645508,50.430572509765625,38.39026641845703,28.641990661621097,49.14716339111328,64.38410949707031,151.91773986816406,,23.115421295166016,,23.984703063964844,108.65442657470703,30.158042907714844,34.021339416503906,
2016-09-30,49.107322692871094,85.12318420410156,12.690018653869627,51.87616729736328,73.47884368896484,609.7349853515625,,185.17791748046875,30.07946014404297,44.04017639160156,41.1085090637207,21.654577255249023,25.007734298706055,28.49903678894043,21.59436416625977,34.30694580078125,23.662120819091797,19.65375518798828,49.42073822021485,36.205440521240234,40.93525314331055,61.231895446777344,18.002981185913086,58.751068115234375,31.17281150817871,69.58834075927734,89.11186218261719,104.23013305664062,86.40131378173828,87.08342742919922,73.24636840820312,20.617687225341797,71.44981384277344,70.67100524902344,98.478515625,95.20999908447266,103.85372924804688,125.63999938964844,87.44000244140625,14.5,18.68000030517578,35.95000076293945,,,109.88507080078124,69.12225341796875,58.48241424560547,50.75892639160156,38.141746520996094,29.23261070251465,49.52980041503906,64.48782348632812,151.25347900390625,,23.967851638793945,,24.055971145629883,111.05951690673828,31.642946243286133,33.717994689941406,
2016-10-31,48.16838073730469,84.42760467529297,12.647747039794922,51.36618423461914,73.49491882324219,700.9719848632812,,181.96746826171875,29.830463409423828,43.064476013183594,41.4035530090332,20.50622940063477,23.74711227416992,27.656463623046875,21.431655883789062,33.8120231628418,22.995250701904297,19.24216651916504,48.4302978515625,35.327919006347656,40.61983108520508,57.19843292236328,18.164674758911133,55.37800216674805,29.041967391967773,69.5548324584961,87.77991485595703,99.66421508789062,85.93399810791016,85.75228881835938,71.97987365722656,21.23588180541992,71.01783752441406,69.09679412841797,96.5995101928711,92.02999877929688,101.3843994140625,121.94000244140624,84.23999786376953,14.449999809265137,19.440000534057617,36.70000076293945,,,104.83362579345705,67.78214263916016,57.28659439086914,50.15243148803711,37.09228515625,28.72569274902344,48.553035736083984,63.87160873413086,150.07000732421875,,22.235782623291016,,23.49481773376465,109.441162109375,31.09635353088379,32.93442153930664,
2016-11-30,48.666934967041016,82.26165771484375,12.859106063842772,51.37579727172851,73.4627914428711,745.6909790039062,,188.6708526611328,28.513240814208984,42.297332763671875,40.887229919433594,20.547243118286133,23.206846237182617,27.669952392578125,21.467817306518555,36.24713134765625,24.942243576049805,20.555156707763672,52.8322639465332,37.024200439453125,38.911956787109375,58.378761291503906,17.179821014404297,54.45003128051758,31.090145111083984,69.22792053222656,84.06922912597656,91.47805786132812,84.15393829345703,83.03607177734375,68.87544250488281,21.92926788330078,68.94647979736328,68.9375,93.91089630126952,84.26000213623047,97.80390167236328,111.75,87.44000244140625,16.889999389648438,18.739999771118164,34.25,,,116.431640625,67.38013458251953,59.0109748840332,53.70587158203125,37.31896209716797,32.42533874511719,49.13094329833984,61.765750885009766,158.99148559570312,,18.88953399658203,,24.00978660583496,109.91827392578125,32.367164611816406,33.107696533203125,
2016-12-31,49.62192153930664,82.47066497802734,13.391732215881348,52.320533752441406,73.47886657714844,963.7429809570312,,192.4955139160156,28.44119644165039,43.44200897216797,40.50984954833984,21.268333435058594,24.130348205566406,27.280527114868164,21.952959060668945,37.34819412231445,25.373929977416992,20.59146499633789,52.99398040771485,37.03865051269531,40.0779914855957,58.79690933227539,18.021425247192383,57.072959899902344,31.156816482543945,69.27798461914062,83.96966552734375,91.0548858642578,84.11973571777344,83.73289489746094,69.89956665039062,22.104698181152344,67.42021942138672,68.9375,93.68102264404295,82.5199966430664,97.1201171875,109.61000061035156,93.76000213623048,16.350000381469727,18.709999084472656,34.400001525878906,,,119.7900390625,68.11808013916016,60.1883544921875,54.82240676879883,38.22687911987305,32.70930480957031,50.02208709716797,61.4903678894043,164.42459106445312,,19.02599334716797,,24.321054458618164,111.16278076171875,32.894222259521484,33.9659538269043,
2017-01-31,51.06436538696289,82.64629364013672,13.315640449523926,52.798091888427734,73.51100158691406,970.4030151367188,,195.9402008056641,30.33402633666992,44.87176513671875,41.927608489990234,21.79501724243164,25.17058753967285,29.100603103637695,22.73374938964844,38.9124755859375,24.558677673339844,21.527812957763672,53.98197937011719,38.599365234375,40.76002883911133,60.14442825317383,18.24776268005371,56.96232223510742,31.755111694335938,69.35177612304688,84.15392303466797,91.7962875366211,84.8705062866211,83.85437774658203,71.11083984375,21.494855880737305,70.91156005859375,71.16765594482422,96.30965423583984,85.41000366210938,99.54190063476562,115.5500030517578,90.55999755859376,17.780000686645508,19.13999938964844,35.45000076293945,,,120.12757873535156,70.26417541503906,60.885162353515625,55.51755905151367,38.70873260498047,33.35294723510742,51.52275466918945,61.69021224975586,165.29383850097656,,21.76348304748535,,25.12094497680664,116.87667083740234,34.17987060546875,34.22372055053711,
2017-02-28,52.34748458862305,83.17996215820312,13.290279388427734,53.60683059692383,73.54802703857422,1179.969970703125,,203.63902282714844,30.86206817626953,45.406044006347656,42.47480773925781,22.11379623413086,25.42450714111328,29.94859504699707,23.76420211791992,40.00809097290039,24.046615600585938,21.64797019958496,56.09423828125,39.30009078979492,42.70539855957031,63.95676040649414,19.208759307861328,58.96088409423828,33.1541748046875,69.37725067138672,84.76283264160156,93.25090026855467,85.21984100341797,84.9620590209961,72.30274200439453,21.81231117248535,71.73577880859375,69.6871337890625,94.83041381835938,85.80999755859375,97.61394500732422,119.2300033569336,91.5999984741211,17.59000015258789,19.40999984741211,36.29999923706055,,,122.44611358642578,72.93106842041016,63.74214172363281,58.05598449707031,40.467071533203125,33.7641487121582,52.90860366821289,62.14862060546875,173.78236389160156,,20.781261444091797,,26.14571189880371,121.9900894165039,35.075225830078125,35.713218688964844,
2017-03-31,53.05193710327149,83.1340103149414,12.859106063842772,53.529998779296875,73.53511047363281,1071.7900390625,,203.8935546875,31.999380111694336,46.87342834472656,42.69866943359375,22.55732154846191,26.194448471069336,30.81037139892578,24.293209075927734,41.76966857910156,23.689285278320312,21.782590866088867,55.664798736572266,40.13873291015625,42.5249137878418,63.649410247802734,19.182762145996097,57.531864166259766,34.32819747924805,69.42157745361328,84.83112335205078,92.63999938964844,85.21984100341797,84.71137237548828,72.67408752441406,21.67864990234375,71.56541442871094,69.56531524658203,95.01033020019533,86.5199966430664,98.21227264404295,118.72000122070312,85.12000274658203,17.309999465942383,19.030000686645508,34.70000076293945,,,122.47799682617188,74.42790222167969,63.71342849731445,57.41658782958984,40.51683807373047,33.644317626953125,53.68979263305664,62.14569854736328,172.74850463867188,,20.744882583618164,,26.461986541748047,124.46273803710938,36.59963607788086,35.70343780517578,
2017-04-30,53.90734100341797,83.88811492919922,12.512475967407228,53.966651916503906,73.5898666381836,1347.8900146484375,,205.91741943359375,32.54368591308594,48.00970077514648,42.99714279174805,22.9384708404541,27.226499557495117,30.899995803833008,24.780807495117188,41.53165435791016,22.991146087646484,22.05689811706543,56.75995635986328,41.10171127319336,42.99238204956055,64.62517547607422,19.32856178283691,57.671180725097656,34.86298370361328,69.55146026611328,85.77172088623047,94.0973892211914,85.60311889648438,85.71843719482422,73.91695404052734,21.361194610595703,70.20144653320312,67.7942886352539,95.52005767822266,86.38999938964844,100.21620178222656,120.7699966430664,81.91999816894531,16.899999618530273,18.709999084472656,34.0,,,123.88558197021484,76.34598541259766,64.10726165771484,57.5422248840332,41.085697174072266,33.17889404296875,54.56239700317383,62.8645133972168,175.19752502441406,,20.217391967773438,,27.050289154052734,127.85676574707031,36.59505081176758,36.07365417480469,
2017-05-31,55.09819793701172,84.46444702148438,12.334936141967772,54.52326583862305,73.60111999511719,2286.409912109375,,208.8235321044922,33.469791412353516,49.71035385131836,44.18275833129883,23.984912872314453,28.610761642456055,30.493242263793945,25.76055145263672,45.15663528442383,22.177780151367188,22.061050415039062,57.76954650878906,41.55351638793945,44.12991714477539,65.12165832519531,20.128625869750977,57.25324249267578,34.56792449951172,69.60248565673828,86.4808349609375,95.87384033203124,85.56883239746094,86.86119079589844,74.47991943359375,20.951847076416016,69.6989974975586,68.45960998535156,98.03874969482422,86.9000015258789,103.30286407470705,120.62000274658205,79.68000030517578,16.760000228881836,18.969999313354492,34.0,,,121.44463348388672,79.98409271240234,65.06121063232422,57.4715690612793,41.90928268432617,32.650840759277344,55.62434005737305,63.38566207885742,176.48687744140625,,20.635746002197266,,27.750211715698242,132.83975219726562,39.48316192626953,37.05734634399414,
2017-06-30,55.53188705444336,84.4489974975586,12.21657371520996,54.59554290771485,73.67681884765625,2480.840087890625,,210.15472412109375,33.77992630004883,49.857513427734375,44.767669677734375,23.607328414916992,28.700410842895508,31.183725357055664,25.03620719909668,42.88512420654297,22.153011322021484,22.469236373901367,58.55018997192383,41.03020858764648,43.13544845581055,68.09583282470703,19.58337020874023,58.531471252441406,35.59585952758789,69.54815673828125,86.04022216796875,96.63302612304688,84.82697296142578,87.27835083007812,73.9458236694336,20.67616271972656,72.15220642089844,71.2988052368164,98.91828155517578,85.52999877929688,104.92694854736328,118.0199966430664,76.0,17.459999084472656,19.049999237060547,39.150001525878906,,,125.54264831542967,80.26030731201172,65.4287338256836,58.151763916015625,41.76070785522461,33.47101974487305,55.97545623779297,63.23899459838867,179.5408477783203,,20.08097267150879,,27.67579460144043,129.76068115234375,37.58683395385742,36.94340133666992,
2017-07-31,57.049705505371094,84.73108673095703,12.715381622314451,55.1519775390625,73.70101165771484,2875.340087890625,,214.4742889404297,35.746826171875,51.180423736572266,45.69389724731445,24.166868209838867,28.83424949645996,32.55782699584961,26.152584075927734,44.959022521972656,22.73311996459961,22.81580924987793,58.72210311889648,41.82215881347656,43.43380355834961,68.65440368652344,20.058259963989254,59.255828857421875,35.4295654296875,69.6775131225586,86.36265563964844,95.99689483642578,85.2183609008789,87.94644165039062,74.81758880615234,20.10809326171875,75.16112518310547,74.13800048828125,97.97877502441406,87.23999786376953,108.69735717773438,120.75,82.23999786376953,18.63999938964844,18.8799991607666,36.54999923706055,,,126.61283111572266,83.05034637451172,66.09735107421875,59.3057975769043,42.60565948486328,34.34471893310547,57.459171295166016,63.64234924316406,184.33921813964844,,20.790353775024414,,28.400266647338867,135.0306396484375,39.41428756713867,37.450618743896484,
2017-08-31,57.27865219116211,85.5286636352539,12.766108512878418,55.18809127807617,73.78487396240234,4703.39013671875,,215.10009765625,36.58744812011719,51.15748977661133,45.65216827392578,23.96855735778809,28.700410842895508,32.69103240966797,26.916667938232425,46.265159606933594,21.487607955932617,22.9953670501709,58.85105514526367,41.0439453125,42.95487976074219,69.85753631591797,20.71782112121582,59.10110855102539,35.27250289916992,69.81844329833984,87.6214828491211,99.26913452148438,86.10249328613281,88.54199981689453,76.30602264404297,20.074676513671875,74.70355987548828,74.0162582397461,98.70840454101562,87.43000030517578,109.24821472167967,125.81999969482422,77.04000091552734,19.799999237060547,17.690000534057617,32.29999923706055,,,125.02019500732422,84.2692642211914,66.40528869628906,59.432273864746094,42.92997741699219,33.37194061279297,57.69955062866211,64.321533203125,185.48089599609375,,22.481958389282227,,28.916004180908203,137.8306121826172,40.67238998413086,37.735382080078125,
2017-09-30,58.35553359985352,85.0398178100586,13.019739151000977,55.51961135864258,73.83814239501953,4338.7099609375,,219.4342498779297,36.57112121582031,52.365699768066406,46.48661422729492,24.683927536010746,29.30268287658691,32.41762161254883,27.13680648803711,48.66283416748047,23.675546646118164,23.845502853393555,61.31362533569336,41.382110595703125,42.64775085449219,70.49418640136719,20.14668083190918,59.03371047973633,36.85395050048828,69.6880874633789,86.35840606689453,96.96318817138672,85.49807739257812,88.49821472167969,76.16273498535156,20.199989318847656,73.73893737792969,74.09117889404297,97.65894317626952,85.37000274658203,108.36495971679688,121.58000183105467,83.44000244140625,18.950000762939453,17.639999389648438,32.900001525878906,,,132.90164184570312,86.63629913330078,68.16615295410156,61.49835205078125,43.15177917480469,35.6515007019043,58.9156494140625,63.74625396728515,189.5045623779297,,20.88129997253418,,29.270692825317383,137.42367553710938,42.84880447387695,38.02875900268555,
2017-10-31,59.610504150390625,85.12301635742188,13.535456657409668,55.56672668457031,73.88982391357422,6468.39990234375,,224.60494995117188,37.770843505859375,53.24507141113281,48.93986511230469,24.832670211791992,28.884437561035156,32.74010467529297,28.904603958129883,53.00526428222656,23.478477478027344,24.769100189208984,61.77130889892578,42.25953674316406,41.9445915222168,69.95941925048828,20.93280982971191,58.4013671875,38.27924728393555,69.62451934814453,86.19519805908203,96.92581939697266,85.69987487792969,88.668701171875,76.34795379638672,20.53414726257324,72.08680725097656,71.6612548828125,94.73048400878906,84.4800033569336,106.73141479492188,120.66999816894533,87.44000244140625,19.899999618530273,17.209999084472656,31.0,,,133.87033081054688,91.0006866455078,70.15440368652344,63.104976654052734,43.9918327331543,36.27536392211914,60.15693283081055,63.75455856323242,197.96690368652344,,20.444759368896484,,30.41755485534668,143.7539520263672,46.655250549316406,38.71265411376953,
2017-11-30,60.8145866394043,84.99678802490234,13.662271499633787,55.36235809326172,73.9301986694336,10233.599609375,447.114013671875,231.47023010253903,37.62393951416016,53.61213302612305,49.99125671386719,24.80433464050293,29.260862350463867,33.32199478149414,29.313262939453125,52.95616912841797,23.88990020751953,25.00420188903809,64.34475708007812,44.40031433105469,44.28318405151367,71.99498748779297,21.49486541748047,59.95731735229492,40.56527328491211,69.47403717041016,85.9544448852539,97.64616394042967,85.7738265991211,88.55937194824219,76.14029693603516,20.20833969116211,71.26773071289062,71.6424789428711,95.93983459472656,84.87999725341797,108.96331024169922,121.0999984741211,91.76000213623048,19.65999984741211,16.989999771118164,30.450000762939453,,,137.80767822265625,93.54508209228516,72.6816635131836,65.72972869873047,45.346221923828125,37.56834030151367,61.29825973510742,63.58513259887695,206.26441955566406,,20.43566131591797,,31.313982009887695,146.58836364746094,46.03079605102539,40.21550369262695,
2017-12-31,61.69660568237305,85.4006576538086,14.042718887329102,55.4984245300293,73.98519897460938,14156.400390625,756.7329711914062,234.27749633789065,39.039188385009766,54.33527755737305,50.33927536010742,25.849449157714844,29.762760162353516,34.3871955871582,29.47325325012207,52.20764923095703,25.148757934570312,25.53602600097656,65.70149993896484,45.49177551269531,45.28089904785156,71.59867095947266,20.19266700744629,59.868927001953125,41.06341171264648,69.45999145507812,86.11329650878906,99.41610717773438,86.576171875,89.64019012451172,77.0882797241211,20.09359359741211,73.52092742919922,73.56934356689453,96.7794189453125,85.13999938964844,109.79910278320312,123.6500015258789,96.08000183105467,21.059999465942383,16.770000457763672,30.0,,,137.25852966308594,93.65970611572266,73.58882141113281,66.85755920410156,45.454566955566406,38.54977035522461,62.275691986083984,63.736106872558594,210.60179138183594,,21.30648422241211,,31.60548973083496,147.47251892089844,45.55113983154297,39.85251235961914,
2018-01-31,65.21405029296875,84.43983459472656,14.456982612609863,55.523868560791016,74.0823745727539,10221.099609375,1118.31005859375,247.48110961914065,42.27863311767578,57.063236236572266,52.86758041381836,26.81645965576172,31.09280014038086,35.638946533203125,31.547204971313477,56.71483612060547,26.05015563964844,26.556961059570312,69.2266616821289,49.695701599121094,46.021114349365234,76.29226684570312,19.564037322998047,57.322078704833984,41.51801681518555,69.26118469238281,84.26164245605469,96.17952728271484,85.84005737304688,88.54147338867188,76.59696197509766,19.441368103027344,75.97590637207031,75.17195129394531,101.17710876464844,87.87999725341797,113.56952667236328,127.6500015258789,103.83999633789062,20.450000762939453,17.149999618530273,31.600000381469727,46.529998779296875,49.34000015258789,140.76962280273438,101.36103057861328,76.95313262939453,69.77587127685547,47.0391960144043,40.81793594360352,65.68885803222656,62.75536346435547,222.6947479248047,,21.7740535736084,,33.80201721191406,160.3867645263672,49.60282516479492,40.82506561279297,
2018-02-28,62.29569625854492,83.58809661865234,14.03426456451416,55.04227066040039,74.1439437866211,10397.900390625,855.198974609375,238.482666015625,39.78484725952149,54.30435562133789,51.29684829711914,25.019550323486328,29.210668563842773,34.31525421142578,31.418167114257812,56.84088897705078,23.227619171142575,25.15633773803711,66.55241394042969,47.971717834472656,42.51102828979492,72.8630142211914,18.805086135864254,52.921016693115234,37.61208724975586,69.1915283203125,83.47570037841797,93.25428771972656,84.95275115966797,86.5606460571289,74.92585754394531,19.809289932250977,73.2643051147461,72.06549072265625,99.66790008544922,89.94000244140625,111.50861358642578,125.0,98.95999908447266,19.959999084472656,17.610000610351562,33.349998474121094,49.7400016784668,48.57600021362305,135.35890197753906,99.88070678710938,74.71614837646484,67.47320556640625,45.04118347167969,39.275577545166016,62.77050018310547,62.11296844482422,213.66629028320312,,19.5737247467041,,32.922000885009766,158.31329345703125,49.616790771484375,39.05754470825195,
2018-03-31,61.36283493041992,84.14910125732422,14.355530738830566,54.91468811035156,74.24040222167969,6973.52978515625,396.4570007324219,231.9457244873047,40.00025177001953,53.848411560058594,50.96925735473633,25.077281951904297,28.750593185424805,33.4232063293457,30.24507713317871,55.46475982666016,23.627836227416992,24.11326789855957,64.76329040527344,46.82773971557617,42.12549591064453,70.73786926269531,19.519020080566406,54.98004913330078,37.91928482055664,69.36254119873047,84.44044494628906,95.9210205078125,85.81046295166016,87.04261016845703,75.33991241455078,19.742395401000977,72.56783294677734,71.76640319824219,98.3485870361328,90.11000061035156,112.3823471069336,125.79000091552734,104.72000122070312,19.200000762939453,17.959999084472656,31.0,49.29999923706055,47.41999816894531,137.0069122314453,96.43204498291016,73.7471923828125,65.94062042236328,44.92300033569336,38.6591682434082,61.967655181884766,62.44209289550781,206.52783203125,,20.15131187438965,,32.02754592895508,151.85594177246094,48.56428527832031,39.404884338378906,
2018-04-30,61.61102294921875,83.35723114013672,14.845884323120115,55.17799377441406,74.31755065917969,9240.5498046875,669.9240112304688,233.14442443847656,38.873477935791016,54.66758346557617,50.93565368652344,26.159759521484375,28.474552154541016,33.90520095825195,30.26356506347656,51.97452926635742,25.871097564697266,24.142915725708008,62.9587287902832,47.9419059753418,40.38060760498047,71.4852294921875,19.916893005371097,55.43172454833984,36.218074798583984,69.19965362548828,83.36253356933594,93.91808319091795,85.69782257080078,85.67952728271484,73.79485321044922,20.17721176147461,71.14730834960938,72.04305267333984,94.78044891357422,87.6500015258789,110.20745849609376,124.58999633789062,110.4000015258789,19.5,18.190000534057617,33.599998474121094,50.869998931884766,48.29999923706055,138.35145568847656,96.9145965576172,72.78423309326172,66.1978988647461,45.01816940307617,38.15886306762695,62.22854232788086,61.79523086547851,206.75830078125,,20.42635154724121,,32.112274169921875,152.62411499023438,45.2484245300293,39.16447448730469,
2018-05-31,61.90201187133789,83.90892028808594,15.243239402770996,55.205806732177734,74.42894744873047,7494.169921875,577.64501953125,238.81201171875,37.85442352294922,53.63203811645508,50.179691314697266,26.000995635986328,27.830442428588867,34.192955017089844,32.31626892089844,57.73817443847656,26.64571952819824,24.638399124145508,64.89404296875,48.89427185058594,39.748291015625,71.6156234741211,19.696720123291016,57.47152328491211,36.51555252075195,69.44342041015625,84.18460845947266,95.80059814453124,85.97989654541016,86.1262435913086,73.19699096679688,20.704011917114254,71.55381774902344,71.3630599975586,95.23020935058594,88.02999877929688,106.59847259521484,123.0999984741211,108.4000015258789,19.549999237060547,18.030000686645508,34.29999923706055,56.47999954223633,48.66999816894531,146.87887573242188,100.25582885742188,74.74581146240234,67.50834655761719,45.468013763427734,39.95992660522461,62.58201217651367,62.26253128051758,209.60775756835938,,20.48135757446289,,33.51960754394531,161.28231811523438,49.919498443603516,39.41981506347656,
2018-06-30,61.53968048095703,83.99500274658203,14.94733715057373,55.26039505004883,74.53956604003906,6404.0,455.1799926757813,240.1854248046875,36.13368225097656,52.78244400024414,49.01910781860352,25.69205093383789,27.931163787841797,33.721187591552734,32.23122024536133,55.09608840942383,26.79748153686523,24.70629119873047,62.69480514526367,50.66359329223633,41.56439971923828,72.79676818847656,20.250947952270508,59.886573791503906,36.85194396972656,69.47343444824219,84.35082244873047,96.41924285888672,86.53650665283203,85.7065658569336,72.10433959960938,20.85452461242676,70.04766082763672,70.40896606445312,94.70049285888672,86.47000122070312,106.42748260498048,118.6500015258789,120.4800033569336,18.709999084472656,16.440000534057617,31.899999618530273,52.169898986816406,44.45000076293945,147.7812042236328,100.18417358398438,74.74345397949219,66.78903198242188,46.239013671875,39.32069778442383,62.209415435791016,62.27558898925781,208.674560546875,,20.453855514526367,,33.842044830322266,163.12908935546875,47.814483642578125,39.99073791503906,45.806427001953125
2018-07-31,63.42604064941406,83.970458984375,14.5837984085083,56.18749237060547,74.64311981201172,7780.43994140625,433.8670043945313,249.08343505859375,37.409576416015625,54.28780746459961,49.54392623901367,25.93582344055176,29.7486572265625,34.35881042480469,32.90396499633789,57.34024810791016,27.2138729095459,25.41254997253418,67.32492065429688,51.57674026489258,43.20987701416016,77.56787872314453,20.574438095092773,60.24685287475586,36.91715240478515,69.43170928955078,83.9056396484375,95.03387451171876,86.07551574707031,86.85833740234375,73.95973205566406,20.887969970703125,70.4245834350586,71.1869888305664,94.62052917480467,85.58000183105469,106.46550750732422,115.98999786376952,114.23999786376952,17.899999618530273,16.959999084472656,34.70000076293945,55.43000030517578,42.63650131225586,150.21824645996094,101.94674682617188,77.5200424194336,69.06896209716797,47.761192321777344,40.46453094482422,63.99845504760742,62.31489944458008,218.78689575195312,,19.50954818725586,,34.81820297241211,167.69085693359375,49.3140754699707,41.40745162963867,44.816871643066406
2018-08-31,63.86733627319336,84.44744873046875,14.69370460510254,56.585201263427734,74.76148986816406,7037.580078125,283.0039978027344,257.03411865234375,36.00025177001953,53.07406234741211,49.28151321411133,24.79822158813477,29.80867576599121,33.70652389526367,35.07529830932617,58.83015823364258,26.268165588378903,25.216840744018555,67.48249053955078,54.20957565307617,43.3792724609375,80.92601013183594,20.839458465576172,61.79823684692383,37.28988265991211,69.67243194580078,84.75643157958984,96.28070068359376,86.63042449951172,86.87565612792969,72.24458312988281,21.063573837280273,68.2240982055664,70.97105407714844,96.51954650878906,86.08999633789062,105.62020874023438,113.51000213623048,117.68000030517578,16.719999313354492,16.200000762939453,33.349998474121094,51.41999816894531,38.37990188598633,156.6935272216797,107.92855834960938,80.41304779052734,71.55908966064453,49.22246551513672,41.40705871582031,64.54959106445312,62.78877258300781,224.14739990234375,,17.006677627563477,,36.7065315246582,177.38449096679688,50.7344970703125,42.140193939208984,45.482757568359375
2018-09-30,64.2567138671875,83.92408752441406,15.192514419555664,56.881988525390625,74.86610412597656,6625.56005859375,232.84800720214844,258.5622863769531,35.79176330566406,53.58635711669922,50.98292541503906,25.204500198364254,29.740089416503903,33.288753509521484,35.06855392456055,57.45359420776367,26.910675048828125,24.76409339904785,68.95181274414062,54.497127532958984,43.8075065612793,83.31671142578125,20.70435333251953,60.151737213134766,35.89912033081055,69.57283020019531,83.7351303100586,93.52294158935548,85.78973388671875,86.75335693359375,73.71177673339844,21.12210464477539,68.64823150634766,71.70938110351562,95.26020050048828,84.1500015258789,105.57274627685548,112.76000213623048,124.16000366210938,17.579999923706055,15.869999885559082,31.25,47.86000061035156,38.685001373291016,153.0503692626953,108.92009735107422,81.27154541015625,71.41902923583984,49.83464813232422,41.25716400146485,64.60073852539062,62.3625602722168,228.53945922851562,,16.979175567626953,,36.92081069946289,176.88491821289062,49.57487487792969,41.988548278808594,45.438934326171875
2018-10-31,59.48029327392578,83.3835678100586,14.338621139526367,55.757572174072266,74.99388122558594,6317.60986328125,197.38099670410156,240.69454956054688,32.6562385559082,49.2278938293457,46.420448303222656,23.498104095458984,28.376962661743164,30.547691345214844,32.26138687133789,50.59517288208008,23.862180709838867,22.48987579345703,61.45858383178711,48.9925537109375,44.684791564941406,77.66886901855469,21.113325119018555,58.39220428466797,31.743267059326172,69.67933654785156,83.48133087158203,90.7822265625,84.48643493652344,84.97553253173828,71.8580093383789,21.590368270874023,67.2520980834961,70.43510437011719,92.61158752441406,84.70999908447266,102.96099090576172,115.1500015258789,110.31999969482422,16.68000030517578,16.1200008392334,30.700000762939453,47.68600082397461,42.720001220703125,136.23342895507812,98.18365478515624,75.12020111083984,67.19973754882812,47.81645202636719,35.94284439086914,59.54888916015625,62.05572891235352,217.2539520263672,,17.355064392089844,,33.63065719604492,161.6803741455078,43.525299072265625,40.76438903808594,42.694053649902344
2018-11-30,60.42346954345703,84.02692413330078,12.926739692687988,55.53501892089844,75.1332778930664,4017.2685546875,113.17141723632812,245.1592559814453,34.257362365722656,49.47222137451172,46.84368515014648,23.217395782470703,28.471267700195312,31.595741271972656,31.628259658813477,52.23759460449219,23.489107131958008,23.344846725463867,63.798038482666016,50.20596694946289,45.70017623901367,83.94718170166016,21.860498428344727,61.12095260620117,33.16279602050781,69.94481658935547,84.59169006347656,92.40467834472656,84.8912124633789,84.67090606689453,71.50701141357422,21.67399024963379,69.4032974243164,69.8172836303711,93.3511962890625,84.22000122070312,102.82804107666016,115.54000091552734,85.83999633789062,17.420000076293945,16.170000076293945,30.350000381469727,48.150001525878906,39.52000045776367,138.58529663085938,99.57492065429688,75.81269073486328,66.8013687133789,49.36287307739258,36.64958953857422,60.57969665527344,62.36800384521485,221.5159149169922,,17.501754760742188,,33.924171447753906,161.25192260742188,45.05747985839844,42.67379379272461,41.73891067504883
2018-12-31,56.06685256958008,85.69166564941406,12.40950870513916,54.37501525878906,75.27059173583984,3742.700439453125,133.36825561523438,223.5733642578125,33.062156677246094,46.8255729675293,43.24091339111328,22.153657913208008,27.02241325378418,30.679454803466797,28.978923797607425,48.82013320922851,20.56725311279297,21.73691749572754,56.99778747558594,46.21147155761719,41.626216888427734,76.09504699707031,20.987281799316406,56.26066207885742,30.500308990478516,70.47630310058594,86.96388244628906,97.8135986328125,85.34225463867188,86.245361328125,72.87094116210938,21.509845733642575,67.01748657226562,68.02198028564453,94.83041381835938,87.11000061035156,103.9771957397461,121.25,77.27999877929688,16.440000534057617,16.049999237060547,29.649999618530273,44.15999984741211,37.45000076293945,121.99363708496094,92.09236145019533,69.39051818847656,59.41828155517578,46.061424255371094,32.55475616455078,56.1956787109375,63.61661529541016,202.7196807861328,,19.437660217285156,,31.07762908935547,147.2863311767578,41.42772674560547,39.77388000488281,38.40463638305664
2019-01-31,60.57596206665039,86.47220611572266,13.291621208190918,57.06357955932617,75.40228271484375,3457.792724609375,107.0610122680664,241.4738616943359,36.48180389404297,49.932403564453125,46.3033447265625,23.768951416015625,28.56557273864746,33.09160232543945,30.989397048950195,53.72983169555664,22.873218536376953,22.954565048217773,63.510799407958984,50.77145767211914,43.76572036743164,79.75424194335938,21.71700096130371,62.930179595947266,34.401939392089844,70.6532974243164,87.5313949584961,98.1838836669922,86.55796813964844,89.15028381347656,76.35630798339844,21.45913314819336,69.25189971923828,70.75283813476562,93.64105224609376,87.6500015258789,103.81574249267578,124.75,90.8000030517578,17.3700008392334,16.190000534057617,30.25,45.43830108642578,39.13999938964844,135.80563354492188,98.0370864868164,75.11278533935547,65.26431274414062,48.663368225097656,36.77054214477539,60.685516357421875,64.64177703857422,217.58348083496094,,20.912307739257812,,33.831424713134766,160.5579833984375,45.84674835205078,42.42165756225586,42.91679382324219
2019-02-28,62.07027053833008,86.37379455566406,13.668444633483888,57.756683349609375,75.54161834716797,3854.785400390625,136.74624633789062,249.3014678955078,35.92313766479492,51.19903564453125,46.3715934753418,24.58414649963379,29.637210845947266,34.20721435546875,33.13079071044922,57.167869567871094,23.40039825439453,23.686012268066406,67.55488586425781,51.43889999389648,44.54447937011719,80.61624908447266,22.60931968688965,63.36775970458984,35.98697280883789,70.7140884399414,87.0714111328125,96.8324966430664,86.4098892211914,88.96855163574219,76.6604995727539,21.670429229736328,67.6720962524414,70.62191009521484,93.18128967285156,85.55000305175781,103.10340881347656,123.98999786376952,95.5999984741211,18.40999984741211,15.649999618530272,26.850000381469727,43.83879852294922,35.241798400878906,142.83917236328125,101.36318969726562,78.38523864746094,66.50065612792969,50.52692794799805,38.19119644165039,62.39387130737305,64.58531188964844,226.17071533203125,,20.497560501098633,,35.046905517578125,165.36058044433594,49.0459098815918,44.12771224975586,42.7214241027832
2019-03-31,63.04898452758789,88.20716857910156,13.617058753967283,58.50224304199219,75.67379760742188,4105.404296875,141.51409912109375,253.81394958496097,36.32943344116211,51.669044494628906,46.678688049316406,24.916257858276367,30.323055267333984,34.59918975830078,34.71068572998047,59.132938385009766,23.898387908935547,23.98278045654297,66.77835083007812,53.31913375854492,46.247413635253906,81.00474548339844,23.24044418334961,66.03963470458984,36.245094299316406,71.1573486328125,89.38326263427734,102.22765350341795,88.11660766601562,91.57445526123048,77.81509399414062,22.00005149841309,67.68544006347656,69.62271881103516,93.3511962890625,86.11000061035156,101.64085388183594,122.01000213623048,100.0,18.31999969482422,15.229999542236328,26.450000762939453,46.70000076293945,33.91999816894531,139.84910583496094,103.50917053222656,80.37046813964844,65.86750030517578,51.89810562133789,38.39049530029297,63.05817413330078,66.00802612304688,226.5191650390625,,20.6634578704834,,36.034847259521484,171.85032653808594,50.46987533569336,45.136592864990234,43.58896255493164
2019-04-30,65.20742797851562,88.03042602539062,13.779780387878418,59.07917404174805,75.81949615478516,5350.7265625,162.16603088378906,264.1829528808594,37.18434524536133,53.18263244628906,47.275821685791016,25.482364654541016,31.034629821777344,35.22483825683594,36.91998291015625,66.00276184082031,23.894771575927734,24.825422286987305,69.43061828613281,56.23213195800781,47.566162109375,78.80635070800781,23.45619201660156,65.93324279785156,38.228946685791016,71.28787231445312,88.91981506347656,100.19223022460938,88.31140899658203,91.97403717041016,77.95281219482422,22.11837387084961,67.26461791992188,69.4963150024414,91.1223602294922,85.5199966430664,101.51734924316406,121.1999969482422,106.31999969482422,18.18000030517578,15.06999969482422,24.700000762939453,46.0099983215332,32.599998474121094,144.59933471679688,105.8436050415039,83.42008972167969,68.11918640136719,53.027854919433594,40.78240585327149,65.24716186523438,66.08290100097656,232.4799041748047,,19.253328323364258,,37.63471221923828,181.30078125,55.178436279296875,46.192420959472656,46.66451644897461
2019-05-31,61.24882888793945,89.7125244140625,12.957616806030272,57.93684005737305,75.9803466796875,8574.501953125,268.1135559082031,247.33560180664065,34.45880126953125,50.5059814453125,44.972599029541016,23.91991424560547,30.82887077331543,34.041378021240234,33.720970153808594,55.070953369140625,21.24180603027344,22.794452667236328,64.1260986328125,51.9563102722168,45.83528137207031,77.05824279785156,23.27240753173828,66.02444458007812,36.06647491455078,71.80244445800781,91.630615234375,107.04460906982422,89.85882568359375,93.4921417236328,78.33705139160156,22.24515151977539,66.28295135498047,68.86393737792969,92.64157104492188,87.94999694824219,101.08998107910156,123.33000183105467,88.80000305175781,16.469999313354492,16.709999084472656,28.200000762939453,41.029998779296875,36.72999954223633,133.24441528320312,103.51837921142578,77.92892456054688,61.57862854003906,52.17171478271485,36.01706314086914,61.351810455322266,67.4871597290039,217.65274047851562,,19.898487091064453,,35.28253936767578,166.38853454589844,46.625179290771484,45.744876861572266,43.887203216552734
2019-06-30,65.22415924072266,90.6981430053711,13.471467971801758,59.76446533203125,76.1183090209961,10817.1552734375,290.69598388671875,264.5467834472656,36.5979118347168,53.491703033447266,46.98297500610352,25.019386291503903,32.86150360107422,36.26555252075195,36.73503112792969,62.15456771850586,23.23750877380371,25.430330276489254,69.20515441894531,56.01716995239258,48.22768020629883,82.13949584960938,24.01393699645996,67.05066680908203,39.27672576904297,72.13343048095703,92.74586486816406,108.06169891357422,90.53221130371094,96.52760314941406,81.09954833984375,21.94933700561523,67.08361053466797,71.14117431640625,94.86041259765624,88.33999633789062,102.82804107666016,133.1999969482422,96.31999969482422,16.959999084472656,16.440000534057617,28.649999618530273,40.095001220703125,37.59000015258789,142.5513916015625,109.85453033447266,83.44084167480469,67.47157287597656,54.771697998046875,39.716041564941406,65.25994873046875,68.52095031738281,233.6667938232422,,23.557449340820312,,37.564109802246094,179.01747131347656,52.29728317260742,47.43928146362305,45.982357025146484
2019-07-31,65.26838684082031,90.8630599975586,13.317312240600586,59.85811233520508,76.25566101074219,10085.6279296875,218.65414428710935,268.5466003417969,35.62560272216797,52.45002746582031,46.78498840332031,24.415576934814453,32.520286560058594,35.6589469909668,38.020118713378906,65.6537094116211,22.869123458862305,25.36077880859375,69.5627212524414,56.731483459472656,49.357181549072266,80.80950927734375,23.981719970703125,68.1937484741211,39.24844741821289,72.08740234375,92.78134155273438,108.33888244628906,90.81747436523438,96.77278900146484,81.694580078125,22.5916748046875,65.38890838623047,70.65534973144531,93.09132385253906,87.4800033569336,99.9788055419922,133.2100067138672,96.31999969482422,16.700000762939453,15.859999656677246,26.549999237060547,38.915000915527344,33.83000183105469,143.5231475830078,111.8274917602539,84.59024047851562,68.55189514160156,55.68559265136719,39.86457824707031,65.25994873046875,68.57492065429688,236.20718383789062,,24.423803329467773,,38.514320373535156,183.19715881347656,55.57713317871094,47.9747200012207,47.43974304199219
2019-08-31,63.82605743408203,93.3916015625,12.700690269470217,60.27091979980469,76.38489532470703,9630.6640625,172.46978759765625,264.0502014160156,34.278018951416016,51.44090270996094,46.41484832763672,23.486637115478516,32.78276062011719,33.846824645996094,37.4364128112793,64.1343994140625,20.965185165405273,24.64351272583008,67.72130584716797,56.19574737548828,50.42854309082031,80.3307113647461,25.201950073242188,70.74842071533203,39.62539291381836,72.65097045898438,96.44768524169922,120.30935668945312,92.93446350097656,100.53343200683594,82.96259307861328,22.71000099182129,64.40898895263672,70.15222930908203,93.4111557006836,89.55000305175781,99.24746704101562,143.75,91.68000030517578,16.0,14.75,24.799999237060547,35.900001525878906,32.029998779296875,136.44598388671875,112.12387084960938,83.08507537841797,65.4521713256836,56.5728759765625,37.51578521728515,63.888065338134766,70.70303344726562,232.95791625976562,,27.520557403564453,,38.182456970214844,179.71731567382812,54.309814453125,49.10142517089844,46.27197265625
2019-09-30,65.2595443725586,92.81983947753906,12.880538940429688,60.535491943359375,76.50849914550781,8293.8681640625,179.87220764160156,269.1880798339844,34.857994079589844,53.06852340698242,48.84233856201172,24.33042335510254,32.98398208618164,34.345924377441406,38.02523422241211,66.52365112304688,21.79001808166504,25.427122116088867,69.7606430053711,56.91025161743164,51.31167221069336,80.24591827392578,26.2734432220459,72.1117935180664,41.64884948730469,72.55347442626953,95.30374908447266,117.08519744873048,91.90625762939452,99.77342987060548,82.05268096923828,22.90439224243164,64.5533447265625,70.517578125,92.57160186767578,87.94999694824219,98.35474395751952,138.8699951171875,90.72000122070312,16.1299991607666,15.18000030517578,26.5,37.060001373291016,33.43000030517578,139.2254638671875,110.84751892089844,84.62342834472656,68.62979888916016,57.12938690185547,38.507076263427734,65.33989715576172,70.19412231445312,237.97914123535156,,24.61734962463379,,38.21274185180664,181.36688232421875,56.54542922973633,50.194278717041016,46.37053298950195
2019-10-31,67.04698944091797,93.0130844116211,13.128901481628418,60.52851867675781,76.63150787353516,9199.5849609375,183.9669189453125,275.1383972167969,36.31645584106445,54.86704635620117,50.51228713989258,25.18194580078125,33.753902435302734,35.236629486083984,39.50790786743164,70.59545135498047,21.33360290527344,25.42275047302246,70.55142974853516,56.98097610473633,51.09446334838867,84.3592529296875,26.07458877563477,72.92377471923828,43.01887893676758,72.78050231933594,95.4828109741211,115.78174591064452,91.87936401367188,100.21761322021484,82.52487182617188,22.473350524902344,65.93030548095703,70.99673461914062,93.59107208251952,88.0199966430664,100.54861450195312,142.42999267578125,90.4000015258789,16.540000915527344,15.149999618530272,27.149999618530273,39.22890090942383,33.970001220703125,143.0065155029297,111.56326293945312,86.49174499511719,70.5789566040039,56.99570846557617,39.429237365722656,67.16509246826172,70.4371337890625,239.28164672851562,,25.944528579711914,,39.292354583740234,189.31088256835938,60.51353073120117,49.99861145019531,47.400569915771484
2019-11-30,68.61321258544922,92.98097229003906,13.111772537231444,60.87229537963867,76.71442413330078,7569.6298828125,152.53968811035156,285.0978698730469,36.28233337402344,55.48554229736328,51.15790557861328,25.491594314575195,34.03387451171875,35.44395446777344,41.62803268432617,73.46520233154297,21.675905227661133,26.23100471496582,73.7236099243164,57.735374450683594,51.79621887207031,88.57945251464844,25.58759498596191,71.97260284423828,43.38735580444336,72.74616241455078,94.82671356201172,115.31044006347656,92.14857482910156,100.69365692138672,81.74116516113281,22.743806838989254,64.68231201171875,70.41301727294922,92.23178100585938,86.8499984741211,99.25701141357422,137.86000061035156,92.95999908447266,16.649999618530273,14.520000457763672,28.350000381469727,38.82870101928711,38.529998779296875,148.82058715820312,115.23491668701172,90.34741973876952,73.18896484375,57.788917541503906,41.282867431640625,68.88549041748047,70.26728820800781,249.0039520263672,,24.958358764648438,,41.03746032714844,197.0146942138672,63.08616256713867,49.99623489379883,49.21718215942383
2019-12-31,70.97483825683594,92.93744659423828,13.87869930267334,62.03573989868164,76.8000259399414,7193.59912109375,129.61085510253906,293.381591796875,39.08706283569336,57.14755630493164,51.602745056152344,26.869293212890625,35.556209564208984,36.29443359375,43.42662811279297,79.29227447509766,22.982152938842773,26.981840133666992,73.57534790039062,59.33070373535156,53.045928955078125,91.65785217285156,26.42956161499023,72.52608489990234,43.095848083496094,72.85892486572266,93.9466323852539,111.6233367919922,92.46800994873048,101.22461700439452,84.14917755126953,22.388757705688477,67.10173797607422,72.0638427734375,95.13027954101562,87.43000030517578,100.95699310302734,142.89999389648438,102.4800033569336,17.540000915527344,14.800000190734863,29.25,41.10499954223633,41.7400016784668,152.9674835205078,117.18995666503906,92.9096450805664,75.5795669555664,58.81364822387695,43.61064147949219,71.2638931274414,70.1937255859375,253.45359802246094,,27.177331924438477,,42.222511291503906,204.6714324951172,68.1281509399414,50.85887145996094,50.32842254638672
2020-01-31,69.95389556884766,94.8231430053711,12.686612129211426,61.74653625488281,76.89242553710938,9350.529296875,180.16017150878903,293.26312255859375,36.68277740478515,55.534515380859375,50.30483627319336,25.718881607055664,35.64370346069336,35.14994812011719,45.16045379638672,76.75343322753906,20.455799102783203,25.31689453125,73.25022888183594,59.28339385986328,53.21437454223633,89.21026611328125,28.212799072265625,73.41710662841797,44.48787689208984,73.28079986572266,97.20267486572266,120.20845794677734,94.44319152832033,103.7007064819336,85.19225311279297,22.656009674072266,64.02436065673828,70.74903106689453,95.5400390625,87.63999938964844,99.76036834716795,149.3300018310547,86.72000122070312,15.779999732971191,14.420000076293944,28.600000381469727,40.290000915527344,33.01369857788086,148.2216339111328,121.57665252685548,92.27488708496094,72.72416687011719,60.19436264038086,41.83405685424805,70.15522766113281,71.95622253417969,251.18959045410156,,26.908157348632812,,43.17774200439453,210.89019775390625,66.27812957763672,52.38064956665039,50.591190338134766
2020-02-29,64.71473693847656,96.32581329345705,11.842577934265137,60.95027923583984,76.98326110839844,8599.5087890625,219.8485107421875,270.0467529296875,35.297698974609375,51.22211837768555,46.132362365722656,23.08710670471191,33.1414680480957,33.03342056274414,41.863311767578125,73.19459533691406,17.328479766845703,23.159929275512695,65.99835205078125,54.794097900390625,48.843017578125,83.33430480957031,25.43160629272461,68.25843048095703,40.39703750610352,73.9231948852539,100.08154296875,128.17408752441406,95.31427764892578,104.83245086669922,84.1241226196289,22.871536254882812,62.31415939331055,69.80632781982422,95.32017517089844,87.93000030517578,99.24746704101562,148.3800048828125,75.5999984741211,15.880000114440918,13.760000228881836,27.149999618530273,36.334999084472656,35.400001525878906,135.11036682128906,112.84062957763672,84.58454895019531,65.71623992919922,54.931610107421875,37.98165512084961,65.0869369506836,73.34123992919922,227.0337677001953,,24.33707618713379,,40.31443786621094,198.1156768798828,63.580162048339844,47.396793365478516,47.63509750366211
2020-03-31,56.03655242919922,95.81836700439452,9.78905200958252,54.83818435668945,77.14068603515625,6438.64453125,133.59356689453125,236.3256378173828,29.73125648498535,43.99637222290039,43.022613525390625,18.816387176513672,30.93670654296875,26.581954956054688,38.272315979003906,65.02438354492188,11.372518539428713,19.918298721313477,53.70552444458008,46.62248611450195,46.140987396240234,80.09477996826172,22.88956069946289,55.02189254760742,28.33036422729492,74.8428726196289,103.80722045898438,136.3473663330078,93.63876342773438,98.21558380126952,71.52948760986328,23.130165100097656,58.68498992919922,66.58172607421875,95.41012573242188,88.19000244140625,99.05753326416016,148.0500030517578,33.68000030517578,13.859999656677246,12.960000038146973,29.0,29.489500045776367,37.34590148925781,106.09259033203124,99.8261947631836,74.95037078857422,53.67678451538086,48.7237663269043,27.804229736328125,55.4771614074707,72.20240020751953,196.1105194091797,,21.385440826416016,,36.26475524902344,183.68128967285156,56.43540954589844,41.17694091796875,41.633460998535156
2020-04-30,61.54438018798828,97.46553802490234,9.484503746032717,57.516265869140625,77.12552642822266,8658.5537109375,207.60205078125,266.33526611328125,31.91775894165039,46.55582809448242,45.08707046508789,19.89588737487793,32.266563415527344,28.729835510253903,43.52957534790039,74.47651672363281,14.8711519241333,22.943191528320312,58.43809127807617,55.42597579956055,49.35146713256836,90.17670440673828,23.653783798217773,59.952972412109375,34.28364562988281,75.04689025878906,104.09297943115234,138.0093231201172,96.4747314453125,102.9748992919922,74.67164611816406,23.09568214416504,62.28166198730469,67.32283020019531,95.060302734375,88.30999755859375,98.33576965332033,158.8000030517578,19.1200008392334,14.949999809265137,12.020000457763672,26.799999237060547,33.7151985168457,33.496498107910156,120.78392791748048,111.50758361816406,84.15269470214844,59.62381362915039,53.28851318359375,33.17280197143555,61.228057861328125,73.94738006591797,217.69093322753906,,29.943328857421875,,41.5919303894043,211.18527221679688,64.42809295654297,43.92780685424805,47.31760025024414
2020-05-31,64.67892456054688,98.1210479736328,10.250225067138672,59.21099090576172,77.11205291748047,9461.05859375,230.9757080078125,279.0246887207031,32.867279052734375,49.08237075805664,48.266510009765625,20.274106979370117,33.517677307128906,29.113937377929688,46.65345001220703,79.80623626708984,15.16857624053955,24.521974563598633,61.58707809448242,59.033897399902344,50.17313766479492,93.14251708984376,24.65760040283203,60.992774963378906,40.08476257324219,74.98806762695312,104.433837890625,135.57769775390625,97.10296630859376,105.50829315185548,79.35459899902344,22.931882858276367,63.68778610229492,68.02587127685547,95.37013244628906,87.83000183105469,99.513427734375,162.91000366210938,25.8799991607666,15.510000228881836,12.18000030517578,26.75,33.548500061035156,30.459999084472656,128.74594116210938,118.05140686035156,88.87873840332031,61.68568420410156,55.58892822265625,36.209285736083984,64.41714477539062,74.968505859375,228.0438995361328,,31.855398178100586,,44.3698616027832,225.12539672851562,67.94506072998047,44.071617126464844,50.83724594116211
2020-06-30,66.58085632324219,98.76778411865234,10.71139907836914,58.86553955078125,77.11205291748047,9137.9931640625,226.31500244140625,283.9730224609375,35.03813934326172,50.80574798583984,48.21931838989258,20.607959747314453,34.646305084228516,31.598424911499023,49.895416259765625,86.01687622070312,15.002394676208496,25.056909561157227,62.80205535888672,60.84852981567383,50.0604362487793,90.86744689941406,23.505531311035156,62.47179412841797,41.850643157958984,75.00538635253906,104.47840881347656,136.03414916992188,98.05963897705078,107.7530517578125,81.71662902832031,22.690494537353516,65.90702056884766,68.96643829345703,96.70944213867188,87.70999908447266,100.66260528564452,167.3699951171875,28.059999465942383,17.06999969482422,12.399999618530272,25.299999237060547,36.20000076293945,31.190000534057617,133.161865234375,123.15644073486328,89.0453109741211,61.92113494873047,54.9713249206543,38.24623107910156,66.39549255371094,75.79154968261719,231.9223175048828,,34.04591751098633,,46.29732894897461,239.2782745361328,73.61559295654297,43.9017448425293,50.95882797241211
2020-07-31,70.14832305908203,100.08454132080078,11.2595853805542,61.84440612792969,77.1204833984375,11323.466796875,345.5546569824219,300.69683837890625,37.92949676513672,51.790653228759766,47.70130157470703,20.743961334228516,36.04247283935547,32.08320999145508,52.73185348510742,92.2156219482422,14.281014442443848,26.840017318725582,65.57196807861328,65.27482604980469,53.52642059326172,95.82535552978516,25.33832740783691,64.74695587158203,47.294090270996094,75.07552337646484,105.37076568603516,142.06741333007812,100.33972930908205,111.0935287475586,84.86856079101562,21.793909072875977,68.23143768310547,69.89749145507812,100.0976791381836,89.43000030517578,105.47779083251952,185.42999267578125,29.06999969482422,17.950000762939453,11.720000267028809,27.049999237060547,37.41180038452149,36.45000076293945,137.0493927001953,131.79620361328125,93.45486450195312,62.57219314575195,57.482791900634766,39.09700012207031,69.91055297851562,76.77912139892578,237.93800354003906,,39.85637283325195,,49.89836502075195,256.8569030761719,80.08103942871094,47.1685791015625,54.815635681152344
2020-08-31,74.37509155273438,99.26022338867188,11.781668663024902,61.83058547973633,77.1204833984375,11680.8203125,435.0797424316406,321.6846008300781,39.024715423583984,54.236202239990234,50.94109344482422,21.31195640563965,37.10961151123047,33.74418640136719,58.9968376159668,97.56014251708984,14.13039493560791,28.009492874145508,71.12997436523438,71.51168823242188,55.98506164550781,98.3042984008789,24.68018341064453,65.03334045410156,50.28751373291016,75.05823516845703,104.34884643554688,134.89791870117188,101.23258209228516,109.1179656982422,85.48416137695312,21.466312408447266,70.39326477050781,71.7691879272461,101.16710662841795,89.30999755859375,106.76940155029295,184.8300018310547,30.579999923706055,18.959999084472656,12.619999885559082,27.600000381469727,38.64500045776367,39.27000045776367,144.5547332763672,144.2904052734375,99.86962127685548,64.97948455810547,59.05131149291992,41.802242279052734,74.10906219482422,76.44603729248047,256.4342041015625,,39.234493255615234,,54.97309875488281,284.9692687988281,84.48930358886719,48.51033020019531,59.65312576293945
2020-09-30,72.18042755126953,99.1636199951172,11.364002227783203,61.2545280456543,77.10363006591797,10784.4912109375,359.9378662109375,309.63946533203125,38.63043212890625,53.126102447509766,51.86298370361328,20.3919620513916,36.522682189941406,32.25010299682617,55.84928894042969,97.08106994628906,12.06641960144043,28.43177032470703,70.64472198486328,70.17914581298828,55.04742431640625,96.16080474853516,24.947057723999023,63.30066680908203,51.451873779296875,75.05731964111328,104.6908950805664,135.94131469726562,100.84996795654295,108.63809204101562,83.70501708984375,21.85425567626953,68.27930450439453,70.24906158447266,99.12818145751952,89.62000274658203,104.8224639892578,177.1199951171875,28.290000915527344,18.700000762939453,13.109999656677246,28.549999237060547,38.87950134277344,33.54999923706055,139.84034729003906,138.8037872314453,96.72270965576172,63.62104797363281,58.06803131103515,39.708778381347656,71.93656921386719,76.44442749023438,250.91697692871094,,36.34782409667969,,52.41919708251953,268.50189208984375,83.92562866210938,47.65389633178711,56.131717681884766
2020-10-31,70.57279968261719,98.61003112792967,11.007245063781738,61.50161361694336,77.11205291748047,13780.9951171875,386.59033203125,301.9190368652344,39.17365646362305,51.239768981933594,51.13425064086914,19.471960067749023,34.61962890625,31.987838745117188,53.054439544677734,97.35832977294922,11.570870399475098,28.22626304626465,69.62608337402344,68.26445770263672,53.467281341552734,92.6783218383789,26.207439422607425,61.40070724487305,49.63747787475586,75.02262878417969,103.2453155517578,131.33937072753906,100.16764831542967,108.0836410522461,83.32329559326172,21.871498107910156,67.00704956054688,70.18257141113281,99.51797485351562,90.29000091552734,104.0341567993164,176.1999969482422,25.25,18.920000076293945,13.329999923706056,29.049999237060547,40.84479904174805,31.510000228881836,142.92115783691406,132.99365234375,94.2146453857422,62.93983840942383,56.181941986083984,40.40660095214844,70.46466827392578,75.92672729492188,239.76702880859375,,34.797752380371094,,50.65247344970703,260.3262634277344,84.28695678710938,46.283782958984375,55.94272994995117
2020-11-30,78.8728256225586,99.79997253417967,12.12972354888916,63.56271743774414,77.10363006591797,19625.8359375,614.842529296875,334.7608337402344,42.69587707519531,58.551387786865234,56.53390121459961,22.607954025268555,37.8210334777832,36.398590087890625,59.093997955322266,115.31106567382812,14.810067176818848,31.7154483795166,80.78535461425781,75.08755493164062,57.460594177246094,100.04442596435548,26.400691986083984,67.34114837646484,54.650882720947266,75.03913879394531,103.59468841552734,133.5247039794922,101.37692260742188,112.16007995605467,86.83944702148438,21.3973445892334,69.96282958984375,71.98771667480469,100.26759338378906,90.5,106.49398040771484,166.6699981689453,30.969999313354492,21.329999923706055,14.149999618530272,28.600000381469727,41.75559997558594,36.310001373291016,168.9959259033203,147.12828063964844,104.85285949707033,73.27889251708984,60.728607177734375,50.873897552490234,79.18016052246094,76.82366180419922,268.9090881347656,,32.189544677734375,,55.88738250732422,289.5498352050781,100.50358581542969,49.15137481689453,61.80158233642578
2020-12-31,82.56982421875,99.8855209350586,12.791027069091797,64.80721282958984,77.10615539550781,29001.720703125,737.8034057617188,347.1632385253906,45.7398567199707,61.48799133300781,59.55009841918945,23.699859619140625,39.75399017333984,38.48820495605469,62.3687744140625,121.093017578125,15.473581314086914,32.50251388549805,81.5987319946289,76.91058349609375,58.409271240234375,103.84394073486328,26.564489364624023,69.18228912353516,55.15195846557617,75.06957244873047,103.34765625,131.88555908203125,102.4896469116211,112.32901000976562,88.71129608154297,20.89732551574707,73.49254608154297,73.45085144042969,102.9162139892578,91.45999908447266,108.97281646728516,178.36000061035156,33.0099983215332,21.729999542236328,15.579999923706056,30.950000762939453,44.99509811401367,37.40999984741211,183.6081085205078,152.18515014648438,108.73855590820312,75.40413665771484,62.130130767822266,54.504581451416016,83.08499908447266,76.98045349121094,277.7606506347656,,33.607879638671875,,58.373985290527344,303.744873046875,105.96272277832031,50.153656005859375,63.868961334228516
2021-01-31,82.31498718261719,99.1418228149414,13.217395782470703,64.56222534179688,77.10615539550781,33114.359375,1314.9862060546875,343.6254577636719,47.19164276123047,61.007598876953125,59.04767227172851,23.643217086791992,39.17565155029297,38.54448318481445,61.84591293334961,125.00188446044922,16.053325653076172,31.716768264770508,78.11544799804688,77.49894714355469,55.4996337890625,105.2994384765625,26.33146858215332,69.20671081542969,57.6971321105957,75.08692169189453,102.21894073486328,127.0943832397461,102.7625961303711,110.2716293334961,87.13468170166016,21.052501678466797,72.79427337646484,73.04229736328125,102.1266098022461,90.08000183105467,108.1465301513672,172.61000061035156,35.18000030517578,21.90999984741211,16.8799991607666,31.5,46.42499923706055,35.970001220703125,192.50474548339844,154.6100616455078,105.66008758544922,77.89418029785156,60.436859130859375,54.158958435058594,82.89652252197266,76.41666412353516,272.4411315917969,,32.19899368286133,,57.914039611816406,304.5387878417969,109.93595886230469,49.24005889892578,63.30107498168945
2021-02-28,84.19901275634766,97.63673400878906,14.55740737915039,64.404296875,77.09772491455078,45137.76953125,1416.0489501953125,353.18017578125,47.563438415527344,62.37288284301758,60.13184356689453,24.573734283447266,38.46385192871094,39.81482696533203,62.69017028808594,133.14231872558594,19.65838623046875,33.02334213256836,83.49701690673828,77.08755493164062,54.81552505493164,103.08415985107422,24.725736618041992,71.57714080810547,59.36203384399414,75.04344177246094,99.80319213867188,119.80806732177734,101.0283660888672,107.77582550048828,84.4796142578125,21.13871383666992,73.32038879394531,73.38433074951172,99.93775939941406,88.5,107.4532241821289,161.80999755859375,41.310001373291016,25.100000381469727,17.219999313354492,31.450000762939453,50.432098388671875,39.38999938964844,204.4450225830078,153.70423889160156,109.03799438476562,83.27337646484375,60.2080192565918,64.15351104736328,85.11320495605469,75.00817108154297,281.73779296875,,29.04534149169922,,57.897098541259766,304.1322021484375,116.89276123046875,48.66645431518555,67.74010467529297
2021-03-31,86.60184478759766,96.51747131347656,14.452993392944336,65.18717193603516,77.08930969238281,58918.83203125,1918.362060546875,369.21429443359375,47.218204498291016,63.9404296875,60.396278381347656,25.334331512451172,39.3358039855957,40.38567733764648,63.841575622558594,135.65853881835938,20.242433547973633,35.52995300292969,91.00077056884766,80.52552032470703,59.4738655090332,107.23568725585938,27.334806442260746,75.26482391357422,67.44837951660156,75.00170135498047,97.42220306396484,113.5238265991211,100.76338958740234,106.18287658691406,83.8642349243164,21.65597343444824,72.32554626464844,74.25843811035156,96.06978607177734,85.16000366210938,104.34757232666016,159.9600067138672,40.529998779296875,24.6200008392334,17.530000686645508,30.049999237060547,45.76499938964844,35.81999969482422,207.29708862304688,151.86892700195312,114.46771240234376,89.31024932861328,63.584712982177734,66.89456939697266,87.53968048095703,73.80049133300781,301.2250061035156,,30.323598861694336,,58.92106628417969,309.3533935546875,118.15411376953125,52.08808898925781,69.51905822753906
2021-04-30,90.27889251708984,97.2239990234375,15.584171295166016,65.60279846191406,77.08930969238281,57750.17578125,2773.20703125,388.74957275390625,47.78474426269531,65.82820892333984,59.42669296264648,26.321487426757812,41.186485290527344,41.840946197509766,67.15359497070312,135.03138732910156,20.37859535217285,37.44171142578125,94.21746826171876,85.72396087646484,60.5795783996582,111.45201110839844,28.47874641418457,81.18048858642578,72.22161865234375,75.04437255859375,98.3976058959961,116.35643005371094,102.20403289794922,107.29058074951172,85.87946319580078,21.190439224243164,73.32992553710938,75.92105102539062,99.26810455322266,86.19999694824219,106.92137145996094,165.66000366210938,43.27000045776367,27.43000030517578,20.790000915527344,35.5,49.380001068115234,40.2400016784668,211.0031280517578,162.58457946777344,119.96643829345705,90.89665985107422,66.12110137939453,70.17530059814453,91.15680694580078,74.49526977539062,309.318603515625,,32.05904006958008,,62.969696044921875,327.6356201171875,117.88729095458984,54.21210479736328,74.00386047363281
2021-05-31,91.60771942138672,97.42218017578124,16.184568405151367,65.62841796875,77.08090209960938,37332.85546875,2714.9453125,391.3021240234375,48.57259750366211,68.12052917480469,60.44916534423828,27.34101104736328,43.35747528076172,43.046974182128906,66.52867126464844,138.4389190673828,21.542144775390625,39.344459533691406,97.1661148071289,82.8109359741211,61.65046691894531,113.53717803955078,27.81287384033203,81.8359375,71.85739135742188,75.08956146240234,98.81570434570312,116.3589324951172,103.2505111694336,107.95858001708984,86.70732879638672,20.880083084106445,73.31078338623047,77.21314239501953,100.75732421875,85.76000213623047,108.31748962402344,178.3800048828125,45.41999816894531,28.850000381469727,20.290000915527344,33.0,45.80009841918945,46.15999984741211,211.5754547119141,160.86627197265625,121.17898559570312,93.48548889160156,66.7000732421875,73.81201934814453,92.59647369384766,74.90811920166016,316.083740234375,,36.78018569946289,,62.09693908691406,323.70001220703125,120.8902587890625,54.82183074951172,74.70551300048828
2021-06-30,92.7627944946289,98.2287368774414,16.75015640258789,66.49775695800781,77.06402587890625,35040.8359375,2274.547607421875,400.0780334472656,49.03423309326172,67.38619232177734,59.9714469909668,26.907638549804688,44.0692024230957,42.0635986328125,71.11006927490234,145.5044708251953,22.4542236328125,37.273681640625,94.9512176513672,85.673583984375,61.31483840942383,116.1473617553711,27.198680877685547,83.994384765625,70.29444885253906,74.96080780029297,99.8261260986328,121.50094604492188,103.99876403808594,110.34603881835938,87.4522705078125,21.40596389770508,71.28286743164062,75.19898223876953,97.84884643554688,84.7300033569336,105.24034881591795,165.6300048828125,49.880001068115234,26.229999542236328,21.3700008392334,33.849998474121094,46.94070053100586,45.0099983215332,215.52980041503903,163.85760498046875,125.2563247680664,91.9942398071289,67.84479522705078,72.9301986694336,93.69097900390624,75.4600830078125,315.9126892089844,,31.704486846923828,,65.89298248291016,343.970458984375,127.22123718261719,54.77997589111328,76.91049194335938
2021-07-31,93.60617065429688,99.3255615234375,16.967689514160156,66.56744384765625,77.05560302734375,41626.1953125,2536.2099609375,409.8450012207031,45.877899169921875,67.90728759765625,59.58964538574219,26.9816951751709,45.52820587158203,41.53486251831055,73.87433624267578,146.36622619628906,20.58686065673828,38.04804229736328,95.84140014648438,86.5756607055664,62.66434097290039,121.86482238769533,28.377307891845703,87.70767974853516,72.35796356201172,75.08526611328125,101.81292724609376,126.0167465209961,106.78157043457033,111.91184997558594,87.93982696533203,21.354238510131836,69.77153015136719,74.7049331665039,99.88777923583984,85.79000091552734,105.21183013916016,169.82000732421875,50.65999984741211,27.3799991607666,20.1200008392334,34.54999923706055,49.400001525878906,50.38999938964844,207.7118377685547,165.36932373046875,129.48907470703125,91.35503387451172,70.25039672851562,70.23765563964844,94.26973724365234,76.5531005859375,320.2507629394531,,32.581539154052734,,68.1211166381836,353.8112487792969,127.65788269042969,56.78965759277344,78.26879119873047
2021-08-31,95.64128112792967,99.12655639648438,16.689245223999023,66.97268676757812,77.04717254638672,47166.6875,3433.732666015625,422.0418701171875,46.598087310791016,68.88972473144531,60.73508834838867,27.1627254486084,46.07193374633789,41.58366775512695,76.5037841796875,149.97964477539062,20.17420196533203,38.7680778503418,96.9077377319336,88.12071228027344,63.32156753540039,124.68668365478516,29.482807159423828,89.59732818603516,74.958984375,75.06085205078125,101.41133880615234,125.58804321289062,106.60633087158205,111.52693176269533,88.73018646240234,21.45768928527832,69.48457336425781,73.84038543701172,98.69841003417967,85.5,104.6419906616211,169.69000244140625,48.040000915527344,26.700000762939453,20.0,35.400001525878906,51.101200103759766,53.7599983215332,212.2879638671875,172.18138122558594,133.15615844726562,92.0555419921875,71.56836700439453,72.14850616455078,96.4037857055664,76.3553695678711,324.88739013671875,,30.416900634765625,,70.60655212402344,368.7374572753906,131.38853454589844,57.80423355102539,81.32736206054688
2021-09-30,91.59855651855467,98.21731567382812,17.559383392333984,66.72486114501953,77.05560302734375,43790.89453125,3001.678955078125,402.3723754882813,44.79319381713867,66.64295196533203,62.37778091430664,26.537349700927734,42.211456298828125,39.688323974609375,72.03598022460938,143.17877197265625,21.976070404052734,35.9811897277832,91.01593017578124,86.23423767089844,60.70058059692383,117.80591583251952,27.68634796142578,84.50687408447266,68.95569610595703,74.98511505126953,99.79174041748048,121.93718719482422,105.774658203125,109.84574127197266,86.38953399658203,21.81977081298828,68.67147064208984,73.55535125732422,96.84937286376952,84.45999908447266,102.5430908203125,164.22000122070312,52.560001373291016,25.049999237060547,20.170000076293945,35.400001525878906,58.345001220703125,53.45000076293945,206.17330932617188,166.21142578125,124.56111145019533,88.8137435913086,67.99923706054688,70.54647827148438,92.44379425048828,75.38024139404297,311.197265625,,27.496505737304688,,66.6205825805664,347.781494140625,124.32498931884766,54.86442565917969,76.22379302978516
2021-10-31,96.5396728515625,98.20877075195312,18.57744598388672,66.51748657226562,77.04717254638672,61318.95703125,4288.07421875,430.604248046875,45.2733154296875,68.76158905029297,60.73508834838867,27.71404266357422,45.15665817260742,41.69755172729492,77.92642974853516,152.41427612304688,24.24581718444824,38.714691162109375,97.20211791992188,96.66211700439452,62.82564926147461,123.83969116210938,28.999591827392575,90.53479766845705,74.54824829101562,74.73357391357422,99.3497085571289,124.9429931640625,106.9482879638672,110.42900848388672,86.5273208618164,21.768047332763672,71.42636108398438,75.30350494384766,98.478515625,82.45999908447266,102.22964477539062,166.64999389648438,57.150001525878906,26.84000015258789,21.3700008392334,37.650001525878906,63.52899932861328,56.08000183105469,214.9386444091797,180.4851531982422,134.168212890625,91.01866149902344,71.74614715576172,75.8447036743164,97.2007827758789,74.99024200439453,329.6510009765625,,29.58650016784668,,72.44537353515625,375.1310729980469,132.75177001953125,57.437461853027344,76.40457916259766
2021-11-30,94.31204986572266,98.47474670410156,16.950288772583008,65.73986053466797,77.03028869628906,57005.42578125,4631.47900390625,427.1445007324219,43.42396926879883,65.6434326171875,58.89705276489258,26.364547729492188,44.74886322021485,38.801658630371094,81.39505767822266,169.95074462890625,23.030784606933594,38.50092315673828,93.7415771484375,98.24312591552734,61.9791374206543,120.0546875,28.50549697875977,88.6251220703125,77.18115997314453,74.6908950805664,100.43470764160156,128.4057159423828,107.87345123291016,110.29804229736328,84.89840698242188,22.155990600585938,67.64796447753906,72.82376861572266,98.12869262695312,83.0999984741211,100.19723510742188,165.5,47.90999984741211,26.209999084472656,21.030000686645508,37.900001525878906,60.029998779296875,62.998199462890625,205.6266937255859,173.3577117919922,133.35501098632812,90.1543426513672,70.27513885498047,73.8470230102539,94.65886688232422,75.23626708984375,318.00469970703125,,29.670475006103516,,72.90241241455078,382.621826171875,147.91700744628906,56.66398239135742,71.71375274658203
2021-12-31,97.97877502441406,98.12150573730467,18.08146858215332,67.24144744873047,77.03028869628906,46306.4453125,3682.6328125,446.8988952636719,44.07839584350586,68.52578735351562,60.23814392089844,28.011934280395508,47.7846794128418,40.12905502319336,84.03823852539062,174.48260498046875,23.71788024902344,41.420528411865234,98.80137634277344,98.39025115966795,68.4588623046875,130.88343811035156,31.267473220825195,97.2267074584961,82.56040954589844,74.53236389160156,99.9084014892578,125.8199234008789,108.30811309814452,110.26038360595705,86.73461151123047,22.095643997192383,68.95844268798828,73.61236572265625,98.71839141845705,81.48999786376953,100.44417572021484,170.9600067138672,54.36000061035156,27.209999084472656,21.540000915527344,36.95000076293945,63.96770095825195,61.220001220703125,210.29747009277344,172.51870727539062,138.02789306640625,97.22113037109376,75.08396911621094,76.41959381103516,98.26152801513672,75.13082122802734,335.6065368652344,,30.407657623291016,,74.38826751708984,387.0309753417969,150.6064453125,62.16695785522461,74.06371307373047
2022-01-31,93.52350616455078,96.16045379638672,19.50849151611328,65.45628356933594,77.03028869628906,38483.125,2688.27880859375,423.3289184570313,44.06937789916992,66.03489685058594,57.64726638793945,28.645883560180664,44.70355224609375,38.288970947265625,78.2865219116211,154.2616729736328,28.17085075378418,38.6046142578125,94.06719970703124,89.0103530883789,67.4467544555664,121.90953826904295,30.24968147277832,89.03858184814453,71.64604187011719,74.01829528808594,97.79730224609376,120.89544677734376,106.0782241821289,106.2999038696289,83.80792999267578,22.302549362182617,67.02619934082031,73.1943130493164,96.97930145263672,81.44000244140625,99.14302825927734,168.08999633789062,62.47999954223633,26.5,22.61000061035156,36.54999923706055,72.49040222167969,63.689998626708984,190.2462158203125,156.93870544433594,128.43157958984375,95.30280303955078,70.5919189453125,71.94197845458984,93.7614288330078,73.5445327758789,324.5410461425781,,28.698829650878906,,67.93018341064453,353.1773376464844,134.3211212158203,59.29143524169922,70.50736999511719
2022-02-28,90.66139221191406,95.05876922607422,20.77019500732422,64.89398193359375,77.01349639892578,43193.234375,2919.201171875,410.83355712890625,42.16548156738281,63.77045440673828,56.621700286865234,28.307783126831055,43.44390869140625,39.18800735473633,74.46814727783203,152.55328369140625,30.162307739257812,38.115482330322266,93.27350616455078,85.3912124633789,66.49681854248047,120.729736328125,29.673080444335938,85.93766784667969,67.4207992553711,73.69841766357422,97.49991607666016,118.92120361328124,106.9859390258789,104.03414154052734,79.17326354980469,22.311168670654297,68.90106964111328,73.31779479980469,97.99877166748048,81.56999969482422,98.82958984375,178.3800048828125,67.4800033569336,27.399999618530273,24.579999923706055,44.20000076293945,69.12110137939453,63.2599983215332,192.21258544921875,152.7353515625,123.15931701660156,93.25129699707033,68.42942810058594,73.08311462402344,91.16378021240234,72.90811920166016,314.1630859375,,32.63862609863281,,65.1015853881836,337.36920166015625,130.78506469726562,57.930416107177734,65.2634048461914
2022-03-31,92.4212646484375,92.38555145263672,22.67579460144043,64.05873107910156,77.04884338378906,45538.67578125,3281.642822265625,426.2769470214844,40.73981475830078,64.10140991210938,55.42521286010742,28.4345645904541,44.4951171875,41.35578155517578,76.95909118652344,152.5579071044922,32.979034423828125,40.44772720336914,96.4787368774414,89.17120361328125,67.68135833740234,127.65740966796876,32.742835998535156,91.32071685791016,60.96105194091797,72.6653060913086,93.54051208496094,112.4466781616211,104.97933197021484,101.02366638183594,78.30500793457031,22.67325210571289,70.9767837524414,74.35338592529297,97.1692123413086,76.94000244140625,97.4334945678711,180.6499938964844,74.12000274658203,28.709999084472656,27.15999984741211,49.29999923706055,78.25669860839844,61.209999084472656,194.4375,160.02574157714844,128.0344696044922,93.51896667480467,72.24854278564453,73.62201690673828,92.88262176513672,70.44471740722656,321.8164367675781,,36.40754318237305,,67.68254852294922,353.1172180175781,131.5849609375,61.0792121887207,65.7447509765625
2022-04-30,84.96495056152344,88.86949920654297,23.954898834228516,61.38087463378906,77.04043579101562,37714.875,2730.186767578125,388.8629760742187,38.240379333496094,59.781517028808594,50.93613815307617,27.301918029785156,42.04834747314453,38.599849700927734,68.48018646240234,129.18814086914062,32.42249298095703,39.01611328125,89.13365936279297,78.50921630859375,69.2420654296875,121.41383361816406,31.335681915283203,87.58769226074219,59.11872863769531,72.30423736572266,89.58534240722656,101.8498306274414,102.68758392333984,94.2558364868164,73.08049011230469,23.76811981201172,66.99748992919922,72.37721252441406,92.15182495117188,72.16999816894531,92.8367691040039,176.91000366210938,77.16000366210938,26.450000762939453,29.979999542236328,52.099998474121094,85.7780990600586,60.20769882202149,175.18978881835938,139.73126220703125,117.43067932128906,88.14411163330078,68.3925552368164,65.17042541503906,85.3632583618164,67.6832504272461,306.02410888671875,,33.21773147583008,,59.423038482666016,305.1082458496094,112.10497283935547,59.59202575683594,56.453697204589844
2022-05-31,85.34471130371094,89.54534149169922,25.059972763061523,62.381317138671875,77.06572723388672,31792.310546875,1942.3280029296875,389.74078369140625,38.4749870300293,60.97471618652344,51.81776428222656,28.037294387817383,41.2780647277832,38.89392852783203,68.0104751586914,137.36268615722656,37.621307373046875,39.47496795654297,88.721435546875,74.48929595947266,66.41494750976562,123.22168731689452,32.685672760009766,83.48384094238281,60.19904708862305,72.73532104492188,90.1393585205078,99.55487060546876,101.66873168945312,96.0126495361328,73.67308807373047,23.457761764526367,67.99232482910156,73.46984100341797,93.32121276855467,72.72000122070312,94.35633850097656,171.13999938964844,85.47000122070312,25.969999313354492,28.219999313354492,54.849998474121094,82.70020294189453,63.33000183105469,175.5308074951172,138.89443969726562,117.23097229003906,91.58724975585938,68.42048645019531,66.0621109008789,85.78508758544922,68.25138092041016,307.2283630371094,,30.122852325439453,,58.06513977050781,300.26751708984375,119.28925323486328,59.2784309387207,57.52425765991211
2022-06-30,78.4258804321289,88.15471649169922,23.18047332763672,57.9835319519043,77.12556457519531,19784.7265625,1067.298828125,357.6025390625,36.49057388305664,55.6292839050293,47.988311767578125,25.77873992919922,38.38702774047851,35.890586853027344,61.715614318847656,112.86424255371094,31.19804000854492,34.00519561767578,82.18534088134766,66.41947937011719,64.85604095458984,120.00801849365234,31.085561752319336,77.26522827148438,52.91151428222656,72.30303192138672,89.36102294921875,98.28601837158205,98.501220703125,92.5343246459961,69.13917541503906,24.104339599609375,65.35223388671875,72.177734375,93.75098419189452,68.97000122070312,92.03900146484376,168.4600067138672,80.3499984741211,22.219999313354492,25.15999984741211,45.20000076293945,67.76000213623047,62.310001373291016,160.84527587890625,130.01904296875,106.62232971191406,81.5075454711914,65.5934829711914,56.90288162231445,78.81783294677734,67.1649398803711,287.0677795410156,,25.993181228637695,,53.40369415283203,273.5199279785156,99.36542510986328,56.74787902832031,52.00062561035156
2022-07-31,83.96964263916016,90.39218139648438,22.719303131103516,61.86774444580078,77.15339660644531,23336.896484375,1681.517333984375,390.53326416015625,36.36317825317383,58.50467300415039,51.00404357910156,26.596160888671875,40.198699951171875,37.33000183105469,70.01750183105469,131.4979248046875,34.21269989013672,36.098175048828125,89.99551391601562,78.66659545898438,66.93162536621094,123.90096282958984,32.77880096435547,83.92236328125,61.89613342285156,72.59938049316406,92.00743103027344,100.67534637451172,102.74645233154295,96.6469268798828,71.63018035888672,24.38883399963379,66.15573120117188,72.5102767944336,93.89093017578124,70.16999816894531,89.69315338134766,164.10000610351562,78.05000305175781,21.700000762939453,25.0,42.29999923706055,66.05000305175781,59.257301330566406,177.83587646484375,136.74070739746094,116.44194793701172,86.27986907958984,68.95674133300781,65.8446273803711,84.32233428955078,69.21176147460938,306.6307373046875,,24.939403533935547,,59.867313385009766,307.8514404296875,115.67029571533203,59.153404235839844,54.012821197509766
2022-08-31,80.30496215820312,87.6422119140625,22.37994956970215,59.20195770263672,77.30287170410156,20049.763671875,1553.6849365234375,374.59869384765625,35.88088607788086,54.92601776123047,48.678653717041016,24.87528419494629,37.536651611328125,35.96815490722656,65.66752624511719,119.34664916992188,35.120155334472656,34.841461181640625,87.44544982910156,75.1301498413086,65.69166564941406,116.75140380859376,32.951663970947266,78.87651824951172,57.82453155517578,72.01128387451172,88.4616470336914,96.09147644042967,99.96796417236328,92.3663101196289,69.69063568115234,25.09575653076172,64.8165512084961,70.74311065673828,91.36224365234376,67.30000305175781,88.1165771484375,159.27000427246094,73.11000061035156,21.1299991607666,26.8700008392334,42.70000076293945,77.86000061035156,65.39810180664062,174.27438354492188,134.01390075683594,110.45858001708984,83.20037078857422,66.77996063232422,62.60191345214844,80.90509796142578,66.79654693603516,295.0611572265625,,22.594514846801758,,57.06893539428711,292.0519104003906,104.6524429321289,58.051334381103516,52.10603332519531
2022-09-30,72.7605972290039,84.00941467285156,20.80499839782715,56.98759841918945,77.46270751953125,19431.7890625,1327.9786376953125,339.9685974121094,31.740434646606445,49.8607177734375,44.3730583190918,22.55209732055664,34.61579895019531,32.33945083618164,57.80899810791016,103.45384216308594,31.763120651245117,31.60017967224121,78.32406616210938,68.96469116210938,60.34906005859375,113.78746032714844,29.234392166137695,68.72407531738281,53.028900146484375,71.15267181396484,84.27300262451172,88.17826843261719,93.23779296875,86.84294891357422,65.10844421386719,25.992338180541992,60.5502815246582,67.36760711669922,90.4127426147461,64.61000061035156,85.89417266845703,154.6699981689453,65.27999877929688,20.450000762939453,27.040000915527344,45.75,58.60499954223633,61.31999969482422,157.43869018554688,126.033447265625,99.6808624267578,74.37830352783203,62.055545806884766,55.78011703491211,73.19570922851562,63.91562271118164,269.27447509765625,,22.89830780029297,,51.515193939208984,261.28271484375,90.28876495361328,53.2157096862793,45.98443603515625
2022-10-31,77.37882995605469,82.93534851074219,21.857866287231445,58.905635833740234,77.58551025390625,20495.7734375,1572.7144775390625,367.5998229980469,31.112533569335938,52.79841232299805,45.40858840942383,24.1267032623291,36.150169372558594,32.692840576171875,62.23301315307617,105.96935272216795,39.69287109375,34.420555114746094,89.20661163330078,69.72962188720703,65.78435516357422,124.72366333007812,29.8011417388916,71.13290405273438,56.56804656982422,71.06317901611328,83.04765319824219,82.91896057128906,94.5621109008789,86.19573974609375,65.00213623046875,25.88888931274414,60.559852600097656,68.32433319091797,89.08342742919922,62.810001373291016,86.65399169921875,151.91000366210938,71.52999877929688,20.350000381469727,27.40999984741211,44.900001525878906,49.712100982666016,49.56019973754883,175.0135498046875,141.84771728515625,107.9476318359375,84.1185302734375,66.83411407470703,60.630130767822266,77.86323547363281,63.46063995361328,307.0615539550781,,22.936279296875,,54.497406005859375,271.7336120605469,92.28845977783203,56.92502212524414,46.29169464111328
2022-11-30,83.82940673828125,86.09392547607422,22.17981719970703,60.92689895629883,77.83003234863281,17168.56640625,1295.6885986328125,388.03521728515625,35.96278762817383,59.75096893310547,50.68611145019531,27.1296329498291,39.644100189208984,37.96782684326172,66.17032623291016,125.94734191894533,40.20005798339844,38.44898986816406,96.17486572265624,70.76565551757812,69.80885314941406,130.61459350585938,31.876245498657227,75.50475311279297,60.38836669921875,71.55621337890625,86.04753875732422,88.84852600097656,96.2953643798828,91.92576599121094,71.55224609375,24.664705276489254,64.30669403076172,69.24104309082031,94.2307357788086,67.55000305175781,91.19373321533205,164.80999755859375,70.2300033569336,22.81999969482422,26.420000076293945,40.20000076293945,60.20500183105469,48.73099899291992,178.87030029296875,146.76683044433594,116.27196502685548,88.9432144165039,70.65505981445312,66.36461639404297,84.31239318847656,65.79381561279297,325.28594970703125,,27.578596115112305,,56.95319747924805,286.7989196777344,111.07098388671875,60.16118240356445,49.460384368896484
2022-12-31,79.96483612060547,85.34449005126953,21.578407287597656,59.8564567565918,78.11224365234375,16547.49609375,1196.771240234375,365.6734313964844,35.01426315307617,58.66773986816406,49.561988830566406,26.780376434326172,38.75675201416016,37.48458480834961,60.73756408691406,113.26346588134766,38.97438430786133,36.32708358764648,93.29940032958984,62.70194625854492,67.90476989746094,128.16204833984375,31.718645095825195,71.70357513427734,58.67363739013672,71.64043426513672,84.76709747314453,86.52066040039062,95.0268096923828,90.4998550415039,70.58014678955078,24.1860408782959,64.50480651855469,68.87317657470703,96.45957946777344,71.0999984741211,93.84866333007812,169.63999938964844,70.11000061035156,23.09000015258789,26.93000030517578,39.900001525878906,59.225799560546875,47.83639907836914,167.2184600830078,141.0032501220703,109.73409271240234,83.44473266601562,68.00393676757812,60.68824005126953,80.57115173339844,65.20813751220703,312.06256103515625,,27.668851852416992,,52.58771514892578,260.9478759765625,100.1054916381836,59.13286209106445,46.19389343261719
2023-01-31,85.96597290039062,88.18666076660156,21.770994186401367,62.05138397216797,78.33428192138672,23139.283203125,1586.535400390625,388.6696472167969,38.2108154296875,63.94998550415039,53.41297149658203,28.448694229125977,41.82549285888672,41.102508544921875,66.3603286743164,131.3931884765625,40.07049179077149,39.58659744262695,96.75739288330078,72.18782043457031,67.1669692993164,125.81293487548828,31.084274291992188,79.1625747680664,67.55445861816406,72.19645690917969,87.80268859863281,93.13396453857422,96.9998016357422,95.16949462890624,73.35029602050781,23.92513656616211,66.92422485351562,70.20611572265625,97.3690948486328,71.66000366210938,95.32884979248048,179.41000366210938,69.31999969482422,25.63999938964844,26.579999923706055,38.599998474121094,61.45000076293945,52.150001525878906,183.63722229003903,140.2303009033203,117.58186340332033,89.43251037597656,69.04144287109375,70.4930191040039,86.73152923583984,67.41919708251953,321.2821960449219,,30.91265296936035,,56.96675109863281,288.7203369140625,116.95579528808594,59.16958236694336,53.01853942871094
2023-02-28,83.1114273071289,85.83589172363281,20.79930877685547,60.881614685058594,78.60515594482422,23147.353515625,1605.8951416015625,378.8974914550781,35.31913375854492,61.9836540222168,50.92758560180664,28.19538688659668,40.08777618408203,38.03646469116211,66.6336669921875,133.39491271972656,37.29010772705078,38.267822265625,95.92139434814452,70.65377044677734,65.6093978881836,119.97323608398438,29.244142532348633,74.520263671875,65.6771240234375,71.61463165283203,84.93089294433594,88.61646270751953,95.68743896484376,91.20181274414062,71.37581634521484,24.716552734375,63.781150817871094,68.58163452148438,94.6005401611328,68.45999908447266,92.80994415283205,169.77999877929688,67.20999908447266,24.84000015258789,25.059999465942383,35.75,59.652000427246094,53.2599983215332,180.472412109375,134.568115234375,114.3464584350586,85.81602478027344,66.62688446044922,68.85723876953125,83.97384643554688,65.40977478027344,308.3444519042969,,26.558624267578125,,56.289283752441406,287.6815490722656,118.09033203125,57.19075012207031,51.497676849365234
2023-03-31,85.88119506835938,88.10301208496094,20.781801223754883,62.08971405029297,78.91886901855469,28478.484375,1822.0220947265625,392.9461059570313,36.45548629760742,63.92316436767578,53.431175231933594,28.177919387817383,41.89019775390625,38.360591888427734,73.86875915527344,145.09962463378906,37.29209899902344,37.884742736816406,96.5152587890625,72.81714630126953,68.37764739990234,122.61002349853516,30.67887306213379,72.91401672363281,66.09481048583984,72.79483032226562,88.09121704101562,92.90491485595705,98.4282455444336,94.71168518066406,72.5693130493164,24.246919631958008,63.46867370605469,69.32524871826172,97.33911895751952,70.12999725341797,95.30116271972656,183.22000122070312,66.44000244140625,24.940000534057617,25.229999542236328,35.29999923706055,58.93619918823242,49.287498474121094,171.72430419921875,135.15066528320312,119.83574676513672,85.52832794189453,68.92306518554688,68.24486541748047,86.36724090576172,67.63336181640625,314.8927001953125,,31.231237411499023,,60.10641860961914,314.9904479980469,129.82537841796875,58.07731628417969,55.952945709228516
2023-04-30,87.2283706665039,88.6100845336914,20.624229431152344,62.215206146240234,79.20536804199219,29268.806640625,1876.92431640625,399.2234497070313,36.150611877441406,65.80009460449219,53.56773376464844,29.636598587036133,44.45056915283203,38.65843200683594,73.78070068359375,134.48480224609375,38.32761001586914,37.83306884765625,95.38965606689452,71.99906158447266,70.87626647949219,126.46465301513672,31.263532638549805,73.14230346679688,69.17716217041016,72.97239685058594,88.80895233154297,93.21923828125,98.47920989990234,95.28374481201172,72.76528930664062,24.133861541748047,62.832786560058594,69.27730560302734,99.617919921875,68.3499984741211,96.93692779541016,184.8000030517578,67.5,23.850000381469727,23.3799991607666,31.899999618530273,57.73500061035156,54.38970184326172,168.64405822753906,138.3874969482422,121.88337707519533,84.59537506103516,69.94639587402344,65.58179473876953,87.5958251953125,68.1528549194336,323.0303039550781,,32.41870880126953,,60.72142791748047,316.5902099609375,121.96255493164062,59.62191390991211,57.8157958984375
2023-05-31,86.3145523071289,87.59611511230469,19.30238914489746,61.44906997680664,79.50250244140625,27219.658203125,1874.1304931640625,401.06634521484375,35.28218460083008,63.163448333740234,54.02293014526367,27.86347007751465,42.76830291748047,36.19684219360352,80.35997009277344,155.55126953125,34.48269271850586,35.235721588134766,92.38489532470705,73.82508850097656,66.51055908203125,121.06625366210938,29.427959442138672,70.24472045898438,67.19705200195312,72.6973648071289,87.53158569335938,90.4084243774414,97.30133819580078,93.5982666015625,71.9002456665039,24.88179397583008,61.86614227294922,69.24466705322266,97.6989288330078,66.80999755859375,94.09526824951172,182.32000732421875,60.630001068115234,22.6200008392334,23.100000381469727,30.299999237060547,60.11000061035156,52.38999938964844,167.26756286621094,131.70970153808594,122.76232147216795,81.49163055419922,67.6912841796875,67.17183685302734,86.53604888916016,67.30535125732422,312.803466796875,,29.841041564941406,,63.56770324707031,341.549560546875,142.38912963867188,56.50513458251953,60.074378967285156
2023-06-30,91.30724334716795,87.27354431152344,19.87139320373535,62.542930603027344,79.86871337890625,30477.251953125,1933.18896484375,427.0553283691406,36.83419418334961,65.98689270019531,56.74148941040039,28.80511474609375,43.657615661621094,37.719181060791016,85.22430419921875,165.74716186523438,36.866600036621094,39.1136474609375,102.78156280517578,82.85375213623047,68.36500549316406,126.22444152832033,29.89767265319824,74.19910430908203,78.51043701171875,72.33782196044922,86.43283081054688,90.6046905517578,96.97067260742188,94.35651397705078,73.69971466064453,24.681764602661133,63.39752197265625,71.08159637451172,99.40803527832033,64.54000091552734,96.22478485107422,178.27000427246094,63.54999923706055,23.200000762939453,22.190000534057617,32.20000076293945,61.0,54.0,180.7615966796875,140.76646423339844,130.6548309326172,87.17803192138672,70.70427703857422,74.64990997314453,91.56204223632812,66.79302978515625,327.1429443359375,,29.068708419799805,,67.79591369628906,363.08038330078125,150.20260620117188,58.79529571533203,62.917564392089844
2023-07-31,94.59063720703124,87.26016235351562,21.60466957092285,63.24069595336914,80.17704010009766,29230.111328125,1856.162353515625,441.03424072265625,39.05951690673828,67.77081298828125,58.13481521606445,29.651012420654297,45.07476806640625,39.23723220825195,87.42524719238281,174.90921020507812,39.73255157470703,40.45880889892578,105.75045776367188,84.77128601074219,69.82133483886719,127.57484436035156,30.64236640930176,75.70867156982422,82.62659454345703,72.55786895751953,85.86959075927734,88.29948425292969,97.01048278808594,94.4072723388672,74.97032165527344,24.542613983154297,63.986053466796875,71.52372741699219,101.98668670654295,65.29000091552734,97.1137466430664,182.3500061035156,73.16999816894531,24.81999969482422,23.09000015258789,33.54999923706055,,,191.8040008544922,143.20606994628906,135.59544372558594,90.43128204345705,71.6840591430664,78.77377319335938,94.97034454345705,66.75030517578125,338.5509338378906,,30.323747634887695,,70.12657928466797,377.0955810546875,158.46006774902344,59.344390869140625,66.50430297851562
2023-08-31,91.84019470214844,86.70927429199219,21.525882720947266,63.356842041015625,80.57527160644531,25931.47265625,1645.63916015625,433.8665771484375,36.471065521240234,65.10401916503906,56.503150939941406,28.493467330932617,43.5820426940918,36.77263259887695,86.10664367675781,166.86134338378906,40.3865852355957,39.123085021972656,103.653076171875,83.29287719726562,67.06536865234375,126.6809310913086,28.76462745666504,73.15131378173828,81.21869659423828,72.8556137084961,85.241943359375,85.5250473022461,96.22216796875,93.24696350097656,73.58649444580078,25.12530517578125,61.812355041503906,69.94493103027344,100.6673812866211,63.91999816894531,95.97262573242188,180.02000427246094,75.05999755859375,23.540000915527344,22.06999969482422,29.950000762939453,,,182.05502319335935,143.6451873779297,135.0045166015625,87.80078887939453,71.22745513916016,74.298095703125,92.2701416015625,66.39598083496094,331.6525573730469,,28.24810218811035,,69.45398712158203,371.5032653808594,154.11924743652344,57.563446044921875,65.47953796386719
2023-09-30,87.90963745117188,84.4638671875,21.84977912902832,62.334571838378906,80.89684295654297,26967.916015625,1671.161865234375,413.2863159179687,35.33512878417969,62.7285041809082,55.26566696166992,28.172914505004883,41.16343688964844,35.52246856689453,80.52836608886719,155.3162384033203,41.35719680786133,37.25338363647461,97.48826599121094,78.68511962890625,63.854339599609375,122.93220520019533,27.1416015625,67.8377685546875,75.04427337646484,72.79805755615234,82.56636047363281,78.72480773925781,94.37775421142578,89.92990112304688,71.13740539550781,25.855846405029297,61.3883171081543,69.78730010986328,97.14920806884766,62.189998626708984,93.6958999633789,171.4499969482422,80.86000061035156,23.020000457763672,22.020000457763672,27.850000381469727,,,171.3982391357422,136.72329711914062,128.1624298095703,84.95283508300781,69.21046447753906,68.66716003417969,88.34424591064453,64.71957397460938,320.2347106933594,,25.979372024536133,,65.65743255615234,352.6313781738281,143.03038024902344,55.38622283935547,63.54943084716797
2023-10-31,85.67310333251953,83.13719940185547,21.45585250854492,61.68429183959961,81.24545288085938,34667.78125,1816.458984375,404.314453125,34.1712532043457,60.908164978027344,54.0464973449707,27.1578369140625,39.60456848144531,34.334815979003906,80.56765747070312,145.06565856933594,38.97798156738281,36.07246398925781,94.58421325683594,74.34468078613281,62.972755432128906,118.9216766357422,27.49163818359375,65.38105773925781,70.19291687011719,73.04054260253906,80.97471618652344,74.42393493652344,93.6950912475586,87.7608642578125,70.2915267944336,26.11675071716309,60.643558502197266,68.48124694824219,97.79088592529295,61.279998779296875,93.96871948242188,184.08999633789065,75.0199966430664,22.700000762939453,22.239999771118164,28.299999237060547,,,159.5475616455078,134.5016632080078,126.26607513427734,81.89070129394531,68.6080551147461,62.92694091796875,85.76539611816406,63.746612548828125,316.1379699707031,,27.041332244873047,,64.69969940185547,345.347900390625,137.0814666748047,55.13744354248047,62.725624084472656
2023-11-30,93.28679656982422,86.95564270019531,20.930618286132812,64.69921875,81.62586212158203,37712.74609375,2052.55615234375,441.24603271484375,36.83419418334961,65.91407775878906,57.39231872558594,28.840730667114254,42.9112548828125,36.442230224609375,90.9573211669922,168.4327392578125,38.69887924194336,39.084041595458984,102.9406280517578,82.49767303466797,65.57111358642578,125.38624572753906,28.905603408813477,73.28020477294922,81.29713439941406,73.80889892578125,84.6626968383789,81.8096923828125,96.29681396484376,94.40826416015624,74.67627716064453,25.473182678222656,63.240577697753906,70.06666564941406,101.58831787109376,62.619998931884766,96.8604965209961,188.75,70.13999938964844,23.799999237060547,21.950000762939453,28.75,,,174.23001098632812,146.9114532470703,137.18701171875,88.63299560546875,73.00662231445312,71.70380401611328,93.49243927001952,66.72307586669922,345.0738525390625,,30.236862182617188,,71.79637908935547,382.71044921875,158.3219451904297,58.08799362182617,67.6200180053711
2023-12-31,97.77652740478516,90.17092895507812,20.24173164367676,66.76475524902344,81.97481536865234,42265.1875,2281.47119140625,461.3913269042969,38.147457122802734,69.44112396240234,59.61973190307617,30.10081672668457,45.60383605957031,39.643096923828125,94.76177215576172,189.2834014892578,38.72874450683594,40.851951599121094,110.21392822265624,87.55654907226562,67.34915161132812,130.81063842773438,29.44290351867676,80.2017822265625,93.94035339355467,74.62334442138672,87.85639190673828,88.91548919677734,98.64241790771484,99.01091766357422,78.07281494140625,25.064239501953125,65.27960205078125,71.86821746826172,105.74600219726562,65.80999755859375,98.4162139892578,191.1699981689453,66.6500015258789,24.13999938964844,21.56999969482422,29.850000381469727,,,195.357421875,153.89857482910156,143.61976623535156,95.3474578857422,75.02677154541016,80.88360595703125,98.31433868408205,69.16875457763672,362.0522766113281,,30.429168701171875,,74.98400115966797,404.09228515625,173.55831909179688,59.44364929199219,70.5938949584961
2024-01-31,98.0455551147461,90.03468322753906,20.50806999206543,66.8424301147461,82.32464599609375,42582.60546875,2282.54443359375,468.7396545410156,36.42081069946289,69.12779998779297,61.54384231567383,29.53614044189453,44.88581466674805,37.90796661376953,97.3218231201172,192.55255126953125,38.53011703491211,39.261619567871094,109.15038299560548,83.693115234375,68.18132781982422,134.64727783203125,28.568866729736328,76.14448547363281,92.1137924194336,74.8598403930664,87.92018127441406,86.91921997070312,98.97277069091795,98.57254028320312,77.12606048583984,25.7489013671875,62.974586486816406,70.97144317626953,103.09659576416016,63.029998779296875,96.52400207519533,188.4499969482422,70.91999816894531,24.190000534057617,20.530000686645508,28.399999618530273,,,187.73622131347656,162.49156188964844,146.8993377685547,94.53687286376952,76.6517333984375,78.90078735351562,98.31433868408205,69.19595336914062,366.5836181640625,37.2400016784668,27.416671752929688,24.299999237060547,76.81177520751953,411.443603515625,184.47579956054688,60.002838134765625,73.72234344482422
2024-02-29,102.4650421142578,88.70703125,20.195810317993164,67.04529571533203,82.69044494628906,61198.3828125,3341.919677734375,493.20172119140625,37.93873977661133,71.19213104248047,64.2487564086914,29.82758522033691,44.233924865722656,38.528961181640625,101.90040588378906,214.2506561279297,39.791202545166016,41.816650390625,116.9917221069336,90.29866027832033,69.61188507080078,138.9059295654297,28.87105941772461,77.65123748779297,101.21714782714844,74.56970977783203,86.08912658691406,84.96163177490234,97.93580627441406,96.6680908203125,77.7308120727539,25.98945999145508,62.44626235961914,70.48114013671875,100.596923828125,61.779998779296875,96.69636535644533,189.30999755859375,73.36000061035156,23.88999938964844,19.559999465942383,26.950000762939453,,,198.29689025878903,178.73583984375,156.4453582763672,96.9215087890625,78.25747680664062,82.77809143066406,102.72932434082033,68.08421325683594,375.4227600097656,54.33000183105469,25.86626434326172,35.41999816894531,81.90191650390625,433.1816101074219,210.3601837158203,60.9662971496582,77.10337829589844
2024-03-31,105.8084945678711,89.50763702392578,21.095849990844727,67.7759780883789,83.02960205078125,71333.6484375,3647.8564453125,509.330322265625,38.97283172607422,73.59746551513672,66.32159423828125,31.157306671142575,44.97084426879883,39.09516525268555,102.70481872558594,222.91232299804688,43.96385955810547,44.521507263183594,122.16381072998048,90.24018096923828,71.92341613769531,142.20877075195312,30.773662567138672,79.16622161865234,109.75927734375,74.82588958740234,86.7203369140625,85.62675476074219,98.56900024414062,98.15774536132812,79.28343963623047,26.24852180480957,62.66851806640625,70.81092071533203,98.66600036621094,61.22999954223633,96.73031616210938,205.72000122070312,78.7300033569336,25.1200008392334,20.18000030517578,27.049999237060547,,,205.21142578125,183.93731689453125,160.78355407714844,102.75210571289062,80.71281433105469,86.40062713623047,106.00546264648438,68.67716979980469,383.85986328125,62.060001373291016,31.02774429321289,40.470001220703125,83.4730224609375,438.7045593261719,223.30238342285156,62.84889602661133,79.55270385742188
2024-04-30,102.05191802978516,87.2894058227539,21.43566131591797,66.86014556884766,83.38843536376953,60636.85546875,3012.286865234375,488.7943420410156,38.8874397277832,71.21055603027344,62.52913284301758,31.603580474853516,42.85456848144531,38.06321334838867,96.78721618652344,211.14111328125,43.54941177368164,42.47970962524414,117.85760498046876,86.18184661865234,71.11338806152344,135.08534240722656,31.284605026245117,72.87723541259766,100.92659759521484,74.49542999267578,84.00617218017578,80.09915924072266,96.90238189697266,94.97442626953124,77.3711166381836,26.81290626525879,62.39154815673828,69.7587661743164,96.77999877929688,58.70000076293945,95.8817138671875,211.8699951171875,78.37999725341797,28.309999465942383,19.950000762939453,28.450000762939453,,,191.1598663330078,173.88385009765625,153.55392456054688,95.76978302001952,77.6902084350586,80.72856903076172,102.20652770996094,66.94482421875,365.1072082519531,51.68000030517578,32.50946044921875,33.56999969482422,79.95381164550781,419.5165710449219,212.484130859375,60.88447952270508,75.85076141357422
2024-05-31,106.72120666503906,88.74674224853516,21.371374130249023,67.95260620117188,83.7697982788086,67491.4140625,3760.026611328125,513.5173950195312,39.64640808105469,74.81395721435547,64.10933685302734,33.079017639160156,46.444679260253906,40.05405044555664,103.63684844970705,230.8945770263672,43.400394439697266,43.869667053222656,119.7876434326172,86.3536148071289,72.84648132324219,138.32940673828125,34.0877571105957,76.20024108886719,103.5724639892578,75.03142547607422,85.5184097290039,82.41162109375,98.62438201904295,97.076904296875,79.38674926757812,26.52608871459961,64.1343002319336,70.61356353759766,98.52999877929688,58.84000015258789,97.67273712158205,215.3000030517578,74.81999969482422,28.420000076293945,19.899999618530273,31.600000381469727,,,200.79100036621097,183.2009735107422,162.14340209960938,98.76763153076172,79.9595947265625,81.91024017333984,106.9072265625,68.18946838378906,374.7410583496094,59.11000061035156,34.63881301879883,38.54999923706055,84.77073669433594,445.32452392578125,238.67617797851562,62.46030807495117,81.11140441894531
2024-06-30,108.89598083496094,89.53260803222656,21.334636688232425,68.27835845947266,84.1042709350586,62678.29296875,3432.88916015625,531.6343994140625,40.68436050415039,73.44729614257812,63.89984130859375,32.381526947021484,46.49455261230469,39.90530776977539,111.7572021484375,243.6568298339844,42.78663635253906,42.52797317504883,118.60311126708984,89.70155334472656,72.67521667480469,140.85252380371094,32.198394775390625,77.62945556640625,99.56394958496094,75.43980407714844,86.5591812133789,83.90914154052734,99.3754425048828,97.65579223632812,79.20148468017578,26.951688766479492,64.39348602294922,70.42254638671875,98.98999786376952,57.529998779296875,96.5690460205078,215.0099945068359,79.58999633789062,27.209999084472656,18.309999465942383,26.549999237060547,,,198.53335571289065,191.5184631347656,167.39651489257812,98.7136688232422,81.3739013671875,83.3355941772461,108.6028060913086,68.85882568359375,379.06732177734375,52.459999084472656,33.29447555541992,34.13999938964844,90.37903594970703,474.13751220703125,258.7445068359375,62.286808013916016,83.67012786865234
2024-07-31,110.5720443725586,91.69855499267578,20.737672805786133,69.88442993164062,84.48343658447266,64619.25,3231.295654296875,538.072021484375,41.02825546264648,75.35075378417969,66.45621490478516,33.66267395019531,48.625919342041016,40.67557907104492,108.08680725097656,232.54244995117188,43.75361633300781,44.37240982055664,124.43254089355467,92.20474243164062,73.88046264648438,144.60215759277344,34.39567184448242,83.79271697998047,116.41732025146484,76.32974243164062,89.06697082519531,86.95499420166016,101.0920639038086,100.23204803466795,81.31502532958984,26.609357833862305,63.197418212890625,69.9668960571289,101.26000213623048,61.68000030517578,97.7803192138672,226.5500030517578,77.73999786376953,26.219999313354492,17.65999984741211,24.700000762939453,,,219.05308532714844,187.68556213378903,168.3964080810547,102.65419006347656,84.3590316772461,85.79273223876953,110.75306701660156,70.66111755371094,396.0807800292969,57.060001373291016,37.21955108642578,37.18000030517578,88.81201934814453,466.1809997558594,245.13735961914062,64.99473571777344,83.79711151123047
2024-08-31,113.33321380615234,93.03865814208984,20.306018829345703,70.96580505371094,84.87348175048828,58969.8984375,2513.393798828125,550.644287109375,41.42945861816406,77.80742645263672,67.39260864257812,34.841705322265625,50.96944808959961,42.31818771362305,108.84260559082033,228.3535614013672,42.84765625,45.40298843383789,127.93605041503906,92.02278137207033,78.30284881591797,151.9177703857422,36.049537658691406,88.16724395751953,115.62930297851562,77.01058197021484,90.265625,88.79081726074219,101.89981842041016,102.10689544677734,83.15786743164062,26.1560001373291,65.5467529296875,71.77104187011719,104.5999984741211,63.279998779296875,100.08284759521484,231.2899932861328,74.33999633789062,26.309999465942383,17.700000762939453,24.850000381469727,,,215.354248046875,193.9754638671875,174.2782440185547,103.07401275634766,88.50719451904297,84.6282958984375,113.33724975585938,71.7177734375,403.8917236328125,51.22999954223633,37.89662551879883,33.369998931884766,90.61458587646484,471.3270568847656,241.6338348388672,68.39134216308594,85.29155731201172
2024-09-30,115.82308959960938,94.27870178222656,20.452964782714844,72.1701431274414,85.23185729980469,63329.5,2603.062744140625,562.2103881835938,43.808048248291016,78.41690826416016,66.9899673461914,34.73030471801758,50.24613952636719,45.325008392333984,111.72535705566406,228.36485290527344,41.554473876953125,46.621456146240234,132.23733520507812,98.74225616455078,79.18643951416016,149.39979553222656,38.42987060546875,91.05003356933594,122.81836700439452,77.60602569580078,91.5135498046875,90.56610107421876,103.42587280273438,104.11116790771484,84.8331527709961,26.072729110717773,67.00223541259766,71.64237976074219,105.04000091552734,64.30000305175781,100.9315414428711,243.05999755859375,69.91999816894531,28.350000381469727,18.489999771118164,26.200000762939453,,,216.8844451904297,199.7056121826172,176.30287170410156,104.85379791259766,88.89401245117188,88.19413757324219,115.82672119140624,72.74156951904297,411.8167724609375,55.529998779296875,39.074153900146484,36.130001068115234,93.21295166015625,483.6833190917969,243.60890197753906,69.1021957397461,88.56800842285156
2024-10-31,113.4010238647461,91.9040756225586,20.746854782104492,71.47471618652344,85.56834411621094,70215.1875,2515.79931640625,557.193603515625,42.46113967895508,74.28180694580078,63.74065780639648,33.003536224365234,47.593990325927734,42.69868087768555,109.9833526611328,216.15383911132812,41.928367614746094,45.17511749267578,130.66539001464844,97.02731323242188,76.43876647949219,142.46426391601562,38.01598358154297,87.99384307861328,112.61310577392578,77.12191009521484,88.41365051269531,85.6258316040039,101.51570892333984,100.8010482788086,82.76226043701172,27.016454696655273,63.87506103515625,69.70477294921875,102.91000366210938,60.790000915527344,98.78214263916016,253.5099945068359,73.08000183105469,27.36000061035156,17.889999389648438,25.700000762939453,,,213.81117248535156,199.36090087890625,173.47097778320312,103.4883041381836,87.60893249511719,85.6042709350586,113.3011703491211,70.66173553466797,406.6525573730469,61.06999969482422,39.58441162109375,39.779998779296875,92.86032104492188,479.5012512207031,239.86717224121094,68.47518920898438,90.17477416992188
2024-11-30,117.973876953125,92.92512512207033,20.33357048034668,72.65016174316406,85.88555908203125,96449.0546875,3705.705322265625,590.4208984375,41.32438278198242,74.0473861694336,65.25762176513672,33.235626220703125,46.47526931762695,44.18353271484375,115.66958618164062,213.32144165039065,45.21296691894531,45.84749603271485,140.58511352539062,109.5493392944336,79.3963394165039,142.98805236816406,39.45270156860352,91.7416534423828,121.1717300415039,77.35022735595703,89.3162841796875,87.32742309570312,102.0213394165039,102.60629272460938,84.27304077148438,27.617849349975582,63.35140228271485,69.32464599609375,100.8499984741211,61.70000076293945,96.08497619628906,245.58999633789065,71.61000061035156,25.799999237060547,17.8700008392334,23.950000762939453,,,237.4839630126953,213.25833129882812,182.19271850585935,110.1714859008789,92.04828643798828,92.0196533203125,117.9942398071289,71.43419647216797,438.4838562011719,84.91000366210938,36.954612731933594,55.209999084472656,98.9242172241211,505.1585388183594,240.31381225585938,72.3100814819336,96.40589141845703
2024-12-31,114.83787536621094,91.3515167236328,20.683862686157227,72.08329772949219,86.2317886352539,93429.203125,3332.53173828125,576.2152099609375,40.62323760986328,71.86287689208984,63.813812255859375,32.13010787963867,44.324615478515625,41.53063201904297,115.2593231201172,213.74703979492188,40.88175964355469,40.91291809082031,129.29164123535156,110.76911926269533,75.56722259521484,134.04742431640625,36.30670547485352,84.06087493896484,103.2131805419922,77.54397583007812,87.29915618896484,81.75505065917969,100.27227783203124,99.8607940673828,82.3952865600586,28.448415756225582,60.221038818359375,67.58291625976562,97.86000061035156,58.619998931884766,94.2997055053711,242.1300048828125,75.55000305175781,25.15999984741211,18.770000457763672,24.100000381469727,,,217.59730529785156,204.510986328125,175.62655639648438,102.25667572021484,86.83830261230469,87.742919921875,114.52947998046876,70.25808715820312,415.7255554199219,81.58000183105469,33.665496826171875,53.04999923706055,99.82032775878906,507.4521484375,241.41879272460938,67.72294616699219,95.09467315673828
2025-01-31,118.44427490234376,91.82289123535156,21.25465202331543,73.06397247314453,86.5335922241211,102405.0234375,3298.26513671875,591.6903076171875,41.49748229980469,75.3129653930664,64.96456146240234,33.75082778930664,47.8061637878418,42.50703811645508,114.41168212890624,216.36569213867188,41.82672119140625,43.17396926879883,135.7581787109375,114.63011169433594,75.92290496826172,143.10928344726562,37.3571891784668,85.44804382324219,107.06515502929688,77.83718872070312,87.83740234375,82.1576156616211,101.64627075195312,100.44027709960938,83.79261779785156,28.535444259643555,60.555328369140625,66.94841766357422,97.5,59.470001220703125,94.59880065917967,258.55999755859375,78.0199966430664,26.850000381469727,19.790000915527344,24.75,,,223.0333251953125,216.5788726806641,180.8338165283203,106.50729370117188,89.92884826660156,90.37570190429688,118.02931213378906,70.69058990478516,435.32208251953125,88.63999938964844,38.67908477783203,57.709999084472656,101.74176788330078,518.4302978515625,242.8643035888672,69.1187973022461,100.56599426269531
2025-02-28,118.0924301147461,93.87730407714844,21.283676147460938,73.77286529541016,86.81378936767578,84373.0078125,2237.9052734375,584.1788940429688,41.97346115112305,77.53700256347656,65.11671447753906,35.106170654296875,49.889305114746094,42.421722412109375,111.79440307617188,206.8334197998047,43.4303092956543,43.15938949584961,133.77603149414062,106.62667846679688,79.86419677734375,145.11656188964844,37.999961853027344,88.60929107666016,100.14147186279295,78.40946197509766,90.29657745361328,86.83820343017578,103.8389663696289,102.82205200195312,85.57894897460938,28.41940689086914,60.55631256103515,67.24899291992188,98.33999633789062,61.31999969482422,94.73125457763672,263.2699890136719,75.22000122070312,28.3799991607666,19.06999969482422,24.149999618530273,,,211.38333129882812,215.88699340820312,179.0684814453125,107.63045501708984,92.49124908447266,85.98114013671875,117.54186248779295,72.2499008178711,429.0999755859375,73.5,39.4336051940918,47.900001525878906,98.08531951904297,504.4147033691406,232.04795837402344,72.30057525634766,100.1927261352539
2025-03-31,113.75302124023438,93.85264587402344,21.767396926879883,72.97181701660156,87.09767150878906,82548.9140625,1823.47998046875,551.62890625,42.44944381713867,77.67957305908203,65.20231628417969,35.51371765136719,49.94717025756836,41.805538177490234,102.53109741210938,186.8865966796875,44.947418212890625,42.00690078735352,129.00965881347656,97.76097106933594,78.92463684082031,142.82176208496094,38.09092330932617,86.3162612915039,96.01525115966795,78.75502014160156,90.60535430908205,85.79206848144531,104.54478454589844,102.34651947021484,84.59468841552734,27.59747886657715,61.02840423583984,67.705078125,100.37999725341795,61.5,98.84639739990234,288.1400146484375,77.33000183105469,31.600000381469727,18.559999465942383,23.399999618530273,,,196.8948974609375,200.29330444335935,168.9171600341797,103.91481018066406,91.921630859375,77.6019287109375,113.40711975097656,72.45145416259766,411.7860412597656,71.97000122070312,45.63854217529297,46.810001373291016,89.85184478759766,466.14886474609375,210.81402587890625,72.60015106201172,95.02145385742188
2025-04-30,114.33943176269533,94.25720977783205,19.900236129760746,73.0573501586914,87.39400482177734,94207.3125,1793.775390625,546.8462524414062,42.50772476196289,80.54989624023438,67.9317626953125,36.1108283996582,51.943511962890625,43.38865280151367,104.2641143798828,182.58612060546875,38.718753814697266,40.98579788208008,129.15731811523438,97.66194152832033,79.07925415039062,137.40272521972656,38.115081787109375,84.2093734741211,93.83533477783205,79.39498901367188,91.562255859375,84.62490844726562,104.67642974853516,102.0695571899414,84.37897491455078,26.50479507446289,62.627906799316406,70.66912841796875,107.54000091552734,64.54000091552734,103.63128662109376,303.7699890136719,63.560001373291016,28.540000915527344,18.739999771118164,22.600000381469727,,,192.32513427734375,207.7251434326172,167.4147186279297,99.92969512939452,90.82243347167967,78.50428009033203,114.04286193847656,73.12652587890625,398.7050476074219,82.18000030517578,48.6566162109375,53.5099983215332,91.27021026611328,472.6601867675781,210.62461853027344,70.87580871582031,94.02641296386719
2025-05-31,120.84854125976562,93.68516540527344,20.20014190673828,74.33821868896484,87.71143341064453,104638.09375,2529.08740234375,581.2127685546875,44.21735763549805,84.40869140625,70.4900131225586,37.8358039855957,53.21654510498047,45.74909591674805,114.66222381591795,203.5422210693359,39.21416473388672,42.18278121948242,140.574951171875,105.85077667236328,80.04563903808594,129.7436981201172,39.5739860534668,85.15318298339844,93.39933776855467,79.19281768798828,90.42724609375,81.90792083740234,104.01497650146484,102.2802505493164,85.36072540283203,26.543476104736328,63.1020622253418,71.03793334960938,107.81999969482422,64.02999877929688,103.9604034423828,303.6000061035156,67.1500015258789,29.36000061035156,18.1200008392334,22.649999618530273,,,202.40231323242188,229.43603515625,175.0159149169922,104.24607849121094,91.77442169189452,87.1608657836914,120.66439819335938,72.78644561767578,415.22052001953125,91.37999725341797,50.28479766845703,59.459999084472656,99.39218139648438,516.0422973632812,239.0063018798828,71.61133575439453,99.89814758300781
2025-06-30,126.6571044921875,95.0486068725586,21.099863052368164,75.70492553710938,88.00499725341797,107135.3359375,2486.46435546875,611.0791015625,47.313472747802734,86.43130493164062,71.87554168701172,38.41706085205078,53.85746765136719,47.63213348388672,125.95399475097656,237.59132385253903,41.12360382080078,43.11951446533203,145.64300537109375,107.82722473144533,78.7849349975586,132.4761505126953,39.72228240966797,85.73944854736328,97.8258056640625,79.65618133544922,91.8758773803711,84.08995819091797,104.99104309082033,104.41017150878906,87.6557388305664,25.992298126220703,64.48551177978516,71.60832977294922,111.8000030517578,63.939998626708984,107.93077850341795,304.8299865722656,73.11000061035156,31.63999938964844,17.700000762939453,22.200000762939453,,,213.57174682617188,238.6243896484375,181.1036071777344,111.05313873291016,92.45079040527344,96.88358306884766,126.30323791503906,73.9296875,433.9297790527344,93.98999786376953,51.684627532958984,61.209999084472656,105.75312042236328,548.9959106445312,278.0149230957031,71.1034164428711,107.18205261230469
2025-07-31,127.99655151367188,94.7977294921875,21.719024658203125,75.8077163696289,88.31879425048828,115758.203125,3696.707763671875,625.1531372070312,47.62732696533203,84.62320709228516,70.58126831054688,38.50410842895508,51.80379104614258,47.60318756103515,130.68417358398438,238.9151306152344,42.2873420715332,43.08023834228515,150.07586669921875,109.86141967773438,77.6270523071289,128.19100952148438,41.672882080078125,85.81646728515625,101.14058685302734,79.58287811279297,91.33016967773438,83.13163757324219,105.00061798095705,104.31649017333984,88.25443267822266,26.978612899780273,62.99188232421875,70.44210815429688,109.05999755859376,61.08000183105469,104.5455322265625,302.9599914550781,79.58999633789062,27.450000762939453,17.260000228881836,21.75,,,217.13475036621097,239.5875244140625,182.3913726806641,110.79808807373048,91.2098388671875,102.11866760253906,127.68890380859376,73.74555969238281,434.77618408203125,101.83999633789062,51.26765441894531,66.31999969482422,109.69600677490234,562.3018188476562,287.88421630859375,70.9156494140625,106.07596588134766
2025-08-31,131.42398071289062,95.92615509033205,21.48683738708496,76.64563751220703,88.64627075195312,108236.7109375,4390.01904296875,637.98095703125,48.90235900878906,88.45214080810547,75.04891204833984,40.09998321533203,54.368431091308594,49.73539352416992,130.5399169921875,244.1805725097656,43.82929992675781,45.31452941894531,150.07586669921875,114.97669219970705,78.60005950927734,135.07083129882812,41.01619338989258,88.80088806152344,113.13929748535156,80.28923034667969,92.83544158935548,83.14219665527344,106.69357299804688,105.4050750732422,89.83989715576172,26.46611785888672,64.23233795166016,71.04193878173828,110.72000122070312,62.630001068115234,107.28121185302734,318.07000732421875,74.83999633789062,28.1299991607666,17.56999969482422,21.399999618530273,,,232.75254821777344,242.0102996826172,187.176025390625,117.3998794555664,92.83489227294922,104.17493438720705,131.46267700195312,74.87640380859375,449.5832824707031,94.38999938964844,62.71451950073242,61.439998626708984,110.98623657226562,567.666015625,289.3895568847656,72.02018737792969,110.00652313232422
2025-09-30,136.15145874023438,97.00701904296876,21.79641914367676,77.32469940185547,88.93899536132812,114056.0859375,4145.95751953125,660.7061157226562,52.374366760253906,90.27957916259766,76.89925384521484,40.593257904052734,54.27999496459961,49.74504089355469,140.3744354248047,270.4282531738281,43.68983459472656,44.217166900634766,152.89669799804688,119.1059341430664,76.77836608886719,137.40650939941406,42.707550048828125,88.85206604003906,110.1174087524414,80.52021026611328,93.43991088867188,86.1278076171875,107.14346313476562,107.38379669189452,91.2509765625,26.60149383544922,64.97210693359375,70.16524505615234,111.2300033569336,62.209999084472656,107.71356964111328,355.4700012207031,73.75,30.0,17.450000762939453,20.549999237060547,,,240.1520233154297,255.2460479736328,193.14710998535156,123.33633422851562,94.06441497802734,109.2668914794922,135.8946990966797,75.41333770751953,458.4301452636719,99.80999755859375,75.84912872314453,65.0,116.77851104736328,598.1849975585938,325.3476257324219,72.13238525390625,117.30753326416016
2025-10-31,139.27357482910156,97.60406494140624,22.13502311706543,77.31609344482422,89.25123596191406,109556.1640625,3847.080322265625,676.45556640625,54.23787307739258,91.3625030517578,80.0055160522461,41.27029037475586,54.397911071777344,49.50384140014648,149.74734497070312,305.767822265625,43.09811782836914,42.2682991027832,153.7195281982422,119.25006103515624,74.7308120727539,142.42214965820312,43.63309860229492,86.67499542236328,104.38294219970705,80.78893280029297,94.10449981689452,87.31731414794922,107.4889678955078,107.5442886352539,93.05392456054688,27.27837562561035,64.31712341308594,69.60089874267578,109.95999908447266,59.65999984741211,105.78816223144533,368.1199951171875,72.55999755859375,31.530000686645508,17.790000915527344,21.200000762939453,,,244.3900909423828,253.02651977539065,194.93460083007812,128.6228790283203,92.1265640258789,114.54114532470705,138.64613342285156,75.81060791015625,470.3822021484375,95.69000244140625,71.54042053222656,62.29999923706055,121.05912780761719,626.7805786132812,361.8939208984375,69.4519271850586,113.77947998046875
2025-11-30,139.33267211914062,98.1952667236328,22.309162139892575,77.89314270019531,89.50789642333984,90394.3125,2992.112548828125,677.7747192382812,53.27669525146485,92.03934478759766,79.58368682861328,41.73454666137695,56.81515884399414,48.847782135009766,142.5458526611328,295.9828796386719,44.23265838623047,44.10862350463867,152.3613739013672,117.5254135131836,77.758056640625,155.65234375,44.38235092163086,88.7743148803711,108.20922088623048,81.14347076416016,95.03439331054688,87.55510711669922,107.72230529785156,108.54572296142578,93.51602935791016,27.27837562561035,64.43629455566406,69.8556900024414,110.12000274658205,58.91999816894531,106.5683364868164,387.8800048828125,71.06999969482422,32.279998779296875,17.969999313354492,20.84000015258789,,,246.89126586914065,249.0751495361328,196.7022247314453,131.83819580078125,94.25226593017578,112.64043426513672,138.9419708251953,76.53884887695312,472.4695129394531,79.08000183105469,82.6298828125,51.54999923706055,118.78294372558594,616.996337890625,351.187255859375,72.0932846069336,114.35428619384766
2025-12-31,140.5767059326172,97.92132568359376,22.36000061035156,78.2768325805664,89.80792236328125,87508.828125,2967.03759765625,678.3152465820312,54.427101135253906,94.53404235839844,80.30368041992188,43.358909606933594,58.917964935302734,49.71138381958008,143.61996459960938,300.82171630859375,44.10172271728515,44.98102569580078,154.3057098388672,118.9336166381836,76.71292877197266,153.4893035888672,42.1246223449707,86.78909301757812,102.50130462646484,81.38262939453125,94.31099700927734,85.22735595703125,107.0554428100586,107.74523162841795,93.81190490722656,27.030000686645508,65.6985855102539,71.13182830810547,111.5999984741211,58.66999816894531,107.99519348144533,396.30999755859375,69.16000366210938,34.959999084472656,17.729999542236328,19.969999313354492,,,245.1399383544922,249.80984497070312,197.8437957763672,135.66151428222656,93.4811782836914,116.5894546508789,140.222900390625,76.24742889404297,476.8621520996094,76.2300033569336,85.7699966430664,49.650001525878906,118.116943359375,612.8628540039062,360.1300048828125,70.50154113769531,117.04105377197266
2026-01-31,144.56082153320312,98.16641998291016,24.43000030517578,78.7525405883789,90.07328033447266,78621.1171875,2445.091796875,688.3120727539062,58.79439926147461,99.17066955566406,85.25677490234375,45.50812149047851,60.47050857543945,52.78448486328125,143.5301971435547,345.9224853515625,50.355464935302734,48.86913299560547,164.57154846191406,120.68658447265624,82.47035217285156,153.4298095703125,42.677207946777344,89.05469512939453,107.91707611083984,81.54967498779297,94.09523010253906,85.1980209350586,107.6106414794922,108.1167984008789,94.1042022705078,26.850000381469727,68.63495635986328,71.74847412109375,114.4000015258789,59.41999816894531,109.06724548339844,444.9500122070313,79.5199966430664,36.43000030517578,17.479999542236328,20.969999313354492,,,258.57403564453125,255.37869262695312,201.6289520263672,146.0298309326172,94.30518341064452,120.755859375,144.58685302734375,76.23765563964844,485.43255615234375,73.0199966430664,94.19999694824219,47.4900016784668,116.28268432617188,620.405029296875,403.4599914550781,72.83714294433594,119.38744354248047
2026-02-28,146.42868041992188,99.7352294921875,25.100000381469727,78.75155639648438,90.31380462646484,66995.859375,1965.050537109375,682.3637084960938,62.25640869140625,103.73838806152344,91.87084197998048,47.99253463745117,63.94898986816406,55.94623565673828,138.42263793945312,351.906005859375,55.15920639038086,52.97544860839844,176.21011352539062,116.39378356933594,88.8894271850586,158.84356689453125,47.09787368774414,93.8507080078125,114.82614135742188,81.98335266113281,96.41937255859376,89.14588165283203,108.97427368164062,109.60659790039062,95.63567352294922,27.079999923706055,70.21283721923828,71.58556365966797,114.87999725341795,58.83000183105469,108.7442398071289,483.75,81.94999694824219,36.880001068115234,17.889999389648438,22.56999969482422,,,260.3267517089844,252.4545440673828,204.05941772460935,149.6116180419922,97.1048583984375,122.6995086669922,146.96266174316406,77.64653778076172,486.661376953125,57.150001525878906,115.83999633789062,37.189998626708984,112.34960174560547,605.8594360351562,406.3699951171875,76.68207550048828,117.36915588378906
2026-03-31,137.47683715820312,97.94544219970705,28.950000762939453,78.00056457519531,90.5737533569336,68233.3125,2104.708251953125,648.6688842773438,56.49634552001953,95.61690521240234,83.98369598388672,44.916595458984375,57.7879524230957,52.341251373291016,132.74171447753906,328.5039978027344,60.82136917114258,49.78385543823242,161.33306884765625,108.76327514648438,81.41510009765625,145.96624755859375,45.59882736206055,87.9250259399414,98.57775115966795,81.60089111328125,94.18224334716795,85.37496948242188,107.49375915527344,107.33464813232422,92.2977066040039,27.780000686645508,68.12049865722656,70.21210479736328,110.41000366210938,57.880001068115234,106.42697143554688,430.2900085449219,127.25,34.43000030517578,18.399999618530273,23.56999969482422,,,247.41163635253903,239.72515869140625,191.4686584472656,141.6904296875,92.45033264160156,115.8071517944336,137.82212829589844,76.07052612304688,461.3480529785156,59.029998779296875,91.7699966430664,38.41999816894531,106.5062026977539,576.54638671875,383.3999938964844,72.59706115722656,110.57234191894531
2026-04-30,150.5618133544922,98.11076354980467,31.100000381469727,79.18669891357422,90.8354263305664,76304.3203125,2256.251220703125,716.8132934570312,63.65911865234375,100.72605895996094,88.6185073852539,46.4841423034668,60.303462982177734,54.833221435546875,159.31004333496094,461.2209777832031,59.222900390625,51.27826690673828,174.1515350341797,118.11463165283205,83.72903442382812,145.34898376464844,46.552738189697266,95.48837280273438,105.84725952148438,81.75652313232422,94.04065704345705,84.65811157226562,108.66259002685548,107.6372299194336,94.59341430664062,27.36000061035156,71.08963012695312,71.91859436035156,112.91999816894533,58.630001068115234,108.07888793945312,423.6600036621094,147.08999633789062,36.529998779296875,18.690000534057617,24.11000061035156,,,277.310546875,283.6666259765625,206.8811798095703,166.48301696777344,94.34439849853516,134.39422607421875,150.65574645996094,76.19022369384766,494.8849792480469,66.52999877929688,88.29000091552734,43.31999969482422,119.16505432128906,667.0069580078125,506.7200012207031,74.07292175292969,116.20768737792969
2026-05-31,157.51663208007812,98.39883422851562,29.479999542236328,79.53231811523438,91.1237335205078,73579.6875,2004.341552734375,754.5361328125,68.24527740478516,103.1674346923828,92.45764923095705,46.26725006103515,62.03287506103515,54.6066780090332,190.79251098632812,568.8099365234375,55.886959075927734,50.95945739746094,172.70509338378906,120.62963104248048,82.33869171142578,148.81369018554688,44.138153076171875,94.8638687133789,102.48211669921876,81.81915283203125,94.02278137207033,85.10967254638672,108.86914825439452,108.56543731689452,95.6247329711914,27.65999984741211,71.02877807617188,70.8558120727539,113.01000213623048,57.619998931884766,107.56353759765624,417.1199951171875,129.08999633789062,38.86000061035156,17.93000030517578,23.3799991607666,,,289.740966796875,315.46148681640625,215.1065216064453,197.4239044189453,96.29827880859376,149.8551483154297,157.55084228515625,76.29347229003906,509.2453918457031,63.900001525878906,89.48999786376953,41.630001068115234,127.73750305175781,737.49951171875,598.9299926757812,71.9409408569336,115.38981628417969
2026-06-30,156.97000122070312,98.64900207519533,26.65999984741211,79.60099792480469,91.37200164794922,58558.859375,1569.5838623046875,746.77001953125,68.41000366210938,103.87999725341795,93.2699966430664,46.13999938964844,62.849998474121094,53.2599983215332,190.52000427246097,640.760009765625,53.11000061035156,50.83000183105469,185.22999572753903,117.27999877929688,83.06999969482422,158.66000366210938,45.34000015258789,96.43000030517578,115.55999755859376,81.87200164794922,94.25900268554688,86.10199737548828,108.37200164794922,108.68800354003906,96.04000091552734,28.40999984741211,68.49300384521484,68.9229965209961,109.0500030517578,56.439998626708984,105.37000274658205,368.3800048828125,106.44000244140624,37.72999954223633,16.75,22.030000686645508,,,300.45001220703125,342.8299865722656,219.42999267578125,199.80999755859375,96.45999908447266,155.58999633789062,156.9499969482422,76.42499542236328,522.24169921875,51.04999923706055,75.44999694824219,33.290000915527344,124.16999816894531,736.4000244140625,655.8900146484375,74.76207733154297,107.12999725341797
2026-07-31,156.42999267578125,97.37000274658205,29.450000762939453,79.4800033569336,91.68000030517578,62813.74609375,1860.345947265625,747.030029296875,64.08999633789062,105.58000183105467,92.38999938964844,48.40999984741211,63.15999984741211,56.5,175.35000610351562,504.8900146484375,59.54999923706055,50.43000030517578,179.83999633789062,116.08999633789062,85.05000305175781,162.5500030517578,44.349998474121094,98.9499969482422,103.69000244140624,82.0,92.9499969482422,82.25,107.62999725341795,106.25,94.66000366210938,28.170000076293945,69.7300033569336,69.73999786376953,109.04000091552734,57.65999984741211,106.48999786376952,371.5400085449219,129.1699981689453,39.560001373291016,17.649999618530273,23.809999465942383,,,291.20001220703125,299.5899963378906,219.32000732421875,191.13999938964844,97.93000030517578,139.85000610351562,155.86000061035156,75.54000091552734,524.3200073242188,54.709999084472656,74.0999984741211,35.63999938964844,118.31999969482422,687.989990234375,540.530029296875,76.2300033569336,108.23999786376953
