as_of,ticker,weight
1999-12-31,BIL,0.5371368742189897
1999-12-31,XLI,0.11430886018408315
1999-12-31,EEM,0.1084657354235682
1999-12-31,XLB,0.08916140741141163
1999-12-31,SHY,0.047305566497680654
1999-12-31,XLV,0.03601652538755758
1999-12-31,HYG,0.03518254267433483
1999-12-31,SPY,0.03242248820237429
2000-01-31,BIL,0.7306843703554929
2000-01-31,EEM,0.09881082054598282
2000-01-31,HYG,0.0493637631872157
2000-01-31,SPY,0.04376650103024369
2000-01-31,SHY,0.03986872089689206
2000-01-31,XLV,0.0375058239841728
2000-02-29,BIL,0.7241025599468354
2000-02-29,EEM,0.09865460194761883
2000-02-29,IEF,0.044558369470646
2000-02-29,HYG,0.04282885231291106
2000-02-29,SHY,0.041993842970763
2000-02-29,SPY,0.03651406586518886
2000-02-29,TLT,0.011347707486036935
2000-03-31,BIL,0.486100699665867
2000-03-31,XLE,0.11760225545400901
2000-03-31,IEF,0.07742066793075301
2000-03-31,SHY,0.07107121398448517
2000-03-31,XLI,0.06545431923949518
2000-03-31,EEM,0.061540258187390014
2000-03-31,XLV,0.05895212582874889
2000-03-31,HYG,0.019585686622210025
2000-03-31,SPY,0.01655807303982899
2000-03-31,TLT,0.01654814389159897
2000-03-31,QQQ,0.009166556155613717
2000-04-30,BIL,0.4846942444337202
2000-04-30,XLE,0.1229787678181225
2000-04-30,SHY,0.06954878567792563
2000-04-30,XLI,0.06878545499211607
2000-04-30,EEM,0.06306997998919725
2000-04-30,XLV,0.0609906586316871
2000-04-30,XLU,0.04992691102328137
2000-04-30,IEF,0.04356370249729836
2000-04-30,TLT,0.01086275856789254
2000-04-30,HYG,0.009581169568806898
2000-04-30,SPY,0.009463447113329767
2000-04-30,QQQ,0.0065341196866223325
2000-05-31,BIL,0.4876365215877391
2000-05-31,XLE,0.09111624873778906
2000-05-31,SHY,0.07792914839074103
2000-05-31,IEF,0.07559392466602008
2000-05-31,XLV,0.06749617326948325
2000-05-31,XLP,0.0617380703373975
2000-05-31,XLI,0.05660455347998552
2000-05-31,XLU,0.04232282924796328
2000-05-31,TLT,0.022900792562163326
2000-05-31,SPY,0.01666173772071796
2000-06-30,BIL,0.47869464816923113
2000-06-30,IEF,0.09534520781500619
2000-06-30,XLE,0.08145614277919234
2000-06-30,SHY,0.08010727189584475
2000-06-30,XLV,0.06553973176361975
2000-06-30,XLP,0.06236218594918244
2000-06-30,XLI,0.04226486586637874
2000-06-30,TLT,0.036032520396275414
2000-06-30,HYG,0.023023266765365213
2000-06-30,SPY,0.020945965987984407
2000-06-30,QQQ,0.014228192611919615
2000-07-31,BIL,0.45428562586317967
2000-07-31,XLE,0.10976063076035508
2000-07-31,IEF,0.0973335972706409
2000-07-31,SHY,0.0676331059399781
2000-07-31,HYG,0.05704874638832768
2000-07-31,XLP,0.052942879416773274
2000-07-31,SPY,0.04784148405663823
2000-07-31,TLT,0.04738820972294502
2000-07-31,XLI,0.04311694721297403
2000-07-31,XLU,0.022648773368188088
2000-08-31,BIL,0.41908944941734727
2000-08-31,XLE,0.1246159159428092
2000-08-31,SHY,0.0742217901331413
2000-08-31,IEF,0.06635464607972201
2000-08-31,XLP,0.056215308834428324
2000-08-31,XLI,0.055861681350657715
2000-08-31,XLV,0.050052110494361396
2000-08-31,HYG,0.035811049628760305
2000-08-31,TLT,0.03399947345997988
2000-08-31,SPY,0.0323818990297976
2000-08-31,XLU,0.030871523435827386
2000-08-31,QQQ,0.020525152193167598
2000-09-30,BIL,0.5750002024588425
2000-09-30,SHY,0.08900613320889139
2000-09-30,XLP,0.07432026364712022
2000-09-30,IEF,0.0693566917630526
2000-09-30,XLE,0.06534134095292073
2000-09-30,TLT,0.045143837259518385
2000-09-30,XLU,0.04417194954844846
2000-09-30,XLI,0.02411703553553508
2000-09-30,HYG,0.013542545625670702
2000-10-31,BIL,0.4609958581893988
2000-10-31,XLP,0.09013187837256505
2000-10-31,IEF,0.08620839840078982
2000-10-31,SHY,0.08374936651711196
2000-10-31,XLV,0.07019456084878051
2000-10-31,XLE,0.06537774758443758
2000-10-31,TLT,0.05228166339171877
2000-10-31,XLU,0.04881949201246776
2000-10-31,XLI,0.025055684736946374
2000-10-31,HYG,0.017185349945783333
2000-11-30,BIL,0.5835175360696077
2000-11-30,IEF,0.10055521158644154
2000-11-30,SHY,0.09393501144410984
2000-11-30,XLP,0.0886038686674491
2000-11-30,TLT,0.06400377944750167
2000-11-30,XLU,0.04792023921513337
2000-11-30,XLI,0.021464353569756883
2000-12-31,BIL,0.5052730839664604
2000-12-31,IEF,0.11487175353103696
2000-12-31,SHY,0.09804355287283939
2000-12-31,XLP,0.09461944563610683
2000-12-31,TLT,0.09019688227107922
2000-12-31,XLU,0.043236968382106875
2000-12-31,XLE,0.034934302871764834
2000-12-31,XLI,0.011655113508700075
2000-12-31,XLB,0.0071688969599054235
2001-01-31,BIL,0.4268758742151104
2001-01-31,XLP,0.10521096386574696
2001-01-31,SHY,0.10157039832879959
2001-01-31,IEF,0.10108178562395323
2001-01-31,TLT,0.07659304107776793
2001-01-31,XLV,0.06526195912879303
2001-01-31,XLE,0.04607609403914485
2001-01-31,XLU,0.04442618190514319
2001-01-31,HYG,0.013107662785590859
2001-01-31,XLI,0.011707380749324021
2001-01-31,XLB,0.008088658280626068
2001-02-28,BIL,0.5101199263511339
2001-02-28,SHY,0.09768109373032481
2001-02-28,IEF,0.09306939305049923
2001-02-28,XLP,0.089039752199448
2001-02-28,TLT,0.07603609790291552
2001-02-28,XLE,0.06246693326534106
2001-02-28,XLU,0.046459378864818435
2001-02-28,HYG,0.01484346957831258
2001-02-28,XLB,0.010283955057206496
2001-03-31,BIL,0.6470921366825265
2001-03-31,IEF,0.10551261566051402
2001-03-31,SHY,0.09404555706671328
2001-03-31,TLT,0.07865785908648712
2001-03-31,XLU,0.04249283508643714
2001-03-31,HYG,0.020214692650994136
2001-03-31,XLB,0.011984303766327621
2001-04-30,BIL,0.4886970213269236
2001-04-30,IEF,0.14739630643774476
2001-04-30,TLT,0.10231946381388926
2001-04-30,SHY,0.09697420917652969
2001-04-30,XLV,0.0603494282545703
2001-04-30,XLE,0.03750736750230416
2001-04-30,HYG,0.03151469694271458
2001-04-30,XLU,0.026638144696286708
2001-04-30,XLB,0.008603361849037037
2001-05-31,BIL,0.43394204377421997
2001-05-31,IEF,0.13674551920817465
2001-05-31,TLT,0.10012993461910825
2001-05-31,SHY,0.08091770786265122
2001-05-31,HYG,0.06756024519781978
2001-05-31,XLE,0.05869392931435491
2001-05-31,XLV,0.05207888402505242
2001-05-31,IWM,0.03487714358324641
2001-05-31,XLU,0.014858003072213556
2001-05-31,XLI,0.010630505430803865
2001-05-31,XLB,0.009566083912355012
2001-06-30,BIL,0.5669505484462282
2001-06-30,IEF,0.11573397510581288
2001-06-30,TLT,0.08479328267002982
2001-06-30,SHY,0.08087811741147091
2001-06-30,TIP,0.06068363620586301
2001-06-30,XLV,0.04696830776161382
2001-06-30,IWM,0.029787468819069903
2001-06-30,XLB,0.014204663579911542
2001-07-31,BIL,0.5074124345651113
2001-07-31,IEF,0.10857843764145839
2001-07-31,TIP,0.10517599617864658
2001-07-31,SHY,0.09502176244470051
2001-07-31,TLT,0.07855577165389649
2001-07-31,XLV,0.057874404391492856
2001-07-31,HYG,0.021429460698045206
2001-07-31,IWM,0.015738720631442542
2001-07-31,XLB,0.010213011795206246
2001-08-31,BIL,0.5413409248575073
2001-08-31,IEF,0.14710986864390382
2001-08-31,TLT,0.10061277469191983
2001-08-31,SHY,0.09542413165152248
2001-08-31,TIP,0.07574886254408625
2001-08-31,HYG,0.03175170302273045
2001-08-31,XLB,0.008011734588330063
2001-09-30,BIL,0.5346537439741363
2001-09-30,IEF,0.184586926915561
2001-09-30,TLT,0.13404382559154523
2001-09-30,SHY,0.10657795223840773
2001-09-30,TIP,0.04013755128034965
2001-10-31,BIL,0.5181990066831306
2001-10-31,IEF,0.18945137864280548
2001-10-31,TLT,0.15103144660169354
2001-10-31,SHY,0.11625955742629601
2001-10-31,TIP,0.025058610646074442
2001-11-30,BIL,0.4036413180228179
2001-11-30,IEF,0.19496754463633548
2001-11-30,TLT,0.16295796654605302
2001-11-30,SHY,0.12042240267775595
2001-11-30,XLP,0.07549829384746364
2001-11-30,HYG,0.02369372447850208
2001-11-30,TIP,0.017745587413726043
2001-11-30,XLB,0.001073162377345892
2001-12-31,BIL,0.411546790928797
2001-12-31,IEF,0.18974938986182172
2001-12-31,TLT,0.14047585746957755
2001-12-31,SHY,0.11192080622598415
2001-12-31,XLP,0.06302207594415181
2001-12-31,HYG,0.05588535186818109
2001-12-31,IWM,0.02100937850492071
2001-12-31,XLB,0.0024380181703119253
2001-12-31,EEM,0.0019763273727878097
2001-12-31,XLI,0.001976003653466447
2002-01-31,BIL,0.37717091614223835
2002-01-31,IEF,0.19761069730621222
2002-01-31,TLT,0.13361039173336425
2002-01-31,SHY,0.1110842772723101
2002-01-31,HYG,0.07580763704042386
2002-01-31,XLP,0.05818709527344891
2002-01-31,IWM,0.027038067956448014
2002-01-31,SMH,0.01564121088517159
2002-01-31,XLB,0.0019988759654320574
2002-01-31,EEM,0.0018508304249508479
2002-02-28,BIL,0.29531329357681946
2002-02-28,IEF,0.1839534064446602
2002-02-28,TLT,0.10895738909670177
2002-02-28,SHY,0.09668404181989115
2002-02-28,GLD,0.0911130904660409
2002-02-28,HYG,0.08114203631785742
2002-02-28,XLP,0.050328481625541995
2002-02-28,XLV,0.0458324724987932
2002-02-28,IWM,0.029823961318761957
2002-02-28,TIP,0.011666591804503234
2002-02-28,XLB,0.0029206884465426274
2002-02-28,EEM,0.0022645465838860225
2002-03-31,BIL,0.4909939574569604
2002-03-31,GLD,0.10073052112712629
2002-03-31,SHY,0.08260049688652633
2002-03-31,HYG,0.08251751962736517
2002-03-31,SPY,0.05974819772064338
2002-03-31,XLP,0.04409830055468839
2002-03-31,XLV,0.04028769186788041
2002-03-31,IWM,0.03943862281773714
2002-03-31,SMH,0.022351384077361
2002-03-31,XLE,0.01480095122779191
2002-03-31,XLB,0.008471729887808782
2002-03-31,EEM,0.007445783580338329
2002-03-31,XLI,0.006514843167772572
2002-04-30,BIL,0.35121917713428497
2002-04-30,GLD,0.1190092542263166
2002-04-30,IEF,0.10452669756173172
2002-04-30,SHY,0.07451212054823965
2002-04-30,TIP,0.07352065322033191
2002-04-30,TLT,0.0514513007339165
2002-04-30,HYG,0.05072463645683483
2002-04-30,IWM,0.04525377751596862
2002-04-30,XLV,0.044388300335152696
2002-04-30,XLE,0.04011618531764821
2002-04-30,XLB,0.022975024633100558
2002-04-30,EEM,0.022302872316473883
2002-05-31,BIL,0.33152291830878644
2002-05-31,TIP,0.1474316017492235
2002-05-31,GLD,0.11063869139304323
2002-05-31,SHY,0.08179377566134666
2002-05-31,XLE,0.06793527951996571
2002-05-31,IEF,0.055507146090831856
2002-05-31,IWM,0.04425813879437071
2002-05-31,XLV,0.03741685852728221
2002-05-31,EEM,0.036490643260077144
2002-05-31,XLB,0.03215517933341487
2002-05-31,TLT,0.0309682033960621
2002-05-31,HYG,0.02388156396559578
2002-06-30,BIL,0.4083736596690732
2002-06-30,TIP,0.1706911698924601
2002-06-30,GLD,0.15617859823465402
2002-06-30,SHY,0.10069873438335973
2002-06-30,IEF,0.0584089529677216
2002-06-30,XLV,0.04427068842521682
2002-06-30,TLT,0.033002522676648036
2002-06-30,EEM,0.01427626175318904
2002-06-30,XLB,0.01409941199767755
2002-07-31,BIL,0.4694384637427893
2002-07-31,TIP,0.15430510556917015
2002-07-31,GLD,0.15344783733566425
2002-07-31,SHY,0.10025846747684197
2002-07-31,IEF,0.07886546279643411
2002-07-31,TLT,0.043684663079100135
2002-08-31,BIL,0.4778428728496623
2002-08-31,TIP,0.16129765404035623
2002-08-31,GLD,0.1268677732633803
2002-08-31,SHY,0.10648469344064568
2002-08-31,IEF,0.08248329967150156
2002-08-31,TLT,0.04502370673445388
2002-09-30,BIL,0.558392375820903
2002-09-30,TIP,0.21816852809705334
2002-09-30,SHY,0.12448259392808263
2002-09-30,IEF,0.0605106570005381
2002-09-30,TLT,0.03844584515342307
2002-10-31,BIL,0.5566955720105011
2002-10-31,TIP,0.1909373938579382
2002-10-31,SHY,0.12521777971428258
2002-10-31,IEF,0.07700982666031696
2002-10-31,TLT,0.050139427756961175
2002-11-30,BIL,0.4307860159884176
2002-11-30,TIP,0.15899646062252124
2002-11-30,GLD,0.15868834397370676
2002-11-30,SHY,0.10165489281667353
2002-11-30,XLV,0.05532756955635524
2002-11-30,IEF,0.05361557795931496
2002-11-30,TLT,0.031027561068693796
2002-11-30,HYG,0.00990357801431695
2002-12-31,BIL,0.6275191737590092
2002-12-31,TIP,0.16795357865198432
2002-12-31,SHY,0.10893151814549286
2002-12-31,IEF,0.046420132814277065
2002-12-31,TLT,0.03229471905618814
2002-12-31,HYG,0.016880877573048403
2003-01-31,BIL,0.6473817192332977
2003-01-31,TIP,0.1864115126170101
2003-01-31,SHY,0.11029591358575765
2003-01-31,IEF,0.026906878989235564
2003-01-31,TLT,0.018959661870384566
2003-01-31,HYG,0.01004431370431434
2003-02-28,BIL,0.5514619359948241
2003-02-28,TIP,0.14656019625340477
2003-02-28,GLD,0.1401922981179177
2003-02-28,SHY,0.09725157059405333
2003-02-28,IEF,0.029478334570690243
2003-02-28,TLT,0.020699753934933247
2003-02-28,HYG,0.010711431949447237
2003-02-28,QQQ,0.003644478584729426
2003-03-31,BIL,0.41240283479251083
2003-03-31,TIP,0.13602833677154944
2003-03-31,GLD,0.13433480887119978
2003-03-31,XLE,0.09678700295111396
2003-03-31,SHY,0.09313357471441351
2003-03-31,XLV,0.04331187974002957
2003-03-31,IEF,0.03698128359084836
2003-03-31,TLT,0.025432439305288903
2003-03-31,HYG,0.01565264211206974
2003-03-31,QQQ,0.005935197150975865
2003-04-30,BIL,0.2599323711074072
2003-04-30,TIP,0.12521195686540407
2003-04-30,GLD,0.12157158316956918
2003-04-30,SHY,0.0919440132952397
2003-04-30,XLE,0.08325757633036203
2003-04-30,IEF,0.055523922208234704
2003-04-30,XLV,0.04380574951404007
2003-04-30,TLT,0.03739588561419474
2003-04-30,IWM,0.03114410245706882
2003-04-30,EEM,0.025859960822618343
2003-04-30,XLB,0.025246077690068456
2003-04-30,HYG,0.024221983856148346
2003-04-30,XLI,0.02254379003022544
2003-04-30,XLU,0.021162792139956664
2003-04-30,SPY,0.017434037631118077
2003-04-30,QQQ,0.008704857622544132
2003-04-30,SMH,0.005039339645799987
2003-05-31,BIL,0.21404890625683776
2003-05-31,GLD,0.11503187857088631
2003-05-31,SHY,0.09830106432184357
2003-05-31,IEF,0.09679213639016526
2003-05-31,TIP,0.08092905836297824
2003-05-31,TLT,0.06793268259474057
2003-05-31,XLE,0.05346168141660068
2003-05-31,XLV,0.049033600766643926
2003-05-31,XLP,0.043964285632069194
2003-05-31,HYG,0.03916180055157708
2003-05-31,SPY,0.029404501946283808
2003-05-31,IWM,0.02525072073104133
2003-05-31,XLB,0.016464453835114284
2003-05-31,QQQ,0.015845698804327384
2003-05-31,XLU,0.015747135637030087
2003-05-31,EEM,0.015346331304135631
2003-05-31,XLI,0.015241597644519584
2003-05-31,SMH,0.008042465233205391
2003-06-30,BIL,0.17019411753209368
2003-06-30,IEF,0.15236175801729698
2003-06-30,HYG,0.09470579001790484
2003-06-30,SHY,0.08944487454169874
2003-06-30,TLT,0.0880947921550645
2003-06-30,SPY,0.06631781019317022
2003-06-30,TIP,0.05535280326179104
2003-06-30,XLV,0.04787679420552868
2003-06-30,IWM,0.04631934947239139
2003-06-30,QQQ,0.04298803658515057
2003-06-30,XLP,0.04122282281569438
2003-06-30,XLE,0.036177988725559086
2003-06-30,SMH,0.0190646960709456
2003-06-30,EEM,0.01487284290392166
2003-06-30,XLB,0.0133352187122689
2003-06-30,XLI,0.013317194997802132
2003-06-30,XLU,0.008353109791717545
2003-07-31,BIL,0.39319354354957914
2003-07-31,HYG,0.12644266087883366
2003-07-31,SPY,0.09180744064248303
2003-07-31,QQQ,0.06421940431583056
2003-07-31,SHY,0.06084788948811709
2003-07-31,IWM,0.05551130412150931
2003-07-31,XLV,0.03746357909578487
2003-07-31,LQD,0.03541334762899666
2003-07-31,XLP,0.03178013520813112
2003-07-31,XLE,0.027986758624412772
2003-07-31,SMH,0.02759281717560804
2003-07-31,EEM,0.016193831842426322
2003-07-31,XLI,0.014661570918866175
2003-07-31,XLB,0.011741917859291871
2003-07-31,XLU,0.005143798650129192
2003-08-31,BIL,0.278300353651353
2003-08-31,HYG,0.1102311979373127
2003-08-31,SPY,0.08415155317184016
2003-08-31,IWM,0.07437250936788836
2003-08-31,GLD,0.06553910027073355
2003-08-31,QQQ,0.05862560889320842
2003-08-31,TIP,0.05156875742253822
2003-08-31,XLE,0.042818266354045065
2003-08-31,LQD,0.037086953813201415
2003-08-31,SHY,0.03475463138853842
2003-08-31,SMH,0.033839669585502635
2003-08-31,EEM,0.029465199083620677
2003-08-31,XLB,0.02598617109364011
2003-08-31,XLV,0.024125879362647807
2003-08-31,XLI,0.022365494809729082
2003-08-31,XLP,0.021548731857304534
2003-08-31,XLU,0.005219921936895813
2003-09-30,BIL,0.12279736665953625
2003-09-30,GLD,0.10244499466869122
2003-09-30,HYG,0.09053260484414685
2003-09-30,SPY,0.07693041877953437
2003-09-30,IWM,0.07475896720900899
2003-09-30,IEF,0.07334258929760443
2003-09-30,TIP,0.06434756556995451
2003-09-30,XLE,0.06171473387819182
2003-09-30,QQQ,0.04950359189343613
2003-09-30,SHY,0.03851578013341232
2003-09-30,EEM,0.036940097015298885
2003-09-30,XLB,0.03531172721641219
2003-09-30,XLI,0.034094678265011225
2003-09-30,SMH,0.0314203742328468
2003-09-30,LQD,0.029618835145898574
2003-09-30,TLT,0.02412273477227343
2003-09-30,XLV,0.023553332918154306
2003-09-30,XLP,0.022879225247056042
2003-09-30,XLU,0.007170382253531678
2003-10-31,BIL,0.16020770925895017
2003-10-31,GLD,0.10490077482367603
2003-10-31,TIP,0.0907506035754205
2003-10-31,XLE,0.07926771616432335
2003-10-31,IWM,0.07441886991425999
2003-10-31,HYG,0.06351873969031532
2003-10-31,SPY,0.05625617900940748
2003-10-31,IEF,0.051669766481057415
2003-10-31,EEM,0.0475534850362611
2003-10-31,XLB,0.04640256482073901
2003-10-31,XLI,0.04446113937793637
2003-10-31,SHY,0.03576834685975178
2003-10-31,QQQ,0.03570534354977788
2003-10-31,XLP,0.026610606723910076
2003-10-31,XLV,0.02386741919953382
2003-10-31,SMH,0.022632218079896873
2003-10-31,LQD,0.02258566790004794
2003-10-31,XLU,0.013422849534734979
2003-11-30,BIL,0.15086158897432816
2003-11-30,TIP,0.09733935763430043
2003-11-30,GLD,0.0894769450980471
2003-11-30,XLE,0.08051561054771744
2003-11-30,IWM,0.07918959912953295
2003-11-30,HYG,0.06513839978430332
2003-11-30,IEF,0.05925258946366003
2003-11-30,SPY,0.05516273020483181
2003-11-30,EEM,0.05255850530011167
2003-11-30,XLB,0.049655888143763434
2003-11-30,XLI,0.04903528855300713
2003-11-30,QQQ,0.036077641350127636
2003-11-30,SHY,0.03094470573774439
2003-11-30,XLP,0.024295730734738234
2003-11-30,LQD,0.0241793785191557
2003-11-30,SMH,0.023298027444436296
2003-11-30,XLV,0.020454943576568855
2003-11-30,XLU,0.012563069803625445
2003-12-31,BIL,0.120310650318198
2003-12-31,GLD,0.10304242375769533
2003-12-31,TIP,0.09203790008246754
2003-12-31,IWM,0.0800443023412264
2003-12-31,HYG,0.07519311633775466
2003-12-31,IEF,0.0713423684633484
2003-12-31,XLE,0.06817617235418194
2003-12-31,SPY,0.061371931877842394
2003-12-31,EEM,0.046502230393202504
2003-12-31,XLB,0.04250766513961926
2003-12-31,XLI,0.04225342865356713
2003-12-31,QQQ,0.04057546757692264
2003-12-31,LQD,0.032794855633962144
2003-12-31,SHY,0.027236495283952156
2003-12-31,SMH,0.0268006779485857
2003-12-31,XLP,0.023095513089718998
2003-12-31,TLT,0.019975510150313056
2003-12-31,XLV,0.016819588779095826
2003-12-31,XLU,0.009919701818345934
2004-01-31,GLD,0.14038897799275174
2004-01-31,BIL,0.13634710068348876
2004-01-31,TIP,0.08864064120142791
2004-01-31,HYG,0.07376145380303428
2004-01-31,IWM,0.07149974980895187
2004-01-31,XLE,0.06391785239986618
2004-01-31,SPY,0.06159283161668617
2004-01-31,IEF,0.0435935248707231
2004-01-31,EEM,0.0418125322524184
2004-01-31,QQQ,0.03997841003296643
2004-01-31,XLB,0.039379358960455184
2004-01-31,XLI,0.0392090115358328
2004-01-31,LQD,0.032901507642586036
2004-01-31,SHY,0.030658268324370103
2004-01-31,SMH,0.025937028413624195
2004-01-31,XLP,0.025860845831580728
2004-01-31,XLV,0.022160914151311495
2004-01-31,TLT,0.012517800396612717
2004-01-31,XLU,0.009842190081311982
2004-02-29,BIL,0.19660894807513682
2004-02-29,TIP,0.1134640413491919
2004-02-29,XLE,0.07399201765958255
2004-02-29,IWM,0.07042882202108902
2004-02-29,IEF,0.06839225571922805
2004-02-29,HYG,0.05610039456979398
2004-02-29,SPY,0.049459705549203835
2004-02-29,EEM,0.04561571702935149
2004-02-29,XLI,0.04366289700595244
2004-02-29,SHY,0.041639202533274106
2004-02-29,XLB,0.04124948305785582
2004-02-29,XLP,0.039666015157456797
2004-02-29,XLV,0.03487264615264118
2004-02-29,QQQ,0.03145110290273742
2004-02-29,LQD,0.027754984230859186
2004-02-29,TLT,0.026991880307547973
2004-02-29,SMH,0.020717243168382846
2004-02-29,XLU,0.01793264351071467
2004-03-31,BIL,0.21997186388127715
2004-03-31,TIP,0.12951793901242753
2004-03-31,XLE,0.08448474645069036
2004-03-31,IWM,0.06835676557306326
2004-03-31,EEM,0.05281132842212061
2004-03-31,IEF,0.05127255002508001
2004-03-31,XLB,0.048259411246358734
2004-03-31,XLI,0.04654965930343054
2004-03-31,XLP,0.04527996437201049
2004-03-31,SHY,0.042704582074282245
2004-03-31,HYG,0.038843260890338224
2004-03-31,XLV,0.03514227552157295
2004-03-31,SPY,0.034478802681248505
2004-03-31,XLU,0.0240501143076187
2004-03-31,QQQ,0.022111352083881132
2004-03-31,TLT,0.021919270586938402
2004-03-31,LQD,0.019814902425944435
2004-03-31,SMH,0.01443121114171667
2004-04-30,BIL,0.39068754722922217
2004-04-30,TIP,0.10148586392366274
2004-04-30,XLE,0.06895547386598325
2004-04-30,IWM,0.05797998723964907
2004-04-30,IEF,0.046862297055133985
2004-04-30,EEM,0.042096477990369356
2004-04-30,XLI,0.03978242753834892
2004-04-30,XLB,0.03937579636023533
2004-04-30,XLP,0.037903452865457245
2004-04-30,HYG,0.03786249015288948
2004-04-30,SHY,0.03665748061507116
2004-04-30,SPY,0.03390827905305855
2004-04-30,XLV,0.02887891696480704
2004-04-30,LQD,0.018926271595217755
2004-04-30,XLU,0.01863723755089373
2004-05-31,BIL,0.382787547540799
2004-05-31,TIP,0.12605796712498235
2004-05-31,XLE,0.09890782149914519
2004-05-31,IWM,0.06530502960525934
2004-05-31,EEM,0.05366015780499812
2004-05-31,XLI,0.04956422459210424
2004-05-31,XLB,0.049036018347384136
2004-05-31,XLP,0.0363633894364084
2004-05-31,SHY,0.032298569711809506
2004-05-31,XLV,0.025386150192905597
2004-05-31,HYG,0.025043958492748614
2004-05-31,SPY,0.022702431269011992
2004-05-31,XLU,0.01848977708542406
2004-05-31,QQQ,0.01439695729701958
2004-06-30,BIL,0.33539520542140966
2004-06-30,TIP,0.14114197451238644
2004-06-30,XLE,0.11271091824621314
2004-06-30,IWM,0.07427013706418371
2004-06-30,EEM,0.06710694222003522
2004-06-30,XLI,0.06505909031052647
2004-06-30,XLB,0.06271233284808977
2004-06-30,XLP,0.03094311512344251
2004-06-30,SHY,0.028892525951777562
2004-06-30,XLV,0.022156209945161102
2004-06-30,XLU,0.01833410083237047
2004-06-30,HYG,0.016788693612000444
2004-06-30,SPY,0.015276517993118136
2004-06-30,QQQ,0.009212235919285359
2004-07-31,BIL,0.5110872779771338
2004-07-31,TIP,0.13612904881104199
2004-07-31,XLE,0.12586884572807458
2004-07-31,XLI,0.06603537144488142
2004-07-31,XLB,0.0638369983738066
2004-07-31,SHY,0.027999021358955045
2004-07-31,XLU,0.01880004559920213
2004-07-31,IEF,0.01488699968808904
2004-07-31,HYG,0.013208417739399276
2004-07-31,SPY,0.011375021906931848
2004-07-31,TLT,0.0055244982683255815
2004-07-31,LQD,0.005248453104158821
2004-08-31,BIL,0.39488516731322154
2004-08-31,XLE,0.142920984195638
2004-08-31,TIP,0.14178737838012617
2004-08-31,XLI,0.07251139780776177
2004-08-31,XLB,0.06467960945001439
2004-08-31,XLP,0.038013093648059826
2004-08-31,SHY,0.030060907055353074
2004-08-31,HYG,0.025394189297757743
2004-08-31,XLU,0.0253195838137462
2004-08-31,IEF,0.02294760589038756
2004-08-31,SPY,0.02152882347861602
2004-08-31,TLT,0.010227420972776286
2004-08-31,LQD,0.00972383869654152
2004-09-30,BIL,0.303244094420832
2004-09-30,TIP,0.129531177225233
2004-09-30,XLE,0.11902559518986684
2004-09-30,IWM,0.06522994285511428
2004-09-30,XLI,0.06081029263962831
2004-09-30,EEM,0.05999873218330007
2004-09-30,XLB,0.05686502696384466
2004-09-30,HYG,0.04451000484500999
2004-09-30,IEF,0.038798616478468086
2004-09-30,SPY,0.034755910097899655
2004-09-30,SHY,0.030181843866570083
2004-09-30,XLU,0.023234317764330374
2004-09-30,TLT,0.017078837286059093
2004-09-30,LQD,0.016735608183843523
2004-10-31,BIL,0.26014607575603
2004-10-31,GLD,0.12022887546762673
2004-10-31,TIP,0.09837772819570895
2004-10-31,XLE,0.09420799195889729
2004-10-31,IWM,0.06601887545198007
2004-10-31,HYG,0.05155484196283254
2004-10-31,XLI,0.051137079952391355
2004-10-31,EEM,0.049329731526043266
2004-10-31,XLB,0.04884180238844233
2004-10-31,SPY,0.040270943368535025
2004-10-31,IEF,0.027758552560354685
2004-10-31,SHY,0.024024253344987482
2004-10-31,QQQ,0.022546016076799735
2004-10-31,LQD,0.019531840771014882
2004-10-31,XLU,0.014613854045243995
2004-10-31,TLT,0.01141153717311155
2004-11-30,BIL,0.21728312289986185
2004-11-30,GLD,0.12296202758424732
2004-11-30,TIP,0.11238095905965424
2004-11-30,XLE,0.10279816824960844
2004-11-30,IWM,0.0699298942225929
2004-11-30,XLI,0.05906178763220295
2004-11-30,EEM,0.05595154199651296
2004-11-30,XLB,0.05249853421153526
2004-11-30,HYG,0.051014631950517426
2004-11-30,SPY,0.03679249496666867
2004-11-30,IEF,0.0310313088730422
2004-11-30,LQD,0.02163863816130122
2004-11-30,SHY,0.021247989157217748
2004-11-30,QQQ,0.019991440744669808
2004-11-30,XLU,0.014339936249047598
2004-11-30,TLT,0.011077524041319398
2004-12-31,BIL,0.18766901026664815
2004-12-31,TIP,0.1380640493011965
2004-12-31,GLD,0.12859608344229637
2004-12-31,XLE,0.11065578386479118
2004-12-31,IWM,0.06655640747403492
2004-12-31,XLI,0.061678845442976415
2004-12-31,EEM,0.06137193005028255
2004-12-31,XLB,0.05753452216869019
2004-12-31,HYG,0.029885348069909633
2004-12-31,SPY,0.02384557577010729
2004-12-31,XLP,0.02313851353879885
2004-12-31,SHY,0.022123333940703222
2004-12-31,IEF,0.019013962994306022
2004-12-31,XLU,0.017459802169821265
2004-12-31,XLV,0.01745284855108422
2004-12-31,QQQ,0.01423451923366007
2004-12-31,LQD,0.013787354032186259
2004-12-31,TLT,0.006932109688506879
2005-01-31,BIL,0.22996011634270522
2005-01-31,TIP,0.1397651809548847
2005-01-31,GLD,0.11018606013536325
2005-01-31,XLE,0.1034145162959951
2005-01-31,IWM,0.06460493906279613
2005-01-31,XLI,0.0570782572018519
2005-01-31,EEM,0.05607393028232507
2005-01-31,XLB,0.049960275106770584
2005-01-31,HYG,0.0297642323260983
2005-01-31,XLP,0.02809917232040176
2005-01-31,SHY,0.0257836013692464
2005-01-31,SPY,0.024389492968299963
2005-01-31,IEF,0.022330349037945195
2005-01-31,XLU,0.019515949891192676
2005-01-31,LQD,0.014928129958261373
2005-01-31,QQQ,0.014541871307853458
2005-01-31,TLT,0.009603925438008951
2005-02-28,BIL,0.23693239378826994
2005-02-28,TIP,0.13194390979939521
2005-02-28,GLD,0.10936265753323403
2005-02-28,XLE,0.08862080590725156
2005-02-28,IWM,0.055848724278515394
2005-02-28,XLI,0.05071488869890971
2005-02-28,EEM,0.048000976453856585
2005-02-28,XLB,0.046258358805675776
2005-02-28,HYG,0.03842095036883158
2005-02-28,IEF,0.03424498264437188
2005-02-28,XLP,0.03394603647861527
2005-02-28,SPY,0.02733558512071739
2005-02-28,XLV,0.020836283716950177
2005-02-28,LQD,0.01957028051615092
2005-02-28,XLU,0.018978675146404708
2005-02-28,TLT,0.016132565014728543
2005-02-28,QQQ,0.015013599322322373
2005-02-28,SMH,0.00783832640579899
2005-03-31,BIL,0.2972759100215206
2005-03-31,TIP,0.11581284616946666
2005-03-31,GLD,0.11481609469075706
2005-03-31,XLE,0.07496810315367042
2005-03-31,IWM,0.05307207150987671
2005-03-31,HYG,0.044833933382128724
2005-03-31,XLI,0.041637270280362564
2005-03-31,EEM,0.039802176681531416
2005-03-31,XLB,0.0379200435725314
2005-03-31,SPY,0.03408578774580222
2005-03-31,XLP,0.03160737319032235
2005-03-31,LQD,0.024017027557357205
2005-03-31,XLV,0.023381670492578534
2005-03-31,TLT,0.021642507647983856
2005-03-31,QQQ,0.018164354161820464
2005-03-31,XLU,0.01784322419264851
2005-03-31,SMH,0.009119605549641457
2005-04-30,BIL,0.3927721374367604
2005-04-30,TIP,0.10554497134624971
2005-04-30,GLD,0.0957624247985996
2005-04-30,XLE,0.06768259476327707
2005-04-30,IEF,0.05239926335006526
2005-04-30,SPY,0.039996804869705464
2005-04-30,SHY,0.03856160782364762
2005-04-30,XLI,0.037610081830632885
2005-04-30,XLP,0.03530181287040408
2005-04-30,EEM,0.033672323976990645
2005-04-30,XLV,0.02936741397820719
2005-04-30,TLT,0.028582137013011873
2005-04-30,LQD,0.024431241120637732
2005-04-30,XLU,0.018315184821810607
2005-05-31,BIL,0.3815563338009792
2005-05-31,TIP,0.1162044108778852
2005-05-31,XLE,0.06565260800073282
2005-05-31,IEF,0.06209187689303901
2005-05-31,SHY,0.04171663083208573
2005-05-31,IWM,0.03838243421216816
2005-05-31,TLT,0.03445939267436757
2005-05-31,XLI,0.03439500004333288
2005-05-31,HYG,0.03403603572639467
2005-05-31,EEM,0.03240355642899573
2005-05-31,XLP,0.03186263395043997
2005-05-31,SPY,0.029451922218980863
2005-05-31,XLV,0.028927311754290683
2005-05-31,LQD,0.023952946596705375
2005-05-31,XLU,0.020509567498807123
2005-05-31,QQQ,0.016251511517737172
2005-05-31,SMH,0.00814582697305787
2005-06-30,BIL,0.3240386759735485
2005-06-30,TIP,0.10146432183317361
2005-06-30,GLD,0.09763136578511092
2005-06-30,IEF,0.07507134935296328
2005-06-30,XLE,0.05639627274230176
2005-06-30,SHY,0.046176036222364006
2005-06-30,TLT,0.04140879536090959
2005-06-30,HYG,0.03962390859421379
2005-06-30,IWM,0.03934204821511509
2005-06-30,XLP,0.037158872262017625
2005-06-30,XLV,0.0326596252445362
2005-06-30,SPY,0.02937373444031857
2005-06-30,EEM,0.02744532145317263
2005-06-30,LQD,0.023193986889716214
2005-06-30,XLU,0.020701551601032923
2005-06-30,SMH,0.00831413402950524
2005-07-31,BIL,0.3055716791756052
2005-07-31,IEF,0.09581884413481076
2005-07-31,TIP,0.09177850815127393
2005-07-31,HYG,0.05491223903135274
2005-07-31,XLE,0.05390414707986516
2005-07-31,TLT,0.05033643070668304
2005-07-31,SHY,0.04785691532107677
2005-07-31,IWM,0.045723063122645874
2005-07-31,SPY,0.03970729653456554
2005-07-31,XLP,0.03342377598842879
2005-07-31,LQD,0.03209362878862282
2005-07-31,XLV,0.03094921930596461
2005-07-31,EEM,0.02671113571841098
2005-07-31,XLI,0.023829425869958062
2005-07-31,XLB,0.020238929726071216
2005-07-31,QQQ,0.020123639868880116
2005-07-31,XLU,0.0159092524977068
2005-07-31,SMH,0.011111868978077396
2005-08-31,BIL,0.2812644809044124
2005-08-31,GLD,0.10113033441123385
2005-08-31,TIP,0.07777006839126012
2005-08-31,IEF,0.06672272227754404
2005-08-31,XLE,0.05402595780262909
2005-08-31,SHY,0.04946267078033693
2005-08-31,IWM,0.046306767841999864
2005-08-31,TLT,0.046221953617746905
2005-08-31,HYG,0.04501882537497273
2005-08-31,XLP,0.04134715171552584
2005-08-31,SPY,0.040580090045631415
2005-08-31,XLV,0.03893378854639226
2005-08-31,EEM,0.028048364790396296
2005-08-31,QQQ,0.025524820401036208
2005-08-31,LQD,0.025444701811705668
2005-08-31,XLU,0.0182777981530406
2005-08-31,SMH,0.013919503134135789
2005-09-30,BIL,0.29240465290385387
2005-09-30,GLD,0.11722133473615015
2005-09-30,TIP,0.10802980361900623
2005-09-30,XLE,0.060572910274061566
2005-09-30,SHY,0.05775767943072178
2005-09-30,XLP,0.04646267884351744
2005-09-30,IEF,0.0442273413394273
2005-09-30,XLV,0.044132782568668955
2005-09-30,IWM,0.035494739332935926
2005-09-30,TLT,0.033528457130206656
2005-09-30,XLU,0.02935500559034922
2005-09-30,EEM,0.027675400678165173
2005-09-30,XLI,0.02621125877529962
2005-09-30,HYG,0.023505228782485305
2005-09-30,SPY,0.02035124717429111
2005-09-30,LQD,0.012895523788871792
2005-09-30,QQQ,0.012595928295881107
2005-09-30,SMH,0.007578026736106872
2005-10-31,BIL,0.45759524407296126
2005-10-31,TIP,0.13009623552915828
2005-10-31,GLD,0.1029848886903776
2005-10-31,XLE,0.06566907398975015
2005-10-31,SHY,0.061165727673664044
2005-10-31,XLP,0.056920761426559996
2005-10-31,XLU,0.038189202745249125
2005-10-31,IWM,0.031986641854917855
2005-10-31,EEM,0.028762683179387783
2005-10-31,SPY,0.01021144885490619
2005-10-31,HYG,0.010177242158522405
2005-10-31,QQQ,0.006240849824545157
2005-11-30,BIL,0.38726070934497847
2005-11-30,TIP,0.12033549975959476
2005-11-30,GLD,0.09175045863658758
2005-11-30,XLE,0.07546992258455883
2005-11-30,SHY,0.06288018760032466
2005-11-30,XLP,0.05647856342180671
2005-11-30,IWM,0.03949539346804023
2005-11-30,XLU,0.03482950551264044
2005-11-30,EEM,0.03399980581202617
2005-11-30,XLI,0.033180973873980654
2005-11-30,XLB,0.026324199516808002
2005-11-30,SPY,0.013269356766558124
2005-11-30,HYG,0.013248449947868241
2005-11-30,QQQ,0.007613906328610586
2005-11-30,SMH,0.0038630674256165845
2005-12-31,BIL,0.19606345887916873
2005-12-31,TIP,0.10551725013286656
2005-12-31,GLD,0.09314730033382322
2005-12-31,XLE,0.07988369272673096
2005-12-31,IEF,0.05832759343409294
2005-12-31,SHY,0.05023355378971481
2005-12-31,IWM,0.049625674747021564
2005-12-31,XLP,0.04311651304883207
2005-12-31,EEM,0.04103834515653466
2005-12-31,XLV,0.038957761047516165
2005-12-31,XLI,0.038227535086147894
2005-12-31,TLT,0.03682839338184571
2005-12-31,HYG,0.03500362959327505
2005-12-31,SPY,0.03463068760739788
2005-12-31,XLB,0.029990940124384465
2005-12-31,XLU,0.022395052026731806
2005-12-31,QQQ,0.01942864190432634
2005-12-31,LQD,0.014847155435534836
2005-12-31,SMH,0.012736821544054429
2006-01-31,BIL,0.2798804490995164
2006-01-31,GLD,0.1115152355239394
2006-01-31,TIP,0.07728787831267471
2006-01-31,XLE,0.0671187792578682
2006-01-31,HYG,0.06457969781672057
2006-01-31,SPY,0.06087956461889664
2006-01-31,IWM,0.05598602602377625
2006-01-31,SHY,0.04544855358411743
2006-01-31,EEM,0.03650465127619673
2006-01-31,XLP,0.03586230602130151
2006-01-31,XLI,0.03492012149529815
2006-01-31,XLV,0.03359435946930664
2006-01-31,XLB,0.032076813591578886
2006-01-31,QQQ,0.028909869359699893
2006-01-31,SMH,0.02163275380727505
2006-01-31,XLU,0.013802940741833566
2006-02-28,BIL,0.2128542736920119
2006-02-28,GLD,0.09139265069860689
2006-02-28,TIP,0.07716382057268453
2006-02-28,HYG,0.07058755720197549
2006-02-28,XLE,0.0667874540707925
2006-02-28,IWM,0.06571260363226707
2006-02-28,SPY,0.06352849348119516
2006-02-28,SHY,0.046076880600608584
2006-02-28,QQQ,0.041023335339555024
2006-02-28,XLI,0.03805923697246091
2006-02-28,EEM,0.03733056848693652
2006-02-28,XLB,0.034666886796156406
2006-02-28,TLT,0.03202650142568465
2006-02-28,XLP,0.030974268299113462
2006-02-28,XLV,0.030944062074196397
2006-02-28,SMH,0.024339492441216
2006-02-28,LQD,0.024221474355370684
2006-02-28,XLU,0.012310439859167823
2006-03-31,BIL,0.40683169830699173
2006-03-31,GLD,0.07723474976831224
2006-03-31,XLE,0.06882939755110708
2006-03-31,IWM,0.06677663145636202
2006-03-31,HYG,0.06200019342681586
2006-03-31,SPY,0.057447502435784836
2006-03-31,SHY,0.04565661445585788
2006-03-31,XLI,0.04206433007088555
2006-03-31,EEM,0.04140908358576552
2006-03-31,QQQ,0.03697210973747911
2006-03-31,XLV,0.032737422557195514
2006-03-31,XLP,0.032547626243548934
2006-03-31,XLB,0.029492640403893884
2006-04-30,BIL,0.3971480964991886
2006-04-30,GLD,0.08798366011214154
2006-04-30,XLE,0.06826291230531863
2006-04-30,IWM,0.06388744480789603
2006-04-30,HYG,0.05806146098266538
2006-04-30,SPY,0.05717714467639621
2006-04-30,SHY,0.05479917884004071
2006-04-30,XLI,0.0483598045084526
2006-04-30,EEM,0.040268964072901786
2006-04-30,XLP,0.036339865693723675
2006-04-30,XLB,0.03570346041153811
2006-04-30,QQQ,0.03440603405739685
2006-04-30,SMH,0.017601973032339784
2006-05-31,BIL,0.45184649079335865
2006-05-31,GLD,0.10009568181521152
2006-05-31,SHY,0.06479335268238391
2006-05-31,XLE,0.05959117767185243
2006-05-31,IWM,0.055991079817399377
2006-05-31,HYG,0.05529183345393975
2006-05-31,SPY,0.050832402852413965
2006-05-31,XLP,0.04328485957564127
2006-05-31,XLI,0.03785275749292294
2006-05-31,XLB,0.03261261479761989
2006-05-31,EEM,0.03251566034145079
2006-05-31,XLU,0.015292088705805531
2006-06-30,BIL,0.4552191204870699
2006-06-30,GLD,0.10067533121050012
2006-06-30,SHY,0.07157259650701325
2006-06-30,XLE,0.06355909291055635
2006-06-30,IWM,0.05102798710932963
2006-06-30,XLP,0.049149968491599846
2006-06-30,HYG,0.04243744886697682
2006-06-30,XLI,0.04116173462426425
2006-06-30,SPY,0.03757697543934371
2006-06-30,XLB,0.03373534529491174
2006-06-30,EEM,0.032871862533724025
2006-06-30,XLU,0.021012536524710402
2006-07-31,BIL,0.33128621128252306
2006-07-31,TIP,0.10179668298166712
2006-07-31,GLD,0.09364270851121517
2006-07-31,SHY,0.07292361937170443
2006-07-31,IEF,0.06571980978584797
2006-07-31,XLE,0.06387384432381865
2006-07-31,XLP,0.052537084018969865
2006-07-31,HYG,0.04109974229048448
2006-07-31,SPY,0.038395273682872315
2006-07-31,XLV,0.03587478596843562
2006-07-31,XLB,0.0338491364048838
2006-07-31,EEM,0.03213814167231114
2006-07-31,XLU,0.0197994477536136
2006-07-31,LQD,0.017063511951652902
2006-08-31,BIL,0.24270005974322215
2006-08-31,TIP,0.102931848343448
2006-08-31,GLD,0.09959875527568005
2006-08-31,SHY,0.07884836350751212
2006-08-31,IEF,0.07642915941705578
2006-08-31,XLP,0.057997731929521165
2006-08-31,XLE,0.05394626516054878
2006-08-31,HYG,0.04007439999254333
2006-08-31,TLT,0.038685219784079954
2006-08-31,IWM,0.038674475957924344
2006-08-31,XLV,0.03848538081197766
2006-08-31,SPY,0.03564533641909004
2006-08-31,XLB,0.028171211452285724
2006-08-31,EEM,0.026894590884137072
2006-08-31,XLU,0.02246303835563558
2006-08-31,LQD,0.0184541629653384
2006-09-30,BIL,0.22993622793972168
2006-09-30,GLD,0.11259755665253725
2006-09-30,IEF,0.09043029482615383
2006-09-30,SHY,0.0833491587809039
2006-09-30,TIP,0.07059526906383506
2006-09-30,XLP,0.0639935123559107
2006-09-30,HYG,0.051845398072328776
2006-09-30,TLT,0.04702886487902091
2006-09-30,XLV,0.046201526908938965
2006-09-30,SPY,0.04577805792296902
2006-09-30,IWM,0.03548094543854869
2006-09-30,LQD,0.02607024970684688
2006-09-30,QQQ,0.022839808328662455
2006-09-30,XLI,0.020943029345919694
2006-09-30,XLB,0.01930148095379668
2006-09-30,EEM,0.017835468584909846
2006-09-30,XLU,0.01577315023899566
2006-10-31,BIL,0.1906338234783902
2006-10-31,IEF,0.13169313428514576
2006-10-31,GLD,0.10050933347894109
2006-10-31,SHY,0.09093110953965379
2006-10-31,HYG,0.06958157920103779
2006-10-31,TLT,0.06886590004256647
2006-10-31,XLP,0.06538952030599722
2006-10-31,SPY,0.06403221703805369
2006-10-31,XLV,0.053149593436767166
2006-10-31,LQD,0.033865414409509076
2006-10-31,IWM,0.03135856450646657
2006-10-31,QQQ,0.031240448674884604
2006-10-31,TIP,0.027100018396116383
2006-10-31,XLE,0.010411924923212725
2006-10-31,XLI,0.009464902505620262
2006-10-31,XLB,0.008266582512281124
2006-10-31,EEM,0.007219851594882458
2006-10-31,XLU,0.006286081670473548
2006-11-30,BIL,0.15545381897673452
2006-11-30,IEF,0.12155529418005921
2006-11-30,HYG,0.09113944038547886
2006-11-30,SPY,0.08936044339708496
2006-11-30,GLD,0.08489530903453195
2006-11-30,SHY,0.0695144563719992
2006-11-30,TLT,0.06613086661329384
2006-11-30,XLP,0.05247433547730732
2006-11-30,IWM,0.04667246874664857
2006-11-30,QQQ,0.045971778639885094
2006-11-30,XLV,0.04516074179207069
2006-11-30,LQD,0.036970043683514094
2006-11-30,TIP,0.021990833025410498
2006-11-30,SMH,0.02165326363974016
2006-11-30,XLE,0.01574183323533702
2006-11-30,XLI,0.010905748600114867
2006-11-30,XLB,0.009750872285894652
2006-11-30,EEM,0.009124976307834157
2006-11-30,XLU,0.00553347560706043
2006-12-31,BIL,0.166147317632595
2006-12-31,IEF,0.11273906317374992
2006-12-31,HYG,0.10538141457916438
2006-12-31,SPY,0.10139610707976404
2006-12-31,GLD,0.08668573560565954
2006-12-31,SHY,0.06687148517703644
2006-12-31,TLT,0.06116649075947978
2006-12-31,QQQ,0.04954776675113184
2006-12-31,IWM,0.048828977505560485
2006-12-31,XLP,0.0481336204409539
2006-12-31,XLV,0.04224126185344148
2006-12-31,LQD,0.03621545827239654
2006-12-31,TIP,0.019781795249496584
2006-12-31,XLE,0.018623044398212742
2006-12-31,XLI,0.011266872741197176
2006-12-31,XLB,0.010348738291833852
2006-12-31,EEM,0.009705599093424628
2006-12-31,XLU,0.004919251394901537
2007-01-31,BIL,0.13819653760708459
2007-01-31,GLD,0.09485694301221044
2007-01-31,HYG,0.08943610941384636
2007-01-31,IEF,0.08888385842635077
2007-01-31,SPY,0.083695041455942
2007-01-31,SHY,0.06426055760433615
2007-01-31,IWM,0.056638633091514394
2007-01-31,TIP,0.04610523228606029
2007-01-31,XLP,0.04507031351761738
2007-01-31,QQQ,0.0420477404004592
2007-01-31,TLT,0.0407368625852907
2007-01-31,XLE,0.038884582843235475
2007-01-31,XLV,0.03484659289178513
2007-01-31,LQD,0.03276474883953236
2007-01-31,XLI,0.025679483537497497
2007-01-31,XLB,0.02448942323292804
2007-01-31,EEM,0.022744302132045043
2007-01-31,SMH,0.01989543547411361
2007-01-31,XLU,0.010767601648150636
2007-02-28,BIL,0.1133585315394189
2007-02-28,HYG,0.08696764540305739
2007-02-28,SPY,0.08225811968522591
2007-02-28,IEF,0.0758777937516226
2007-02-28,GLD,0.0728317815022464
2007-02-28,IWM,0.05859761874025468
2007-02-28,TIP,0.0547513278657846
2007-02-28,SHY,0.05076253502606667
2007-02-28,DBC,0.047281482829142574
2007-02-28,XLP,0.04041359878046445
2007-02-28,QQQ,0.040321765630967836
2007-02-28,XLI,0.03903615564630038
2007-02-28,XLE,0.037797288062714214
2007-02-28,XLB,0.03457705132554513
2007-02-28,LQD,0.0318707180481566
2007-02-28,TLT,0.028933938607099075
2007-02-28,XLV,0.028583631314352844
2007-02-28,EEM,0.027607738608412723
2007-02-28,SMH,0.018980581185902956
2007-02-28,XHB,0.0184209611476823
2007-02-28,XLU,0.010769735299581827
2007-03-31,BIL,0.12940254801207735
2007-03-31,GLD,0.10047563239703418
2007-03-31,TIP,0.07330503259657939
2007-03-31,HYG,0.07147659411624442
2007-03-31,SPY,0.06905913818439977
2007-03-31,DBC,0.06771179391429323
2007-03-31,IWM,0.06150545024333
2007-03-31,XLE,0.05965986411832129
2007-03-31,IEF,0.049623487000102204
2007-03-31,XLI,0.048403126399332135
2007-03-31,XLB,0.04763943098968659
2007-03-31,SHY,0.040442838569377595
2007-03-31,EEM,0.038163120473614254
2007-03-31,XLP,0.03283960922768244
2007-03-31,QQQ,0.03251894117906541
2007-03-31,LQD,0.02781274882208761
2007-03-31,XLV,0.021314454254562475
2007-03-31,TLT,0.016883368653230525
2007-03-31,XLU,0.011762820848978894
2007-04-30,BIL,0.09871178415528283
2007-04-30,GLD,0.09369429274890244
2007-04-30,TIP,0.08289174124880458
2007-04-30,HYG,0.08158700769477807
2007-04-30,SPY,0.07097395039518506
2007-04-30,DBC,0.06828661113503866
2007-04-30,XLE,0.06731428805876803
2007-04-30,IWM,0.05847247200370697
2007-04-30,XLB,0.05052066735145125
2007-04-30,IEF,0.04823567366550965
2007-04-30,XLI,0.04711588358794906
2007-04-30,EEM,0.042874976352896936
2007-04-30,SHY,0.03710220175621856
2007-04-30,LQD,0.031048250654730332
2007-04-30,QQQ,0.03006296305705813
2007-04-30,XLP,0.028601269914596508
2007-04-30,XLV,0.018938657406829054
2007-04-30,SMH,0.0172654275155644
2007-04-30,TLT,0.015729667048846863
2007-04-30,XLU,0.010572214247882607
2007-05-31,BIL,0.1405974308606506
2007-05-31,TIP,0.08509921752234977
2007-05-31,HYG,0.07605761367285784
2007-05-31,IEF,0.07281664955775179
2007-05-31,SPY,0.06700233251855477
2007-05-31,XLE,0.06118237893746005
2007-05-31,IWM,0.05450002340063009
2007-05-31,GLD,0.05154565157072199
2007-05-31,DBC,0.05127730328103014
2007-05-31,SHY,0.04703742271186366
2007-05-31,XLB,0.04395678907870579
2007-05-31,XLI,0.04164655761326785
2007-05-31,EEM,0.03675942517368721
2007-05-31,QQQ,0.03583273275940903
2007-05-31,XLP,0.03566742395592043
2007-05-31,XLV,0.029779046165443898
2007-05-31,LQD,0.02835644745254416
2007-05-31,SMH,0.016285737222447395
2007-05-31,XLU,0.012845076255455324
2007-05-31,XHB,0.011754740289248326
2007-06-30,BIL,0.24988910072842313
2007-06-30,TIP,0.08572057511530681
2007-06-30,XLE,0.06654749580516475
2007-06-30,HYG,0.058649100713065755
2007-06-30,IWM,0.05860405181659584
2007-06-30,SPY,0.057803721474266115
2007-06-30,GLD,0.055157515303434934
2007-06-30,DBC,0.053104892133718766
2007-06-30,SHY,0.05041855793280873
2007-06-30,XLB,0.043627714940761245
2007-06-30,XLI,0.04311135684824745
2007-06-30,EEM,0.039576895255438935
2007-06-30,XLP,0.03490189994924363
2007-06-30,QQQ,0.03384639289571645
2007-06-30,XLV,0.029559473407673665
2007-06-30,SMH,0.01692583408096157
2007-06-30,XLU,0.01469637553538618
2007-06-30,FXF,0.007859046063785985
2007-07-31,BIL,0.35775740702703235
2007-07-31,TIP,0.08085609613544817
2007-07-31,IEF,0.06565752605871958
2007-07-31,GLD,0.06289759912356777
2007-07-31,XLE,0.061943328664315574
2007-07-31,SPY,0.05816052843852926
2007-07-31,DBC,0.05230269635002148
2007-07-31,SHY,0.05146581886131313
2007-07-31,XLI,0.04334239943760073
2007-07-31,XLB,0.041708103451458665
2007-07-31,EEM,0.03734674966133136
2007-07-31,QQQ,0.03518139827050493
2007-07-31,TLT,0.02654057419617597
2007-07-31,SMH,0.018194948137924754
2007-07-31,FXF,0.006644826186056216
2007-08-31,BIL,0.2832877357947497
2007-08-31,IEF,0.13129407597630388
2007-08-31,TIP,0.11115497942909822
2007-08-31,GLD,0.0800362946482262
2007-08-31,SHY,0.0766339474038844
2007-08-31,XLP,0.05282139678903226
2007-08-31,TLT,0.05235132105849377
2007-08-31,LQD,0.04481487384076233
2007-08-31,SPY,0.028591316679734947
2007-08-31,XLE,0.02024526767133902
2007-08-31,HYG,0.01883834548025081
2007-08-31,QQQ,0.018013898913458806
2007-08-31,DBC,0.017429733510172303
2007-08-31,XLI,0.015646640691078538
2007-08-31,XLB,0.013835158155006792
2007-08-31,EEM,0.012420463848427156
2007-08-31,FXF,0.012273846266640744
2007-08-31,SMH,0.010310703843340114
2007-09-30,BIL,0.21117970714602477
2007-09-30,IEF,0.1364854249879686
2007-09-30,TIP,0.09335067518246429
2007-09-30,GLD,0.09198612484617556
2007-09-30,SHY,0.07259322479811076
2007-09-30,XLP,0.05292863671767637
2007-09-30,TLT,0.04980441303681163
2007-09-30,LQD,0.045190245789754516
2007-09-30,XLV,0.03906774956341304
2007-09-30,SPY,0.030210181811955776
2007-09-30,HYG,0.02343098849838269
2007-09-30,IWM,0.022163538221055462
2007-09-30,XLE,0.020831992988268842
2007-09-30,QQQ,0.018745350947532272
2007-09-30,DBC,0.016039608797894584
2007-09-30,XLU,0.015528275563594941
2007-09-30,XLI,0.014357554262368028
2007-09-30,XLB,0.012365944531980547
2007-09-30,FXF,0.012059108254544273
2007-09-30,EEM,0.011575956182109907
2007-09-30,SMH,0.010105297871913183
2007-10-31,BIL,0.24168607947989548
2007-10-31,GLD,0.12616286227928403
2007-10-31,TIP,0.1225500370103109
2007-10-31,IEF,0.07621626480122007
2007-10-31,SHY,0.0725939732186516
2007-10-31,XLP,0.05442352188020631
2007-10-31,XLV,0.0377445798111912
2007-10-31,TLT,0.030181839935794524
2007-10-31,XLE,0.028781908885710434
2007-10-31,LQD,0.027969720750513405
2007-10-31,DBC,0.027239277331927055
2007-10-31,XLU,0.02214587133918107
2007-10-31,IWM,0.021514683890141186
2007-10-31,SPY,0.01982291971579735
2007-10-31,XLI,0.019019503193718156
2007-10-31,XLB,0.016784306166783416
2007-10-31,HYG,0.016090985334099524
2007-10-31,EEM,0.015174961882883475
2007-10-31,QQQ,0.012782477468056639
2007-10-31,FXF,0.011114225624634039
2007-11-30,BIL,0.3053459025173982
2007-11-30,TIP,0.13231914490811783
2007-11-30,GLD,0.07823295071693294
2007-11-30,SHY,0.07135928074132836
2007-11-30,IEF,0.0710683327195037
2007-11-30,XLP,0.06053744890466673
2007-11-30,XLV,0.04441888815330217
2007-11-30,TLT,0.03667059774611594
2007-11-30,DBC,0.035936070136584695
2007-11-30,XLE,0.03465248827081915
2007-11-30,XLU,0.03152273484085036
2007-11-30,XLI,0.019050596797762397
2007-11-30,XLB,0.017670455427221576
2007-11-30,EEM,0.015739478628810012
2007-11-30,LQD,0.012303481426898435
2007-11-30,SPY,0.010293942045170958
2007-11-30,HYG,0.008428497002660015
2007-11-30,FXF,0.0079416867384545
2007-11-30,QQQ,0.006508022277402032
2007-12-31,BIL,0.3213430790289099
2007-12-31,TIP,0.14531322304232222
2007-12-31,SHY,0.07400625495233737
2007-12-31,GLD,0.0696836304586994
2007-12-31,IEF,0.06678388966977036
2007-12-31,XLP,0.06524457649686528
2007-12-31,XLV,0.04593010387791839
2007-12-31,TLT,0.03876042960282287
2007-12-31,DBC,0.036309901126066794
2007-12-31,XLU,0.03614024060265711
2007-12-31,XLE,0.03307395021100409
2007-12-31,XLI,0.01625280907248808
2007-12-31,XLB,0.015388571403725022
2007-12-31,EEM,0.01368268222667701
2007-12-31,LQD,0.007673646845187782
2007-12-31,FXF,0.005919678527530057
2007-12-31,HYG,0.004712947558418138
2007-12-31,QQQ,0.003780385296600261
2008-01-31,BIL,0.5474476964969088
2008-01-31,TIP,0.12429825024812821
2008-01-31,IEF,0.08453447322055045
2008-01-31,SHY,0.07812043625050247
2008-01-31,GLD,0.06463477425667902
2008-01-31,TLT,0.052751752243498706
2008-01-31,DBC,0.02907596258666495
2008-01-31,LQD,0.009822524681252722
2008-01-31,FXF,0.009314130015814787
2008-02-29,BIL,0.48133948547559957
2008-02-29,GLD,0.1743956128653347
2008-02-29,TIP,0.13704173892287624
2008-02-29,SHY,0.08283447564406284
2008-02-29,DBC,0.029139483771336364
2008-02-29,XLE,0.024272288344750863
2008-02-29,IEF,0.02229289347112422
2008-02-29,TLT,0.013958649213245316
2008-02-29,XLB,0.009437607491539018
2008-02-29,FXF,0.008892566858808187
2008-02-29,LQD,0.008846160809399145
2008-02-29,FXY,0.007549037131923572
2008-03-31,BIL,0.4430133798936409
2008-03-31,GLD,0.18123345296641102
2008-03-31,TIP,0.09007267605526112
2008-03-31,SHY,0.0851177178698754
2008-03-31,XLP,0.05887005463651985
2008-03-31,IEF,0.03699385154621406
2008-03-31,TLT,0.023980642741556722
2008-03-31,DBC,0.021794180287312656
2008-03-31,XLE,0.017761009456656318
2008-03-31,FXF,0.015633032686331802
2008-03-31,FXY,0.014539297401383124
2008-03-31,LQD,0.010990704458836757
2008-04-30,BIL,0.3682086521720568
2008-04-30,GLD,0.16665085500511476
2008-04-30,SHY,0.09372795818263269
2008-04-30,TIP,0.0884712716160982
2008-04-30,XLP,0.06156593601881061
2008-04-30,IEF,0.051402028488426024
2008-04-30,TLT,0.03432985729349566
2008-04-30,DBC,0.023800209779916672
2008-04-30,XLU,0.019680327845684516
2008-04-30,XLE,0.01890009401553179
2008-04-30,FXF,0.0171134957522772
2008-04-30,FXY,0.016090848419848314
2008-04-30,LQD,0.011584862693613978
2008-04-30,HYG,0.007468396556829689
2008-04-30,XLI,0.0070983310939368065
2008-04-30,XLB,0.006485212233608657
2008-04-30,EEM,0.005801404867427034
2008-04-30,XHB,0.0016202579646905982
2008-05-31,BIL,0.3434817009305125
2008-05-31,GLD,0.098277006614846
2008-05-31,TIP,0.08486277563972475
2008-05-31,SHY,0.07229022882821338
2008-05-31,DBC,0.06731159960429597
2008-05-31,XLE,0.05681616276008354
2008-05-31,IEF,0.056378283198087034
2008-05-31,XLP,0.047620901620092956
2008-05-31,IWM,0.02511282261310203
2008-05-31,XLI,0.02367551459722494
2008-05-31,XLB,0.022770670973720243
2008-05-31,HYG,0.02111129844012459
2008-05-31,EEM,0.019996257876814878
2008-05-31,XLU,0.016749439397553044
2008-05-31,QQQ,0.013234047945422727
2008-05-31,FXF,0.01198117212780331
2008-05-31,FXY,0.011439204766960314
2008-05-31,SMH,0.006890912065417623
2008-06-30,BIL,0.44953559989975955
2008-06-30,GLD,0.115041140048057
2008-06-30,TIP,0.09940003531068944
2008-06-30,DBC,0.07959993380132253
2008-06-30,SHY,0.07159775242309192
2008-06-30,XLE,0.06643873072930721
2008-06-30,IEF,0.03356478875539982
2008-06-30,XLB,0.025199795245751912
2008-06-30,TLT,0.021491299291456795
2008-06-30,XLU,0.02122225762201563
2008-06-30,FXF,0.008645024082046622
2008-06-30,FXY,0.008263642791101752
2008-07-31,BIL,0.5280527380344393
2008-07-31,TIP,0.1207086232578084
2008-07-31,GLD,0.09924883203988288
2008-07-31,SHY,0.09216460253413586
2008-07-31,IEF,0.06843349739010489
2008-07-31,TLT,0.046104625843708925
2008-07-31,DBC,0.03333811413989037
2008-07-31,FXF,0.011948966760029388
2008-08-31,BIL,0.49221919188450486
2008-08-31,TIP,0.10879924688684106
2008-08-31,IEF,0.10641789352675957
2008-08-31,SHY,0.09867170769850124
2008-08-31,TLT,0.06798096842950137
2008-08-31,XLP,0.0634493610408701
2008-08-31,UUP,0.02977720220670225
2008-08-31,DBC,0.022220873097758404
2008-08-31,IWM,0.008863926244963734
2008-08-31,XHB,0.0015996289835974458
2008-09-30,BIL,0.543275779906936
2008-09-30,IEF,0.15084549523434126
2008-09-30,SHY,0.10646953217851331
2008-09-30,TLT,0.10466656639033284
2008-09-30,XLP,0.07051266747411734
2008-09-30,UUP,0.02239178556809174
2008-09-30,XHB,0.0018381732476674692
2008-10-31,BIL,0.4742558431165368
2008-10-31,IEF,0.19921684654451216
2008-10-31,TLT,0.15447792183947312
2008-10-31,SHY,0.13029149119978006
2008-10-31,FXY,0.034379479813500764
2008-10-31,UUP,0.0073784174861969976
2008-11-30,BIL,0.4627731857645172
2008-11-30,IEF,0.1971744149658088
2008-11-30,TLT,0.1514556892210969
2008-11-30,SHY,0.1442693332464884
2008-11-30,FXY,0.041263649067679715
2008-11-30,UUP,0.003063727734408992
2008-12-31,BIL,0.3797219304029214
2008-12-31,IEF,0.19082509527981573
2008-12-31,TLT,0.15554408480525914
2008-12-31,SHY,0.14901650219253468
2008-12-31,GLD,0.04266012720248374
2008-12-31,FXY,0.04095745777804023
2008-12-31,FXF,0.035035184631164513
2008-12-31,LQD,0.003886435430467354
2008-12-31,UUP,0.0023531822773133365
2009-01-31,BIL,0.4639082902238737
2009-01-31,IEF,0.16636794045969472
2009-01-31,SHY,0.13835194087614575
2009-01-31,TLT,0.1319915286487116
2009-01-31,GLD,0.05443975983039778
2009-01-31,FXY,0.03787094421545801
2009-01-31,UUP,0.004011735134242228
2009-01-31,LQD,0.0030578606114762185
2009-02-28,BIL,0.46791657153865096
2009-02-28,IEF,0.15802696352787127
2009-02-28,SHY,0.14235541224613157
2009-02-28,TLT,0.12564265689703902
2009-02-28,GLD,0.0628375693195154
2009-02-28,FXY,0.03637783124048032
2009-02-28,UUP,0.006842995230311483
2009-03-31,BIL,0.463925636624282
2009-03-31,IEF,0.16040956978390283
2009-03-31,SHY,0.14076238315635614
2009-03-31,TLT,0.12443790710211905
2009-03-31,GLD,0.04644696017429338
2009-03-31,FXY,0.03178944001349065
2009-03-31,TIP,0.017499474966990815
2009-03-31,UUP,0.011614506986592514
2009-03-31,LQD,0.003114121191972666
2009-04-30,BIL,0.5372020471398058
2009-04-30,GLD,0.17356725108919432
2009-04-30,SHY,0.12939861140782735
2009-04-30,IEF,0.05378334465961022
2009-04-30,TIP,0.03802016469380781
2009-04-30,UUP,0.022568701967953433
2009-04-30,HYG,0.018687284963244247
2009-04-30,QQQ,0.015930203589943764
2009-04-30,LQD,0.005681665667020957
2009-04-30,EEM,0.005160724821592157
2009-05-31,BIL,0.5001350482248361
2009-05-31,GLD,0.13422076371459427
2009-05-31,SHY,0.10822878200127745
2009-05-31,TIP,0.08322162366504164
2009-05-31,XLE,0.054094488235126366
2009-05-31,XLB,0.019402827383009226
2009-05-31,SPY,0.018583364206497796
2009-05-31,EEM,0.0172925469882434
2009-05-31,HYG,0.016508896743633244
2009-05-31,QQQ,0.013888895965837167
2009-05-31,FXY,0.01071316183308853
2009-05-31,FXF,0.009234921114058095
2009-05-31,SMH,0.008339775422331372
2009-05-31,LQD,0.006134904502425434
2009-06-30,BIL,0.32803969332243804
2009-06-30,GLD,0.10252829767161338
2009-06-30,TIP,0.09164758307502482
2009-06-30,SHY,0.08501290416460178
2009-06-30,XLE,0.05998795442442683
2009-06-30,DBC,0.05831858567004886
2009-06-30,IWM,0.04044232250316338
2009-06-30,XLP,0.03918508456119682
2009-06-30,XLV,0.03003509445537904
2009-06-30,XLB,0.026932526583584623
2009-06-30,EEM,0.026540582833230738
2009-06-30,XLI,0.025365118795856095
2009-06-30,SPY,0.018870313631569526
2009-06-30,XLU,0.01726044306746258
2009-06-30,HYG,0.015951491466191358
2009-06-30,QQQ,0.01343611675087601
2009-06-30,SMH,0.007695271422440361
2009-06-30,LQD,0.006910856181096426
2009-06-30,FXF,0.005839759419799396
2009-07-31,BIL,0.3536811185609504
2009-07-31,TIP,0.0982827482972616
2009-07-31,GLD,0.08917430426656772
2009-07-31,SHY,0.06722333291375078
2009-07-31,XLE,0.05256204476538448
2009-07-31,DBC,0.04921538152859613
2009-07-31,IWM,0.0444697386938185
2009-07-31,XLP,0.03057541361422967
2009-07-31,XLI,0.02902194550817087
2009-07-31,EEM,0.02811882405549294
2009-07-31,XLB,0.027483286207466793
2009-07-31,XLV,0.02373843970336959
2009-07-31,SPY,0.02207566221493737
2009-07-31,HYG,0.019112604187819637
2009-07-31,QQQ,0.015825668595893187
2009-07-31,XLU,0.012659874102802785
2009-07-31,LQD,0.011118273225135807
2009-07-31,SMH,0.008868054338380454
2009-07-31,XHB,0.0060568575841461764
2009-07-31,FXY,0.005981501368250634
2009-07-31,FXF,0.004754926267574458
2009-08-31,BIL,0.3890160844839043
2009-08-31,TIP,0.09361366057923631
2009-08-31,GLD,0.07923695997624067
2009-08-31,XLE,0.04722252034534449
2009-08-31,SHY,0.04411935693798104
2009-08-31,IWM,0.04411110632916338
2009-08-31,DBC,0.04153405845167709
2009-08-31,EEM,0.030328822398927723
2009-08-31,SPY,0.02964411093545698
2009-08-31,XLB,0.029050839575100112
2009-08-31,XLI,0.02900747875414302
2009-08-31,HYG,0.027487443390674653
2009-08-31,QQQ,0.021886925141713358
2009-08-31,LQD,0.01983375117502171
2009-08-31,XLP,0.01967815572804549
2009-08-31,XLV,0.01522720140863327
2009-08-31,SMH,0.01445609653659516
2009-08-31,XHB,0.008522072119733833
2009-08-31,XLU,0.0075023608709555495
2009-08-31,FXY,0.004757168572394487
2009-08-31,FXF,0.0037638262890572964
2009-09-30,BIL,0.3478387000218392
2009-09-30,TIP,0.09892899348301552
2009-09-30,GLD,0.0808935759292327
2009-09-30,IEF,0.04855698561954933
2009-09-30,XLE,0.0471367490972003
2009-09-30,IWM,0.04485015150443798
2009-09-30,DBC,0.04089353095640749
2009-09-30,SHY,0.0347998230357238
2009-09-30,EEM,0.033369026017478
2009-09-30,XLB,0.03001906650442397
2009-09-30,SPY,0.02995665105681581
2009-09-30,XLI,0.02994744213511663
2009-09-30,HYG,0.026976393210706676
2009-09-30,QQQ,0.021108013348782345
2009-09-30,LQD,0.020985655472910956
2009-09-30,XLP,0.016119518330345937
2009-09-30,SMH,0.013664663148561339
2009-09-30,XLV,0.01246452999041184
2009-09-30,XHB,0.008026350943287661
2009-09-30,XLU,0.006418652998008647
2009-09-30,FXY,0.003795756369121016
2009-09-30,FXF,0.0032497708266226136
2009-10-31,BIL,0.35033012181176904
2009-10-31,TIP,0.10537867547085689
2009-10-31,GLD,0.09543720924051972
2009-10-31,XLE,0.04923692614886975
2009-10-31,DBC,0.04198118137991342
2009-10-31,IWM,0.04128632721247561
2009-10-31,EEM,0.03858066109551922
2009-10-31,SHY,0.038446116328727874
2009-10-31,XLB,0.03420229177297838
2009-10-31,XLI,0.030282725760291857
2009-10-31,IEF,0.028619213936014524
2009-10-31,HYG,0.0223997008186195
2009-10-31,SPY,0.022151466692472314
2009-10-31,QQQ,0.019273057812995417
2009-10-31,XLP,0.018162285796082214
2009-10-31,LQD,0.017136068972074005
2009-10-31,XLV,0.015061102149885429
2009-10-31,SMH,0.010995212617414287
2009-10-31,XLU,0.00843029562176253
2009-10-31,XHB,0.005465120190328284
2009-10-31,FXY,0.0038595471577715958
2009-10-31,FXF,0.0032846920126579533
2009-11-30,BIL,0.39777604000384115
2009-11-30,TIP,0.10286251266212718
2009-11-30,GLD,0.08906230388202392
2009-11-30,XLE,0.05820107217122701
2009-11-30,DBC,0.040875985409208955
2009-11-30,IWM,0.0392491750171074
2009-11-30,EEM,0.03870229580657969
2009-11-30,XLB,0.03733243823008728
2009-11-30,XLI,0.03007579224792285
2009-11-30,SHY,0.027124282353166093
2009-11-30,SPY,0.018835131176117903
2009-11-30,IEF,0.01751947886322242
2009-11-30,XLP,0.017235864360297008
2009-11-30,HYG,0.01677248573244771
2009-11-30,QQQ,0.014648438793991985
2009-11-30,LQD,0.012141939826343439
2009-11-30,XLV,0.01196431919462859
2009-11-30,SMH,0.009069844623108152
2009-11-30,XLU,0.007480208453502634
2009-11-30,TLT,0.004367040976119722
2009-11-30,XHB,0.004207276697852655
2009-11-30,FXF,0.002268298425302494
2009-11-30,FXY,0.0022277750937736702
2009-12-31,BIL,0.4496893004343468
2009-12-31,TIP,0.09910881027997408
2009-12-31,GLD,0.07414105881698543
2009-12-31,XLE,0.05654648901199918
2009-12-31,DBC,0.047349246260739206
2009-12-31,IWM,0.04597320255439537
2009-12-31,XLB,0.04176763772274509
2009-12-31,EEM,0.04173063792317893
2009-12-31,XLI,0.037189142352696006
2009-12-31,SHY,0.018961376427555892
2009-12-31,SPY,0.01439698165726743
2009-12-31,HYG,0.012059105369173274
2009-12-31,XLP,0.01134137836248297
2009-12-31,QQQ,0.01111421249455946
2009-12-31,XLV,0.010203702877987334
2009-12-31,LQD,0.009133625219667634
2009-12-31,SMH,0.007089765482595991
2009-12-31,XLU,0.006087282648024554
2009-12-31,XHB,0.0038924156931005116
2009-12-31,FXF,0.0011528811514923706
2009-12-31,FXY,0.0010717472590323605
2010-01-31,BIL,0.43096958151088993
2010-01-31,TIP,0.09841635072455633
2010-01-31,GLD,0.07372799499539295
2010-01-31,XLE,0.06780872645870005
2010-01-31,IWM,0.05522427057991529
2010-01-31,XLB,0.04650940846231677
2010-01-31,EEM,0.045681840754888424
2010-01-31,XLI,0.042689728790809775
2010-01-31,SHY,0.02098726012163794
2010-01-31,SPY,0.017262295095961527
2010-01-31,HYG,0.013918277066294959
2010-01-31,QQQ,0.013005773870173003
2010-01-31,XLP,0.012555251213535608
2010-01-31,IEF,0.012493732703137094
2010-01-31,XLV,0.009976383355716618
2010-01-31,UUP,0.009250585994972077
2010-01-31,SMH,0.008255033955046662
2010-01-31,LQD,0.008184705051100773
2010-01-31,XLU,0.006978640512366471
2010-01-31,XHB,0.004964527718339114
2010-01-31,FXY,0.001139631064248545
2010-02-28,BIL,0.4122387212335276
2010-02-28,TIP,0.08650902147402664
2010-02-28,GLD,0.06925204935335567
2010-02-28,XLE,0.05685261199438433
2010-02-28,DBC,0.04895586094194905
2010-02-28,IWM,0.04671360970961926
2010-02-28,EEM,0.0370756045531558
2010-02-28,XLB,0.036976792329419535
2010-02-28,XLI,0.03663494574820315
2010-02-28,SHY,0.028917299494814516
2010-02-28,XLP,0.018857138405345975
2010-02-28,SPY,0.018345539445716503
2010-02-28,IEF,0.0158422619217548
2010-02-28,XLV,0.014277095271178233
2010-02-28,QQQ,0.013823610120478632
2010-02-28,HYG,0.013711037854437133
2010-02-28,UUP,0.011412828069076357
2010-02-28,LQD,0.008988509643567889
2010-02-28,XLU,0.008470636780843265
2010-02-28,SMH,0.00844814573592367
2010-02-28,XHB,0.005795222246338301
2010-02-28,FXY,0.0019014576728837967
2010-03-31,BIL,0.4005013454887127
2010-03-31,TIP,0.07067671005216795
2010-03-31,GLD,0.05518512007475068
2010-03-31,XLE,0.050969393551709145
2010-03-31,IWM,0.04533121518249293
2010-03-31,DBC,0.04461136503111899
2010-03-31,IEF,0.03459009092978001
2010-03-31,SHY,0.03411020276278662
2010-03-31,XLI,0.03354184488737977
2010-03-31,XLB,0.031530092248430786
2010-03-31,EEM,0.03113188252754613
2010-03-31,SPY,0.02882437358741207
2010-03-31,XLP,0.022067681704486485
2010-03-31,HYG,0.021697886102570764
2010-03-31,QQQ,0.020956019872787304
2010-03-31,XLV,0.018543501110623393
2010-03-31,LQD,0.013230148815942321
2010-03-31,SMH,0.012604134152671581
2010-03-31,UUP,0.011519980547286876
2010-03-31,XLU,0.009373777592081438
2010-03-31,XHB,0.009003233777262013
2010-04-30,BIL,0.4093882306299348
2010-04-30,TIP,0.05753315921087254
2010-04-30,GLD,0.056632057748270584
2010-04-30,IWM,0.049193413427760214
2010-04-30,XLE,0.04712544146906678
2010-04-30,DBC,0.037032113687402515
2010-04-30,SPY,0.03679278063818795
2010-04-30,IEF,0.034739797455963284
2010-04-30,XLI,0.032015603872007935
2010-04-30,EEM,0.02868904707718342
2010-04-30,XLB,0.028479564058997663
2010-04-30,SHY,0.02784210780879735
2010-04-30,HYG,0.02704719243771863
2010-04-30,QQQ,0.026205789062609324
2010-04-30,XLP,0.018454048508206537
2010-04-30,LQD,0.01608490591641046
2010-04-30,SMH,0.015514951239549362
2010-04-30,XLV,0.014916545407242585
2010-04-30,XHB,0.010966091678358677
2010-04-30,TLT,0.009767385783753187
2010-04-30,UUP,0.008599863957378362
2010-04-30,XLU,0.006979908924327691
2010-05-31,BIL,0.4001341111846545
2010-05-31,TIP,0.07955073766852169
2010-05-31,GLD,0.07687311586924923
2010-05-31,IWM,0.07542190899825717
2010-05-31,IEF,0.07503314776496223
2010-05-31,QQQ,0.051135884451679665
2010-05-31,HYG,0.047675721322479235
2010-05-31,XLI,0.04061714747389942
2010-05-31,SHY,0.03623311414055521
2010-05-31,LQD,0.033108536922801406
2010-05-31,SMH,0.031017394370821755
2010-05-31,XHB,0.020698303488055413
2010-05-31,TLT,0.018024342133921647
2010-05-31,UUP,0.008696919667472306
2010-05-31,FXY,0.0057796145426692305
2010-06-30,BIL,0.5750316382010607
2010-06-30,IEF,0.0971771079016732
2010-06-30,GLD,0.07690436553288219
2010-06-30,TIP,0.06531124092233336
2010-06-30,HYG,0.054678055111620744
2010-06-30,SHY,0.04435036727626066
2010-06-30,LQD,0.03706400875838419
2010-06-30,TLT,0.030720379206933185
2010-06-30,UUP,0.010516900780443842
2010-06-30,FXY,0.00824593630840795
2010-07-31,BIL,0.2972381125183329
2010-07-31,IEF,0.11672377753030802
2010-07-31,GLD,0.08598011892417813
2010-07-31,HYG,0.05643116638715888
2010-07-31,IWM,0.05628789078281644
2010-07-31,TIP,0.05306411445144494
2010-07-31,QQQ,0.051850113428495784
2010-07-31,SHY,0.04706393282809986
2010-07-31,LQD,0.042287790446571896
2010-07-31,TLT,0.039355044384161035
2010-07-31,SMH,0.03347431987442775
2010-07-31,XLP,0.03242971758037862
2010-07-31,XLI,0.020978901032477876
2010-07-31,EEM,0.01761136136220366
2010-07-31,XLB,0.016422537678172974
2010-07-31,FXY,0.01048234169781569
2010-07-31,FXF,0.008637834908281065
2010-07-31,UUP,0.008030170308997697
2010-07-31,XLU,0.005650753875676839
2010-08-31,BIL,0.513627207807197
2010-08-31,IEF,0.1278608542559937
2010-08-31,GLD,0.07179629105358709
2010-08-31,SHY,0.06087699658762249
2010-08-31,TLT,0.055321120337657306
2010-08-31,HYG,0.05035074855565558
2010-08-31,TIP,0.04299919340786561
2010-08-31,LQD,0.03568808629699195
2010-08-31,FXY,0.014294167141205398
2010-08-31,FXF,0.01155743873455315
2010-08-31,UUP,0.008595180552765274
2010-08-31,XLU,0.00703271526890548
2010-09-30,BIL,0.20514306564004092
2010-09-30,IEF,0.14665914004633424
2010-09-30,TLT,0.07420396410308294
2010-09-30,SHY,0.06867224321037453
2010-09-30,GLD,0.06034760473252749
2010-09-30,TIP,0.05000787579698845
2010-09-30,HYG,0.045232222233137706
2010-09-30,SPY,0.04468805954715662
2010-09-30,XLP,0.0429933507785753
2010-09-30,QQQ,0.03275164377447373
2010-09-30,IWM,0.032665241274291
2010-09-30,LQD,0.032544794504046584
2010-09-30,XLV,0.030393361064143216
2010-09-30,XLE,0.02066246107084685
2010-09-30,DBC,0.01959667906303115
2010-09-30,FXY,0.017565971115462584
2010-09-30,SMH,0.01615622704732599
2010-09-30,FXF,0.01388879216759332
2010-09-30,XLI,0.013351114676258274
2010-09-30,EEM,0.012698433510732588
2010-09-30,XLB,0.010954541612221098
2010-09-30,XLU,0.008823213031355514
2010-10-31,BIL,0.21706845411021944
2010-10-31,IEF,0.11707433917946142
2010-10-31,GLD,0.07471756752376231
2010-10-31,SHY,0.06136831343366252
2010-10-31,TLT,0.05444599697224863
2010-10-31,TIP,0.053551219695147305
2010-10-31,XLP,0.04691336796259978
2010-10-31,SPY,0.043304071814034104
2010-10-31,HYG,0.03961006476045123
2010-10-31,IWM,0.039139678475259294
2010-10-31,QQQ,0.035557584379782216
2010-10-31,XLV,0.034055399322461925
2010-10-31,DBC,0.0298379687670051
2010-10-31,LQD,0.02647380918302984
2010-10-31,XLE,0.026180870633024624
2010-10-31,XLI,0.01799433987775753
2010-10-31,SMH,0.016742058118979265
2010-10-31,EEM,0.016345704850556374
2010-10-31,XLB,0.014279729854345986
2010-10-31,FXY,0.012721206034578415
2010-10-31,XLU,0.011520410981498998
2010-10-31,FXF,0.011097844070133653
2010-11-30,BIL,0.1812151382603296
2010-11-30,IEF,0.08695003784734591
2010-11-30,GLD,0.08032621578178742
2010-11-30,TIP,0.06771708766174253
2010-11-30,IWM,0.05810400992493854
2010-11-30,SPY,0.055874593826458666
2010-11-30,SHY,0.04926701386916178
2010-11-30,HYG,0.042555339690667146
2010-11-30,QQQ,0.04238905788873891
2010-11-30,XLE,0.04227048451726774
2010-11-30,DBC,0.03787191771407906
2010-11-30,XLP,0.03327084664406325
2010-11-30,XLI,0.031769157399376864
2010-11-30,TLT,0.029289733205548243
2010-11-30,XLB,0.028628915351491317
2010-11-30,EEM,0.027919139425978692
2010-11-30,XLV,0.027348603330842807
2010-11-30,LQD,0.025304261110376623
2010-11-30,SMH,0.024680741784623993
2010-11-30,XLU,0.011148134695229787
2010-11-30,FXY,0.008765781299776738
2010-11-30,FXF,0.007333788770174497
2010-12-31,BIL,0.3277971431589223
2010-12-31,GLD,0.06993539010282719
2010-12-31,TIP,0.06954283741276188
2010-12-31,IWM,0.06881768492113742
2010-12-31,XLE,0.0639321583045059
2010-12-31,SPY,0.0466920800794581
2010-12-31,DBC,0.042605423446579097
2010-12-31,HYG,0.04121553280375546
2010-12-31,XLI,0.04078490242073533
2010-12-31,QQQ,0.03717075146106356
2010-12-31,XLB,0.03579299425432228
2010-12-31,EEM,0.03511323816485778
2010-12-31,SMH,0.024180971903645182
2010-12-31,SHY,0.023582117851329947
2010-12-31,LQD,0.021774945502588097
2010-12-31,XLP,0.015424234086757794
2010-12-31,XHB,0.013970341016786384
2010-12-31,XLV,0.01011414428002241
2010-12-31,XLU,0.0057017300568885316
2010-12-31,FXY,0.0031684357826646478
2010-12-31,FXF,0.002682942988390622
2011-01-31,BIL,0.3057694348015732
2011-01-31,GLD,0.07986857360335545
2011-01-31,TIP,0.07624667053897118
2011-01-31,XLE,0.07482340066356157
2011-01-31,IWM,0.06871888084433651
2011-01-31,DBC,0.053468564982427705
2011-01-31,XLI,0.04624785750536092
2011-01-31,XLB,0.04308708775171984
2011-01-31,SPY,0.04267173725173329
2011-01-31,EEM,0.03922891694983161
2011-01-31,QQQ,0.0324457272669347
2011-01-31,HYG,0.03182159871647677
2011-01-31,SHY,0.021435749266837688
2011-01-31,SMH,0.01912040455030246
2011-01-31,LQD,0.018601859216623086
2011-01-31,XLP,0.013653492932912289
2011-01-31,XHB,0.013312474190310342
2011-01-31,XLV,0.009038338109991259
2011-01-31,XLU,0.004918645247457888
2011-01-31,FXY,0.002962520407232051
2011-01-31,FXF,0.0025580652020502173
2011-02-28,BIL,0.23217050234275372
2011-02-28,XLE,0.09702293485618119
2011-02-28,TIP,0.09409565963673835
2011-02-28,DBC,0.07796803432339278
2011-02-28,GLD,0.07719341753483551
2011-02-28,IWM,0.0720852644628203
2011-02-28,XLI,0.05666895961636431
2011-02-28,XLB,0.05372366115980707
2011-02-28,EEM,0.04699018126762163
2011-02-28,SPY,0.03576811658034698
2011-02-28,QQQ,0.027769467280482622
2011-02-28,HYG,0.02675624150962061
2011-02-28,SHY,0.023187267505262246
2011-02-28,SMH,0.01823634745479643
2011-02-28,LQD,0.015125518337470464
2011-02-28,XLP,0.014226500754251093
2011-02-28,XHB,0.010109067160856683
2011-02-28,XLV,0.009619613497931043
2011-02-28,XLU,0.007042426725975436
2011-02-28,FXY,0.002156258970824614
2011-02-28,FXF,0.002084559021666831
2011-03-31,BIL,0.23250193942968597
2011-03-31,XLE,0.10609398338670001
2011-03-31,TIP,0.10379039354952972
2011-03-31,DBC,0.08241638556687735
2011-03-31,GLD,0.08191617462946044
2011-03-31,IWM,0.07717128343503672
2011-03-31,XLI,0.059252182932840576
2011-03-31,XLB,0.056112664777509605
2011-03-31,EEM,0.04996997875259099
2011-03-31,SPY,0.030349673569098977
2011-03-31,HYG,0.02318161435562759
2011-03-31,QQQ,0.023120500268951117
2011-03-31,SMH,0.015181079216127361
2011-03-31,XLP,0.01491284490061013
2011-03-31,LQD,0.013098454464117781
2011-03-31,XLV,0.010419978467139844
2011-03-31,XLU,0.008418997151051093
2011-03-31,XHB,0.008045022504861188
2011-03-31,FXF,0.0020825066084477926
2011-03-31,FXY,0.0019643420337356445
2011-04-30,BIL,0.16769670113526958
2011-04-30,XLE,0.11074871894445741
2011-04-30,TIP,0.10931512841593341
2011-04-30,GLD,0.09846767722340552
2011-04-30,DBC,0.09574363088385159
2011-04-30,IWM,0.07716400262038049
2011-04-30,XLI,0.05872993565995387
2011-04-30,XLB,0.056727946162864036
2011-04-30,EEM,0.052705079607487444
2011-04-30,SPY,0.028923995408544997
2011-04-30,SHY,0.027429602910515393
2011-04-30,HYG,0.02205324415444258
2011-04-30,QQQ,0.021300369663922413
2011-04-30,XLP,0.015375486106156437
2011-04-30,SMH,0.013961529500262805
2011-04-30,LQD,0.011986489779943025
2011-04-30,XLV,0.0106788429438757
2011-04-30,XLU,0.009058768884025004
2011-04-30,XHB,0.007634532339900673
2011-04-30,FXF,0.002151689294243209
2011-04-30,FXY,0.00214662836056438
2011-05-31,BIL,0.11887752103710111
2011-05-31,GLD,0.10594279086127419
2011-05-31,TIP,0.10314075370683695
2011-05-31,XLE,0.10249527968264067
2011-05-31,DBC,0.08802495714558953
2011-05-31,IWM,0.0712628050181215
2011-05-31,XLB,0.05360639894626643
2011-05-31,XLI,0.05128405800017374
2011-05-31,EEM,0.0469067992375259
2011-05-31,SPY,0.035080317010399535
2011-05-31,SHY,0.033974978118388656
2011-05-31,IEF,0.033227549031028376
2011-05-31,QQQ,0.026487661552665274
2011-05-31,HYG,0.025504759694182692
2011-05-31,XLP,0.020906690168162385
2011-05-31,SMH,0.01803676264576873
2011-05-31,LQD,0.016110207544871833
2011-05-31,XLV,0.016081434715397594
2011-05-31,XLU,0.009596762081017118
2011-05-31,XHB,0.008361069012397849
2011-05-31,TLT,0.008107962754615016
2011-05-31,FXF,0.0036692064241455715
2011-05-31,FXY,0.003313275611429193
2011-06-30,BIL,0.15183046046794835
2011-06-30,GLD,0.09387329800578322
2011-06-30,TIP,0.08804325249933263
2011-06-30,XLE,0.08630671302927362
2011-06-30,DBC,0.07794766612712346
2011-06-30,IWM,0.06429150208665842
2011-06-30,XLB,0.04396533358574728
2011-06-30,SHY,0.043204789426402726
2011-06-30,XLI,0.042590223396385525
2011-06-30,EEM,0.03945839388322215
2011-06-30,SPY,0.03872669639752418
2011-06-30,IEF,0.03847859910891821
2011-06-30,QQQ,0.029906063927366812
2011-06-30,HYG,0.0291975297640042
2011-06-30,XLP,0.027078228799132176
2011-06-30,XLV,0.022659256722561968
2011-06-30,SMH,0.019845428832683434
2011-06-30,LQD,0.017630820030118503
2011-06-30,TLT,0.011893161706611156
2011-06-30,XLU,0.011268276589769703
2011-06-30,XHB,0.010690044891337657
2011-06-30,FXF,0.006188579874453105
2011-06-30,FXY,0.004925680847641687
2011-07-31,BIL,0.25068495608865976
2011-07-31,GLD,0.10462223126341509
2011-07-31,TIP,0.0756496835032665
2011-07-31,XLE,0.07510195263562065
2011-07-31,DBC,0.06356301547666315
2011-07-31,IWM,0.05738897979768024
2011-07-31,SHY,0.05369868124305378
2011-07-31,SPY,0.04336826412259901
2011-07-31,XLB,0.03614152837620671
2011-07-31,IEF,0.033136096305175
2011-07-31,QQQ,0.032630657405976225
2011-07-31,XLP,0.031506915792896786
2011-07-31,EEM,0.03075062445059816
2011-07-31,HYG,0.028806635422750967
2011-07-31,XLV,0.02741845165049922
2011-07-31,LQD,0.016663755729311336
2011-07-31,XLU,0.012434024550717598
2011-07-31,TLT,0.01238621397812336
2011-07-31,FXF,0.007201621795170128
2011-07-31,FXY,0.0068457104116163
2011-08-31,BIL,0.5298976509751205
2011-08-31,IEF,0.0786315090673463
2011-08-31,SHY,0.060431960118259395
2011-08-31,GLD,0.05852025941799438
2011-08-31,TIP,0.05747816654526219
2011-08-31,DBC,0.05562325536594603
2011-08-31,XLP,0.03846459910719694
2011-08-31,TLT,0.03567789590347945
2011-08-31,XLV,0.03444317428424899
2011-08-31,LQD,0.017360494524216345
2011-08-31,FXF,0.01214000605554141
2011-08-31,XLU,0.011269080356347234
2011-08-31,FXY,0.010061948279040844
2011-09-30,BIL,0.5910108465916049
2011-09-30,IEF,0.11121711771211452
2011-09-30,SHY,0.06791107607675337
2011-09-30,GLD,0.06305387409183977
2011-09-30,TLT,0.05687600925564742
2011-09-30,TIP,0.048062383843421465
2011-09-30,LQD,0.023370595069351793
2011-09-30,FXY,0.016719091534449712
2011-09-30,UUP,0.011263283038421137
2011-09-30,XLU,0.01051572278639601
2011-10-31,BIL,0.4837154682533264
2011-10-31,IEF,0.09901207344962813
2011-10-31,GLD,0.058782780304349934
2011-10-31,TIP,0.055160251499479264
2011-10-31,TLT,0.0532581888309657
2011-10-31,SHY,0.051654890028288825
2011-10-31,QQQ,0.043809666306341935
2011-10-31,HYG,0.04007792339839892
2011-10-31,XLP,0.038829183454020554
2011-10-31,XLV,0.030681541004710704
2011-10-31,LQD,0.022457417907920788
2011-10-31,FXY,0.012526780043849377
2011-10-31,XLU,0.010033835518719617
2011-11-30,BIL,0.556630969878351
2011-11-30,IEF,0.0868609396004218
2011-11-30,TIP,0.06048374952600209
2011-11-30,GLD,0.05249866221885128
2011-11-30,QQQ,0.049968370851396104
2011-11-30,TLT,0.04461556314187637
2011-11-30,SHY,0.04023662630841063
2011-11-30,XLP,0.032313493276282274
2011-11-30,XLV,0.027299102576327387
2011-11-30,LQD,0.022029855047727694
2011-11-30,XLU,0.01017845138510218
2011-11-30,UUP,0.009220588354703725
2011-11-30,FXY,0.007663627834547592
2011-12-31,BIL,0.5142535719440638
2011-12-31,IEF,0.09562757920577697
2011-12-31,TIP,0.06741131939008449
2011-12-31,SPY,0.0620366080562118
2011-12-31,HYG,0.048808344895248934
2011-12-31,TLT,0.04282946163128036
2011-12-31,SHY,0.039192873544010645
2011-12-31,XLP,0.03119710794935482
2011-12-31,LQD,0.02783954656371002
2011-12-31,XLV,0.026580935270614194
2011-12-31,XHB,0.01876211433445831
2011-12-31,XLU,0.009173680369101678
2011-12-31,UUP,0.00820149147581911
2011-12-31,FXY,0.008085365370264972
2012-01-31,BIL,0.1982645265083581
2012-01-31,IEF,0.11285761203991154
2012-01-31,SPY,0.07498960815250937
2012-01-31,HYG,0.06914713922451941
2012-01-31,TIP,0.0678593742310662
2012-01-31,QQQ,0.05683583881783159
2012-01-31,IWM,0.0501068718120069
2012-01-31,XLE,0.046099209090181954
2012-01-31,LQD,0.042212788535872986
2012-01-31,GLD,0.03851773322536427
2012-01-31,TLT,0.035944192507885095
2012-01-31,SHY,0.03064890396654523
2012-01-31,SMH,0.027239319707096404
2012-01-31,XLP,0.024851511519100415
2012-01-31,XLI,0.022579709305382393
2012-01-31,XLV,0.02133596876680633
2012-01-31,XHB,0.021081744342104698
2012-01-31,XLB,0.019660299031771536
2012-01-31,EEM,0.018846911738361664
2012-01-31,FXY,0.0072875367883407415
2012-01-31,UUP,0.006894889949700201
2012-01-31,XLU,0.006738310739283097
2012-02-29,BIL,0.1378459384226549
2012-02-29,GLD,0.09604741384394246
2012-02-29,TIP,0.0945392324529973
2012-02-29,SPY,0.07077716944805414
2012-02-29,IWM,0.06699232862251671
2012-02-29,HYG,0.06391766687345378
2012-02-29,IEF,0.05554166876104309
2012-02-29,QQQ,0.054341786432504216
2012-02-29,XLE,0.051955463493186964
2012-02-29,DBC,0.047517119211057085
2012-02-29,LQD,0.042487167404951044
2012-02-29,XLI,0.034888616540931026
2012-02-29,XLB,0.030196436206669692
2012-02-29,EEM,0.02666870940708781
2012-02-29,SMH,0.024270552447424338
2012-02-29,SHY,0.02116741863603023
2012-02-29,XHB,0.020781107477169467
2012-02-29,XLP,0.018111978594974504
2012-02-29,XLV,0.016017970253511857
2012-02-29,TLT,0.013561420077629194
2012-02-29,UUP,0.006330442928345918
2012-02-29,XLU,0.006042392463864409
2012-03-31,BIL,0.18943170648623242
2012-03-31,TIP,0.13859648616295633
2012-03-31,IWM,0.06643526687396019
2012-03-31,SPY,0.061391599170353785
2012-03-31,XLE,0.06066319318621433
2012-03-31,IEF,0.060210051377104196
2012-03-31,DBC,0.05774226849801303
2012-03-31,HYG,0.05341444545841683
2012-03-31,XLI,0.046636721066938905
2012-03-31,QQQ,0.04518687954057185
2012-03-31,LQD,0.03971037040584416
2012-03-31,EEM,0.03753362070998916
2012-03-31,XLB,0.034333151183617634
2012-03-31,SMH,0.020662057709700872
2012-03-31,XHB,0.01982325657823798
2012-03-31,SHY,0.017968663360194488
2012-03-31,XLP,0.015246267671124927
2012-03-31,XLV,0.01191220757079306
2012-03-31,TLT,0.010780384500429304
2012-03-31,UUP,0.006307798885019444
2012-03-31,XLU,0.006013603604287018
2012-04-30,BIL,0.23816970770347864
2012-04-30,TIP,0.11754067762065606
2012-04-30,SPY,0.062326681326719625
2012-04-30,HYG,0.05661534003183165
2012-04-30,IEF,0.05650070111861751
2012-04-30,IWM,0.05575321631313285
2012-04-30,QQQ,0.05264113564983988
2012-04-30,XLE,0.048362164860048414
2012-04-30,DBC,0.04638034882279891
2012-04-30,LQD,0.04142668414941686
2012-04-30,XLI,0.037606074266715556
2012-04-30,XLB,0.030150682469017004
2012-04-30,EEM,0.027242966458731376
2012-04-30,SMH,0.02535749794561125
2012-04-30,SHY,0.023624170964342817
2012-04-30,XHB,0.02132582553295748
2012-04-30,XLP,0.020280918137424296
2012-04-30,XLV,0.017049645687394806
2012-04-30,TLT,0.014443302220169284
2012-04-30,XLU,0.007202258721095854
2012-05-31,BIL,0.3606232563647646
2012-05-31,IEF,0.15109725517956726
2012-05-31,TIP,0.11226146598077832
2012-05-31,LQD,0.06409726870059639
2012-05-31,TLT,0.046412086819445
2012-05-31,SHY,0.04290189595484593
2012-05-31,XLP,0.03508985151662963
2012-05-31,SPY,0.030349552870271825
2012-05-31,XLV,0.029358173021470896
2012-05-31,HYG,0.028706537007658704
2012-05-31,QQQ,0.025549653262129074
2012-05-31,IWM,0.021969458779067114
2012-05-31,UUP,0.011258205344635933
2012-05-31,XHB,0.01059317584034671
2012-05-31,XLI,0.01040054777155484
2012-05-31,XLU,0.00992131809014316
2012-05-31,FXY,0.00941029749609458
2012-06-30,BIL,0.40460347795273666
2012-06-30,IEF,0.11363620407716822
2012-06-30,TIP,0.10327801388513234
2012-06-30,LQD,0.0661059364760006
2012-06-30,SHY,0.048514050809011354
2012-06-30,TLT,0.03874502026608948
2012-06-30,XLP,0.036749132816151754
2012-06-30,XLV,0.030932432486146206
2012-06-30,SPY,0.027929334754307603
2012-06-30,HYG,0.027511331681999117
2012-06-30,QQQ,0.022445970486705945
2012-06-30,IWM,0.020138260951466678
2012-06-30,UUP,0.012476771037154213
2012-06-30,SMH,0.010465228992517159
2012-06-30,XHB,0.010450848466455318
2012-06-30,XLU,0.009735901632542418
2012-06-30,XLI,0.008728681573424527
2012-06-30,XLB,0.007553401654990427
2012-07-31,BIL,0.34944362839691734
2012-07-31,IEF,0.10651844049235876
2012-07-31,TIP,0.07151125123507872
2012-07-31,SPY,0.05491797920813952
2012-07-31,HYG,0.054797298834436695
2012-07-31,QQQ,0.04470841723731258
2012-07-31,LQD,0.043890976494090385
2012-07-31,TLT,0.04213085228504349
2012-07-31,SHY,0.03973837125791932
2012-07-31,IWM,0.03960947093342006
2012-07-31,XLP,0.03297529302376995
2012-07-31,XLE,0.027697266307389414
2012-07-31,XLV,0.027182040234515502
2012-07-31,XHB,0.020742837234891023
2012-07-31,XLI,0.01691458163288791
2012-07-31,UUP,0.009799050350597359
2012-07-31,FXY,0.008794622731468762
2012-07-31,XLU,0.008627622109763146
2012-08-31,BIL,0.24624937435004926
2012-08-31,IEF,0.09871802058447995
2012-08-31,TIP,0.07393214747693365
2012-08-31,SPY,0.05668413129493029
2012-08-31,HYG,0.052244265556395525
2012-08-31,GLD,0.04957275204360167
2012-08-31,QQQ,0.04229291499771788
2012-08-31,LQD,0.041617692411360915
2012-08-31,TLT,0.04158108773406501
2012-08-31,IWM,0.04057063458292123
2012-08-31,SHY,0.03802311009216011
2012-08-31,XLP,0.03344493356946197
2012-08-31,XLE,0.030530573521252914
2012-08-31,DBC,0.02928367019727584
2012-08-31,XLV,0.029104633493435804
2012-08-31,SMH,0.021844806567763265
2012-08-31,XLI,0.020461765192792396
2012-08-31,XHB,0.019965970953055138
2012-08-31,XLB,0.016609535947693377
2012-08-31,XLU,0.009479438529174674
2012-08-31,FXY,0.007788540903479161
2012-09-30,BIL,0.26886438546722713
2012-09-30,GLD,0.0821967443466377
2012-09-30,TIP,0.07667996367052023
2012-09-30,SPY,0.05539642959187509
2012-09-30,HYG,0.049198022426974554
2012-09-30,IWM,0.048579893678253314
2012-09-30,IEF,0.04542891811983259
2012-09-30,QQQ,0.041995004495612075
2012-09-30,XLE,0.039633475869614514
2012-09-30,SHY,0.03590279125078315
2012-09-30,DBC,0.03469902061069377
2012-09-30,XLP,0.03453459048335735
2012-09-30,LQD,0.034449922961830165
2012-09-30,XLV,0.030713381099211783
2012-09-30,XLI,0.026164951874322016
2012-09-30,TLT,0.023016134939344245
2012-09-30,XLB,0.01965554033693185
2012-09-30,XHB,0.018355990824679272
2012-09-30,EEM,0.017672693143994462
2012-09-30,XLU,0.009537274481271072
2012-09-30,FXY,0.007324870327033703
2012-10-31,BIL,0.2916247272051085
2012-10-31,TIP,0.07291617419712343
2012-10-31,GLD,0.07186386404771979
2012-10-31,SPY,0.057435893789261616
2012-10-31,IWM,0.055424192122842685
2012-10-31,XLE,0.04825725111541818
2012-10-31,HYG,0.04820644308395447
2012-10-31,IEF,0.04738844858092245
2012-10-31,QQQ,0.041713662228685375
2012-10-31,LQD,0.03288915281320638
2012-10-31,SHY,0.03140475717195437
2012-10-31,XLP,0.02879085130586127
2012-10-31,XLI,0.02786398177093908
2012-10-31,XLV,0.02688631724512087
2012-10-31,XLB,0.026446611866120733
2012-10-31,EEM,0.024271671211946157
2012-10-31,XHB,0.018467478878536933
2012-10-31,TLT,0.018115135061253586
2012-10-31,USMV,0.01547383996923923
2012-10-31,XLU,0.009202993408266157
2012-10-31,FXF,0.005356552926518683
2012-11-30,BIL,0.2467595598855971
2012-11-30,TIP,0.08823177641481676
2012-11-30,GLD,0.06570916675607186
2012-11-30,IWM,0.05455239799919555
2012-11-30,SPY,0.05441846890210895
2012-11-30,XLE,0.04749526850705305
2012-11-30,IEF,0.04662239626213541
2012-11-30,HYG,0.046483474452840706
2012-11-30,DBC,0.041754234618870664
2012-11-30,QQQ,0.03667864759881283
2012-11-30,XLI,0.032166124596965905
2012-11-30,LQD,0.031385400507434165
2012-11-30,SHY,0.030864452590331888
2012-11-30,XLP,0.030429683052481168
2012-11-30,XLB,0.02659993782382881
2012-11-30,XLV,0.02639808731103155
2012-11-30,EEM,0.02459623074429417
2012-11-30,TLT,0.017583919860812897
2012-11-30,XHB,0.01733098310296241
2012-11-30,USMV,0.01488171735538046
2012-11-30,CPER,0.014656336277649364
2012-11-30,FXF,0.00440173537932415
2012-12-31,BIL,0.2300696192396482
2012-12-31,TIP,0.09331071180752304
2012-12-31,GLD,0.0589121546706997
2012-12-31,IWM,0.05812217967358822
2012-12-31,SPY,0.05736246307267141
2012-12-31,HYG,0.05311072459506663
2012-12-31,XLE,0.04943447276358209
2012-12-31,IEF,0.04860165273162268
2012-12-31,DBC,0.04719181704119595
2012-12-31,QQQ,0.04159084137535996
2012-12-31,XLI,0.03449206031996554
2012-12-31,LQD,0.03377341598218562
2012-12-31,XLB,0.030986653061064733
2012-12-31,SHY,0.02932588114798643
2012-12-31,EEM,0.02873769584976382
2012-12-31,XLP,0.02634092826379217
2012-12-31,XLV,0.02321455661049426
2012-12-31,SMH,0.020147773827099306
2012-12-31,XHB,0.01863370543653594
2012-12-31,USMV,0.012626789506859677
2012-12-31,FXF,0.00401390302329465
2013-01-31,BIL,0.2625695618405586
2013-01-31,TIP,0.09369379346655758
2013-01-31,IWM,0.07203594143083174
2013-01-31,SPY,0.062349559057110565
2013-01-31,XLE,0.057992766921701605
2013-01-31,HYG,0.056959877495005334
2013-01-31,DBC,0.05381212118140102
2013-01-31,QQQ,0.04652209896488553
2013-01-31,EEM,0.04370019952976743
2013-01-31,XLI,0.04321934039669933
2013-01-31,XLB,0.04015239368675548
2013-01-31,LQD,0.03216556110136268
2013-01-31,SMH,0.024038886243906685
2013-01-31,SHY,0.02216305502422368
2013-01-31,XHB,0.020525606219740526
2013-01-31,XLP,0.017421530566845894
2013-01-31,CPER,0.016765323299113236
2013-01-31,XLV,0.016723256314968855
2013-01-31,USMV,0.00828335367984257
2013-01-31,XLU,0.005794564994163316
2013-01-31,FXF,0.003111208584558421
2013-02-28,BIL,0.23390728804574357
2013-02-28,TIP,0.08640902828246495
2013-02-28,SPY,0.08000547077103953
2013-02-28,IWM,0.07775916684188083
2013-02-28,HYG,0.06931638406017222
2013-02-28,XLE,0.06315581551606202
2013-02-28,IEF,0.05670984902721046
2013-02-28,QQQ,0.05297238413139249
2013-02-28,XLI,0.04225242955311959
2013-02-28,LQD,0.03752793503363544
2013-02-28,XLB,0.036362632852283895
2013-02-28,EEM,0.03496457021875451
2013-02-28,SMH,0.02871130827086436
2013-02-28,XHB,0.025416363527929874
2013-02-28,SHY,0.020106898142533615
2013-02-28,XLP,0.016855824271890148
2013-02-28,XLV,0.0147593063713956
2013-02-28,USMV,0.008476577453923861
2013-02-28,UUP,0.005793696240839738
2013-02-28,XLU,0.005512104800912137
2013-02-28,FXF,0.0030249665859511644
2013-03-31,BIL,0.23339076130894112
2013-03-31,TIP,0.09420073284463953
2013-03-31,IWM,0.07899604478658642
2013-03-31,SPY,0.07614047096263236
2013-03-31,HYG,0.06919009680707135
2013-03-31,XLE,0.06151114067176921
2013-03-31,IEF,0.05891230996044281
2013-03-31,QQQ,0.04764330479648227
2013-03-31,XLI,0.04416501442431054
2013-03-31,LQD,0.03945555914361836
2013-03-31,XLB,0.03932475752400864
2013-03-31,EEM,0.031359952063363915
2013-03-31,SMH,0.028218307556017914
2013-03-31,XHB,0.024907286800605485
2013-03-31,SHY,0.020806129657656255
2013-03-31,XLP,0.016621635004570125
2013-03-31,XLV,0.014487684914977554
2013-03-31,USMV,0.008334532407143637
2013-03-31,UUP,0.006439960333513009
2013-03-31,XLU,0.005894318031649574
2013-04-30,BIL,0.23074258401347988
2013-04-30,TIP,0.08055387628175494
2013-04-30,SPY,0.07856685870502518
2013-04-30,IWM,0.07320022741605015
2013-04-30,HYG,0.0725830207948648
2013-04-30,IEF,0.06884854597974012
2013-04-30,XLE,0.054003779356826084
2013-04-30,QQQ,0.04790719755701053
2013-04-30,LQD,0.04160111083404029
2013-04-30,XLI,0.035903520098767176
2013-04-30,XLB,0.03133977865116789
2013-04-30,SMH,0.027676812917348383
2013-04-30,XHB,0.02690439504673225
2013-04-30,EEM,0.02664011097788276
2013-04-30,SHY,0.02376302969192573
2013-04-30,XLP,0.019383435616680905
2013-04-30,XLV,0.017251760685129035
2013-04-30,TLT,0.015721764766532743
2013-04-30,USMV,0.011069781737986959
2013-04-30,UUP,0.006660888702610354
2013-04-30,XLU,0.006165243794461816
2013-04-30,FXF,0.0035122763739820428
2013-05-31,BIL,0.4460040110317308
2013-05-31,SPY,0.089367267283682
2013-05-31,HYG,0.08035455283421843
2013-05-31,IWM,0.07254523661459855
2013-05-31,QQQ,0.05404053004945354
2013-05-31,XLE,0.04945483886005829
2013-05-31,SMH,0.03493249812657579
2013-05-31,XLI,0.032638699389392074
2013-05-31,XHB,0.029526157649173986
2013-05-31,XLB,0.028843128861378818
2013-05-31,SHY,0.023447849310257174
2013-05-31,XLP,0.01904227730789063
2013-05-31,XLV,0.017230551806505123
2013-05-31,USMV,0.01146743472134551
2013-05-31,UUP,0.0055794388114190786
2013-05-31,XLU,0.005525527342320119
2013-06-30,BIL,0.5434050622290945
2013-06-30,SPY,0.09199877522126093
2013-06-30,IWM,0.07267526493438198
2013-06-30,QQQ,0.058995185855904214
2013-06-30,XLE,0.04748832063427384
2013-06-30,SMH,0.03842245832661762
2013-06-30,XHB,0.030323916053449945
2013-06-30,XLI,0.030253592873821605
2013-06-30,XLB,0.026096275040438547
2013-06-30,XLP,0.019142640404256547
2013-06-30,XLV,0.019048481434582164
2013-06-30,USMV,0.012164459673279546
2013-06-30,UUP,0.005417723697728764
2013-06-30,XLU,0.004567843620909733
2013-07-31,BIL,0.4649037429899705
2013-07-31,SPY,0.08015623805234061
2013-07-31,IWM,0.06939898598943052
2013-07-31,HYG,0.06489599042290375
2013-07-31,XLE,0.05151589199887855
2013-07-31,QQQ,0.05131531491347843
2013-07-31,XLI,0.03445084665445731
2013-07-31,SMH,0.032818590296997414
2013-07-31,SHY,0.030756319152256368
2013-07-31,XLB,0.028285407508595126
2013-07-31,XHB,0.025858286563780357
2013-07-31,XLP,0.02127178649386118
2013-07-31,XLV,0.020737237939202246
2013-07-31,USMV,0.012391923661969098
2013-07-31,XLU,0.006199361395551719
2013-07-31,FXF,0.005044075966326879
2013-08-31,BIL,0.5375420620872106
2013-08-31,IWM,0.06931829477425737
2013-08-31,SPY,0.0673644064131828
2013-08-31,XLE,0.05899747255056981
2013-08-31,HYG,0.053970993586992415
2013-08-31,QQQ,0.04341421126872483
2013-08-31,XLI,0.040184842004080394
2013-08-31,XLB,0.033807279421874205
2013-08-31,SMH,0.028585270217239393
2013-08-31,XLP,0.022239420074212965
2013-08-31,XLV,0.02126768294792114
2013-08-31,USMV,0.010751338687009055
2013-08-31,XLU,0.007675380542623125
2013-08-31,FXF,0.00488134542410206
2013-09-30,BIL,0.44682684540021195
2013-09-30,SPY,0.0801490047635199
2013-09-30,IWM,0.07788948430588281
2013-09-30,HYG,0.06306090804055133
2013-09-30,XLE,0.05927823772375526
2013-09-30,QQQ,0.051674613965281946
2013-09-30,XLI,0.04275117814287408
2013-09-30,XLB,0.03660162138344731
2013-09-30,SMH,0.03290348608069151
2013-09-30,SHY,0.02758562270663977
2013-09-30,XHB,0.024192258655404853
2013-09-30,XLV,0.018422478472479447
2013-09-30,XLP,0.01841824519314249
2013-09-30,USMV,0.00984841594936586
2013-09-30,XLU,0.006017962731099132
2013-09-30,FXF,0.004379636485652359
2013-10-31,BIL,0.3578614353443749
2013-10-31,SPY,0.09102014616187165
2013-10-31,IWM,0.08160246539823934
2013-10-31,HYG,0.07284117952551218
2013-10-31,QQQ,0.06357342953840635
2013-10-31,XLE,0.05182006945924811
2013-10-31,SMH,0.04176567750703781
2013-10-31,XLI,0.039637128294472475
2013-10-31,LQD,0.03664746457920743
2013-10-31,XLB,0.03303289019528158
2013-10-31,XHB,0.027580687235139005
2013-10-31,EEM,0.0271277402704309
2013-10-31,SHY,0.024601473768318352
2013-10-31,XLV,0.016045253369338687
2013-10-31,XLP,0.015933877199101172
2013-10-31,USMV,0.009782882635920146
2013-10-31,XLU,0.004761172270161827
2013-10-31,FXF,0.004365027247938191
2013-11-30,BIL,0.35077974283776564
2013-11-30,SPY,0.094239607481624
2013-11-30,IWM,0.08100499740696888
2013-11-30,HYG,0.07579516094360793
2013-11-30,QQQ,0.06936733552167607
2013-11-30,XLE,0.04941380283713017
2013-11-30,SMH,0.04343773869034866
2013-11-30,XLI,0.03739712724405505
2013-11-30,LQD,0.036956597651199505
2013-11-30,XLB,0.03122379149282857
2013-11-30,EEM,0.026210831025199503
2013-11-30,XHB,0.025639402745724016
2013-11-30,SHY,0.025635825145817526
2013-11-30,XLP,0.01710977943004395
2013-11-30,XLV,0.016396868674099785
2013-11-30,USMV,0.01031635748431295
2013-11-30,XLU,0.0045736355632513236
2013-11-30,FXF,0.004501397824346549
2013-12-31,BIL,0.3408516290437245
2013-12-31,SPY,0.08713154647223652
2013-12-31,IWM,0.08425201387035247
2013-12-31,HYG,0.0693717589348373
2013-12-31,QQQ,0.06456958135393284
2013-12-31,XLE,0.060016823537563484
2013-12-31,XLI,0.04349208660202354
2013-12-31,SMH,0.03834823879557049
2013-12-31,XLB,0.036438426839390414
2013-12-31,LQD,0.03436696895629519
2013-12-31,EEM,0.030972717001722692
2013-12-31,XHB,0.023733706511434857
2013-12-31,SHY,0.023531912806747806
2013-12-31,XLP,0.01572070538213109
2013-12-31,XLV,0.015585419307608974
2013-12-31,CPER,0.014160149726235229
2013-12-31,USMV,0.008700456150880723
2013-12-31,XLU,0.0049479085381997565
2013-12-31,FXF,0.0038079501691121093
2014-01-31,BIL,0.3418074833129949
2014-01-31,SPY,0.08244329361853397
2014-01-31,IWM,0.0792141526249208
2014-01-31,HYG,0.06655668301294654
2014-01-31,QQQ,0.06153401899003939
2014-01-31,IEF,0.06105902879341289
2014-01-31,XLE,0.05903339649622973
2014-01-31,XLI,0.04353124614234835
2014-01-31,SMH,0.03674861031851064
2014-01-31,XLB,0.035285973085638564
2014-01-31,LQD,0.034486006600346675
2014-01-31,SHY,0.026277387078282664
2014-01-31,XHB,0.022963518709576292
2014-01-31,XLV,0.01737184581336072
2014-01-31,TLT,0.01275560273800071
2014-01-31,USMV,0.009179670520538504
2014-01-31,XLU,0.005551245736968785
2014-01-31,FXF,0.004200836407349973
2014-02-28,BIL,0.1801113393001581
2014-02-28,IWM,0.07916575423709701
2014-02-28,SPY,0.07708836138846922
2014-02-28,TIP,0.069603530489986
2014-02-28,HYG,0.062271084517698284
2014-02-28,QQQ,0.05938521948516844
2014-02-28,XLE,0.059334252522233163
2014-02-28,IEF,0.05231622914943606
2014-02-28,GLD,0.04936912361695363
2014-02-28,XLI,0.04637049485021088
2014-02-28,DBC,0.04481207152534476
2014-02-28,XLB,0.038736807451029615
2014-02-28,LQD,0.03600079642272175
2014-02-28,SMH,0.034321136452857115
2014-02-28,SHY,0.02591907755986991
2014-02-28,XHB,0.021044705873876652
2014-02-28,XLP,0.017031970034385797
2014-02-28,XLV,0.016997186834954922
2014-02-28,TLT,0.0112003034716162
2014-02-28,USMV,0.009112734803789744
2014-02-28,XLU,0.006167149311814621
2014-02-28,FXF,0.003640670700328197
2014-03-31,BIL,0.19953154617433239
2014-03-31,SPY,0.07822719025126061
2014-03-31,IWM,0.07683792554161822
2014-03-31,TIP,0.06349927719172488
2014-03-31,HYG,0.06314674368028764
2014-03-31,IEF,0.0628474280055691
2014-03-31,QQQ,0.05989221977346438
2014-03-31,XLE,0.056459316544332984
2014-03-31,DBC,0.04638339531200436
2014-03-31,XLI,0.041426788654072
2014-03-31,LQD,0.036428069904485987
2014-03-31,XLB,0.035820105382878345
2014-03-31,SMH,0.03483925613163101
2014-03-31,SHY,0.027767359254230205
2014-03-31,EEM,0.025213577696981973
2014-03-31,XHB,0.022456895315887963
2014-03-31,XLV,0.018106060343739707
2014-03-31,XLP,0.017359074150525646
2014-03-31,TLT,0.013682152032626647
2014-03-31,USMV,0.009820758155337967
2014-03-31,XLU,0.005933510923732555
2014-03-31,FXF,0.004321349579275515
2014-04-30,BIL,0.21944833026444877
2014-04-30,SPY,0.07269592251413709
2014-04-30,IWM,0.07072926264072142
2014-04-30,TIP,0.06188291661727432
2014-04-30,HYG,0.05849654789805375
2014-04-30,XLE,0.056988929988034974
2014-04-30,QQQ,0.0556434736939334
2014-04-30,IEF,0.05239114418731765
2014-04-30,DBC,0.044614077582891036
2014-04-30,XLI,0.040099374643273886
2014-04-30,VLUE,0.03944024366568559
2014-04-30,XLB,0.03532989717387762
2014-04-30,SMH,0.03531661053910127
2014-04-30,LQD,0.0352901914368862
2014-04-30,SHY,0.029235718748951683
2014-04-30,EEM,0.027423685875408246
2014-04-30,XLP,0.01727433344798673
2014-04-30,XLV,0.017221193676990407
2014-04-30,TLT,0.011163618114545394
2014-04-30,USMV,0.00894087074715495
2014-04-30,XLU,0.006347953363091033
2014-04-30,FXF,0.004025703180234694
2014-05-31,BIL,0.22878755457239847
2014-05-31,TIP,0.06712748655525277
2014-05-31,IWM,0.06445966530997468
2014-05-31,XLE,0.061735923539909886
2014-05-31,SPY,0.06038304753894721
2014-05-31,DBC,0.0514595643880835
2014-05-31,HYG,0.050471012226892355
2014-05-31,VLUE,0.04998603083373791
2014-05-31,QQQ,0.04830605988875236
2014-05-31,XLI,0.04404850570729426
2014-05-31,XLB,0.03756613829385198
2014-05-31,IEF,0.03616868669639392
2014-05-31,SHY,0.03181006245595748
2014-05-31,LQD,0.030312368438061007
2014-05-31,SMH,0.02786665727167736
2014-05-31,EEM,0.027734804996456103
2014-05-31,XLP,0.01881510827609308
2014-05-31,XLV,0.018427963452273037
2014-05-31,XHB,0.01597930991243462
2014-05-31,USMV,0.008770497006521272
2014-05-31,TLT,0.008155488104080016
2014-05-31,XLU,0.007598193523561054
2014-05-31,FXF,0.004029871011395668
2014-06-30,BIL,0.17841747699262853
2014-06-30,TIP,0.07338294101728668
2014-06-30,XLE,0.06828747430384281
2014-06-30,GLD,0.06722318266443655
2014-06-30,IWM,0.06074095709985847
2014-06-30,DBC,0.05321009262159625
2014-06-30,SPY,0.053149846609195806
2014-06-30,VLUE,0.05011006605206439
2014-06-30,XLI,0.046433227453461776
2014-06-30,HYG,0.04362533120307019
2014-06-30,QQQ,0.041707529011410616
2014-06-30,XLB,0.04086169941708801
2014-06-30,EEM,0.0321799064043623
2014-06-30,SHY,0.031762723642910815
2014-06-30,LQD,0.02557724898398479
2014-06-30,IEF,0.025025440869789473
2014-06-30,SMH,0.024026326116996836
2014-06-30,XLP,0.02031544246154255
2014-06-30,XLV,0.01955169446076368
2014-06-30,XHB,0.012786584118264256
2014-06-30,XLU,0.009693561328808612
2014-06-30,USMV,0.007974706683473607
2014-06-30,TLT,0.007093118827925935
2014-06-30,FXF,0.003721557059080356
2014-06-30,FXY,0.0031418645961568794
2014-07-31,BIL,0.34685494290351554
2014-07-31,TIP,0.07223195082503354
2014-07-31,XLE,0.06603646477388816
2014-07-31,SPY,0.057490362771591516
2014-07-31,VLUE,0.04713745253641426
2014-07-31,QQQ,0.04502366929461364
2014-07-31,HYG,0.044724254730465554
2014-07-31,XLI,0.04138846350024303
2014-07-31,XLB,0.03909576705609821
2014-07-31,IEF,0.03625150050241391
2014-07-31,EEM,0.03144029393494196
2014-07-31,SHY,0.029703740765517312
2014-07-31,SMH,0.027523610605226696
2014-07-31,LQD,0.027426230817642106
2014-07-31,XLP,0.019261187141291526
2014-07-31,XLV,0.01854257105112183
2014-07-31,CPER,0.01435956930235646
2014-07-31,TLT,0.010016681054537447
2014-07-31,XLU,0.008550496009412843
2014-07-31,USMV,0.008486782398192227
2014-07-31,UUP,0.008454008025482327
2014-08-31,BIL,0.20081080563466588
2014-08-31,SPY,0.06946914043993772
2014-08-31,TIP,0.0663528490366798
2014-08-31,IEF,0.06516568241725365
2014-08-31,IWM,0.057426528131911354
2014-08-31,XLE,0.056674756280395026
2014-08-31,QQQ,0.05403129563141612
2014-08-31,HYG,0.053013424948564196
2014-08-31,VLUE,0.04302254234276065
2014-08-31,GLD,0.0398344994608823
2014-08-31,XLI,0.03560765175932691
2014-08-31,SMH,0.034518654795837156
2014-08-31,XLB,0.033916232550935586
2014-08-31,SHY,0.033639996594625646
2014-08-31,LQD,0.033500477833358897
2014-08-31,EEM,0.029378497318041062
2014-08-31,XLV,0.01897521008752841
2014-08-31,TLT,0.018452148507723618
2014-08-31,XLP,0.017831657699530514
2014-08-31,CPER,0.013525715388051656
2014-08-31,USMV,0.010195362654286395
2014-08-31,UUP,0.007772470234534279
2014-08-31,XLU,0.0068844002517533314
2014-09-30,BIL,0.4443771330885079
2014-09-30,SPY,0.08440446572654442
2014-09-30,IEF,0.07327888542212328
2014-09-30,QQQ,0.06077892741112736
2014-09-30,TIP,0.04813259190301375
2014-09-30,SMH,0.03843290339544362
2014-09-30,SHY,0.03818578139204191
2014-09-30,LQD,0.036613242408397244
2014-09-30,VLUE,0.03033007285908314
2014-09-30,XLI,0.027547613682528695
2014-09-30,XLB,0.02625551738326214
2014-09-30,XLV,0.022289201207916044
2014-09-30,TLT,0.02196232519880032
2014-09-30,XLP,0.02075741200672342
2014-09-30,USMV,0.013458030049086116
2014-09-30,UUP,0.00689937109781926
2014-09-30,XLU,0.006296525767581398
2014-10-31,BIL,0.30072122903003495
2014-10-31,SPY,0.0910161537465314
2014-10-31,IEF,0.07885764744635228
2014-10-31,HYG,0.0710492240156765
2014-10-31,QQQ,0.06245856500575709
2014-10-31,IWM,0.04893953725296456
2014-10-31,LQD,0.04071237811929885
2014-10-31,SMH,0.040104569565999636
2014-10-31,TIP,0.03966827339315991
2014-10-31,SHY,0.03870985941096464
2014-10-31,TLT,0.02678767350392787
2014-10-31,VLUE,0.02413032311692043
2014-10-31,XLV,0.023956415914080934
2014-10-31,XLP,0.02324292311316845
2014-10-31,XLI,0.022676221869907785
2014-10-31,XLB,0.022493818239649254
2014-10-31,EEM,0.015960928428673336
2014-10-31,USMV,0.01562041976597823
2014-10-31,UUP,0.0070630897250307904
2014-10-31,XLU,0.005830749335923208
2014-11-30,BIL,0.3583241080156816
2014-11-30,SPY,0.09272495820496067
2014-11-30,IEF,0.09068866148984298
2014-11-30,QQQ,0.06397135692940278
2014-11-30,IWM,0.049275893182083905
2014-11-30,LQD,0.0441086618036447
2014-11-30,SHY,0.04035882884591398
2014-11-30,SMH,0.03999938020048741
2014-11-30,TLT,0.03332953686541309
2014-11-30,TIP,0.03241966137362507
2014-11-30,XLV,0.0265529222737202
2014-11-30,XLP,0.024478497897252333
2014-11-30,XHB,0.02070616880942218
2014-11-30,USMV,0.018875455857908608
2014-11-30,VLUE,0.018695979805815395
2014-11-30,XLI,0.018212971632329197
2014-11-30,XLB,0.015517322381449934
2014-11-30,UUP,0.006352725379944138
2014-11-30,XLU,0.0054069090511019045
2014-12-31,BIL,0.36762875690749475
2014-12-31,IEF,0.10663909763646788
2014-12-31,SPY,0.0945371880288995
2014-12-31,QQQ,0.06852377572460704
2014-12-31,LQD,0.052268634766021525
2014-12-31,IWM,0.04527632945980046
2014-12-31,SMH,0.04382955915537025
2014-12-31,SHY,0.03913130881597237
2014-12-31,TLT,0.038094152832650933
2014-12-31,XLV,0.025664109209199565
2014-12-31,XLP,0.024955643989304256
2014-12-31,XHB,0.02376644196811364
2014-12-31,USMV,0.020423730571899605
2014-12-31,VLUE,0.01421070476007439
2014-12-31,XLI,0.013685160143446758
2014-12-31,XLB,0.012343292572008255
2014-12-31,UUP,0.0049174131011522
2014-12-31,XLU,0.004104700357516571
2015-01-31,BIL,0.3018992255547822
2015-01-31,IEF,0.10867828133298026
2015-01-31,SPY,0.09995120428873498
2015-01-31,QQQ,0.07190994279295665
2015-01-31,LQD,0.053461032869215705
2015-01-31,SMH,0.04743730241042454
2015-01-31,IWM,0.04674677349301622
2015-01-31,GLD,0.04366827223240215
2015-01-31,TLT,0.03864055736283306
2015-01-31,SHY,0.03380600556445712
2015-01-31,XHB,0.024530319840390953
2015-01-31,XLV,0.02446276231203573
2015-01-31,XLP,0.02430778945662096
2015-01-31,TIP,0.02239581713539309
2015-01-31,USMV,0.020870093706154808
2015-01-31,VLUE,0.011443181986210933
2015-01-31,XLI,0.01091441233455486
2015-01-31,FXF,0.007412237177915622
2015-01-31,UUP,0.00409958937558949
2015-01-31,XLU,0.0033651987733307556
2015-02-28,BIL,0.27145349930725177
2015-02-28,IEF,0.10395441120359558
2015-02-28,SPY,0.09864811612106644
2015-02-28,HYG,0.07867305335334474
2015-02-28,QQQ,0.0700661160162255
2015-02-28,LQD,0.05373163249523093
2015-02-28,SMH,0.0465984765016005
2015-02-28,IWM,0.045618949326187506
2015-02-28,TLT,0.03807095520412345
2015-02-28,SHY,0.0310173348696778
2015-02-28,XHB,0.025896837489846218
2015-02-28,XLP,0.024993666769565617
2015-02-28,XLV,0.024267172624247456
2015-02-28,TIP,0.024138987818128056
2015-02-28,USMV,0.020512250383599342
2015-02-28,VLUE,0.01189723331632096
2015-02-28,XLI,0.01160435720677395
2015-02-28,XLB,0.01097591259570329
2015-02-28,UUP,0.004430873438650539
2015-02-28,XLU,0.0034501639588603488
2015-03-31,BIL,0.28871440304429175
2015-03-31,IEF,0.10199356864707469
2015-03-31,SPY,0.09200360259501984
2015-03-31,HYG,0.07528710872641642
2015-03-31,QQQ,0.0688916709114188
2015-03-31,LQD,0.047300280005520876
2015-03-31,IWM,0.04556865899452076
2015-03-31,SMH,0.044137471913842666
2015-03-31,TLT,0.04171711945668555
2015-03-31,SHY,0.03314713835546387
2015-03-31,XLP,0.02656507780416959
2015-03-31,XLV,0.026452344246942833
2015-03-31,TIP,0.025632201714012932
2015-03-31,XHB,0.02532154938072026
2015-03-31,USMV,0.020993605986645347
2015-03-31,VLUE,0.013637099253666667
2015-03-31,XLI,0.013095747284062426
2015-03-31,UUP,0.005592798341171001
2015-03-31,XLU,0.003948553338353912
2015-04-30,BIL,0.35045011037442614
2015-04-30,SPY,0.06952759729299128
2015-04-30,IEF,0.060903373134590204
2015-04-30,HYG,0.05792895895769024
2015-04-30,QQQ,0.052089136397764205
2015-04-30,IWM,0.04283779377240505
2015-04-30,TIP,0.03956672789533204
2015-04-30,SHY,0.038676875562304175
2015-04-30,LQD,0.03403643947415072
2015-04-30,SMH,0.03246522145235247
2015-04-30,XLV,0.030439440991612325
2015-04-30,XLP,0.030075115831505697
2015-04-30,TLT,0.028344491299720956
2015-04-30,USMV,0.020809748892547258
2015-04-30,XHB,0.020648730250552135
2015-04-30,VLUE,0.01928640055403154
2015-04-30,XLI,0.017703035168721584
2015-04-30,XLB,0.015869202398851385
2015-04-30,EEM,0.013366134656039239
2015-04-30,UUP,0.010555982979372717
2015-04-30,FXF,0.007543757529084023
2015-04-30,XLU,0.0068757251339546105
2015-05-31,BIL,0.4744193418453095
2015-05-31,SPY,0.06402995602460694
2015-05-31,IEF,0.06037249706859475
2015-05-31,HYG,0.049631073324422556
2015-05-31,QQQ,0.04680444437725001
2015-05-31,IWM,0.046074179642436375
2015-05-31,SHY,0.037547001558104594
2015-05-31,SMH,0.0294884440598614
2015-05-31,XLV,0.029442705263644273
2015-05-31,XLP,0.029168384733588435
2015-05-31,VLUE,0.024076984579685053
2015-05-31,XLI,0.022524292721956166
2015-05-31,XLB,0.022335125978121893
2015-05-31,USMV,0.018137102532099096
2015-05-31,XHB,0.01762551067273309
2015-05-31,UUP,0.01375425939508251
2015-05-31,XLU,0.007959754037242453
2015-05-31,FXF,0.00660894218526073
2015-06-30,BIL,0.6824703241584642
2015-06-30,SPY,0.055405138259732915
2015-06-30,IWM,0.05117893438433863
2015-06-30,QQQ,0.04037011618803013
2015-06-30,SHY,0.0361865318667941
2015-06-30,VLUE,0.029682654243632672
2015-06-30,XLV,0.027682814720276852
2015-06-30,SMH,0.024682917564274078
2015-06-30,XHB,0.016156957462599358
2015-06-30,UUP,0.016091757205446054
2015-06-30,USMV,0.01471463914481661
2015-06-30,FXF,0.005377214801594342
2015-07-31,BIL,0.629839781705031
2015-07-31,IEF,0.10415267553732585
2015-07-31,SHY,0.04923842496064833
2015-07-31,XLP,0.0360100012391974
2015-07-31,XLV,0.03515314661758761
2015-07-31,SPY,0.03136549688348365
2015-07-31,IWM,0.0273883726808943
2015-07-31,QQQ,0.023145599307791292
2015-07-31,UUP,0.01942404298515407
2015-07-31,USMV,0.019292204394799096
2015-07-31,VLUE,0.015505260750457224
2015-07-31,XHB,0.009484992937630289
2015-08-31,BIL,0.8195761816807623
2015-08-31,IEF,0.10312845902551893
2015-08-31,SHY,0.048885568084685
2015-08-31,UUP,0.0181427197613051
2015-08-31,XHB,0.010267071447728563
2015-09-30,BIL,0.8147104728672971
2015-09-30,IEF,0.11770228202420434
2015-09-30,SHY,0.05892847439432431
2015-09-30,FXY,0.008658770714174122
2015-10-31,BIL,0.6568548907529443
2015-10-31,IEF,0.12803009572561186
2015-10-31,SHY,0.05453595176900074
2015-10-31,XLP,0.03967256943288839
2015-10-31,SPY,0.02772088489592678
2015-10-31,USMV,0.024308909976126704
2015-10-31,QQQ,0.020800303337487423
2015-10-31,UUP,0.01644780256791514
2015-10-31,SMH,0.011491344653971126
2015-10-31,XLU,0.011028541570119206
2015-10-31,FXY,0.009108705318008394
2015-11-30,BIL,0.7118762180233521
2015-11-30,IEF,0.11888165777830627
2015-11-30,XLP,0.03978444329093495
2015-11-30,SPY,0.030946768357798634
2015-11-30,QQQ,0.02422754249828487
2015-11-30,USMV,0.024101357961756706
2015-11-30,UUP,0.015612703108109362
2015-11-30,SMH,0.013792910805930042
2015-11-30,XHB,0.010978090152545533
2015-11-30,XLI,0.009798308022981438
2015-12-31,BIL,0.8529437808904142
2015-12-31,QQQ,0.046615372777819714
2015-12-31,XLP,0.02913781233967655
2015-12-31,SMH,0.025084472675875203
2015-12-31,USMV,0.019253860269255765
2015-12-31,UUP,0.012679636717131388
2015-12-31,FXY,0.007432936819916647
2015-12-31,XLU,0.006852127509910514
2016-01-31,BIL,0.6155814750258515
2016-01-31,IEF,0.10715208634794927
2016-01-31,TIP,0.06681435340084667
2016-01-31,SHY,0.05969183848552524
2016-01-31,XLP,0.04440740904482904
2016-01-31,TLT,0.03949938698466761
2016-01-31,USMV,0.02633799695850949
2016-01-31,UUP,0.018591134686339418
2016-01-31,FXY,0.012163983485512682
2016-01-31,XLU,0.009760335579969083
2016-02-29,BIL,0.5020213754063088
2016-02-29,IEF,0.11274011065863648
2016-02-29,TIP,0.07115279317600287
2016-02-29,SHY,0.06338074391596203
2016-02-29,GLD,0.05486494057073425
2016-02-29,XLP,0.046393869697809495
2016-02-29,TLT,0.042892776526000605
2016-02-29,LQD,0.03579847612693999
2016-02-29,USMV,0.02693777080445739
2016-02-29,UUP,0.019302064790179357
2016-02-29,XLU,0.012883735522679348
2016-02-29,FXY,0.01163134280428949
2016-03-31,BIL,0.4139879774364843
2016-03-31,GLD,0.11379715608162458
2016-03-31,TIP,0.07305468999896206
2016-03-31,IEF,0.04786229595430712
2016-03-31,SHY,0.045310650358970694
2016-03-31,SPY,0.04038574935607381
2016-03-31,HYG,0.03967254491331687
2016-03-31,XLP,0.03375220357867478
2016-03-31,QQQ,0.028872711302054332
2016-03-31,LQD,0.028170483574583658
2016-03-31,XLI,0.0218170137344989
2016-03-31,TLT,0.01865006545625324
2016-03-31,XLB,0.016802790836103917
2016-03-31,EEM,0.016302183650966057
2016-03-31,USMV,0.016224047562690785
2016-03-31,SMH,0.016033147402806643
2016-03-31,XLU,0.01315175011697624
2016-03-31,FXY,0.008858640472041409
2016-03-31,FXF,0.007293898212610763
2016-04-30,BIL,0.301215832819168
2016-04-30,GLD,0.11171584297717163
2016-04-30,TIP,0.07631046754767677
2016-04-30,SHY,0.04474206872044332
2016-04-30,IEF,0.039267690636115495
2016-04-30,SPY,0.03779711299288008
2016-04-30,XLP,0.03648816304813057
2016-04-30,HYG,0.034718446371952046
2016-04-30,XLE,0.033639351362813735
2016-04-30,IWM,0.03230256629339623
2016-04-30,DBC,0.03214770697978126
2016-04-30,XLI,0.026032274989212168
2016-04-30,XLV,0.023823468145900736
2016-04-30,LQD,0.02276679001384623
2016-04-30,VLUE,0.022759527581601047
2016-04-30,XLB,0.01892113048175199
2016-04-30,EEM,0.018072705971844117
2016-04-30,SMH,0.016423641138651454
2016-04-30,USMV,0.016210444756951894
2016-04-30,TLT,0.016199191701511458
2016-04-30,XLU,0.015239861635705185
2016-04-30,CPER,0.008650894876371539
2016-04-30,FXY,0.007982145688552487
2016-04-30,FXF,0.006572673268570651
2016-05-31,BIL,0.273619556843476
2016-05-31,GLD,0.1062789329884513
2016-05-31,TIP,0.08097987330190036
2016-05-31,SHY,0.04469626323660572
2016-05-31,IEF,0.04317524381119983
2016-05-31,SPY,0.037253264591560385
2016-05-31,XLE,0.03544854714002421
2016-05-31,XLP,0.035093633463937825
2016-05-31,HYG,0.034745248200517845
2016-05-31,DBC,0.03382152570933793
2016-05-31,IWM,0.032693598917578594
2016-05-31,XLI,0.02781644919949437
2016-05-31,LQD,0.024721201029902762
2016-05-31,XLV,0.02460442944922918
2016-05-31,QQQ,0.02406694855169773
2016-05-31,VLUE,0.022877914774378623
2016-05-31,XLB,0.019418858353932596
2016-05-31,TLT,0.018443701546594426
2016-05-31,EEM,0.018152504383259563
2016-05-31,XLU,0.015243341866252345
2016-05-31,USMV,0.014969471584127616
2016-05-31,SMH,0.013515937495024319
2016-05-31,XHB,0.01053239242968208
2016-05-31,FXY,0.00783116113183448
2016-06-30,BIL,0.2698658128697293
2016-06-30,GLD,0.11102593945143706
2016-06-30,TIP,0.07906179722888615
2016-06-30,SHY,0.04373227281826509
2016-06-30,SPY,0.03706197955042148
2016-06-30,XLP,0.0362368720703818
2016-06-30,HYG,0.03522154706819524
2016-06-30,IEF,0.034852234473308395
2016-06-30,XLE,0.03460497639598963
2016-06-30,DBC,0.0339246947160099
2016-06-30,IWM,0.03236999257863102
2016-06-30,XLI,0.026976741985084235
2016-06-30,LQD,0.0249291004927283
2016-06-30,QQQ,0.024797421667423613
2016-06-30,XLV,0.024045595076168182
2016-06-30,VLUE,0.02278568943540028
2016-06-30,XLB,0.0185777316608419
2016-06-30,EEM,0.016880340007324898
2016-06-30,USMV,0.01603526424022523
2016-06-30,TLT,0.01555639479128723
2016-06-30,XLU,0.015483349414569995
2016-06-30,SMH,0.01400321557336979
2016-06-30,XHB,0.009884713098982837
2016-06-30,CPER,0.008200996479804708
2016-06-30,FXY,0.008195655576433654
2016-06-30,FXF,0.005689671279100034
2016-07-31,BIL,0.2260183449183739
2016-07-31,GLD,0.10277712293489472
2016-07-31,TIP,0.08514973068908642
2016-07-31,SPY,0.042945839353729046
2016-07-31,HYG,0.04270156744535346
2016-07-31,IEF,0.041755583569580576
2016-07-31,XLE,0.04038698515394722
2016-07-31,IWM,0.03808486502084262
2016-07-31,SHY,0.038058435040704996
2016-07-31,DBC,0.03572997662582298
2016-07-31,XLI,0.03149558159614928
2016-07-31,XLP,0.031043240819286538
2016-07-31,LQD,0.0288809059340984
2016-07-31,QQQ,0.028452246961951883
2016-07-31,VLUE,0.02735466568837442
2016-07-31,XLB,0.023256718174950907
2016-07-31,XLV,0.020602682271706058
2016-07-31,EEM,0.020574765788143306
2016-07-31,SMH,0.018719887711297026
2016-07-31,TLT,0.01700603490819056
2016-07-31,USMV,0.013527356606067742
2016-07-31,XLU,0.013258357942986987
2016-07-31,XHB,0.010496324420122712
2016-07-31,CPER,0.009831630237879398
2016-07-31,FXY,0.006793630247596437
2016-07-31,FXF,0.0050975199388623525
2016-08-31,BIL,0.22497333366390826
2016-08-31,GLD,0.09044596154955677
2016-08-31,TIP,0.08673723879157987
2016-08-31,IEF,0.04943706387043284
2016-08-31,XLE,0.04605077038946007
2016-08-31,SPY,0.04385520751722054
2016-08-31,IWM,0.04371669333154328
2016-08-31,HYG,0.043074896383043106
2016-08-31,DBC,0.03718108265707321
2016-08-31,XLI,0.034559424832073735
2016-08-31,SHY,0.03382555409585381
2016-08-31,XLB,0.029088936536873094
2016-08-31,LQD,0.029013505509461426
2016-08-31,VLUE,0.028299752659499647
2016-08-31,QQQ,0.028277685557556397
2016-08-31,XLP,0.027259732154488577
2016-08-31,EEM,0.024724879383827923
2016-08-31,SMH,0.02170608499934741
2016-08-31,TLT,0.01882614998809152
2016-08-31,XLV,0.018002100991443885
2016-08-31,XLU,0.012322940902335352
2016-08-31,USMV,0.012045277844910976
2016-08-31,XHB,0.010441272971333179
2016-08-31,FXY,0.006134453419085236
2016-09-30,BIL,0.20456518935402965
2016-09-30,TIP,0.08248707597759056
2016-09-30,GLD,0.07007307906305081
2016-09-30,IEF,0.051444061055981774
2016-09-30,IWM,0.05031045752525727
2016-09-30,XLE,0.048495706706812566
2016-09-30,SPY,0.044283370890035915
2016-09-30,HYG,0.04084686559205902
2016-09-30,XLI,0.04016456897685369
2016-09-30,DBC,0.03959968861216714
2016-09-30,VLUE,0.03501312438551095
2016-09-30,XLB,0.0323535331225825
2016-09-30,EEM,0.030752642071143983
2016-09-30,QQQ,0.030238182241834995
2016-09-30,SHY,0.029716715481056675
2016-09-30,XLP,0.027829166164135024
2016-09-30,LQD,0.02636530544428752
2016-09-30,SMH,0.021562166749032784
2016-09-30,TLT,0.0212141807283492
2016-09-30,XLV,0.01738120196362633
2016-09-30,XLU,0.012682167150290507
2016-09-30,CPER,0.0113523909373926
2016-09-30,USMV,0.011232086047498995
2016-09-30,XHB,0.010824128940749763
2016-09-30,FXY,0.00535126075716902
2016-09-30,FXF,0.003861684061500944
2016-10-31,BIL,0.27330755457137573
2016-10-31,TIP,0.0847752312687209
2016-10-31,GLD,0.07532961881607961
2016-10-31,XLE,0.06360999709403188
2016-10-31,IWM,0.05215963413302454
2016-10-31,XLI,0.043525111000539025
2016-10-31,HYG,0.04169954541097873
2016-10-31,SPY,0.04164535685719309
2016-10-31,DBC,0.04089563564735568
2016-10-31,XLB,0.03736593171794909
2016-10-31,VLUE,0.03557691554716123
2016-10-31,EEM,0.03353132961714942
2016-10-31,QQQ,0.03204217883532532
2016-10-31,SHY,0.028359454211190193
2016-10-31,XLP,0.023630030969989273
2016-10-31,LQD,0.023003946310444407
2016-10-31,SMH,0.020887188737678183
2016-10-31,CPER,0.01166366601679763
2016-10-31,UUP,0.011118395436092991
2016-10-31,XLU,0.011026920071849605
2016-10-31,USMV,0.009840812944176493
2016-10-31,FXY,0.005005544784896896
2016-11-30,BIL,0.5015250553344117
2016-11-30,XLE,0.05782260969294773
2016-11-30,IWM,0.052525905205775957
2016-11-30,DBC,0.04863986548762463
2016-11-30,XLI,0.048625881841321064
2016-11-30,EEM,0.04478768529756338
2016-11-30,HYG,0.042952955419868884
2016-11-30,VLUE,0.041072187174005334
2016-11-30,XLB,0.03839158861354672
2016-11-30,SPY,0.03797778262976134
2016-11-30,QQQ,0.02494646862196961
2016-11-30,SMH,0.019752885107129147
2016-11-30,CPER,0.01406562896738856
2016-11-30,UUP,0.01122335679679521
2016-11-30,XHB,0.008915273877664774
2016-11-30,USMV,0.00677486993222596
2016-12-31,BIL,0.4275920071422064
2016-12-31,XLE,0.077559190973157
2016-12-31,IWM,0.06613896502595303
2016-12-31,DBC,0.062466527745998035
2016-12-31,XLI,0.05686661731312884
2016-12-31,VLUE,0.05423137267210984
2016-12-31,XLB,0.045961556769090264
2016-12-31,EEM,0.04075461583496538
2016-12-31,HYG,0.04037284285951598
2016-12-31,SPY,0.03746806822228976
2016-12-31,CPER,0.023606492489583
2016-12-31,QQQ,0.02278472967033721
2016-12-31,SMH,0.018418794842484053
2016-12-31,XLU,0.010257828403907777
2016-12-31,UUP,0.010237712529244868
2016-12-31,USMV,0.005282677506028563
2017-01-31,BIL,0.4205331621040327
2017-01-31,XLE,0.0788524767451241
2017-01-31,DBC,0.0698790397662459
2017-01-31,IWM,0.06423384971658216
2017-01-31,XLI,0.053898038062494665
2017-01-31,VLUE,0.05122418359367412
2017-01-31,XLB,0.044599765215135666
2017-01-31,EEM,0.041394426797798894
2017-01-31,HYG,0.03383792896349434
2017-01-31,SPY,0.032502355670892956
2017-01-31,CPER,0.020182568016835743
2017-01-31,QQQ,0.019907843370948242
2017-01-31,XLP,0.01727295703398908
2017-01-31,SMH,0.015567912822364801
2017-01-31,UUP,0.012442005703878515
2017-01-31,XLU,0.011119752141123483
2017-01-31,XHB,0.007394744376013741
2017-01-31,USMV,0.005156989899370908
2017-02-28,BIL,0.30082103764408996
2017-02-28,TIP,0.10509843634884675
2017-02-28,XLE,0.07263556169157619
2017-02-28,IWM,0.06450472832414
2017-02-28,DBC,0.06441235581952667
2017-02-28,XLI,0.05185642694342851
2017-02-28,VLUE,0.05167226544135927
2017-02-28,XLB,0.046977319857126026
2017-02-28,EEM,0.04357317537022142
2017-02-28,HYG,0.035061025118770954
2017-02-28,SPY,0.03479434426869573
2017-02-28,QQQ,0.023385219887698358
2017-02-28,CPER,0.02110350649190521
2017-02-28,SMH,0.016683111365888452
2017-02-28,XLP,0.01667205482987317
2017-02-28,XLV,0.014330769386404507
2017-02-28,UUP,0.011198614352460664
2017-02-28,XHB,0.010033905095834409
2017-02-28,XLU,0.009633499186665452
2017-02-28,USMV,0.005552642575488293
2017-03-31,BIL,0.3695257821598335
2017-03-31,TIP,0.10540432378290715
2017-03-31,IWM,0.06575884518031416
2017-03-31,DBC,0.0584260248185017
2017-03-31,VLUE,0.05229266370579308
2017-03-31,XLI,0.049147442800097155
2017-03-31,EEM,0.0420941717078746
2017-03-31,SPY,0.0409197903830031
2017-03-31,XLB,0.040416078863496574
2017-03-31,HYG,0.038996183653801954
2017-03-31,QQQ,0.029116100590947998
2017-03-31,SMH,0.019285545557040717
2017-03-31,CPER,0.018466636162617
2017-03-31,XLP,0.01735841555712188
2017-03-31,XLV,0.014476822223328916
2017-03-31,XHB,0.011842663651661941
2017-03-31,UUP,0.011273841272997158
2017-03-31,XLU,0.008863051921947106
2017-03-31,USMV,0.006335616006714206
2017-04-30,BIL,0.3238898723623786
2017-04-30,TIP,0.09471466538356146
2017-04-30,IWM,0.06700834385048944
2017-04-30,SPY,0.052178600362701145
2017-04-30,GLD,0.05186880234575747
2017-04-30,HYG,0.0506793546316167
2017-04-30,VLUE,0.0468071355672674
2017-04-30,XLI,0.04468704890501224
2017-04-30,QQQ,0.03831602727352368
2017-04-30,XLB,0.038051001404987864
2017-04-30,EEM,0.03763978183069234
2017-04-30,LQD,0.027790988490998925
2017-04-30,SMH,0.024221357415743865
2017-04-30,SHY,0.023819161189966694
2017-04-30,CPER,0.017391139560141128
2017-04-30,XLP,0.01660361346604952
2017-04-30,XLV,0.015278396065212741
2017-04-30,XHB,0.014087034180809945
2017-04-30,XLU,0.007529239486814301
2017-04-30,USMV,0.007438436226274694
2017-05-31,BIL,0.2627388472417796
2017-05-31,TIP,0.07766989720563997
2017-05-31,SPY,0.06064339837752813
2017-05-31,IEF,0.05996074465493066
2017-05-31,IWM,0.057311734697760804
2017-05-31,HYG,0.05685877140014649
2017-05-31,GLD,0.05306851061655598
2017-05-31,QQQ,0.043705063686819534
2017-05-31,VLUE,0.03381782313829315
2017-05-31,SHY,0.032676160816833
2017-05-31,XLI,0.032296076405012114
2017-05-31,LQD,0.03222425427737068
2017-05-31,EEM,0.02816199894007741
2017-05-31,SMH,0.026992666628925903
2017-05-31,XLB,0.02664084527747079
2017-05-31,XLP,0.02267437566808516
2017-05-31,XLV,0.019877041192376103
2017-05-31,XHB,0.01765416669882767
2017-05-31,TLT,0.017101115638617433
2017-05-31,USMV,0.01303308098274289
2017-05-31,CPER,0.011754391085265572
2017-05-31,XLU,0.008405010496652904
2017-05-31,FXF,0.0047340248722881565
2017-06-30,BIL,0.3250026842126863
2017-06-30,IEF,0.07076784053028572
2017-06-30,GLD,0.06399232095315369
2017-06-30,SPY,0.061626347444824196
2017-06-30,HYG,0.05872676703226417
2017-06-30,IWM,0.04746087230124726
2017-06-30,QQQ,0.04496659803788363
2017-06-30,SHY,0.041500268527478026
2017-06-30,LQD,0.03842144859188981
2017-06-30,SMH,0.0277722174276993
2017-06-30,XLP,0.02731431652883557
2017-06-30,XLV,0.023572265489465227
2017-06-30,XLI,0.0234257417028517
2017-06-30,VLUE,0.02302058800004166
2017-06-30,TLT,0.022216461311067845
2017-06-30,EEM,0.02113430739177513
2017-06-30,XLB,0.018686075438984564
2017-06-30,USMV,0.018196336280503985
2017-06-30,XHB,0.01697118618524631
2017-06-30,CPER,0.009281769610282426
2017-06-30,XLU,0.008368046210830368
2017-06-30,FXF,0.0075755407907031926
2017-07-31,BIL,0.2630086348311934
2017-07-31,IEF,0.0730887459833646
2017-07-31,SPY,0.059604908247768824
2017-07-31,TIP,0.05926212355754811
2017-07-31,HYG,0.058833523102663474
2017-07-31,GLD,0.05316831506265942
2017-07-31,IWM,0.04887127215233944
2017-07-31,SHY,0.046575528940746305
2017-07-31,QQQ,0.04406652777573398
2017-07-31,LQD,0.036416359137857617
2017-07-31,XLP,0.02827041183718271
2017-07-31,SMH,0.027316723956842353
2017-07-31,XLV,0.026810782849098932
2017-07-31,TLT,0.024713474644878622
2017-07-31,XLI,0.022463963379667055
2017-07-31,VLUE,0.022125871202110455
2017-07-31,EEM,0.01917211042638371
2017-07-31,USMV,0.01845336909791773
2017-07-31,XHB,0.018053112318228783
2017-07-31,XLB,0.017994630322394373
2017-07-31,FXF,0.008459150291325252
2017-07-31,CPER,0.008430341733844564
2017-07-31,XLU,0.008135220858912788
2017-07-31,FXY,0.006704898289337596
2017-08-31,BIL,0.23295973910417056
2017-08-31,IEF,0.07012645015906259
2017-08-31,HYG,0.06275078814793202
2017-08-31,SPY,0.06207053549789294
2017-08-31,TIP,0.05737167120697602
2017-08-31,GLD,0.05402951678793214
2017-08-31,SHY,0.04805466259901846
2017-08-31,IWM,0.0467981048599809
2017-08-31,QQQ,0.0443329498839692
2017-08-31,LQD,0.03462378787188593
2017-08-31,DBC,0.028425585111822048
2017-08-31,SMH,0.02789139832755687
2017-08-31,XLP,0.02786023925319599
2017-08-31,XLV,0.0263884578977977
2017-08-31,TLT,0.02384497274379405
2017-08-31,XLI,0.022687026589851726
2017-08-31,VLUE,0.022640483649948664
2017-08-31,EEM,0.01988781794111289
2017-08-31,USMV,0.019346648205453242
2017-08-31,XLB,0.0180884132659089
2017-08-31,XHB,0.017541721893494178
2017-08-31,CPER,0.009273708641239805
2017-08-31,XLU,0.008118400886255114
2017-08-31,FXF,0.007988953668506093
2017-08-31,FXY,0.006897965805241913
2017-09-30,BIL,0.19948459157412068
2017-09-30,TIP,0.0729497943347002
2017-09-30,GLD,0.06360612494125642
2017-09-30,IEF,0.06183389370431969
2017-09-30,SPY,0.05779770118147826
2017-09-30,HYG,0.055141660567737415
2017-09-30,IWM,0.04718189446694078
2017-09-30,SHY,0.044048537751096316
2017-09-30,QQQ,0.04053220741308764
2017-09-30,DBC,0.0346827913415912
2017-09-30,LQD,0.03221141908977328
2017-09-30,XLE,0.029475620005147852
2017-09-30,XLI,0.028232129594864024
2017-09-30,VLUE,0.028224847961165127
2017-09-30,XLP,0.02618897816318853
2017-09-30,EEM,0.02537497539944184
2017-09-30,SMH,0.025095984021199818
2017-09-30,XLV,0.024730772401845243
2017-09-30,XLB,0.02300502744871542
2017-09-30,TLT,0.019787943472939076
2017-09-30,XHB,0.015862731361342725
2017-09-30,USMV,0.015635761705921184
2017-09-30,CPER,0.011838614242090468
2017-09-30,XLU,0.010048498294615472
2017-09-30,FXF,0.007027499561421271
2017-10-31,BIL,0.2255675277367849
2017-10-31,TIP,0.08841972287339377
2017-10-31,GLD,0.056400320284442716
2017-10-31,IEF,0.054125078840510404
2017-10-31,IWM,0.05124296918262274
2017-10-31,SPY,0.048333953605019714
2017-10-31,HYG,0.04688633627755169
2017-10-31,SHY,0.0441644581463544
2017-10-31,DBC,0.04006007733063189
2017-10-31,XLE,0.039276494225943294
2017-10-31,XLI,0.03538171385331875
2017-10-31,QQQ,0.03442342520048096
2017-10-31,VLUE,0.0334446698435145
2017-10-31,EEM,0.0300870340256604
2017-10-31,LQD,0.02914671803223784
2017-10-31,XLB,0.02874415008530998
2017-10-31,XLV,0.023313860164804818
2017-10-31,SMH,0.02189372192174035
2017-10-31,TLT,0.01678607341359205
2017-10-31,XHB,0.014827036942025522
2017-10-31,CPER,0.014034655023551851
2017-10-31,USMV,0.012786726310066582
2017-10-31,XLU,0.010653276680440926
2017-11-30,BIL,0.2725325559748701
2017-11-30,TIP,0.09937624545946094
2017-11-30,GLD,0.05756627852542225
2017-11-30,IWM,0.05618823968873806
2017-11-30,SPY,0.045623658755432644
2017-11-30,HYG,0.045318555981246074
2017-11-30,DBC,0.04500033703503652
2017-11-30,XLE,0.0446546876795599
2017-11-30,XLI,0.03737270643285129
2017-11-30,VLUE,0.03638024129269514
2017-11-30,QQQ,0.03323859024169643
2017-11-30,XLB,0.03309638824185516
2017-11-30,EEM,0.03242617526464041
2017-11-30,LQD,0.028891695063215712
2017-11-30,XLP,0.022390053662559445
2017-11-30,SMH,0.02116270784027485
2017-11-30,XLV,0.020871054588855235
2017-11-30,XHB,0.016123964820136415
2017-11-30,CPER,0.01597418064971008
2017-11-30,TLT,0.014894186966695642
2017-11-30,USMV,0.010572050456175075
2017-11-30,XLU,0.01034544537887256
2017-12-31,BIL,0.26713019323181586
2017-12-31,TIP,0.10492710770849673
2017-12-31,GLD,0.07902598039297007
2017-12-31,IWM,0.05208834255259232
2017-12-31,DBC,0.04601176871075856
2017-12-31,SPY,0.04381867571967195
2017-12-31,XLE,0.041522784860662534
2017-12-31,VLUE,0.04073231751318662
2017-12-31,HYG,0.0398747653561888
2017-12-31,XLI,0.03974072570044346
2017-12-31,EEM,0.03892979652798925
2017-12-31,XLB,0.03346685248876592
2017-12-31,QQQ,0.031387194477253175
2017-12-31,LQD,0.025353597784259663
2017-12-31,XLP,0.023367039132880123
2017-12-31,XLV,0.022103746163376705
2017-12-31,SMH,0.019270659736638333
2017-12-31,CPER,0.01448761166088168
2017-12-31,XHB,0.014460021490631315
2017-12-31,TLT,0.012873027635785069
2017-12-31,USMV,0.00942779115475192
2018-01-31,BIL,0.23988015090743847
2018-01-31,TIP,0.12023100770617824
2018-01-31,GLD,0.072135446959
2018-01-31,IWM,0.0560461039122426
2018-01-31,DBC,0.047472245683448086
2018-01-31,XLI,0.044373095564767755
2018-01-31,VLUE,0.044225921620703476
2018-01-31,SPY,0.043586004138857645
2018-01-31,XLE,0.043390094294360845
2018-01-31,EEM,0.04203844659729932
2018-01-31,HYG,0.04012711725780258
2018-01-31,XLB,0.038720709761100106
2018-01-31,QQQ,0.0320944910097567
2018-01-31,LQD,0.02947061139043183
2018-01-31,XLP,0.020285851300600784
2018-01-31,SMH,0.020269265936280714
2018-01-31,CPER,0.018467925936229562
2018-01-31,XLV,0.01774147432340033
2018-01-31,XHB,0.01524332201292614
2018-01-31,USMV,0.00783409082061073
2018-01-31,FXF,0.003295497016216773
2018-01-31,FXY,0.0030711258503473625
2018-02-28,BIL,0.48893901471699197
2018-02-28,GLD,0.06740557097949837
2018-02-28,IWM,0.058421815663603174
2018-02-28,DBC,0.053520751826757855
2018-02-28,XLI,0.04871204316750064
2018-02-28,VLUE,0.047353434682968376
2018-02-28,EEM,0.04444402110792101
2018-02-28,SPY,0.04272983839352996
2018-02-28,XLB,0.03936435540273625
2018-02-28,QQQ,0.030160748969306414
2018-02-28,SMH,0.018998584969241596
2018-02-28,CPER,0.017563234529168498
2018-02-28,XLV,0.016664482741446718
2018-02-28,XHB,0.013960743725334818
2018-02-28,USMV,0.006537421483121901
2018-02-28,FXF,0.002741499495931741
2018-02-28,FXY,0.0024824381449406485
2018-03-31,BIL,0.40404955118142893
2018-03-31,TIP,0.13264712784132635
2018-03-31,GLD,0.07185403808672085
2018-03-31,IWM,0.05514678684001642
2018-03-31,DBC,0.051641897446402664
2018-03-31,SPY,0.046553347456115605
2018-03-31,XLI,0.04547846258256088
2018-03-31,VLUE,0.044833525369626696
2018-03-31,XLE,0.04103276590166688
2018-03-31,EEM,0.04026043060168777
2018-03-31,QQQ,0.032282057820601555
2018-03-31,SMH,0.020149153390962196
2018-03-31,USMV,0.007320853821637622
2018-03-31,FXF,0.0035389893721343027
2018-03-31,FXY,0.003211012287111072
2018-04-30,BIL,0.435759754872354
2018-04-30,TIP,0.1359806051180387
2018-04-30,GLD,0.07025836135649462
2018-04-30,IWM,0.05952667368999356
2018-04-30,DBC,0.0579398881962809
2018-04-30,VLUE,0.045935437669438264
2018-04-30,XLE,0.04325499487491244
2018-04-30,SPY,0.04278436335593248
2018-04-30,EEM,0.04152790170981108
2018-04-30,QQQ,0.029684853883185116
2018-04-30,XLV,0.016813361678657986
2018-04-30,UUP,0.010233266793684253
2018-04-30,USMV,0.007124142609690549
2018-04-30,FXY,0.003176394191526031
2018-05-31,BIL,0.525267024808179
2018-05-31,TIP,0.1307957426518599
2018-05-31,DBC,0.05560133507765764
2018-05-31,XLE,0.05179238917824799
2018-05-31,IWM,0.05067191815462962
2018-05-31,SPY,0.040701051895362196
2018-05-31,VLUE,0.038524684473534306
2018-05-31,XLI,0.035001847239055535
2018-05-31,QQQ,0.02858781842481953
2018-05-31,SMH,0.017894978717004954
2018-05-31,UUP,0.012107185621471393
2018-05-31,USMV,0.009136739255988418
2018-05-31,FXY,0.003917284502189508
2018-06-30,BIL,0.4822105969215266
2018-06-30,TIP,0.12834954894813128
2018-06-30,DBC,0.05476711994720676
2018-06-30,SHY,0.05348921898935406
2018-06-30,XLE,0.0508261572008636
2018-06-30,IWM,0.046202550228798406
2018-06-30,VLUE,0.03341827326969247
2018-06-30,SPY,0.03153758746305313
2018-06-30,XLV,0.024472346984993985
2018-06-30,QQQ,0.02253744103600998
2018-06-30,TLT,0.018605863791536503
2018-06-30,UUP,0.017169124211577087
2018-06-30,SMH,0.014233109107018577
2018-06-30,XLU,0.011375338665883677
2018-06-30,USMV,0.01080572323435394
2018-07-31,BIL,0.4024914875296138
2018-07-31,TIP,0.1198481940848797
2018-07-31,SHY,0.057956931984540404
2018-07-31,DBC,0.05066414467964797
2018-07-31,XLE,0.046056369221396255
2018-07-31,IWM,0.042141262853502955
2018-07-31,SPY,0.034328246247496794
2018-07-31,HYG,0.03164232234329596
2018-07-31,VLUE,0.028461355147359594
2018-07-31,XLV,0.02644261381982596
2018-07-31,XLI,0.024882024699835536
2018-07-31,QQQ,0.024668652601377513
2018-07-31,XLP,0.02466721554617936
2018-07-31,XLB,0.023506267138616206
2018-07-31,UUP,0.018446185786153126
2018-07-31,SMH,0.015410771309517424
2018-07-31,USMV,0.014821033429145673
2018-07-31,XLU,0.013564921577615826
2018-08-31,BIL,0.3033608807055143
2018-08-31,TIP,0.11711702849640691
2018-08-31,SHY,0.05796022704638212
2018-08-31,IEF,0.05289054407348472
2018-08-31,DBC,0.04856007445127265
2018-08-31,XLE,0.04829737650652902
2018-08-31,IWM,0.046219805373268884
2018-08-31,SPY,0.03902115277712844
2018-08-31,HYG,0.035113657041843854
2018-08-31,VLUE,0.031180310712053027
2018-08-31,XLI,0.028155561702877186
2018-08-31,QQQ,0.027094571653051864
2018-08-31,XLV,0.02696493985361383
2018-08-31,XLP,0.026800016337175426
2018-08-31,XLB,0.024118086627709878
2018-08-31,TLT,0.019566970932908365
2018-08-31,UUP,0.01900715048960934
2018-08-31,SMH,0.016802855131658176
2018-08-31,USMV,0.013892249316634344
2018-08-31,XLU,0.012621415011148707
2018-08-31,FXF,0.0052551257597291245
2018-09-30,BIL,0.49607346571847233
2018-09-30,IWM,0.055539388796170805
2018-09-30,XLE,0.050704515954548154
2018-09-30,DBC,0.04972811559528437
2018-09-30,SHY,0.048625952023671565
2018-09-30,SPY,0.0479026875522146
2018-09-30,HYG,0.04680408567467595
2018-09-30,VLUE,0.035081819895696205
2018-09-30,QQQ,0.03358338922997216
2018-09-30,XLI,0.031018097209448807
2018-09-30,XLP,0.02420420360131275
2018-09-30,XLV,0.023556384114006026
2018-09-30,SMH,0.019757995941373355
2018-09-30,UUP,0.015474996811298576
2018-09-30,USMV,0.01225152478837071
2018-09-30,XLU,0.009693377093483647
2018-10-31,BIL,0.7669515884544326
2018-10-31,SHY,0.06839561805871698
2018-10-31,HYG,0.045744008542330176
2018-10-31,XLV,0.03525258522817682
2018-10-31,XLP,0.033324292611853955
2018-10-31,USMV,0.02172284641249224
2018-10-31,UUP,0.01729715840327139
2018-10-31,XLU,0.011311902288725868
2018-11-30,BIL,0.6194083519300676
2018-11-30,IEF,0.09740038716868503
2018-11-30,SHY,0.09033738328267156
2018-11-30,XLP,0.04746239654200238
2018-11-30,XLV,0.04358361659525229
2018-11-30,SPY,0.03987069533023009
2018-11-30,USMV,0.03329619039061239
2018-11-30,UUP,0.017506388518741114
2018-11-30,XLU,0.011134590241737637
2018-12-31,BIL,0.5546027351815659
2018-12-31,IEF,0.13191295121181404
2018-12-31,SHY,0.11847564485053176
2018-12-31,TLT,0.06437216662440334
2018-12-31,GLD,0.05899841420632175
2018-12-31,LQD,0.028970317165628996
2018-12-31,FXY,0.020304545168415438
2018-12-31,UUP,0.013696789471085017
2018-12-31,XLU,0.008666436120233876
2019-01-31,BIL,0.3523882383711847
2019-01-31,IEF,0.12297535741757354
2019-01-31,SHY,0.11010899877555871
2019-01-31,GLD,0.07526475629856365
2019-01-31,TLT,0.060035761736009684
2019-01-31,XLV,0.0458003804891619
2019-01-31,TIP,0.04509255132395697
2019-01-31,XLP,0.038913525278830345
2019-01-31,HYG,0.038828925044968765
2019-01-31,USMV,0.03696877089848997
2019-01-31,LQD,0.028272759518795362
2019-01-31,FXY,0.018637703625806266
2019-01-31,UUP,0.01373069734127328
2019-01-31,XLU,0.008851931886936861
2019-01-31,EEM,0.004129641992890077
2019-02-28,BIL,0.27019447896705495
2019-02-28,IEF,0.12605599276214974
2019-02-28,SHY,0.08962215218639653
2019-02-28,GLD,0.07200739494094079
2019-02-28,HYG,0.06111114944030391
2019-02-28,TLT,0.05285354359422208
2019-02-28,TIP,0.05059897529077177
2019-02-28,SPY,0.04369051868363378
2019-02-28,XLV,0.03840643045821585
2019-02-28,LQD,0.03661022617061392
2019-02-28,XLP,0.033271664525462076
2019-02-28,QQQ,0.03149053086020441
2019-02-28,USMV,0.03136278125011845
2019-02-28,SMH,0.01604111751510308
2019-02-28,UUP,0.012363092662042973
2019-02-28,XHB,0.01056696927781971
2019-02-28,XLU,0.008323840562725842
2019-02-28,XLI,0.0065542735509184075
2019-02-28,EEM,0.006082376034515813
2019-02-28,CPER,0.002792491266785952
2019-03-31,BIL,0.26683822467849233
2019-03-31,IEF,0.11359392964122927
2019-03-31,SHY,0.07576976940227574
2019-03-31,HYG,0.066180456220132
2019-03-31,GLD,0.05386651127941082
2019-03-31,SPY,0.053013972614680556
2019-03-31,TIP,0.05273852243028263
2019-03-31,TLT,0.04884307972939282
2019-03-31,XLP,0.03801810297894948
2019-03-31,XLV,0.03672113257874491
2019-03-31,QQQ,0.03511251925084363
2019-03-31,LQD,0.03422082850263006
2019-03-31,USMV,0.030305910622075626
2019-03-31,SMH,0.01763269043409585
2019-03-31,UUP,0.013689113984968075
2019-03-31,XHB,0.012903727085313054
2019-03-31,FXY,0.010252844330943228
2019-03-31,XLI,0.009874459997254151
2019-03-31,XLU,0.009434345019947504
2019-03-31,XLB,0.009314758036413389
2019-03-31,EEM,0.007987927997786028
2019-03-31,CPER,0.003687173184138846
2019-04-30,BIL,0.2539521799034689
2019-04-30,IEF,0.10311312806451292
2019-04-30,TIP,0.07169170243985269
2019-04-30,HYG,0.06831678839409588
2019-04-30,SHY,0.06317409021586883
2019-04-30,SPY,0.0563390380488757
2019-04-30,GLD,0.04462504034666244
2019-04-30,TLT,0.04146523442673921
2019-04-30,QQQ,0.04027328096958026
2019-04-30,IWM,0.036166308641697655
2019-04-30,XLP,0.033717336029934306
2019-04-30,LQD,0.03328982404389588
2019-04-30,USMV,0.02262818579597015
2019-04-30,SMH,0.02088203075922666
2019-04-30,XLB,0.016851301741352107
2019-04-30,XLI,0.016849935061595694
2019-04-30,VLUE,0.016787878224966194
2019-04-30,UUP,0.015819407618807728
2019-04-30,XHB,0.013518889669724221
2019-04-30,EEM,0.013135039546185508
2019-04-30,XLU,0.011027310379626912
2019-04-30,CPER,0.00637606967736007
2019-05-31,BIL,0.43384206781655593
2019-05-31,IEF,0.09800337652243445
2019-05-31,SHY,0.0746805117401355
2019-05-31,TIP,0.06598888251819106
2019-05-31,HYG,0.04942895471453419
2019-05-31,TLT,0.04929582043086252
2019-05-31,XLP,0.044960798778629886
2019-05-31,GLD,0.04446274482312008
2019-05-31,QQQ,0.03094288774930717
2019-05-31,USMV,0.027433131860380284
2019-05-31,LQD,0.025834519631053755
2019-05-31,UUP,0.01956594269303481
2019-05-31,XLU,0.013502334958192716
2019-05-31,XHB,0.011845346578873213
2019-05-31,FXY,0.010212679184694184
2019-06-30,BIL,0.2496636968650358
2019-06-30,GLD,0.11069119565944165
2019-06-30,TIP,0.08693586467418625
2019-06-30,SHY,0.0752204929229726
2019-06-30,IEF,0.050162110314106924
2019-06-30,HYG,0.04917543014560014
2019-06-30,XLP,0.04207507935363427
2019-06-30,SPY,0.03777075857990831
2019-06-30,XLV,0.033213274575120806
2019-06-30,IWM,0.026841329400403718
2019-06-30,QQQ,0.02506665507369493
2019-06-30,TLT,0.024155826006856465
2019-06-30,LQD,0.023893562044624818
2019-06-30,USMV,0.022260794734247434
2019-06-30,UUP,0.02161749224159226
2019-06-30,XLI,0.016331222399532733
2019-06-30,XLB,0.016040537988334082
2019-06-30,XLU,0.01585193621296038
2019-06-30,VLUE,0.015507982961230116
2019-06-30,EEM,0.015023311828744225
2019-06-30,SMH,0.013041297657024544
2019-06-30,XHB,0.01085846924285814
2019-06-30,FXY,0.00932145538907323
2019-06-30,FXF,0.009280223728816065
2019-07-31,BIL,0.2507900017584994
2019-07-31,IEF,0.0919159188580893
2019-07-31,SHY,0.07002477646973268
2019-07-31,TIP,0.06595423849292786
2019-07-31,GLD,0.06509471302791861
2019-07-31,HYG,0.05113029321791029
2019-07-31,TLT,0.04723442161079386
2019-07-31,SPY,0.043868187299353024
2019-07-31,XLP,0.04202710422827493
2019-07-31,XLV,0.03611131204991779
2019-07-31,QQQ,0.029325021214919873
2019-07-31,IWM,0.026566826968525425
2019-07-31,LQD,0.0260495164379387
2019-07-31,USMV,0.025847009416121922
2019-07-31,SMH,0.01687554158710731
2019-07-31,UUP,0.01661337296207656
2019-07-31,XLI,0.016329487972595494
2019-07-31,XLB,0.014491174421262486
2019-07-31,XLU,0.013976330247454932
2019-07-31,EEM,0.013557448158691568
2019-07-31,VLUE,0.013398909829107988
2019-07-31,XHB,0.01298977002168622
2019-07-31,FXY,0.0098286237490938
2019-08-31,BIL,0.2902020558430606
2019-08-31,IEF,0.102112523961629
2019-08-31,SHY,0.07044184599449911
2019-08-31,HYG,0.060278505778370434
2019-08-31,TLT,0.05645082724525875
2019-08-31,GLD,0.051853738416510434
2019-08-31,TIP,0.05127252918902176
2019-08-31,SPY,0.047952832772299135
2019-08-31,XLP,0.041836658368314024
2019-08-31,QQQ,0.03438220725042921
2019-08-31,XLV,0.03067176089949185
2019-08-31,USMV,0.029850874898245405
2019-08-31,LQD,0.02264823185645104
2019-08-31,SMH,0.021210356884852802
2019-08-31,UUP,0.01549875862229366
2019-08-31,XHB,0.015013415942487925
2019-08-31,XLB,0.012157237953560504
2019-08-31,XLI,0.011812245080593472
2019-08-31,XLU,0.011748926877584838
2019-08-31,FXY,0.011336499671092858
2019-08-31,FXF,0.011267966493952944
2019-09-30,BIL,0.24983894252549244
2019-09-30,IEF,0.09324707366535917
2019-09-30,HYG,0.07041726808953898
2019-09-30,GLD,0.06920657383292593
2019-09-30,SHY,0.06819327024959193
2019-09-30,TIP,0.053840544892501875
2019-09-30,SPY,0.05087718839527441
2019-09-30,TLT,0.04975971482510298
2019-09-30,XLP,0.038555824787317436
2019-09-30,QQQ,0.03450146906195679
2019-09-30,IWM,0.028984983734282852
2019-09-30,XLV,0.026706796840545388
2019-09-30,LQD,0.026577232857604015
2019-09-30,USMV,0.026046142206016868
2019-09-30,SMH,0.02265161910676254
2019-09-30,XHB,0.01758401959461021
2019-09-30,UUP,0.01410842296051549
2019-09-30,XLB,0.012971974681536155
2019-09-30,XLI,0.012601268979235948
2019-09-30,FXY,0.011604151548371577
2019-09-30,VLUE,0.011583895560525978
2019-09-30,XLU,0.010141621604931197
2019-10-31,BIL,0.2278213956913153
2019-10-31,IEF,0.09280969981606857
2019-10-31,HYG,0.07399625530732534
2019-10-31,SHY,0.06668246729372747
2019-10-31,GLD,0.06099967317121425
2019-10-31,SPY,0.05427172334260876
2019-10-31,TLT,0.0529931838106975
2019-10-31,TIP,0.04685215954440537
2019-10-31,XLP,0.03867958348774335
2019-10-31,QQQ,0.035971439806623984
2019-10-31,IWM,0.030005170095660318
2019-10-31,USMV,0.026666396100911472
2019-10-31,XLV,0.02541360836447549
2019-10-31,LQD,0.025081228274654088
2019-10-31,SMH,0.024950844698761954
2019-10-31,XHB,0.021381650665099745
2019-10-31,XLB,0.013422695047453291
2019-10-31,UUP,0.012852504336697164
2019-10-31,FXY,0.01231302759796246
2019-10-31,EEM,0.012229055341952264
2019-10-31,XLI,0.012001910975746733
2019-10-31,VLUE,0.011500928599735638
2019-10-31,FXF,0.011265449831014249
2019-10-31,XLU,0.009837948798145344
2019-11-30,BIL,0.26428294711619804
2019-11-30,IEF,0.0710929711034851
2019-11-30,GLD,0.06556666786620512
2019-11-30,TIP,0.06233680112968679
2019-11-30,HYG,0.0602265224672305
2019-11-30,SPY,0.0520443286439249
2019-11-30,SHY,0.051480529388762866
2019-11-30,IWM,0.03992167363570759
2019-11-30,QQQ,0.03859577502168232
2019-11-30,TLT,0.03726003483228119
2019-11-30,XLP,0.030868642309117986
2019-11-30,SMH,0.02547104763460755
2019-11-30,XLV,0.024298829564275096
2019-11-30,XLI,0.02370078649850959
2019-11-30,XLB,0.023573497229285093
2019-11-30,EEM,0.022358007279280157
2019-11-30,LQD,0.02104950246112431
2019-11-30,VLUE,0.020763417381938643
2019-11-30,XHB,0.02053478157189018
2019-11-30,USMV,0.019136464485652108
2019-11-30,UUP,0.013404082308556282
2019-11-30,XLU,0.012032690070598527
2019-12-31,BIL,0.17554354807123532
2019-12-31,GLD,0.0850539356813559
2019-12-31,TIP,0.0764183322277141
2019-12-31,DBC,0.059875786747365656
2019-12-31,SHY,0.04819351741382597
2019-12-31,XLE,0.048110895389345265
2019-12-31,HYG,0.047774541769619934
2019-12-31,IWM,0.04337643184753902
2019-12-31,SPY,0.04102941722980523
2019-12-31,IEF,0.0376427315713811
2019-12-31,XLB,0.0323115039585934
2019-12-31,XLI,0.03135753920898841
2019-12-31,QQQ,0.030805294566890972
2019-12-31,XLP,0.03051500047474039
2019-12-31,VLUE,0.02968122014954024
2019-12-31,EEM,0.027413486765502617
2019-12-31,XLV,0.02165478446992558
2019-12-31,TLT,0.021520997913128198
2019-12-31,SMH,0.018971090273348545
2019-12-31,UUP,0.017698969529130755
2019-12-31,XHB,0.01534153711828815
2019-12-31,XLU,0.01489823654062208
2019-12-31,LQD,0.0144367498600738
2019-12-31,USMV,0.013580270055738447
2019-12-31,CPER,0.011617101276284913
2019-12-31,FXF,0.005177079890016004
2020-01-31,BIL,0.3153666149665819
2020-01-31,GLD,0.08525203468581205
2020-01-31,TIP,0.06478847356869781
2020-01-31,SHY,0.047189076785101154
2020-01-31,IWM,0.04573580724394629
2020-01-31,HYG,0.04498912762416944
2020-01-31,SPY,0.04454985521324234
2020-01-31,XLP,0.03508008089749789
2020-01-31,QQQ,0.031325429755700226
2020-01-31,XLI,0.030211605819323563
2020-01-31,VLUE,0.029673643950792312
2020-01-31,XLB,0.028799225975515676
2020-01-31,IEF,0.02776171199786837
2020-01-31,XLV,0.026855602220417194
2020-01-31,EEM,0.026680050901600808
2020-01-31,SMH,0.018865962013347514
2020-01-31,UUP,0.01697552051018395
2020-01-31,TLT,0.015992215841166568
2020-01-31,USMV,0.015953392519579727
2020-01-31,XHB,0.015290651197923576
2020-01-31,XLU,0.014773978122451997
2020-01-31,LQD,0.012143564460021718
2020-01-31,FXF,0.005746373729057907
2020-02-29,BIL,0.519627483306321
2020-02-29,IEF,0.08291372017566973
2020-02-29,GLD,0.08030495322943168
2020-02-29,TIP,0.07918300434974301
2020-02-29,SHY,0.06903418770096677
2020-02-29,TLT,0.05058366118188221
2020-02-29,HYG,0.024789608815890755
2020-02-29,LQD,0.021986109340795826
2020-02-29,UUP,0.021610682945473324
2020-02-29,QQQ,0.017650025664659758
2020-02-29,FXF,0.010949272407741609
2020-02-29,FXY,0.010818968550451068
2020-02-29,SMH,0.010548322330973196
2020-03-31,BIL,0.5511814835909276
2020-03-31,IEF,0.12092956845249166
2020-03-31,TLT,0.09114133599514454
2020-03-31,GLD,0.08170646700419655
2020-03-31,SHY,0.08155069497394911
2020-03-31,FXY,0.022849554114695997
2020-03-31,FXF,0.02163969091087662
2020-03-31,TIP,0.02064637559370102
2020-03-31,UUP,0.008354829364016885
2020-04-30,BIL,0.44323002394916633
2020-04-30,IEF,0.1324711105153237
2020-04-30,TLT,0.1049465340607894
2020-04-30,SHY,0.09975764813358651
2020-04-30,GLD,0.06955780195776665
2020-04-30,XLV,0.04741094242067839
2020-04-30,FXY,0.02933407593485943
2020-04-30,FXF,0.027807303856223552
2020-04-30,QQQ,0.01523556799236814
2020-04-30,TIP,0.009772639576364898
2020-04-30,SMH,0.009345283303705886
2020-04-30,LQD,0.006077004906145351
2020-04-30,UUP,0.0050540633930217065
2020-05-31,BIL,0.4180844266039976
2020-05-31,IEF,0.13560776661062426
2020-05-31,TLT,0.10964317782096641
2020-05-31,SHY,0.10040141383591264
2020-05-31,GLD,0.06397261956399662
2020-05-31,XLV,0.054531169102327436
2020-05-31,FXF,0.028827740244748313
2020-05-31,FXY,0.028526329150826472
2020-05-31,SPY,0.015925589285320202
2020-05-31,QQQ,0.01384400678896436
2020-05-31,TIP,0.008473426287026997
2020-05-31,SMH,0.008399243509432433
2020-05-31,UUP,0.0045834763887093845
2020-05-31,XHB,0.00453420874240887
2020-05-31,LQD,0.0040462028015742285
2020-05-31,XLB,0.0005992032631637259
2020-06-30,BIL,0.44861222086654473
2020-06-30,IEF,0.11770007262003568
2020-06-30,TLT,0.09187617129611739
2020-06-30,SHY,0.08225188032608925
2020-06-30,XLV,0.049102843267472294
2020-06-30,GLD,0.04906030031666467
2020-06-30,SPY,0.0360549114252264
2020-06-30,QQQ,0.02889315828564952
2020-06-30,FXF,0.02128157323743495
2020-06-30,FXY,0.02066780456132036
2020-06-30,SMH,0.017539670423728625
2020-06-30,TIP,0.016436617790816715
2020-06-30,XHB,0.010942962323942873
2020-06-30,LQD,0.00522135604047403
2020-06-30,XLB,0.0031251251370739753
2020-06-30,CPER,0.0012333320814086315
2020-07-31,BIL,0.3442738508859125
2020-07-31,IEF,0.09802708927587449
2020-07-31,SHY,0.08119162110112232
2020-07-31,TLT,0.0701989482633917
2020-07-31,GLD,0.04894886929251124
2020-07-31,XLP,0.04296507515891785
2020-07-31,XLV,0.04191996659199416
2020-07-31,TIP,0.0415837201651489
2020-07-31,SPY,0.03379302069006179
2020-07-31,HYG,0.029489343721893123
2020-07-31,QQQ,0.0275580602383252
2020-07-31,USMV,0.025808776991863135
2020-07-31,IWM,0.018530420247701143
2020-07-31,SMH,0.016728645277281583
2020-07-31,FXF,0.015917696525978155
2020-07-31,FXY,0.01576306109160724
2020-07-31,XHB,0.010195683150648576
2020-07-31,XLU,0.009565632568534986
2020-07-31,XLB,0.007947503493337981
2020-07-31,LQD,0.007687741283424307
2020-07-31,EEM,0.007569831768482873
2020-07-31,CPER,0.004335442215986901
2020-08-31,BIL,0.2658028699269313
2020-08-31,GLD,0.101839653128032
2020-08-31,TIP,0.10052149143019563
2020-08-31,DBC,0.06516351748169269
2020-08-31,IWM,0.04563428914811022
2020-08-31,EEM,0.04109851359504747
2020-08-31,SHY,0.041029766292540654
2020-08-31,XLB,0.03959763170736649
2020-08-31,SPY,0.03843174020281593
2020-08-31,HYG,0.03458914471092736
2020-08-31,XLI,0.03230745068503645
2020-08-31,QQQ,0.031110337981872495
2020-08-31,XLP,0.02556492491189631
2020-08-31,IEF,0.0235130723987904
2020-08-31,XLV,0.022643036873987606
2020-08-31,CPER,0.02120994194204022
2020-08-31,SMH,0.019142538195835515
2020-08-31,LQD,0.012802386321371125
2020-08-31,XHB,0.012698319779781331
2020-08-31,TLT,0.00971635377651292
2020-08-31,USMV,0.006780621111781051
2020-08-31,FXF,0.0046404812798002
2020-08-31,FXY,0.004161917117634716
2020-09-30,BIL,0.3098661709803249
2020-09-30,TIP,0.1181729162902021
2020-09-30,DBC,0.07890491423780883
2020-09-30,GLD,0.07332003964804498
2020-09-30,EEM,0.07218015316232833
2020-09-30,XLB,0.06981157161174631
2020-09-30,IWM,0.06511516038928016
2020-09-30,XLI,0.058078971016761675
2020-09-30,CPER,0.03732243751145566
2020-09-30,SPY,0.01882472549551379
2020-09-30,SHY,0.017576534211324747
2020-09-30,HYG,0.015478288598478893
2020-09-30,QQQ,0.014635583919580912
2020-09-30,XLP,0.011426284752506715
2020-09-30,XLV,0.00969140962659253
2020-09-30,SMH,0.00881925765730559
2020-09-30,XHB,0.0060411980211898956
2020-09-30,IEF,0.0055383523864942635
2020-09-30,LQD,0.0053480214447857175
2020-09-30,TLT,0.0012131625625349345
2020-09-30,USMV,0.001173721810435618
2020-09-30,FXF,0.0007580993444502022
2020-09-30,FXY,0.000703025320853399
2020-10-31,BIL,0.2671378266746969
2020-10-31,TIP,0.2556912419333117
2020-10-31,GLD,0.15170829337832645
2020-10-31,XLB,0.038658657017338345
2020-10-31,EEM,0.03858976159332257
2020-10-31,SHY,0.038062421319127834
2020-10-31,IWM,0.03255769957811377
2020-10-31,XLI,0.030779800264022883
2020-10-31,XLP,0.021717197711470588
2020-10-31,CPER,0.020741039699729652
2020-10-31,XLV,0.019497349745147986
2020-10-31,IEF,0.018418748514239882
2020-10-31,LQD,0.012443705447054549
2020-10-31,XLU,0.011758020979939394
2020-10-31,SPY,0.010534744808586823
2020-10-31,HYG,0.008991622764523047
2020-10-31,QQQ,0.008336349897388164
2020-10-31,SMH,0.0052172234183785636
2020-10-31,XHB,0.003500391885236762
2020-10-31,USMV,0.0024578784832337656
2020-10-31,FXY,0.0016157626157582907
2020-10-31,FXF,0.0015842622710519538
2020-11-30,BIL,0.4918680091265169
2020-11-30,TIP,0.07350164377819568
2020-11-30,XLB,0.049136006215848994
2020-11-30,DBC,0.04852719169864704
2020-11-30,EEM,0.04612406459781577
2020-11-30,IWM,0.04429178230125486
2020-11-30,XLE,0.04315194232987223
2020-11-30,XLI,0.035924495280614456
2020-11-30,VLUE,0.034207591697948014
2020-11-30,CPER,0.026122515085353338
2020-11-30,SPY,0.02366244748632328
2020-11-30,HYG,0.021740092627088484
2020-11-30,QQQ,0.019149631077002884
2020-11-30,SMH,0.011844221790359644
2020-11-30,XHB,0.008107677432715434
2020-11-30,LQD,0.006805584835570186
2020-11-30,SHY,0.006209002387448732
2020-11-30,XLP,0.0033485460125555725
2020-11-30,XLV,0.0029878338470708064
2020-11-30,XLU,0.0018317805567357906
2020-11-30,USMV,0.0005952499365080194
2020-11-30,FXF,0.0004313707804370014
2020-11-30,FXY,0.0004313191181168638
2020-12-31,BIL,0.4420542806661176
2020-12-31,TIP,0.07322600586061137
2020-12-31,IWM,0.052038188376807605
2020-12-31,XLB,0.04922711165197541
2020-12-31,EEM,0.04855363178787587
2020-12-31,DBC,0.04670367912416263
2020-12-31,XLE,0.041704557434947206
2020-12-31,GLD,0.04107253375359062
2020-12-31,XLI,0.03946040183665663
2020-12-31,VLUE,0.033919734841762667
2020-12-31,CPER,0.026372340010958496
2020-12-31,SPY,0.023501423033290617
2020-12-31,HYG,0.020761133443328965
2020-12-31,QQQ,0.01869743128148792
2020-12-31,SMH,0.011575323502071301
2020-12-31,XHB,0.007919352723016582
2020-12-31,LQD,0.007523453510797871
2020-12-31,SHY,0.005756516614181743
2020-12-31,XLP,0.0036227778156122294
2020-12-31,XLV,0.002948372361260929
2020-12-31,XLU,0.0018321131989524674
2020-12-31,USMV,0.0006806226332252232
2020-12-31,FXY,0.00042516866209025596
2020-12-31,FXF,0.00042384587521770756
2021-01-31,BIL,0.4517216066146279
2021-01-31,TIP,0.08676951945964637
2021-01-31,IWM,0.056212971719580694
2021-01-31,XLB,0.05093791940622416
2021-01-31,DBC,0.05008711955843293
2021-01-31,EEM,0.04894961004415953
2021-01-31,XLE,0.04459965618249524
2021-01-31,XLI,0.04313200356127678
2021-01-31,VLUE,0.03572012682148477
2021-01-31,CPER,0.026909528229119597
2021-01-31,SPY,0.021647030425935215
2021-01-31,HYG,0.01861961902023979
2021-01-31,QQQ,0.017284026937617894
2021-01-31,SMH,0.010668140344129662
2021-01-31,SHY,0.008387686348642905
2021-01-31,LQD,0.007487221200355002
2021-01-31,XHB,0.007390559072579647
2021-01-31,XLP,0.004850504733903273
2021-01-31,XLV,0.004099435297280892
2021-01-31,XLU,0.00257480831950903
2021-01-31,USMV,0.0008509338594902738
2021-01-31,FXY,0.0005533263519238465
2021-01-31,FXF,0.0005466464913446702
2021-02-28,BIL,0.45218205104694387
2021-02-28,TIP,0.10023495883002073
2021-02-28,IWM,0.055786543484434015
2021-02-28,DBC,0.0548913280775296
2021-02-28,EEM,0.05183719861875615
2021-02-28,XLB,0.049294834019720055
2021-02-28,VLUE,0.04380695842980683
2021-02-28,XLE,0.043527392286258806
2021-02-28,XLI,0.04136347875626302
2021-02-28,CPER,0.02633819038105343
2021-02-28,SPY,0.0166350954548862
2021-02-28,HYG,0.01517449532942757
2021-02-28,QQQ,0.013470117300630236
2021-02-28,SHY,0.009805874223587405
2021-02-28,SMH,0.008296973695533852
2021-02-28,XHB,0.005603976857310615
2021-02-28,XLP,0.005338764825694192
2021-02-28,XLV,0.005077987766665422
2021-02-28,USMV,0.0007525300722464595
2021-02-28,FXF,0.0005812505432315704
2021-03-31,BIL,0.5668276523572379
2021-03-31,DBC,0.06136663017149962
2021-03-31,XLE,0.05488899133448402
2021-03-31,IWM,0.05108514320093663
2021-03-31,EEM,0.048628310738984167
2021-03-31,XLB,0.047725140573173036
2021-03-31,VLUE,0.04394816665743759
2021-03-31,XLI,0.042257656816932054
2021-03-31,CPER,0.02559301084040053
2021-03-31,SPY,0.011626173228807544
2021-03-31,HYG,0.010426641185513
2021-03-31,QQQ,0.009150895517759414
2021-03-31,SMH,0.005696221566574875
2021-03-31,XLP,0.00513589163043946
2021-03-31,UUP,0.004347957494787806
2021-03-31,XLV,0.004166781525277787
2021-03-31,XHB,0.0038100438200385583
2021-03-31,XLU,0.002733665931645376
2021-03-31,USMV,0.0005850254080706271
2021-04-30,BIL,0.5107297771395135
2021-04-30,TIP,0.07191483104372257
2021-04-30,XLE,0.06137269648797285
2021-04-30,DBC,0.05876525243945096
2021-04-30,IWM,0.049553925439117845
2021-04-30,XLB,0.0485689975385436
2021-04-30,EEM,0.04568054754571118
2021-04-30,XLI,0.044003842227167016
2021-04-30,VLUE,0.04338239548881968
2021-04-30,CPER,0.023282946818006713
2021-04-30,SPY,0.007523479107225693
2021-04-30,HYG,0.007278086110785444
2021-04-30,SHY,0.006293287746141
2021-04-30,QQQ,0.005755534226505811
2021-04-30,SMH,0.0038676185239960377
2021-04-30,XLP,0.003642784852415215
2021-04-30,XLV,0.002862048528225732
2021-04-30,XHB,0.0027829499452114133
2021-04-30,XLU,0.0024293552628032143
2021-04-30,USMV,0.00030964352866458863
2021-05-31,BIL,0.43670834676047227
2021-05-31,TIP,0.08233309662949609
2021-05-31,DBC,0.07273380727019355
2021-05-31,XLE,0.058603134562842635
2021-05-31,IWM,0.04998313310930174
2021-05-31,XLB,0.04802210426332386
2021-05-31,EEM,0.0468762689981625
2021-05-31,XLI,0.04504444642602459
2021-05-31,VLUE,0.044398016704692796
2021-05-31,GLD,0.03337480437078885
2021-05-31,CPER,0.02536875578255752
2021-05-31,SHY,0.011709783764816045
2021-05-31,SPY,0.007617836365257611
2021-05-31,HYG,0.007369507738667141
2021-05-31,XLP,0.006748588430513718
2021-05-31,QQQ,0.005828057543489918
2021-05-31,XLV,0.005195197383065339
2021-05-31,XLU,0.004495821355260776
2021-05-31,SMH,0.003874286801465781
2021-05-31,XHB,0.00281691274037622
2021-05-31,USMV,0.0005790985164283392
2021-05-31,FXF,0.00031899448280271964
2021-06-30,BIL,0.4481788699012187
2021-06-30,TIP,0.09051349899778388
2021-06-30,DBC,0.07268935024734316
2021-06-30,XLE,0.06008302419946642
2021-06-30,IWM,0.04995499566352771
2021-06-30,XLB,0.047321299871781505
2021-06-30,EEM,0.04685866020580193
2021-06-30,VLUE,0.04406593446188386
2021-06-30,XLI,0.04399838497337042
2021-06-30,CPER,0.024867627112755343
2021-06-30,XLP,0.009940864099398856
2021-06-30,SPY,0.009641301986307515
2021-06-30,HYG,0.00949770252096204
2021-06-30,UUP,0.008509814974888136
2021-06-30,XLV,0.007409265374968568
2021-06-30,QQQ,0.007233657434368801
2021-06-30,XLU,0.006193828459673913
2021-06-30,SMH,0.005013737406784527
2021-06-30,XHB,0.0035704474245170014
2021-06-30,LQD,0.0034420198433948415
2021-06-30,USMV,0.0010157148398029217
2021-07-31,BIL,0.40636878891260164
2021-07-31,TIP,0.10349677667498866
2021-07-31,DBC,0.08073498418102344
2021-07-31,XLE,0.06833781719848697
2021-07-31,IWM,0.05294418132469969
2021-07-31,XLB,0.04628127124588366
2021-07-31,XLI,0.046202529714270864
2021-07-31,VLUE,0.044540688938418296
2021-07-31,CPER,0.024069653225850952
2021-07-31,SHY,0.02381632111978743
2021-07-31,XLP,0.013239608329820178
2021-07-31,SPY,0.01187391872381585
2021-07-31,UUP,0.011560054487738928
2021-07-31,HYG,0.011493524237522321
2021-07-31,XLV,0.010510043947445306
2021-07-31,QQQ,0.00873944161388554
2021-07-31,IEF,0.00855529031434425
2021-07-31,XLU,0.008390889519215733
2021-07-31,SMH,0.006245533459548905
2021-07-31,LQD,0.004622596033326615
2021-07-31,XHB,0.004314393482826196
2021-07-31,TLT,0.0020032064331490383
2021-07-31,USMV,0.0016584868813495413
2021-08-31,BIL,0.30680533322771
2021-08-31,TIP,0.09922351230656032
2021-08-31,DBC,0.07524457614844485
2021-08-31,XLE,0.06285835836780859
2021-08-31,IWM,0.05227147369105017
2021-08-31,GLD,0.049929722085036835
2021-08-31,XLI,0.040987410519416546
2021-08-31,VLUE,0.04093337039885328
2021-08-31,XLB,0.040370766759677
2021-08-31,SHY,0.03341175527188442
2021-08-31,SPY,0.022631984487718155
2021-08-31,CPER,0.022210117016539004
2021-08-31,HYG,0.021905236338721736
2021-08-31,IEF,0.01848882673958593
2021-08-31,XLP,0.017932815423354436
2021-08-31,QQQ,0.016679319554963847
2021-08-31,XLV,0.015012076143029187
2021-08-31,UUP,0.01472899615785694
2021-08-31,SMH,0.01190233843233142
2021-08-31,XLU,0.009936178587629057
2021-08-31,LQD,0.008936867105321992
2021-08-31,XHB,0.008222106026167202
2021-08-31,TLT,0.005071002000547737
2021-08-31,USMV,0.0043058572097914105
2021-09-30,BIL,0.44039369075929563
2021-09-30,TIP,0.10750130522632763
2021-09-30,DBC,0.07677754614759891
2021-09-30,XLE,0.06869524748955161
2021-09-30,VLUE,0.04065166584627283
2021-09-30,XLI,0.03726283282633656
2021-09-30,SPY,0.03244878397010582
2021-09-30,HYG,0.031108708574665907
2021-09-30,XLP,0.025165394875413364
2021-09-30,QQQ,0.023028288180449625
2021-09-30,XLV,0.021979063080070742
2021-09-30,UUP,0.019422606228503617
2021-09-30,SMH,0.01681038216218656
2021-09-30,XLU,0.013318073190160805
2021-09-30,LQD,0.013087841532734906
2021-09-30,TLT,0.012585156260921312
2021-09-30,XHB,0.011608851231142473
2021-09-30,USMV,0.008154562418261844
2021-10-31,BIL,0.3891703731095623
2021-10-31,TIP,0.10480245190117789
2021-10-31,DBC,0.075752617700443
2021-10-31,XLE,0.06623871491332567
2021-10-31,IWM,0.04783203142726166
2021-10-31,VLUE,0.03611635533732477
2021-10-31,XLB,0.0331828821870113
2021-10-31,XLI,0.03280416641855076
2021-10-31,SPY,0.026033452723225957
2021-10-31,XLP,0.025119794883681493
2021-10-31,HYG,0.023979638399954255
2021-10-31,XLV,0.021864118849013
2021-10-31,UUP,0.02040503313491318
2021-10-31,QQQ,0.018601632615048172
2021-10-31,CPER,0.017596207636029232
2021-10-31,XLU,0.013593082524598996
2021-10-31,SMH,0.012805627883685384
2021-10-31,LQD,0.0104870739393961
2021-10-31,XHB,0.00845156178097436
2021-10-31,TLT,0.007794081964807619
2021-10-31,USMV,0.007369100670014835
2021-11-30,BIL,0.47857090757184784
2021-11-30,TIP,0.1247504440724807
2021-11-30,DBC,0.0800267847401927
2021-11-30,XLE,0.07085077837880584
2021-11-30,XLB,0.03816035331161137
2021-11-30,SPY,0.02880413930906962
2021-11-30,IEF,0.02568913558458873
2021-11-30,XLP,0.02551157052386619
2021-11-30,XLV,0.021376541467998156
2021-11-30,QQQ,0.021360031601466677
2021-11-30,UUP,0.020024745116169834
2021-11-30,SMH,0.014091729102494767
2021-11-30,XLU,0.013157973562069804
2021-11-30,LQD,0.013133770154483582
2021-11-30,XHB,0.009518700246823043
2021-11-30,TLT,0.007972831421177523
2021-11-30,USMV,0.006999563834853663
2021-12-31,BIL,0.27709974383172203
2021-12-31,TIP,0.14405163582312075
2021-12-31,DBC,0.08004333891206454
2021-12-31,GLD,0.07429969894107862
2021-12-31,XLE,0.07407792604160907
2021-12-31,VLUE,0.04356655761315408
2021-12-31,XLB,0.04175146239513634
2021-12-31,XLI,0.039443134038695725
2021-12-31,XLP,0.023724178937530264
2021-12-31,SPY,0.023417551591242824
2021-12-31,UUP,0.022283280278068095
2021-12-31,CPER,0.021361983518876766
2021-12-31,IEF,0.020631944015212945
2021-12-31,XLV,0.02035513721294607
2021-12-31,HYG,0.01993300257786036
2021-12-31,QQQ,0.01736279166625106
2021-12-31,XLU,0.0139482598388993
2021-12-31,SMH,0.011165907836039698
2021-12-31,LQD,0.010118526863191854
2021-12-31,XHB,0.007613943286704131
2021-12-31,TLT,0.005945894645909103
2021-12-31,USMV,0.005197063610778947
2021-12-31,FXF,0.0026070365239074878
2022-01-31,BIL,0.5115359331248283
2022-01-31,TIP,0.13842972867774253
2022-01-31,DBC,0.07133586393216343
2022-01-31,XLE,0.06500065065541584
2022-01-31,VLUE,0.03859176293884768
2022-01-31,XLB,0.036992769273786016
2022-01-31,XLP,0.02901069590678828
2022-01-31,UUP,0.026278842321236718
2022-01-31,XLV,0.02533469709804935
2022-01-31,SPY,0.023198662387148926
2022-01-31,XLU,0.01640396762505076
2022-01-31,SMH,0.010731932180673628
2022-01-31,USMV,0.0071544938782685825
2022-02-28,BIL,0.5025114521712756
2022-02-28,TIP,0.1484590897793054
2022-02-28,GLD,0.083196246041049
2022-02-28,DBC,0.06773216576989163
2022-02-28,XLE,0.05902851154738258
2022-02-28,XLP,0.03791900149222423
2022-02-28,UUP,0.03334993805171112
2022-02-28,VLUE,0.03263808596729401
2022-02-28,XLU,0.020028747374111727
2022-02-28,CPER,0.015136761805754784
2022-03-31,BIL,0.5366112987172328
2022-03-31,GLD,0.09961837484995038
2022-03-31,DBC,0.06206673298282801
2022-03-31,XLE,0.05501622562501256
2022-03-31,XLP,0.03996147178086536
2022-03-31,UUP,0.03229903972058881
2022-03-31,XLB,0.030998645732672688
2022-03-31,XLV,0.030021417597245324
2022-03-31,VLUE,0.02977421381157805
2022-03-31,XLI,0.02850027665156478
2022-03-31,XLU,0.0239124392634856
2022-03-31,CPER,0.013432499168400789
2022-03-31,SPY,0.01189893457039515
2022-03-31,USMV,0.005888429528179787
2022-04-30,BIL,0.7072426743503843
2022-04-30,GLD,0.05964798748290176
2022-04-30,DBC,0.052281961353651936
2022-04-30,XLE,0.045474558146937356
2022-04-30,XLP,0.042935521203870876
2022-04-30,UUP,0.03957401793548312
2022-04-30,XLU,0.02961825209701259
2022-04-30,XLB,0.02322502742975803
2022-05-31,BIL,0.7844849377655011
2022-05-31,XLP,0.046427263231046956
2022-05-31,DBC,0.04328885328979915
2022-05-31,UUP,0.04289340991356963
2022-05-31,XLE,0.03752375095457528
2022-05-31,XLU,0.025833716254756785
2022-05-31,XLB,0.019548068590751175
2022-06-30,BIL,0.8993609552381079
2022-06-30,UUP,0.0377007758462534
2022-06-30,XLU,0.023635113370487952
2022-06-30,DBC,0.021266876340379798
2022-06-30,XLE,0.01803627920477093
2022-07-31,BIL,0.8220859734159752
2022-07-31,XLP,0.04940173270786632
2022-07-31,XLV,0.041766051423475246
2022-07-31,UUP,0.029583772584937135
2022-07-31,DBC,0.020812570258012166
2022-07-31,XLU,0.01850353373124057
2022-07-31,XLE,0.01784636587849335
2022-08-31,BIL,0.9159307541679023
2022-08-31,UUP,0.027085593200135923
2022-08-31,DBC,0.021494822505076866
2022-08-31,XLE,0.018441949281081983
2022-08-31,XLU,0.017046880845803022
2022-09-30,BIL,0.9787361022945128
2022-09-30,UUP,0.021263897705487207
2022-10-31,BIL,0.9211177160554334
2022-10-31,XLV,0.0426711035149206
2022-10-31,UUP,0.018792415910944934
2022-10-31,XLE,0.011757829950543797
2022-10-31,XLI,0.0056609345681574415
2022-11-30,BIL,0.7174432892487266
2022-11-30,XLP,0.048603710118137355
2022-11-30,XLV,0.04339782434846995
2022-11-30,USMV,0.03245819892536629
2022-11-30,HYG,0.02741755289469688
2022-11-30,SPY,0.025702404982111165
2022-11-30,FXF,0.018361968793661216
2022-11-30,UUP,0.01633699833602239
2022-11-30,IWM,0.01604914000827765
2022-11-30,XLE,0.011080000121920034
2022-11-30,XLU,0.009587898825983958
2022-11-30,SMH,0.009236404770813058
2022-11-30,XHB,0.007187061483700799
2022-11-30,VLUE,0.0059620044898836405
2022-11-30,XLI,0.005730005617933089
2022-11-30,XLB,0.005445537034295981
2022-12-31,BIL,0.7584600466345125
2022-12-31,GLD,0.05341985370885788
2022-12-31,XLP,0.045931706960433215
2022-12-31,XLV,0.03977082942588189
2022-12-31,USMV,0.02784295818813771
2022-12-31,XLE,0.017099355357244078
2022-12-31,FXF,0.01608355190644648
2022-12-31,FXY,0.012219508906579966
2022-12-31,XLU,0.010865617898028144
2022-12-31,XLI,0.009752890213453958
2022-12-31,XHB,0.008553680800424304
2023-01-31,BIL,0.316598327375475
2023-01-31,IEF,0.1650388377451885
2023-01-31,SHY,0.07728034119285394
2023-01-31,GLD,0.0531997882624464
2023-01-31,HYG,0.045956459805678695
2023-01-31,LQD,0.0432684155480483
2023-01-31,XLP,0.0431522288787728
2023-01-31,XLV,0.03981738851727505
2023-01-31,SPY,0.03796236251550775
2023-01-31,USMV,0.030549900378419464
2023-01-31,QQQ,0.02371666399737283
2023-01-31,IWM,0.02207060315688566
2023-01-31,FXF,0.020102311270674647
2023-01-31,FXY,0.01644921800138306
2023-01-31,SMH,0.014010657458815296
2023-01-31,XLE,0.01241782678220612
2023-01-31,XHB,0.011025355338751177
2023-01-31,XLI,0.006617511381475053
2023-01-31,XLB,0.006150146212541623
2023-01-31,VLUE,0.0060030411858655736
2023-01-31,EEM,0.005669928198290698
2023-01-31,CPER,0.002942686796072406
2023-02-28,BIL,0.6774803831198315
2023-02-28,GLD,0.06986665942288624
2023-02-28,HYG,0.040062195099500826
2023-02-28,SPY,0.037068925317888454
2023-02-28,IWM,0.027401302969724477
2023-02-28,QQQ,0.02206719216434326
2023-02-28,XLE,0.01871189986806905
2023-02-28,FXF,0.01704169885427301
2023-02-28,UUP,0.0167392655136209
2023-02-28,SMH,0.013969334613272202
2023-02-28,FXY,0.012221260821503087
2023-02-28,XHB,0.011921043520952633
2023-02-28,XLI,0.010972943194796773
2023-02-28,XLB,0.010560988362273423
2023-02-28,VLUE,0.009076085377993062
2023-02-28,CPER,0.004838821779071105
2023-03-31,BIL,0.2618323248012969
2023-03-31,GLD,0.1401181992166398
2023-03-31,SHY,0.06964848560778872
2023-03-31,IEF,0.06487297262474585
2023-03-31,TIP,0.06391051826347843
2023-03-31,HYG,0.04253371746343096
2023-03-31,XLP,0.040138634611103535
2023-03-31,SPY,0.03914019385037971
2023-03-31,XLV,0.0362062911888754
2023-03-31,LQD,0.03226401957119632
2023-03-31,XLE,0.026647347203494372
2023-03-31,USMV,0.0232172829512438
2023-03-31,QQQ,0.022759335656023647
2023-03-31,TLT,0.020498804128613903
2023-03-31,XLI,0.016732354200541213
2023-03-31,XLB,0.015939653844518065
2023-03-31,SMH,0.015159736299123724
2023-03-31,XHB,0.01418846692312517
2023-03-31,FXF,0.013578509420255682
2023-03-31,VLUE,0.013175099314894951
2023-03-31,EEM,0.011463741410566882
2023-03-31,FXY,0.009818400961813559
2023-03-31,CPER,0.006155910486849575
2023-04-30,BIL,0.2293582783975287
2023-04-30,IEF,0.12704523892473765
2023-04-30,GLD,0.0934748548856559
2023-04-30,SHY,0.08747737585070696
2023-04-30,TIP,0.049295817836192836
2023-04-30,XLP,0.04691181198916292
2023-04-30,HYG,0.04301066952652801
2023-04-30,TLT,0.04041246797974936
2023-04-30,XLV,0.039068674208918824
2023-04-30,SPY,0.03497516533030358
2023-04-30,LQD,0.03403433911365008
2023-04-30,USMV,0.029581875887896777
2023-04-30,QQQ,0.021068848103538432
2023-04-30,FXF,0.019346385126352162
2023-04-30,XLE,0.017462466268340453
2023-04-30,SMH,0.016771582796848306
2023-04-30,XHB,0.014841144353811522
2023-04-30,FXY,0.013740586033255366
2023-04-30,XLI,0.009017750892954606
2023-04-30,XLU,0.007988979878092283
2023-04-30,XLB,0.00753105290832503
2023-04-30,VLUE,0.007312880412251061
2023-04-30,EEM,0.007214749815388344
2023-04-30,CPER,0.00305700347981083
2023-05-31,BIL,0.43944265547611877
2023-05-31,IEF,0.1328899272584785
2023-05-31,GLD,0.08433726535510795
2023-05-31,SHY,0.08043261331962874
2023-05-31,SPY,0.04378670873923697
2023-05-31,HYG,0.043035107297310554
2023-05-31,LQD,0.03656078903712292
2023-05-31,TIP,0.03243480007142096
2023-05-31,QQQ,0.0298291172572028
2023-05-31,FXF,0.023710591658896746
2023-05-31,SMH,0.019296282258708063
2023-05-31,XHB,0.015882335845751872
2023-05-31,UUP,0.011467337371768149
2023-05-31,XLI,0.006894469053247092
2023-06-30,BIL,0.20004718087781587
2023-06-30,IEF,0.1325949056178801
2023-06-30,GLD,0.09597449845546238
2023-06-30,SHY,0.07549509809954674
2023-06-30,SPY,0.05419988479141844
2023-06-30,HYG,0.053609361765969615
2023-06-30,LQD,0.04424156696823898
2023-06-30,TLT,0.04285760432102623
2023-06-30,QQQ,0.040285251929387825
2023-06-30,TIP,0.03979120563096567
2023-06-30,XLP,0.03889957727965176
2023-06-30,XLV,0.0341321210021058
2023-06-30,USMV,0.02917934722089745
2023-06-30,IWM,0.028164203542802815
2023-06-30,SMH,0.024388575676227535
2023-06-30,FXF,0.019175838729671223
2023-06-30,XHB,0.018774859188302902
2023-06-30,XLI,0.00851207182883824
2023-06-30,EEM,0.007323404748975229
2023-06-30,VLUE,0.00624326321981313
2023-06-30,XLB,0.00611017910500196
2023-07-31,BIL,0.32916837157854834
2023-07-31,GLD,0.07514563238103159
2023-07-31,SHY,0.06321364533525752
2023-07-31,TIP,0.055845281749619745
2023-07-31,HYG,0.05438222017493239
2023-07-31,SPY,0.05364201280578142
2023-07-31,LQD,0.038634844167139235
2023-07-31,QQQ,0.03734823759167476
2023-07-31,XLP,0.0366546399009264
2023-07-31,IWM,0.03641751498252956
2023-07-31,XLV,0.03291859198995824
2023-07-31,USMV,0.02652743797553359
2023-07-31,SMH,0.022960119782540273
2023-07-31,XLE,0.02183824809901193
2023-07-31,XHB,0.01807865523885034
2023-07-31,DBC,0.017153849617246895
2023-07-31,FXF,0.015472157318084686
2023-07-31,XLI,0.014084137261263223
2023-07-31,XLB,0.013246481636952006
2023-07-31,VLUE,0.012839789832650278
2023-07-31,EEM,0.011604417305609495
2023-07-31,XLU,0.007266753554505454
2023-07-31,CPER,0.005556959720352657
2023-08-31,BIL,0.45889604219076774
2023-08-31,GLD,0.07297661920271167
2023-08-31,SHY,0.062491789777320964
2023-08-31,SPY,0.05546490615622037
2023-08-31,HYG,0.049607968351902426
2023-08-31,QQQ,0.040126311715828915
2023-08-31,IWM,0.03823205451232923
2023-08-31,XLV,0.030837473397707718
2023-08-31,XLE,0.026177687669553164
2023-08-31,SMH,0.024383883720846815
2023-08-31,DBC,0.0226940995010799
2023-08-31,USMV,0.022352804536199603
2023-08-31,XHB,0.019224446230361843
2023-08-31,XLI,0.016949978309892505
2023-08-31,XLB,0.01553947176985807
2023-08-31,FXF,0.014885428303398757
2023-08-31,VLUE,0.01476599011048916
2023-08-31,UUP,0.014393044543531006
2023-09-30,BIL,0.6800770375944396
2023-09-30,SHY,0.056567092373764574
2023-09-30,SPY,0.05108738981464361
2023-09-30,HYG,0.04878104280192372
2023-09-30,XLE,0.039379714602422684
2023-09-30,QQQ,0.03586135342377642
2023-09-30,DBC,0.03267400135118913
2023-09-30,SMH,0.021666658954421485
2023-09-30,XHB,0.017037407614336614
2023-09-30,UUP,0.01686830146908225
2023-10-31,BIL,0.7298656041709973
2023-10-31,XLE,0.055173178506575646
2023-10-31,GLD,0.051093120380836445
2023-10-31,SHY,0.049925498950048296
2023-10-31,DBC,0.049459699212074194
2023-10-31,QQQ,0.028232553434995457
2023-10-31,UUP,0.019244570671733758
2023-10-31,SMH,0.01700577467273893
2023-11-30,BIL,0.35647967471990666
2023-11-30,GLD,0.07633183399871574
2023-11-30,SHY,0.054795781984556216
2023-11-30,DBC,0.04757485400851712
2023-11-30,SPY,0.04540795347191744
2023-11-30,HYG,0.04392443627842351
2023-11-30,XLE,0.04289261907828618
2023-11-30,IWM,0.037515665530558684
2023-11-30,EEM,0.03554688370521262
2023-11-30,XLI,0.03274309286006531
2023-11-30,QQQ,0.03266861284582279
2023-11-30,XLB,0.031054392712697623
2023-11-30,VLUE,0.02673096257645076
2023-11-30,LQD,0.02614705504774222
2023-11-30,UUP,0.02007036323645048
2023-11-30,XLV,0.019656441705953955
2023-11-30,SMH,0.01943595248694989
2023-11-30,CPER,0.016972630062770496
2023-11-30,XHB,0.014794452899308783
2023-11-30,USMV,0.011667789724989068
2023-11-30,FXF,0.0075885510647045505
2023-12-31,BIL,0.19857404842054327
2023-12-31,GLD,0.09337895241018396
2023-12-31,TIP,0.07308186982022122
2023-12-31,IEF,0.0730638426224483
2023-12-31,SHY,0.05484523283238793
2023-12-31,HYG,0.053945686640558106
2023-12-31,SPY,0.0539413243087059
2023-12-31,IWM,0.03821019344602398
2023-12-31,QQQ,0.037559991321037156
2023-12-31,XLE,0.03054874567080538
2023-12-31,LQD,0.02785924418014376
2023-12-31,XLI,0.024599824082411542
2023-12-31,XLP,0.023413919339751395
2023-12-31,EEM,0.023146915797478365
2023-12-31,SMH,0.022629180665966524
2023-12-31,XLV,0.02160394608675489
2023-12-31,VLUE,0.021078626364174194
2023-12-31,TLT,0.02081781940340746
2023-12-31,XLB,0.020637745174509645
2023-12-31,UUP,0.017818719234711206
2023-12-31,XHB,0.017308657194291515
2023-12-31,USMV,0.01608965984779507
2023-12-31,CPER,0.011595412398753904
2023-12-31,FXF,0.010191257645772549
2023-12-31,XLU,0.007440317952372391
2023-12-31,FXY,0.006618867138790321
2024-01-31,BIL,0.19573562889583537
2024-01-31,GLD,0.09365994883580962
2024-01-31,IEF,0.07938111215146272
2024-01-31,TIP,0.06481133827661381
2024-01-31,SPY,0.059733882725044915
2024-01-31,SHY,0.05859806818211739
2024-01-31,HYG,0.05670399949815889
2024-01-31,IWM,0.04830054074699191
2024-01-31,QQQ,0.04088862254217507
2024-01-31,LQD,0.028722512415775864
2024-01-31,TLT,0.028401538604103337
2024-01-31,XLE,0.027186016230786876
2024-01-31,XLP,0.02708255391817131
2024-01-31,XLV,0.025156422247509913
2024-01-31,SMH,0.024616960599193966
2024-01-31,XLI,0.022768883282699652
2024-01-31,VLUE,0.02263690051389866
2024-01-31,XLB,0.020517568054010914
2024-01-31,USMV,0.01992180845746933
2024-01-31,XHB,0.01883733554304928
2024-01-31,UUP,0.015608914365544329
2024-01-31,FXF,0.011483791813037951
2024-01-31,CPER,0.009245652100538907
2024-02-29,BIL,0.20965587861494087
2024-02-29,GLD,0.09177865808051354
2024-02-29,TIP,0.07334417600338246
2024-02-29,IEF,0.06267897111635061
2024-02-29,HYG,0.056018702607484
2024-02-29,SPY,0.05579375844821762
2024-02-29,SHY,0.053582390256692806
2024-02-29,IWM,0.04370558689280561
2024-02-29,QQQ,0.03885791974056214
2024-02-29,XLE,0.03428693375144076
2024-02-29,XLI,0.0276648862368143
2024-02-29,XLV,0.027226944958485908
2024-02-29,XLP,0.026862087928142514
2024-02-29,VLUE,0.02585657240983836
2024-02-29,LQD,0.025484326083792412
2024-02-29,SMH,0.022932867358859344
2024-02-29,EEM,0.02155745325818247
2024-02-29,XLB,0.0205107232899665
2024-02-29,UUP,0.019376305275994408
2024-02-29,TLT,0.01875293753531895
2024-02-29,XHB,0.01730785373475396
2024-02-29,USMV,0.016706755679329784
2024-02-29,CPER,0.010057310738130754
2024-03-31,BIL,0.22892091831008365
2024-03-31,GLD,0.10809962239261536
2024-03-31,TIP,0.06301600928305828
2024-03-31,SPY,0.0532229808446116
2024-03-31,HYG,0.05064696245946421
2024-03-31,IWM,0.0448299408060238
2024-03-31,IEF,0.041301767036350176
2024-03-31,SHY,0.039904049365870116
2024-03-31,QQQ,0.0364210436907168
2024-03-31,XLE,0.03569020985976638
2024-03-31,DBC,0.03343262575304802
2024-03-31,XLI,0.026633631247356983
2024-03-31,VLUE,0.026081469040657106
2024-03-31,EEM,0.024141567751939205
2024-03-31,XLV,0.023783809089545305
2024-03-31,LQD,0.02352893448167898
2024-03-31,XLP,0.02338508049866865
2024-03-31,XLB,0.022505097777011217
2024-03-31,SMH,0.021818370923521825
2024-03-31,XHB,0.016849308328285437
2024-03-31,USMV,0.01413994067475636
2024-03-31,UUP,0.01356718573570891
2024-03-31,TLT,0.011745415385401057
2024-03-31,CPER,0.00911234232159603
2024-03-31,XLU,0.007221716942264504
2024-04-30,BIL,0.23767827364957925
2024-04-30,GLD,0.09656190569847461
2024-04-30,TIP,0.0662382537773815
2024-04-30,SPY,0.05657155601416026
2024-04-30,IWM,0.051599710631019556
2024-04-30,HYG,0.05095243749591073
2024-04-30,SHY,0.04376867274278845
2024-04-30,XLE,0.04329471962499564
2024-04-30,DBC,0.04019491807706261
2024-04-30,QQQ,0.038715979483698405
2024-04-30,VLUE,0.02923259483245825
2024-04-30,XLI,0.029115269380572878
2024-04-30,XLB,0.02600912325945172
2024-04-30,LQD,0.025890185488117765
2024-04-30,EEM,0.025474645551812388
2024-04-30,XLP,0.025210222656538654
2024-04-30,XLV,0.023744717502623743
2024-04-30,SMH,0.023148556311833768
2024-04-30,XHB,0.01784431771868133
2024-04-30,UUP,0.016206873970578173
2024-04-30,USMV,0.013988690207994583
2024-04-30,CPER,0.010637486940595478
2024-04-30,XLU,0.007920888983670384
2024-05-31,BIL,0.20286833154322811
2024-05-31,GLD,0.09720855366738435
2024-05-31,TIP,0.06788419388657904
2024-05-31,IEF,0.052081636835943065
2024-05-31,SPY,0.0510784315509009
2024-05-31,IWM,0.04783418085169292
2024-05-31,HYG,0.04510750541739328
2024-05-31,SHY,0.04476613211480327
2024-05-31,XLE,0.04419243723801644
2024-05-31,DBC,0.043071886869565965
2024-05-31,QQQ,0.03557637272152885
2024-05-31,XLI,0.029649870030173966
2024-05-31,VLUE,0.02730044854365327
2024-05-31,EEM,0.025988917110491387
2024-05-31,XLB,0.02517380598750742
2024-05-31,XLP,0.02455390812781992
2024-05-31,XLV,0.02223491074923847
2024-05-31,LQD,0.021264996205021834
2024-05-31,SMH,0.021222677537320968
2024-05-31,UUP,0.018230265999855794
2024-05-31,XHB,0.01644170711333951
2024-05-31,CPER,0.014264330175385824
2024-05-31,USMV,0.013121122657950932
2024-05-31,XLU,0.008883377065204487
2024-06-30,BIL,0.14242525664079353
2024-06-30,GLD,0.0778645376959083
2024-06-30,TIP,0.0730132444191799
2024-06-30,IEF,0.06376536950161497
2024-06-30,SPY,0.05164369174779615
2024-06-30,XLE,0.05095208638053334
2024-06-30,IWM,0.04954492519252832
2024-06-30,DBC,0.04937262819048525
2024-06-30,SHY,0.04666053636422676
2024-06-30,HYG,0.04391704256323605
2024-06-30,QQQ,0.036012893965310176
2024-06-30,XLI,0.03230715902313532
2024-06-30,VLUE,0.030262436243768804
2024-06-30,XLB,0.028988875830603448
2024-06-30,XLP,0.028207836105017873
2024-06-30,EEM,0.027684104074742533
2024-06-30,XLV,0.025882483019115395
2024-06-30,TLT,0.02178796310903589
2024-06-30,SMH,0.021469180346941046
2024-06-30,LQD,0.02101405361516532
2024-06-30,UUP,0.018513324098037347
2024-06-30,XHB,0.01663524774790452
2024-06-30,CPER,0.015466848067740886
2024-06-30,USMV,0.014722801843750369
2024-06-30,XLU,0.011885474213428504
2024-07-31,BIL,0.15360423136023138
2024-07-31,GLD,0.09026751492425115
2024-07-31,IEF,0.07162008400137831
2024-07-31,SPY,0.06658047645941252
2024-07-31,TIP,0.059714930297363196
2024-07-31,HYG,0.057705920938436565
2024-07-31,IWM,0.04783086834212759
2024-07-31,QQQ,0.04632570232324312
2024-07-31,SHY,0.04536303164521301
2024-07-31,XLE,0.042666596719740234
2024-07-31,XLV,0.027347537368413128
2024-07-31,SMH,0.027108936664240253
2024-07-31,XLP,0.026770066369689115
2024-07-31,XLI,0.02564551229567487
2024-07-31,VLUE,0.025246978315653968
2024-07-31,EEM,0.025187195740195144
2024-07-31,LQD,0.025057914099872063
2024-07-31,TLT,0.02349074163936277
2024-07-31,XLB,0.021236529460318333
2024-07-31,XHB,0.02042564983787784
2024-07-31,USMV,0.017944588274277293
2024-07-31,UUP,0.016172220727048485
2024-07-31,CPER,0.01340067624717983
2024-07-31,XLU,0.008686013674587156
2024-07-31,FXF,0.007933906747564683
2024-07-31,FXY,0.006666175526648121
2024-08-31,BIL,0.1586195887766154
2024-08-31,GLD,0.09880299560643176
2024-08-31,IEF,0.07620577717761076
2024-08-31,SPY,0.06608183107710072
2024-08-31,HYG,0.061500651438999486
2024-08-31,SHY,0.05364208799111385
2024-08-31,TIP,0.04758703420435577
2024-08-31,IWM,0.04595484955955193
2024-08-31,QQQ,0.045305645691643075
2024-08-31,XLV,0.03305774595585805
2024-08-31,XLP,0.032313967734707356
2024-08-31,XLE,0.030130043280014635
2024-08-31,TLT,0.029969478446244577
2024-08-31,SMH,0.027307513896350586
2024-08-31,LQD,0.026455225531224418
2024-08-31,USMV,0.02501916066263715
2024-08-31,XHB,0.020912968049605
2024-08-31,XLI,0.01896341360110542
2024-08-31,VLUE,0.01869358419441675
2024-08-31,XLB,0.016062297251569484
2024-08-31,EEM,0.015614746959640012
2024-08-31,UUP,0.015103102885343164
2024-08-31,FXF,0.010717007617555618
2024-08-31,XLU,0.009344814077098815
2024-08-31,FXY,0.008825664636791419
2024-08-31,CPER,0.007808803696414713
2024-09-30,BIL,0.19350360665763056
2024-09-30,GLD,0.093223068359272
2024-09-30,IEF,0.08222015823823861
2024-09-30,SPY,0.0730768119098598
2024-09-30,HYG,0.06254056438223861
2024-09-30,SHY,0.05094511827386352
2024-09-30,QQQ,0.048413189632663
2024-09-30,IWM,0.04507755929068405
2024-09-30,TIP,0.04248899208914652
2024-09-30,XLP,0.035858242691659506
2024-09-30,XLV,0.03428361626436966
2024-09-30,TLT,0.03207756481203927
2024-09-30,SMH,0.029575719290389275
2024-09-30,USMV,0.026337600400871124
2024-09-30,LQD,0.025575364753712977
2024-09-30,XHB,0.022696054721684567
2024-09-30,XLI,0.017112231334648825
2024-09-30,VLUE,0.016460817127033272
2024-09-30,EEM,0.015975210369942285
2024-09-30,XLB,0.01503443444793562
2024-09-30,FXF,0.011418424260667576
2024-09-30,FXY,0.009586009678676786
2024-09-30,XLU,0.009141222958190693
2024-09-30,CPER,0.0073784180545820414
2024-10-31,BIL,0.22673981937269744
2024-10-31,IEF,0.08345205897189982
2024-10-31,GLD,0.08002361008431788
2024-10-31,SPY,0.07045184687388469
2024-10-31,HYG,0.06046971762533545
2024-10-31,IWM,0.04979711855694966
2024-10-31,TIP,0.04914596670815695
2024-10-31,QQQ,0.04809390934070946
2024-10-31,SHY,0.04559008634396639
2024-10-31,XLP,0.033867055591099975
2024-10-31,SMH,0.029206884096432552
2024-10-31,XLV,0.028032148637385245
2024-10-31,LQD,0.025005485847607842
2024-10-31,XHB,0.022323796308969635
2024-10-31,XLI,0.022162995098710055
2024-10-31,USMV,0.022131787993314007
2024-10-31,EEM,0.020956308281604656
2024-10-31,XLB,0.02021882231474877
2024-10-31,VLUE,0.02008210630793669
2024-10-31,UUP,0.012001405531400446
2024-10-31,XLU,0.01033845469155231
2024-10-31,FXF,0.010130385491716923
2024-10-31,CPER,0.009778229929603014
2024-11-30,BIL,0.17633277493566069
2024-11-30,IEF,0.07705134634146484
2024-11-30,GLD,0.0761451462558003
2024-11-30,SPY,0.06945557292894568
2024-11-30,HYG,0.06003740876550487
2024-11-30,TIP,0.05479436715798397
2024-11-30,IWM,0.05339305491717875
2024-11-30,QQQ,0.049116332038409455
2024-11-30,SHY,0.041410318563692344
2024-11-30,XLE,0.033245056066098
2024-11-30,XLP,0.029980788925523447
2024-11-30,TLT,0.029898929027011186
2024-11-30,SMH,0.029055952435745
2024-11-30,XLI,0.02689527693805921
2024-11-30,XLV,0.025559708086234874
2024-11-30,VLUE,0.024836055974082696
2024-11-30,EEM,0.024755461976352627
2024-11-30,LQD,0.024258597602554825
2024-11-30,XLB,0.02340775333256063
2024-11-30,XHB,0.02207991060428502
2024-11-30,USMV,0.018585002570711617
2024-11-30,UUP,0.012203539359485796
2024-11-30,XLU,0.010573999283128629
2024-11-30,FXY,0.006927645913525609
2024-12-31,BIL,0.5054749258999753
2024-12-31,GLD,0.090069236922358
2024-12-31,SPY,0.0578239919872813
2024-12-31,IWM,0.052686566985471237
2024-12-31,HYG,0.051147926323735056
2024-12-31,SHY,0.04235846455252633
2024-12-31,QQQ,0.03825947169737663
2024-12-31,XLP,0.03357732412776282
2024-12-31,XLI,0.029934808328797465
2024-12-31,VLUE,0.027082694478942803
2024-12-31,SMH,0.02415825152566266
2024-12-31,USMV,0.017422817885184735
2024-12-31,UUP,0.016993074873970754
2024-12-31,XLU,0.013010444410954796
2025-01-31,BIL,0.3079319359593925
2025-01-31,GLD,0.09627232468944036
2025-01-31,TIP,0.06881201916588275
2025-01-31,SPY,0.055144156245618484
2025-01-31,DBC,0.05338897114735271
2025-01-31,IWM,0.05056233935906386
2025-01-31,HYG,0.0498194994877219
2025-01-31,SHY,0.044272897224841935
2025-01-31,QQQ,0.03790872447745354
2025-01-31,XLI,0.032729856796918956
2025-01-31,XLP,0.0321614173223797
2025-01-31,EEM,0.02972376375387928
2025-01-31,VLUE,0.029264959493897593
2025-01-31,XLV,0.022991603127561804
2025-01-31,SMH,0.022309249518558196
2025-01-31,UUP,0.021020050901715024
2025-01-31,LQD,0.01752103546380731
2025-01-31,USMV,0.014966639348439625
2025-01-31,XLU,0.01319855651607463
2025-02-28,BIL,0.2585487918842047
2025-02-28,GLD,0.11467327292001672
2025-02-28,TIP,0.06899295169033691
2025-02-28,DBC,0.05506516973905923
2025-02-28,SPY,0.04915580668538185
2025-02-28,XLE,0.04744530295789742
2025-02-28,SHY,0.04335689661911315
2025-02-28,HYG,0.04105622856299907
2025-02-28,IEF,0.03853379506857963
2025-02-28,XLI,0.032972104796651885
2025-02-28,QQQ,0.03270731086743015
2025-02-28,EEM,0.032405979583398165
2025-02-28,XLP,0.03156504619711411
2025-02-28,VLUE,0.03065303502991262
2025-02-28,XLV,0.023730414381618752
2025-02-28,UUP,0.02061283278657267
2025-02-28,LQD,0.015057196481235113
2025-02-28,XLU,0.015045926998244504
2025-02-28,TLT,0.014583894021743388
2025-02-28,CPER,0.014556270074849654
2025-02-28,USMV,0.014293635429571074
2025-02-28,FXY,0.004988137224069359
2025-03-31,BIL,0.39353585597561963
2025-03-31,GLD,0.10721016869043751
2025-03-31,TIP,0.07230958744182933
2025-03-31,DBC,0.05787851261711084
2025-03-31,SHY,0.049581436776612274
2025-03-31,XLE,0.048518111614227304
2025-03-31,IEF,0.04336236311007756
2025-03-31,HYG,0.03942246629010188
2025-03-31,XLP,0.03819363340382191
2025-03-31,EEM,0.029061797545251584
2025-03-31,VLUE,0.028317914059631178
2025-03-31,UUP,0.023044942427483252
2025-03-31,XLU,0.017236184712417123
2025-03-31,USMV,0.016596674553648966
2025-03-31,CPER,0.015192875082672464
2025-03-31,LQD,0.014746599443454265
2025-03-31,FXY,0.0057908762556028595
2025-04-30,BIL,0.44335883255801795
2025-04-30,GLD,0.11797734558618984
2025-04-30,IEF,0.09710193607679614
2025-04-30,SHY,0.07748874303875014
2025-04-30,TIP,0.06687130281923848
2025-04-30,XLP,0.05393304295248208
2025-04-30,USMV,0.03431762558400406
2025-04-30,HYG,0.027618782718953346
2025-04-30,LQD,0.025028152220025694
2025-04-30,XLU,0.015281712656614186
2025-04-30,FXF,0.014655601943747749
2025-04-30,FXY,0.012799122213662108
2025-04-30,EEM,0.009121589092205758
2025-04-30,CPER,0.004446210539312477
2025-05-31,BIL,0.3611142100268988
2025-05-31,IEF,0.08706648321560193
2025-05-31,GLD,0.0833149234895871
2025-05-31,SPY,0.0651063246546643
2025-05-31,HYG,0.061599546510185815
2025-05-31,SHY,0.052981694742117794
2025-05-31,QQQ,0.045221626956313994
2025-05-31,TIP,0.04463205278026389
2025-05-31,XLP,0.039628998287632146
2025-05-31,USMV,0.027513940149461416
2025-05-31,LQD,0.022651271221340696
2025-05-31,SMH,0.018445878900983467
2025-05-31,EEM,0.01681120675691152
2025-05-31,XLI,0.016101380962776603
2025-05-31,FXF,0.014155842625959541
2025-05-31,VLUE,0.014026333552834785
2025-05-31,FXY,0.01273067862071598
2025-05-31,XLU,0.01042615673669952
2025-05-31,CPER,0.006471449809050759
2025-06-30,BIL,0.2702674697007594
2025-06-30,IEF,0.09023444549636409
2025-06-30,HYG,0.07997263429534092
2025-06-30,SPY,0.07726501259206026
2025-06-30,GLD,0.0742006563327655
2025-06-30,QQQ,0.05432607369811916
2025-06-30,SHY,0.046007451727546465
2025-06-30,IWM,0.03996886004821752
2025-06-30,TIP,0.03993261523823319
2025-06-30,XLP,0.033087398506773315
2025-06-30,DBC,0.029509929471637268
2025-06-30,LQD,0.025529065850448104
2025-06-30,USMV,0.024126944974373628
2025-06-30,SMH,0.023121987090369615
2025-06-30,XLI,0.019187090073401157
2025-06-30,EEM,0.01846605452357412
2025-06-30,VLUE,0.016221365203376355
2025-06-30,FXF,0.012168554306224162
2025-06-30,FXY,0.010930224691126783
2025-06-30,XLU,0.008181403934666476
2025-06-30,CPER,0.007294762244622705
2025-07-31,BIL,0.2812362923695831
2025-07-31,GLD,0.08199001358240501
2025-07-31,HYG,0.07021031898811503
2025-07-31,SPY,0.0662401233158809
2025-07-31,IEF,0.06401552251431383
2025-07-31,TIP,0.0525069620266244
2025-07-31,IWM,0.04626273748763877
2025-07-31,QQQ,0.046056841934814664
2025-07-31,DBC,0.04199127871473712
2025-07-31,SHY,0.03600937087673521
2025-07-31,XLE,0.03221493112339414
2025-07-31,EEM,0.027957299545740583
2025-07-31,XLI,0.027557389108942124
2025-07-31,VLUE,0.024822739847626417
2025-07-31,SMH,0.021846620259397813
2025-07-31,LQD,0.021641991569601934
2025-07-31,XLB,0.019827933906818265
2025-07-31,USMV,0.0176848653301434
2025-07-31,XLU,0.010685436295249198
2025-07-31,FXF,0.00924133120223816
2025-08-31,BIL,0.21040069729496533
2025-08-31,GLD,0.08275688556005831
2025-08-31,HYG,0.07642647952613482
2025-08-31,SPY,0.06540904932191499
2025-08-31,TIP,0.05977738122572485
2025-08-31,IEF,0.0583278873856527
2025-08-31,DBC,0.0537056173125884
2025-08-31,QQQ,0.0470237148396114
2025-08-31,IWM,0.04230230685997567
2025-08-31,XLE,0.03625555077813062
2025-08-31,SHY,0.034116677595864474
2025-08-31,XLI,0.030611558201736656
2025-08-31,EEM,0.029929384589985838
2025-08-31,VLUE,0.0278831847372417
2025-08-31,SMH,0.025491382419867734
2025-08-31,XLP,0.02539659488250552
2025-08-31,LQD,0.022324915763435132
2025-08-31,XLB,0.02132186336186429
2025-08-31,USMV,0.014463624825848382
2025-08-31,XHB,0.012745533679486118
2025-08-31,XLU,0.010241566162692043
2025-08-31,FXF,0.007403542948620662
2025-08-31,FXY,0.005684600726094371
2025-09-30,BIL,0.15526924434022976
2025-09-30,HYG,0.07894353487705175
2025-09-30,GLD,0.07880850345999757
2025-09-30,TIP,0.07528957242530816
2025-09-30,SPY,0.06986556104486322
2025-09-30,IEF,0.06087223436579037
2025-09-30,IWM,0.054588833271643274
2025-09-30,DBC,0.05214965362730944
2025-09-30,QQQ,0.05061028493348238
2025-09-30,XLE,0.038870138953978506
2025-09-30,EEM,0.03315722945821886
2025-09-30,XLI,0.031800712284380715
2025-09-30,VLUE,0.03087828651942902
2025-09-30,SHY,0.02830793698279031
2025-09-30,SMH,0.027520176674063732
2025-09-30,LQD,0.025883776620603028
2025-09-30,XLB,0.022177930043204647
2025-09-30,TLT,0.014988003075016399
2025-09-30,XHB,0.013879343775058917
2025-09-30,XLV,0.013621811502889417
2025-09-30,CPER,0.013125557573143749
2025-09-30,USMV,0.01106590534370166
2025-09-30,XLU,0.007861037233610847
2025-09-30,FXF,0.0059738989193930695
2025-09-30,FXY,0.004490832694841083
2025-10-31,BIL,0.12093258402465945
2025-10-31,HYG,0.0928739151728886
2025-10-31,GLD,0.08759292643114477
2025-10-31,SPY,0.08233437960469325
2025-10-31,TIP,0.07673401180322151
2025-10-31,IWM,0.06396638809757021
2025-10-31,QQQ,0.057671800977723495
2025-10-31,DBC,0.056818190228067486
2025-10-31,IEF,0.05269063257594046
2025-10-31,XLE,0.04917646978341359
2025-10-31,EEM,0.03811761300506802
2025-10-31,VLUE,0.03798906744817887
2025-10-31,XLI,0.03675760541226735
2025-10-31,SMH,0.032374476876614856
2025-10-31,LQD,0.031077702227604257
2025-10-31,SHY,0.01596223961193325
2025-10-31,XHB,0.015314483211431328
2025-10-31,CPER,0.01452929400071556
2025-10-31,XLV,0.008448657249266746
2025-10-31,TLT,0.008229046837739708
2025-10-31,USMV,0.006632976089247471
2025-10-31,UUP,0.005503149074609468
2025-10-31,XLU,0.00474109973617275
2025-10-31,FXF,0.0035312905198276318
2025-11-30,BIL,0.1338372418183956
2025-11-30,HYG,0.10064925140803208
2025-11-30,SPY,0.08944215995055348
2025-11-30,IEF,0.08314870820296147
2025-11-30,GLD,0.06655135317796362
2025-11-30,QQQ,0.06230481604951303
2025-11-30,TIP,0.05733896501439931
2025-11-30,IWM,0.05559775645034625
2025-11-30,DBC,0.03958836689050566
2025-11-30,LQD,0.037433809074838155
2025-11-30,SMH,0.03618704226995764
2025-11-30,XLE,0.03233272932750809
2025-11-30,EEM,0.02775436832550967
2025-11-30,VLUE,0.02603815688618863
2025-11-30,XLI,0.02532276946738233
2025-11-30,SHY,0.022344321364688956
2025-11-30,TLT,0.018329118029703717
2025-11-30,XLB,0.016725294198121965
2025-11-30,XHB,0.0166432045474072
2025-11-30,XLV,0.013231485630805668
2025-11-30,CPER,0.01104615242915493
2025-11-30,USMV,0.01089826329395383
2025-11-30,FXF,0.00619640226676879
2025-11-30,UUP,0.005963025358910153
2025-11-30,XLU,0.005095238566429751
2025-12-31,BIL,0.19638153633179212
2025-12-31,HYG,0.08889854132578379
2025-12-31,SPY,0.08142558487954334
2025-12-31,GLD,0.07920627980616113
2025-12-31,IEF,0.07722175654444519
2025-12-31,QQQ,0.05617949373596717
2025-12-31,TIP,0.04893431575055401
2025-12-31,IWM,0.04175945813455203
2025-12-31,DBC,0.03838908253851598
2025-12-31,SMH,0.032674854427959865
2025-12-31,SHY,0.031210412298599933
2025-12-31,LQD,0.030504074729895837
2025-12-31,XLE,0.026047123525766106
2025-12-31,TLT,0.023730093374439452
2025-12-31,EEM,0.02303400703074155
2025-12-31,XLV,0.022641083081785515
2025-12-31,VLUE,0.02118014996683383
2025-12-31,XLI,0.018946548849035814
2025-12-31,USMV,0.01488237506261145
2025-12-31,XLB,0.014044943131317641
2025-12-31,CPER,0.009526171131953988
2025-12-31,FXF,0.009101532500100698
2025-12-31,UUP,0.007553206477563259
2025-12-31,XLU,0.006527375364080422
2026-01-31,BIL,0.1846680173794803
2026-01-31,GLD,0.09095430396917559
2026-01-31,HYG,0.07710541414115403
2026-01-31,SPY,0.06937925993799679
2026-01-31,IEF,0.06179146587947481
2026-01-31,QQQ,0.04841853428548588
2026-01-31,TIP,0.048340045404902866
2026-01-31,IWM,0.04385846730235531
2026-01-31,DBC,0.036813489824665604
2026-01-31,SHY,0.03250909536028073
2026-01-31,XLE,0.03106255272674164
2026-01-31,SMH,0.028392667508539013
2026-01-31,XLV,0.025985572053105203
2026-01-31,LQD,0.023915353834611873
2026-01-31,EEM,0.02380930286875368
2026-01-31,XLP,0.022608140197124486
2026-01-31,VLUE,0.02240426527433175
2026-01-31,TLT,0.022226165499608045
2026-01-31,XLI,0.021423324564341532
2026-01-31,XLB,0.018491983209927308
2026-01-31,USMV,0.015939850038467245
2026-01-31,XHB,0.013451912438130948
2026-01-31,CPER,0.010215217518005299
2026-01-31,FXF,0.00955107355084585
2026-01-31,UUP,0.008529845238232865
2026-01-31,XLU,0.008154679994261302
2026-02-28,BIL,0.19873680544077568
2026-02-28,GLD,0.07576243813933206
2026-02-28,HYG,0.06623219700368492
2026-02-28,IEF,0.0655597501197913
2026-02-28,SPY,0.05869012167560263
2026-02-28,TIP,0.052096946095242305
2026-02-28,DBC,0.04169633254695029
2026-02-28,IWM,0.04138915374121283
2026-02-28,QQQ,0.04062019241167278
2026-02-28,XLE,0.039984298774577466
2026-02-28,SHY,0.03688224941974244
2026-02-28,XLP,0.029402978115869494
2026-02-28,TLT,0.0266427587437307
2026-02-28,EEM,0.02495703059385424
2026-02-28,SMH,0.024829635047136072
2026-02-28,XLV,0.02447198906555467
2026-02-28,VLUE,0.023058761689369395
2026-02-28,XLI,0.021663639551244684
2026-02-28,LQD,0.021336298855153764
2026-02-28,XLB,0.01799797471892026
2026-02-28,USMV,0.016133042745435974
2026-02-28,XHB,0.01205400905206574
2026-02-28,FXF,0.010465681929836292
2026-02-28,UUP,0.010327832692326308
2026-02-28,CPER,0.009946652410483878
2026-02-28,XLU,0.009061229420433761
2026-03-31,BIL,0.3437097038340057
2026-03-31,GLD,0.09143939847736429
2026-03-31,TIP,0.06961804854108852
2026-03-31,IEF,0.04937207479457605
2026-03-31,DBC,0.048696181504872836
2026-03-31,XLE,0.048581553839485196
2026-03-31,SHY,0.04368687770390223
2026-03-31,HYG,0.03784257021870416
2026-03-31,IWM,0.03578001843215975
2026-03-31,XLP,0.033559987777503554
2026-03-31,XLV,0.02794663943249015
2026-03-31,EEM,0.026781619037511226
2026-03-31,VLUE,0.025620690406147225
2026-03-31,XLI,0.024109316318498723
2026-03-31,XLB,0.021602070402507487
2026-03-31,UUP,0.01664831409060907
2026-03-31,XLU,0.01592355713587916
2026-03-31,SMH,0.01505492778044431
2026-03-31,LQD,0.013131045047585253
2026-03-31,CPER,0.010895405224665124
2026-04-30,BIL,0.2424791447913042
2026-04-30,GLD,0.09328317314223501
2026-04-30,TIP,0.09180522467892979
2026-04-30,DBC,0.0634978674843571
2026-04-30,XLE,0.06097667030390221
2026-04-30,SHY,0.045906057979802746
2026-04-30,IWM,0.03775484019362748
2026-04-30,IEF,0.036668500706857954
2026-04-30,EEM,0.03110599085027309
2026-04-30,VLUE,0.030418735555417572
2026-04-30,HYG,0.030338318243963804
2026-04-30,XLP,0.0298978426472312
2026-04-30,XLI,0.0284619090460927
2026-04-30,XLB,0.026534639989001612
2026-04-30,SPY,0.023841174440056147
2026-04-30,XLV,0.02292254610708184
2026-04-30,UUP,0.0207703249244054
2026-04-30,XLU,0.017832195687836512
2026-04-30,QQQ,0.01700357995581611
2026-04-30,CPER,0.011819500543291764
2026-04-30,LQD,0.011211476524614726
2026-04-30,SMH,0.010707707482565219
2026-04-30,USMV,0.008949223855776837
2026-04-30,FXF,0.005813354865558872
2026-05-31,BIL,0.2240543133901599
2026-05-31,TIP,0.10156382929538546
2026-05-31,DBC,0.0809399855919335
2026-05-31,XLE,0.07689037776282971
2026-05-31,GLD,0.0731587548203513
2026-05-31,IWM,0.049007526822749524
2026-05-31,EEM,0.042757019870661675
2026-05-31,VLUE,0.04067356434162679
2026-05-31,XLI,0.03877749950224055
2026-05-31,XLB,0.036490225577212924
2026-05-31,SHY,0.03333242841278687
2026-05-31,HYG,0.03160707873506995
2026-05-31,XLP,0.02569416825405222
2026-05-31,SPY,0.025182180300973085
2026-05-31,XLV,0.020164277689055883
2026-05-31,UUP,0.01869512135793146
2026-05-31,QQQ,0.01786637365276902
2026-05-31,CPER,0.017314558789646717
2026-05-31,XLU,0.014764790827278038
2026-05-31,SMH,0.010954265256252418
2026-05-31,LQD,0.010354016716386178
2026-05-31,USMV,0.0064019122123654725
2026-05-31,FXF,0.003355730820281289
2026-06-30,BIL,0.281801696792445
2026-06-30,TIP,0.09608710279042572
2026-06-30,DBC,0.0722122213601988
2026-06-30,XLE,0.06910157081956143
2026-06-30,IWM,0.05430757144225823
2026-06-30,HYG,0.04406962924919328
2026-06-30,EEM,0.043428490219847876
2026-06-30,VLUE,0.04007041583536695
2026-06-30,XLI,0.03738190509950828
2026-06-30,XLB,0.0368568529591732
2026-06-30,SPY,0.035931772779189464
2026-06-30,SHY,0.03082158882996023
2026-06-30,QQQ,0.025829918842164373
2026-06-30,XLV,0.02025824267000334
2026-06-30,XLP,0.019197275240800754
2026-06-30,CPER,0.01756359833558871
2026-06-30,UUP,0.015562869515197164
2026-06-30,SMH,0.015525270992803817
2026-06-30,LQD,0.014886686665329331
2026-06-30,XLU,0.011815893560055066
2026-06-30,XHB,0.009347779133955727
2026-06-30,USMV,0.007941646866973556
