as_of,return_date,strategy_return,gross_strategy_return,static_blend_return,spy_return,sixty_forty_return,gsmif_policy_return,cash_return,turnover,vol_scale,modal_season,confidence,p_spring,p_summer,p_fall,p_winter,liquidity_z,credit_stress,n_assets,decision_before_return
1999-12-31,2000-01-31,-0.02633735355570149,-0.02583735355570149,-0.01827344135081929,-0.05106950357149732,-0.031055493110819635,,0.004319429053334683,0.5,1.0,SUMMER,0.19225361055026247,0.09916747363840366,0.5026563577855627,0.3325653990468895,0.0656107695291442,-0.4408391208862677,False,13,True
2000-01-31,2000-02-29,-0.028201599682174373,-0.02815210753696241,-0.019482354331935986,-0.015342752317144773,-0.00441023025257717,,0.004501215692186547,0.0494921452119627,1.0,SUMMER,0.1211569516348111,0.14029078998683295,0.4580042507798271,0.3075114556397628,0.09419350359357716,-0.36670263455074137,False,13,True
2000-02-29,2000-03-31,0.057382320191162704,0.057397012211723906,0.044997782079412706,0.09250107230744319,0.06182750956339861,,0.004611674586096828,0.014692020561204078,1.0,SUMMER,0.13249124449166638,0.12645692438455272,0.45610996110080243,0.3268215313419968,0.09061158317264803,-0.2739878451315479,False,13,True
2000-03-31,2000-04-30,-0.010943137170879889,-0.010869581750382162,-0.009231996850979947,-0.035752271005064444,-0.02328111865404787,,0.004588017145673359,0.07355542049772625,0.9849474302913767,SUMMER,0.19012734280464016,0.12526154958539829,0.5386286287561345,0.27269325297690344,0.06341656868156384,-0.411765493783383,False,14,True
2000-04-30,2000-05-31,0.01587538964833855,0.01593689012075205,0.005084605666508096,-0.015847422333553435,-0.010136015862176771,,0.004690484250882736,0.06150047241349931,0.9377710091740497,SUMMER,0.28162803733102393,0.07428720157579746,0.582729883498739,0.3042027347491261,0.038780180176337366,-0.4971576968786285,False,14,True
2000-05-31,2000-06-30,-0.007121549967583243,-0.007026013373352144,0.00549492443090606,0.019489978052200537,0.020201402754782688,,0.004611674586096828,0.09553659423109945,1.0,SUMMER,0.1406640658294469,0.12552298885741964,0.46821179037234617,0.32037565094234854,0.08588956982788565,-0.46484457857249134,False,14,True
2000-06-30,2000-07-31,-0.0073042708826135515,-0.007196742123348352,-0.006233263529564798,-0.015826370816048523,-0.005889772506310968,,0.004824289867981499,0.10752875926519885,1.0,SUMMER,0.0492174085341911,0.16256718306270354,0.34900344485836826,0.3332160294626137,0.1552133426163145,-0.40491252227624347,False,14,True
2000-07-31,2000-08-31,0.03050016139303767,0.03061193319763957,0.035799819128898756,0.06329460364138295,0.04385096539053413,,0.004926467040257305,0.11177180460189928,1.0,FALL,0.013512304823933952,0.18846935039853613,0.22653085099598852,0.31932635638554335,0.265673442219932,-0.3024379316217113,False,14,True
2000-08-31,2000-09-30,-0.003987328463425308,-0.003887747628532203,-0.01236890673725051,-0.05642453434321923,-0.030312530559018402,,0.004855742343664659,0.0995808348931048,1.0,FALL,0.08585881256969641,0.11014912147688559,0.2634305948139899,0.4417217015405541,0.1846985821685704,-0.12360464216352197,False,14,True
2000-09-30,2000-10-31,0.008613017499457806,0.00868632502187565,0.002442360831757971,-0.004688729171485556,-0.00053499866084107,,0.004942175491450606,0.07330752241784541,1.0,FALL,0.14135112274965544,0.0798880542666848,0.18539641898828577,0.5134624954197855,0.22125303132524382,0.07256382451978317,False,14,True
2000-10-31,2000-11-30,-0.018704188150058143,-0.018640425648815587,-0.02773593765005957,-0.07758715985680047,-0.03920447187785104,,0.004989283086449099,0.06376250124255557,1.0,FALL,0.06960851219592534,0.12036732718274479,0.20517853833232635,0.42508146514736034,0.24937266933756852,0.06717382740341356,False,14,True
2000-11-30,2000-12-31,0.025322393475226274,0.02538554018558752,0.029931814748972333,-0.00523997321158036,0.004023088631202295,,0.004674728279322608,0.06314671036124472,1.0,FALL,0.08699906035370386,0.11452668946583582,0.15710899595771263,0.4212722859888775,0.30709202858757406,-0.011489043765211744,False,14,True
2000-12-31,2001-01-31,0.005467242972774922,0.005553066682566045,0.01363571685593744,0.04349968199078189,0.033168676304244915,,0.0041848096800514815,0.08582370979112311,1.0,WINTER,0.15111573406090417,0.09886828680974431,0.09010565372152295,0.3867095805282716,0.42431647894046115,-0.02561875836455225,False,14,True
2001-01-31,2001-02-28,-0.005041419640722168,-0.005011136217386462,-0.021331206674304066,-0.10024877718584961,-0.05505521153982742,,0.003970554455612752,0.03028342333570594,1.0,FALL,0.20219455559327937,0.06899408542268476,0.07605988641680117,0.44829587890459005,0.4066501492559241,0.3466394248970299,False,14,True
2001-02-28,2001-03-31,-0.022131812715884006,-0.022085412159166477,-0.03348238176723974,-0.05766831973409351,-0.0319364495146534,,0.0036042534995261518,0.04640055671752913,1.0,FALL,0.21513777847571136,0.06145965799270245,0.07616005970891965,0.47724944425507493,0.385130838043303,0.7434362424219507,False,14,True
2001-03-31,2001-04-30,0.0312342706664701,0.03127839472635091,0.04290928743641144,0.08198554652408668,0.048235272752305124,,0.0031641609376356827,0.0441240598808114,1.0,WINTER,0.19299705066579342,0.07732325436278721,0.07445161193717244,0.41608818396045855,0.43213694973958183,0.9538220111687581,False,14,True
2001-04-30,2001-05-31,0.005463013158296519,0.005558283650204864,0.007074247807672784,-0.005621513289528452,-0.0003870740989215243,,0.0029633479498795035,0.0952704919083448,1.0,WINTER,0.241126006090849,0.10456078372908237,0.048413559229960344,0.26806800423668303,0.5789576528042744,1.0723073580461884,False,14,True
2001-05-31,2001-06-30,-0.00923820559016055,-0.009165651696497213,-0.016505679645853814,-0.024117971322062587,-0.012253995245579824,,0.002858733640999137,0.07255389366333642,1.0,WINTER,0.35597511450748376,0.10354700986712984,0.026572725904261157,0.17764476459961687,0.6922354996289921,1.2083647334628294,False,15,True
2001-06-30,2001-07-31,0.0028469731961921763,0.002953379482234701,-0.0005205339266114533,-0.01024810896798283,0.0028187721605222146,,0.002874836700630672,0.10640628604252467,1.0,WINTER,0.23078473307537162,0.08720440618050365,0.05249144457769858,0.32326377143480384,0.537040377806994,1.3289904595586315,False,17,True
2001-07-31,2001-08-31,-0.00966982757158172,-0.00960951936532261,-0.011477095002431444,-0.06116562212781028,-0.031659873332788184,,0.0027539878371835255,0.06030820625911041,1.0,WINTER,0.19141998055023968,0.07743725220944774,0.0755515941423695,0.4182856753317008,0.42872547831648206,1.3902055546506151,False,17,True
2001-08-31,2001-09-30,-0.04022291536259884,-0.04011653738738554,-0.04687469089009263,-0.0851555432908726,-0.046446691780374465,,0.0021714611932742343,0.10637797521329721,1.0,WINTER,0.18435385580479535,0.12908861197370894,0.0652749027828485,0.27056437685050283,0.5350721083929397,1.234481261604934,False,17,True
2001-09-30,2001-10-31,0.02327116680283308,0.0233805766177018,0.02700081204957271,0.012938031897773157,0.015168237730539436,,0.0017808354780158469,0.10940981486872034,1.0,WINTER,0.3852782271344203,0.0979861373721701,0.0227382687298097,0.1656102969330601,0.7136652969649601,1.0474758891125422,False,17,True
2001-10-31,2001-11-30,0.011445943599378262,0.011501011205333676,0.02184992747224942,0.07508625300812075,0.04060329858840824,,0.0015439420511570983,0.05506760595541292,1.0,WINTER,0.5628407948383749,0.049134578366385934,0.007419635134644256,0.12377545494487918,0.8196703315540906,1.123056865951698,False,17,True
2001-11-30,2001-12-31,-0.002032005246843067,-0.0020017106007756617,0.004041995006585439,0.005623195338813801,0.0007111730125019145,,0.001396565317912747,0.030294646067405485,1.0,WINTER,0.6290770546275716,0.04591679245787377,0.004810114555939254,0.0900136158684182,0.8592594771177688,0.9924085700245163,False,17,True
2001-12-31,2002-01-31,0.002403125312783456,0.0024324101165520387,-0.000534342669878715,-0.009846987148865192,-0.0027210275214085903,,0.0013637795071886347,0.029284803768582404,1.0,WINTER,0.5834459076106431,0.07981751749184395,0.007073146309514329,0.07432968801206859,0.8387796481865731,0.8668963738819738,False,17,True
2002-01-31,2002-02-28,0.001119273946906564,0.0011787118150680931,0.003659823519664732,-0.018098261429326017,-0.00735985975411847,,0.0014211462138189594,0.059437868161529024,1.0,WINTER,0.5222193380366292,0.14882553249529318,0.009416095944715038,0.050088448071557025,0.7916699234884348,0.7934285194184046,False,17,True
2002-02-28,2002-03-31,0.009629688880008872,0.009741497986273818,0.018321888773518032,0.03272872551620539,0.014030633476178951,,0.0014784734563461958,0.11180910626494557,1.0,WINTER,0.43491452512713236,0.20808854660891768,0.015506313571374525,0.053843731232299644,0.7225614085874082,0.7180087251925589,False,18,True
2002-03-31,2002-04-30,-0.002751628536687404,-0.00267167326037613,-0.003413788799408792,-0.059915424164819715,-0.028485367756409963,,0.0014129533874511274,0.07995527631127436,1.0,WINTER,0.22557364880831843,0.27403692437544963,0.05268655580037628,0.10857077340052189,0.5647057464236522,0.5803220615106021,False,18,True
2002-04-30,2002-05-31,0.003981412071782304,0.004137351444417325,0.004029840272500778,-0.005951275712789126,-0.0003085184643746754,,0.001429338234797213,0.155939372635021,1.0,WINTER,0.04778347550474338,0.18860661779967744,0.14392754720993045,0.288892783313918,0.3785730516764741,0.3863459167092824,False,18,True
2002-05-31,2002-06-30,-0.027780566482945995,-0.02760820495824267,-0.030958547026364656,-0.076673252989581,-0.04409211946902524,,0.0014047597555352236,0.1723615247033251,1.0,FALL,0.13076823063390197,0.08542144562438965,0.2525731054969382,0.4946966497668784,0.1673087991117938,0.2723427943453331,False,18,True
2002-06-30,2002-07-31,-0.03252753931215448,-0.03249580732818423,-0.033898778680405604,-0.0820991166683822,-0.04639797213402604,,0.0013883700744256335,0.03173198397024737,1.0,FALL,0.18113123631696326,0.06510149953809206,0.21585808659301395,0.5524306540242457,0.1666097598446482,0.33348402656579706,False,18,True
2002-07-31,2002-08-31,0.014195707332576248,0.014237414155464222,0.01310746235531192,0.006777606443604687,0.010668411024720669,,0.0013391816814578808,0.041706822887973,1.0,FALL,0.11728655020309908,0.09073872421736726,0.20332871176087722,0.4881069485137265,0.21782561550802906,0.2192903008286586,False,18,True
2002-08-31,2002-09-30,-0.027567329789238596,-0.027453366847151193,-0.03320114366203886,-0.11076610757006856,-0.058448124031867145,,0.0013473817634656235,0.1139629420874037,1.0,FALL,0.11609511943616335,0.09132233158422344,0.2047956554062145,0.4868058831819417,0.21707612982762034,0.14812890009895316,False,18,True
2002-09-30,2002-10-31,0.009722682635118668,0.009796786291983236,0.020862424871233916,0.07907328483918918,0.04588111656650162,,0.001306373282083926,0.0741036568645686,1.0,FALL,0.2128458596267926,0.055429594953470634,0.20388107818836856,0.5823614459550498,0.15832788090311103,0.08420182265584919,False,17,True
2002-10-31,2002-11-30,0.014002587125303983,0.01404181623880063,0.025832330766623023,0.05985359406915181,0.03574529101459051,,0.0010187474685470876,0.03922911349664856,1.0,FALL,0.17866036768847238,0.06586404488043032,0.17229267333936982,0.551149749898748,0.21069353188145187,0.1385299317019322,False,17,True
2002-11-30,2002-12-31,-0.0037363259811666527,-0.0036592943617498614,-0.00977129312714434,-0.058232395605628345,-0.025184026955609555,,0.0009858126461317674,0.0770316194167911,1.0,FALL,0.18794772061352782,0.06290040086579145,0.2157217307441342,0.5585230483681985,0.16285482002187573,0.4639657517551076,False,18,True
2002-12-31,2003-01-31,-0.009592068646439406,-0.009546072347669183,-0.009671452286778027,-0.024902784029727745,-0.01462220138776138,,0.000969340352475715,0.045996298770222856,1.0,FALL,0.26444854172339405,0.042815007917179786,0.16180614748970246,0.6289534744465358,0.16642537014658196,0.680045945512522,False,17,True
2003-01-31,2003-02-28,0.0024247490444275215,0.002472499302852191,0.005696392725118994,-0.013570820615347786,-0.002548761548439433,,0.0009693403524759369,0.0477502584246696,1.0,FALL,0.3768618471021906,0.02374264937523911,0.17152350011086243,0.7068852797123447,0.0978485708015537,0.6960368203068736,False,17,True
2003-02-28,2003-03-31,-0.0034207384304462854,-0.0032941901846928606,-0.0039491446970974856,0.002137786617451149,0.0007988885230666344,,0.0009363859938320451,0.12654824575342483,1.0,FALL,0.35027178542667403,0.027677042965817997,0.15456109501192306,0.6935659585623484,0.12419590345991058,0.5964745636698562,False,18,True
2003-03-31,2003-04-30,0.020609711206095786,0.02064760996202087,0.02936518790382062,0.0812223917016971,0.05282580919779332,,0.0009363859938322669,0.037898755925085625,1.0,FALL,0.28321513715458424,0.03898308630580083,0.16101333473374219,0.6440677457017264,0.1559358332587305,0.7241019477377441,False,18,True
2003-04-30,2003-05-31,0.043367099370939306,0.04341458992609556,0.046108656634273895,0.0533853608751368,0.039405980892432295,,0.0008869300082068699,0.04749055515624843,1.0,FALL,0.1955957995561981,0.06061885459107438,0.15231681052366178,0.5630016423132028,0.22406269257206105,0.749065396130248,False,18,True
2003-05-31,2003-06-30,0.002335789708952558,0.002524008190999677,0.0029488136687976134,0.010595467490799107,0.005855414581834982,,0.00076316148206385,0.18821848204711886,1.0,WINTER,0.15888595064171396,0.09115830842006516,0.0898445871459012,0.4065264066162257,0.41247069781780793,0.7514425409377382,False,18,True
2003-06-30,2003-07-31,-0.007590937571309986,-0.007402710037155122,-0.005396546522356766,0.017866381195994735,-0.0025390491810563594,,0.0007466451142893479,0.18822753415486432,1.0,WINTER,0.11889668182956659,0.24845041380115274,0.09080887433429241,0.17685918225267439,0.48388152961188047,0.7537670561902705,False,17,True
2003-07-31,2003-08-31,0.020398489921220325,0.02052295574000886,0.020460824889250582,0.020415874676667903,0.014715694867146545,,0.0007879298975629845,0.12446581878853456,1.0,WINTER,0.1386224171273971,0.3985314334567991,0.09989297960107607,0.10052453002335093,0.40105105691877396,0.6478424226534063,False,18,True
2003-08-31,2003-09-30,0.006288889696169958,0.006442929903630126,0.008383879688479489,-0.010965945533097812,0.004274601768876828,,0.0007796745770020963,0.15404020746016753,1.0,SPRING,0.053501057615480296,0.39368963909697696,0.1944089853036767,0.13616309433994409,0.27573828125940225,0.5230803385577428,False,19,True
2003-09-30,2003-10-31,0.027139661108861988,0.027207149247715546,0.0208305598320882,0.052143176191337307,0.02798166797303023,,0.00076316148206385,0.0674881388535596,1.0,SPRING,0.01844137534191337,0.33605528863963635,0.24680961638348298,0.176632615695481,0.24050247928139973,0.431428385374407,False,19,True
2003-10-31,2003-11-30,0.012137653270659075,0.012239840604180057,0.011125977986877332,0.01086260633184428,0.007859376830141939,,0.0007714184385562094,0.10218733352098261,1.0,SUMMER,0.013501742182737808,0.24617063877585155,0.3229570144795324,0.24450269799838564,0.1863696487462304,0.3002992357652396,False,19,True
2003-11-30,2003-12-31,0.037448819385108786,0.03747711662458857,0.03180345187305798,0.04908775343450333,0.033536172180556496,,0.0007466451142893479,0.028297239479790064,1.0,SUMMER,0.029345577152316227,0.26227421211783025,0.3572978038784987,0.21938706027555913,0.16104092372811193,0.1998198952591441,False,19,True
2003-12-31,2004-01-31,0.007356180019188289,0.007407271298724694,0.006282078959004653,0.0195767640079277,0.013531622467057369,,0.0007301254723811149,0.051091279536404535,1.0,SUMMER,0.04723547315463261,0.33086019269061684,0.34767074505230144,0.16471671690897893,0.15675234534810278,-0.1047795616146796,False,19,True
2004-01-31,2004-02-29,0.015122402563420267,0.015223358519923685,0.01484764250712176,0.01347959501373414,0.012628826180796115,,0.0007714184385562094,0.10095595650341813,1.0,SPRING,0.03680374877703707,0.33488027445149887,0.3232266875144983,0.16791944251413168,0.17397359551987115,-0.27332129256803367,False,19,True
2004-02-29,2004-03-31,0.0005232055243950772,0.0006224818654256126,0.00017712979235333165,-0.013333889919874995,-0.005225959071890774,,0.0007796745770023183,0.0992763410305354,1.0,SUMMER,0.011104852266480503,0.2557580806079909,0.3148908000012991,0.2369210245747619,0.1924300948159481,-0.37851593130654043,False,18,True
2004-03-31,2004-04-30,-0.02261023501910926,-0.022532841881126458,-0.022485014239346113,-0.019102905115249265,-0.022837448365071903,,0.0007796745770020963,0.07739313798280208,1.0,SUMMER,0.037762780200434665,0.18316223579269766,0.3506479624526068,0.30622963862213287,0.15996016313256264,-0.3544339498990584,False,18,True
2004-04-30,2004-05-31,0.008803254492784462,0.008914468147942577,0.008647270647334929,0.016978485667766025,0.00872363665977705,,0.0008456942543178986,0.11121365515811399,1.0,SUMMER,0.025801898956657188,0.19218922925482543,0.32902448385994865,0.30224149318754256,0.17654479369768336,-0.4352807325399897,False,19,True
2004-05-31,2004-06-30,0.014184486062089734,0.014274746581763495,0.012573887604275878,0.01833237462284312,0.013917116332840493,,0.0010516692796750358,0.09026051967376068,1.0,SUMMER,0.10862711414012283,0.13465617060581925,0.4278213975901921,0.3327803077583589,0.10474212404562978,-0.45422808325128433,False,19,True
2004-06-30,2004-07-31,-0.008411579775901342,-0.008328643842469462,-0.010408569234771804,-0.032749312105981074,-0.015754953594995725,,0.0011010276226778083,0.08293593343188049,1.0,SUMMER,0.22048513900191757,0.08585033332041628,0.5176072405215654,0.3401286848495584,0.056413741308459976,-0.35996853121295536,False,19,True
2004-07-31,2004-08-31,0.008218463488180743,0.00835049072832827,0.007710233156220746,0.0024330922280207893,0.00790454985501763,,0.0012242957285824219,0.13202724014752643,1.0,SUMMER,0.2630976240279107,0.06112623849858963,0.5124521592879869,0.3809778605062136,0.045443741707209814,-0.12482362717050852,False,19,True
2004-08-31,2004-09-30,0.023571788933325375,0.023625732631340768,0.016293301190315267,0.009986935131524852,0.008057230625254475,,0.0013637795071886347,0.053943698015393234,1.0,SUMMER,0.15667306624975752,0.10218629965591242,0.4465309660997592,0.3672414335800914,0.08404130066423698,0.03700334043273412,False,18,True
2004-09-30,2004-10-31,0.009820213944416052,0.009893785863489558,0.010481892999918974,0.0128030693561046,0.011135702124080122,,0.001453909466976901,0.07357191907350624,1.0,SUMMER,0.06558530358803505,0.16792291636877302,0.39394267803441074,0.3071906213854594,0.13094378421135686,-0.12631070982998716,False,18,True
2004-10-31,2004-11-30,0.029207213081286983,0.02933514879496764,0.02445914495497745,0.04355458055879572,0.023476059841725974,,0.0017073888689430328,0.12793571368065412,1.0,SUMMER,0.034896702093077714,0.21202436830141205,0.3663622027833435,0.2670588016086439,0.1545546273066005,-0.16292724357967128,False,19,True
2004-11-30,2004-12-31,0.009353715833252218,0.009407075256214427,0.010062994993771784,0.029676446623660955,0.021038969620997123,,0.0018053033030022614,0.05335942296221001,1.0,SUMMER,0.0755767218800879,0.217380727509719,0.43587976027994785,0.23135753391913125,0.11538197829120193,-0.3019770758838868,False,19,True
2004-12-31,2005-01-31,-0.007852304363429517,-0.007776239974440503,-0.007375957154369621,-0.02267632033388463,-0.011566302696901322,,0.001919391592547784,0.07606438898901353,1.0,SUMMER,0.14527091236714929,0.14253961701509668,0.4963086842242745,0.28057165381752885,0.08058004494309996,-0.46371023442802833,False,19,True
2005-01-31,2005-02-28,0.028253566177287387,0.02829016837832159,0.021650911111483675,0.020688964442843107,0.010996606913310733,,0.002090231697288684,0.03660220103420483,1.0,SUMMER,0.12123688350682293,0.14534368150905302,0.46421140906750663,0.29734635042626306,0.09309855899717727,-0.5902453656985263,False,19,True
2005-02-28,2005-03-31,-0.011468034862461956,-0.011419681657265035,-0.0115215117607156,-0.018462735835194654,-0.014985070580126112,,0.0022526115875855816,0.048353205196921656,1.0,SUMMER,0.06757478334911526,0.18388754895883583,0.41199936371760987,0.2794059263685596,0.12470716095499472,-0.6163358750117671,False,19,True
2005-03-31,2005-04-30,-0.004484241665121482,-0.004427287080110508,-0.005511808792718299,-0.01891277383491721,-0.004358903594831664,,0.0022850496313327044,0.05695458501097398,1.0,SUMMER,0.026616326759686726,0.21870111008190138,0.35089630516521275,0.26514635193318703,0.16525623281969884,-0.6777732898474479,False,19,True
2005-04-30,2005-05-31,0.012431776691397377,0.012470873082731829,0.015354134445659579,0.031715834762597955,0.022392100395876236,,0.0023336830341329634,0.03909639133445222,1.0,SUMMER,0.008597026387971107,0.23501829890622508,0.30578072173607257,0.25964323441847464,0.1995577449392277,-0.6572835320537571,False,19,True
2005-05-31,2005-06-30,0.011958681531514092,0.011993334092385162,0.011482380608417022,0.0015146842039934231,0.004404845764729194,,0.002438958140047503,0.03465256087106937,1.0,SUMMER,0.014223187227001777,0.20231457473508743,0.30204549086328,0.29682327664101565,0.19881665776061694,-0.6740952742152506,False,19,True
2005-06-30,2005-07-31,0.00976311879220488,0.009803553799857902,0.01563814167066388,0.03754696318315502,0.018640116154430432,,0.002641037227707518,0.04043500765302173,1.0,FALL,0.004859424814892543,0.21183782478589158,0.2591277673521098,0.2910775378290396,0.237956870032959,-0.7266253248969206,False,19,True
2005-07-31,2005-08-31,0.007067454868272865,0.007133363047643066,0.006489354438365778,-0.009418550754399445,-0.0008990460372022864,,0.002818462372959209,0.06590817937020071,1.0,SPRING,0.002240473030290513,0.2781178323237995,0.24421037628515552,0.22333162558284136,0.2543401658082036,-0.6897854967473831,False,19,True
2005-08-31,2005-09-30,0.01149869357374921,0.011528240472700573,0.012896780344818753,0.007993313993141871,0.0010686035280416826,,0.002802348414998448,0.0295468989513628,1.0,WINTER,0.00019868481359230916,0.25310573959129085,0.2423741785376401,0.2467963603066222,0.25772372156444695,-0.7364177681771035,False,19,True
2005-09-30,2005-10-31,-0.015010097517052476,-0.01489489653400933,-0.018659470425542023,-0.023934762128783878,-0.018321072688813743,,0.003035696384462943,0.11520098304314705,1.0,FALL,0.05002856266424538,0.13843519252695305,0.26818748807450765,0.39136128003113513,0.20201603936740417,-0.787223324022914,False,19,True
2005-10-31,2005-11-30,0.018191065742042024,0.018269262834691942,0.02431754263347581,0.04301403781424892,0.027488868570927277,,0.0031721834005380405,0.07819709264991698,1.0,FALL,0.1759693303095924,0.06945269938449855,0.2981119250376443,0.5129343651387109,0.11950101043914622,-0.7972072117218919,False,19,True
2005-11-30,2005-12-31,0.014644388350796018,0.014687320303983564,0.012825864644627453,-0.0019153930170467085,0.0033824279627345773,,0.0031802050911956393,0.04293195318754664,1.0,FALL,0.15189451725433134,0.07980280009166679,0.30932040751181705,0.48559596207931316,0.125280830317203,-0.5964493387605625,False,19,True
2005-12-31,2006-01-31,0.032927663871464924,0.03306684767459408,0.03127510656659303,0.02372988399374123,0.014070225930036104,,0.0034604789023746124,0.1391838031291561,1.0,SUMMER,0.029081125979908973,0.18345347313251248,0.32703894394349065,0.3135953397481326,0.1759122431758643,-0.4465181352482,False,19,True
2006-01-31,2006-02-28,-0.004799379590460806,-0.004676598505084577,-0.004768076434647966,0.005709577900175951,0.0040702312295459704,,0.003612233708613919,0.12278108537622882,1.0,SPRING,0.011994530786176516,0.30520525932508397,0.2839310170585349,0.19801353200476512,0.21285019161161597,-0.3697892959475158,False,19,True
2006-02-28,2006-03-31,0.008776449401326838,0.008799721618774622,0.008406915680946784,0.01636927501157798,0.0064115933583309345,,0.003676047884860022,0.02327221744778303,1.0,SPRING,0.015689409525894482,0.31987123440417287,0.2780514322890554,0.18697765554733728,0.21509967775943448,-0.23740494182707939,False,19,True
2006-03-31,2006-04-30,0.018801550011915216,0.018836023512041757,0.017712259395391967,0.012552281768142302,0.0069589800833168005,,0.003747780470227774,0.03447350012654137,1.0,SUMMER,0.015198112209071968,0.2905815519636547,0.3103777710416343,0.20609274395011448,0.19294793304459654,-0.34164713959819415,False,19,True
2006-04-30,2006-05-31,-0.016997611896558344,-0.016974415246726347,-0.016506614330164596,-0.03058361211646019,-0.019046931372845168,,0.0038433279677961645,0.023196649831998137,1.0,SUMMER,0.009259155941668706,0.26789149679168256,0.30518070177082,0.2273537721337542,0.1995740293037432,-0.3504566668287231,False,19,True
2006-05-31,2006-06-30,-0.0007467044581257544,-0.0006972058751141609,-0.00042976488759416837,0.002604935714100443,0.000921041769799721,,0.0038990134582301706,0.04949858301159349,1.0,SUMMER,0.0008117181153675102,0.2592773709866747,0.264004440447135,0.24051231262661313,0.23620587593957718,-0.4179790734809443,False,19,True
2006-06-30,2006-07-31,0.009079163970613984,0.009144113595868076,0.0071281971492953575,0.004468455386030549,0.008209237687903952,,0.004026155023212292,0.06494962525409213,1.0,FALL,0.012743864138635042,0.20052710422816092,0.2927364372943183,0.3007321908365479,0.20600426764097288,-0.5443863266275493,False,19,True
2006-07-31,2006-08-31,0.011590854542042315,0.011600311850903672,0.012906218239834595,0.02158737367036562,0.019270437928269078,,0.00403409493397381,0.009457308861357544,1.0,FALL,0.01155726327845863,0.19620208645174153,0.2766692085999937,0.3084143257467554,0.21871437920150924,-0.41238110755945406,False,19,True
2006-08-31,2006-09-30,0.0005977667028879697,0.0006338003250122374,0.0023249308138620223,0.026643564343328388,0.02004441090749251,,0.003914916766166114,0.03603362212426771,1.0,FALL,0.007020248510491878,0.2032446471336741,0.25110668077056947,0.3015640507728657,0.24408462132289074,-0.5646960592619487,False,19,True
2006-09-30,2006-10-31,0.014068535797496779,0.014168921476485779,0.018197833189229157,0.031030036591514022,0.021422106566459112,,0.004002330750881856,0.10038567898899957,1.0,WINTER,0.026144532828425993,0.2714966291335889,0.16701132847901734,0.21385138012104224,0.3476406622663515,-0.5662538385858327,False,19,True
2006-10-31,2006-11-30,0.017269768290443053,0.017389469794059264,0.02311411829274056,0.019690280161267934,0.016049020309913155,,0.00401821435587281,0.11970150361621221,1.0,WINTER,0.18581683787177272,0.3483783014249452,0.06924746697086455,0.09656477980897124,0.485809451795219,-0.5291873185393313,False,19,True
2006-11-30,2006-12-31,-0.0029997015187938534,-0.0029140279353912155,-0.0028731636808640186,0.013282310766913455,0.005604914526202334,,0.003946714279986468,0.08567358340263809,1.0,WINTER,0.2058430459815357,0.38889984492775553,0.06536825091842367,0.07852970607250306,0.46720219808131785,-0.061284928929853634,False,19,True
2006-12-31,2007-01-31,0.00802108550278194,0.008060477861920635,0.008851993472499847,0.014928757664153143,0.008705515536905057,,0.004049972486338571,0.039392359138694814,1.0,WINTER,0.2121930641422407,0.40927918610523645,0.06521377779689992,0.07222509434273035,0.4532819417551333,0.12257094593398044,False,19,True
2007-01-31,2007-02-28,0.005714474960071157,0.005821826458845078,0.005482333901492426,-0.019812511089603344,-0.005282483548016418,,0.004089653137216151,0.10735149877392118,1.0,SPRING,0.05274145396519547,0.3563834625525927,0.16160402280059938,0.15038039259586328,0.3316321220509447,0.014648315769411306,False,19,True
2007-02-28,2007-03-31,0.004866851049012606,0.0049791546773263265,0.005943350566648037,0.011521698058523893,0.006153459582488346,,0.00401821435587281,0.11230362831372087,1.0,SPRING,0.027894852976197093,0.3570831592410093,0.24906147412158663,0.16183298969625592,0.23202237694114813,0.06880524054964274,False,21,True
2007-03-31,2007-04-30,0.022926793668127433,0.02302178095057,0.021290869086827403,0.04334359110629767,0.02852624085347288,,0.003962608488184994,0.09498728244256734,1.0,SUMMER,0.03705099861332206,0.30646323451769714,0.3491468500334542,0.18340574221730369,0.16098417323154499,0.012380648225040843,False,21,True
2007-04-30,2007-05-31,0.014978460699653348,0.015016134303437765,0.00967278566738905,0.03335720963824248,0.016545288804543666,,0.0038512853164137345,0.03767360378441689,1.0,SUMMER,0.05308938568953392,0.31774016897572654,0.36825983274678875,0.16856207953033195,0.14543791874715276,0.1767494669330463,False,21,True
2007-05-31,2007-06-30,-0.006948191416156975,-0.006894041206697474,-0.006998063089207769,-0.014728930758868532,-0.010332880995188256,,0.0037557469472979366,0.05415020945950003,1.0,SUMMER,0.02391566599251116,0.2973593339411854,0.3283155970637568,0.19642269880567356,0.17790237018938423,0.08797888338167202,False,21,True
2007-06-30,2007-07-31,-0.003979509745053077,-0.0039363821523579375,-0.0031841554508746667,-0.03181028428474409,-0.014599385077237308,,0.0039228672821606915,0.043127592695140334,1.0,SUMMER,0.017652953323034848,0.2599470537373647,0.3320732077515679,0.2288420672027096,0.17913767130835778,0.008502457667140749,False,22,True
2007-07-31,2007-08-31,0.010954162241654615,0.010977102066680717,0.011446930506688574,0.012750837555705599,0.012735349683321386,,0.0034284952775977514,0.022939825026101913,1.0,SUMMER,0.013041730505333748,0.2561286569449573,0.3205939692962209,0.2352953867113801,0.1879819870474417,-0.07946247920345699,False,22,True
2007-08-31,2007-09-30,0.030556089652188603,0.03065392568556934,0.03283649935997407,0.03798368877647554,0.025433947124658917,,0.0031802050911956393,0.0978360333807367,1.0,SPRING,0.011031118033801302,0.31247618607581,0.26406220573776507,0.19395101504207526,0.22951059314434957,-0.7617769874319575,False,22,True
2007-09-30,2007-10-31,0.021125242863838076,0.021145033668720045,0.02278373565562395,0.0134751797822211,0.012098333737611877,,0.0031882260097577998,0.019790804881968993,1.0,SPRING,0.01368108641435728,0.32347507445593654,0.24495708750922657,0.1859775145413854,0.2455903234934515,-0.7465570891930329,False,22,True
2007-10-31,2007-11-30,-0.0033611439168643783,-0.003257274003194302,-0.006392231656217365,-0.03950203055585256,-0.0161548751857581,,0.0026813943079350834,0.10386991367007613,1.0,SUMMER,0.012106892419873283,0.2150215784900557,0.3075653104955804,0.28097856034775065,0.19643455066661325,-0.556779732424665,False,22,True
2007-11-30,2007-12-31,0.013629591828460349,0.013738951163638363,0.010668780437604757,-0.011325064217076896,-0.006816979577432397,,0.0024632335201287864,0.10935933517801445,1.0,FALL,0.10215855966696319,0.10302391441200177,0.29263352338107346,0.44697982753517485,0.15736273467174985,-0.22128185922766372,False,22,True
2007-12-31,2008-01-31,-0.0017913159848899059,-0.0017338742823964151,-0.008048329572179623,-0.06236542413342534,-0.0273962067775769,,0.002260722282354214,0.05744170249349069,1.0,FALL,0.18192658379865168,0.06608398081106431,0.27005107008422696,0.5333494362448497,0.13051551285985902,-0.2612814015336853,False,22,True
2008-01-31,2008-02-29,0.013841032704692308,0.013917301572933083,0.010166103004739083,-0.026181965397122704,-0.01627720806129255,0.0048360886388435775,0.0016340155860425783,0.07626886824077556,1.0,FALL,0.12919483686628352,0.0850470605029255,0.20939616706576986,0.5017635658131822,0.20379320661812256,-0.4191102959905976,False,22,True
2008-02-29,2008-03-31,-0.0047194488335999445,-0.004693298402701678,-0.0023575926557373463,-0.00898277276848155,-0.004858156223805505,0.0033730733406767224,0.0023316887041054312,0.02615043089826685,1.0,FALL,0.17231774961464874,0.06798591451040452,0.20762084605786452,0.5457019157995533,0.1786913236321776,-0.4037097146353142,False,23,True
2008-03-31,2008-04-30,0.0028754045814235654,0.0029900493517408464,0.015202220745412392,0.04656116093775157,0.029468872461812182,-0.011211158982367561,-0.0006537528991505382,0.11464477031728096,1.0,FALL,0.13172606267335596,0.09211788410679174,0.1233034562272071,0.44907928002367653,0.3354993796423246,-0.2157967989249951,False,24,True
2008-04-30,2008-05-31,0.008749877832178524,0.008780977165055989,0.012559637654090794,0.015003082348500446,0.004000805912924387,-0.015257071264493266,0.0009604414311104255,0.031099332877464855,1.0,FALL,0.13035237346061979,0.09420313669584733,0.12029674660550553,0.44052755200961086,0.3449725646890363,-0.09415902824319036,False,24,True
2008-05-31,2008-06-30,-0.004820841100150594,-0.004727876748211823,-0.014535578348174111,-0.08727546505849698,-0.05222526114795242,0.00022173666792344392,0.0023334819975385905,0.09296435193877035,1.0,FALL,0.09763433061067994,0.10573973553313584,0.1595361831112306,0.4418609732024852,0.2928631081531483,0.3231120155333229,False,24,True
2008-06-30,2008-07-31,-0.01577512855554705,-0.01570990486622075,-0.011768444680269765,-0.009026640114631963,-0.003823264219319036,-0.018615480568614468,0.0018739749612689505,0.06522368932629558,1.0,FALL,0.1663635572296862,0.07012999706689785,0.17738657218756312,0.5392788725617124,0.21320455818382664,0.36235668671235344,False,24,True
2008-07-31,2008-08-31,-0.0039046413495453414,-0.0038716785886161427,-0.0014889373302023965,0.015335455422431971,0.012165745073289222,-0.011355652098647221,0.0007849474555932464,0.03296276092919845,1.0,FALL,0.1411315267156662,0.08051095455383113,0.16884502411429947,0.508279402643546,0.24236461868832343,0.1675687232164459,False,24,True
2008-08-31,2008-09-30,-0.026940812331809987,-0.0268644954910466,-0.050084425195279225,-0.09890751798163933,-0.06565142143252785,-0.07850313494668248,0.005069697116689632,0.07631684076338438,1.0,FALL,0.10755722940254375,0.10321728784585714,0.1412795034478731,0.43655835978258806,0.3189448489236817,-0.22702947543635182,False,24,True
2008-09-30,2008-10-31,-0.061628490893185804,-0.06151631344901707,-0.10676332274376456,-0.1805468506507112,-0.11455398585520321,-0.17336657742255618,-0.002327845683394154,0.11217744416873367,1.0,WINTER,0.19457488832065695,0.10506094618287819,0.06365199065926473,0.31362785432868084,0.5176592088291763,-0.10573110906198667,False,24,True
2008-10-31,2008-11-30,0.02951485808688329,0.029673363489592597,-0.013440205913416712,-0.07214775638357526,-0.030116052642004443,-0.02978267466534914,-0.000502311040949686,0.15850540270930707,1.0,WINTER,0.533833389220194,0.07729014171141857,0.009745573931060073,0.10222654991626368,0.8107377344412576,-0.029560466168127426,False,24,True
2008-11-30,2008-12-31,0.04595019229363994,0.045981222307847555,0.03723817917098149,0.009748439787475397,0.03200988327567125,0.05794370222759102,0.000304696960469488,0.031030014207616342,1.0,WINTER,0.7158080366734537,0.05739152377679072,0.002384995541770076,0.037513539350500356,0.9027099413309388,0.1314030095147889,False,24,True
2008-12-31,2009-01-31,-0.029586113561661215,-0.02957026783069183,-0.030549457826077486,-0.08568218964447057,-0.05891663879262676,-0.0891155310778873,0.001963715408645808,0.01584573096938689,1.0,WINTER,0.7619825706167138,0.04500227670514655,0.0014915673484080716,0.030589396890427237,0.9229167590560181,0.3010222243714821,False,24,True
2009-01-31,2009-02-28,-0.028515288587856773,-0.02847469714262097,-0.04902105829071962,-0.11367188610350348,-0.07116429950184534,-0.07344706410440247,-4.392547008727072e-05,0.040591445235800994,1.0,WINTER,0.7101499523239398,0.03689721347040145,0.0024913781788655554,0.06075988505618129,0.8998515232945518,0.5870530782100832,False,24,True
2009-02-28,2009-03-31,0.021828808744033906,0.021855010804450885,0.04115950060114457,0.0800217739230796,0.05297013736642729,0.0642481032409157,-6.589182305579818e-05,0.026202060416980172,1.0,WINTER,0.6634453486025458,0.030673963391677498,0.0032925012475783304,0.09364137993630887,0.8723921554244353,0.534364072358733,False,24,True
2009-03-31,2009-04-30,0.0014559148515258626,0.0014902056906503263,0.037738127284462616,0.09471521236086199,0.059841519438757575,0.08229353317180203,0.0006110940056864998,0.03429083912446372,1.0,WINTER,0.5540322862459623,0.03616039605644221,0.006917633453767334,0.15366616140453385,0.8032558090852566,0.5957724545098815,False,24,True
2009-04-30,2009-05-31,0.02855882118037317,0.028677114656067173,0.03768949958369216,0.056809749163365376,0.03721042072493487,0.07239292905439097,0.00010912901493530652,0.11829347569400517,1.0,WINTER,0.3076374773513364,0.06624074761969785,0.0330660495080302,0.29990259377124867,0.6007906091010232,0.8187420480414469,False,24,True
2009-05-31,2009-06-30,-0.009027220447619931,-0.008841958233729606,-0.006160661983895959,-0.0006553392501998122,0.0012893615438308958,-0.008348602796712788,-0.0001312875939457829,0.18526221389032535,0.9961810757514549,FALL,0.16946674198041,0.0703142343397144,0.13908631864030008,0.5251254833866731,0.26547396363331244,0.8736955219940695,False,24,True
2009-06-30,2009-07-31,0.029808122069657186,0.029919595446969923,0.03964665250399338,0.07195358310301958,0.048637136954494405,0.07533296409077479,-0.0006322440523415105,0.11147337731273738,0.865951691314794,FALL,0.13529043785313366,0.08278225928588683,0.235258228086473,0.5044533414378,0.1775061711898402,0.7751477765790993,False,24,True
2009-07-31,2009-08-31,0.005763724931011474,0.005831459748573792,0.009149107915301378,0.03627343258263089,0.02668548554119451,0.022655298590625667,0.0006980970820705223,0.06773481756231838,0.7913835980163373,FALL,0.07725981911306823,0.1281571525900172,0.33744656644685833,0.3873040157539955,0.1470922652091289,0.31840670462208903,False,24,True
2009-08-31,2009-09-30,0.021976555873710682,0.022060984801603737,0.02631036536342078,0.034843294117366204,0.025694227662047514,0.040314737694646455,0.00026140203465796865,0.08442892789305392,0.7087933711821374,SUMMER,0.06932288266973552,0.2224681524271295,0.42729963592570985,0.23031935286552277,0.11991285878163792,-0.022406174888187087,False,24,True
2009-09-30,2009-10-31,-0.0026429012490040995,-0.002622879630369726,-0.003838327215305409,-0.019412117695658766,-0.010704780469665113,-0.017370422630957796,4.347410698396075e-05,0.020021618634373618,0.6878985510405845,SUMMER,0.11018767616672986,0.23727282796453017,0.4773678916665618,0.19061516408904375,0.09474411627986425,-0.1963104437103441,False,24,True
2009-10-31,2009-11-30,0.03278813586622402,0.03284534272428612,0.039275917837337526,0.05978314302106721,0.04124646831172956,0.04241282554828073,-0.00041401229801007235,0.057206858062096126,0.7378744585766888,SUMMER,0.11122839529361628,0.18140831177844072,0.47573754629886583,0.24820758772478976,0.09464655419790372,-0.2808410106357834,False,24,True
2009-11-30,2009-12-31,0.0013575927540358248,0.0013953429293536584,-0.0004845607779406764,0.0189211257126006,0.003928474752372671,0.003330936869435642,0.00030542700537247855,0.0377501753178337,0.702435469481266,SUMMER,0.1509395673546342,0.15361038458494816,0.5123747854777092,0.25697385546801016,0.07704097446933253,-0.2780030683459661,False,24,True
2009-12-31,2010-01-31,-0.016333017289772756,-0.016279667020549202,-0.016070824933662048,-0.03701968309105849,-0.016278058470718487,-0.029999860614484803,0.0,0.053350269223555,0.6598150405852915,SUMMER,0.26002167735875625,0.12478760323588182,0.6158781470121918,0.21564153214931084,0.04369271760261558,-0.4418823350199759,False,24,True
2010-01-31,2010-02-28,0.013620492771053837,0.013633903740170481,0.01767582941562383,0.030718426279299913,0.019322749070574713,0.015739685182582577,-0.00021824137707061333,0.013410969116645154,0.6479558424245228,SUMMER,0.24792118079305403,0.13164932342469765,0.6073982021900156,0.2144680258104144,0.046484448574872266,-0.32781598020070907,False,24,True
2010-02-28,2010-03-31,0.017149062767092296,0.017213874938023784,0.02007790174489128,0.05909833317389212,0.03585029151330254,0.044798199789411644,0.0,0.06481217093148703,0.7259189904070912,SUMMER,0.1445361887790535,0.14046025751283533,0.4932621229592057,0.28509467515764375,0.08118294437031523,-0.29073249706466964,False,24,True
2010-03-31,2010-04-30,0.017449369118596906,0.017532081286845518,0.02095395877531421,0.015351625955557686,0.013089155093406085,0.0011789804437667567,-0.0004362113477903033,0.08271216824861045,0.7767986146741664,SUMMER,0.04117844899832124,0.19933397944099687,0.37272336446392806,0.27882559026092224,0.14911706583415282,-0.1395785777222594,False,24,True
2010-04-30,2010-05-31,-0.026881753320534125,-0.02682584429811468,-0.02947001554785162,-0.08278879267376463,-0.04431026247488716,-0.06694437468432927,0.0004362113477903826,0.055909022419444336,0.7356707111764997,SUMMER,0.03350400075164417,0.2606798629178989,0.36574266509215725,0.21811670895367186,0.155460763036272,-0.09435189642436759,False,24,True
2010-05-31,2010-06-30,-0.011561592088405747,-0.011503688946315704,-0.011736727567112262,-0.05312779815956873,-0.024261649497227283,-0.012685335017284445,0.00021824137707070787,0.05790314209004217,0.719150671393276,SPRING,0.05217427308062794,0.356101661628059,0.33088281481498866,0.15076244233576663,0.16225308122118579,-0.2698729168974676,False,24,True
2010-06-30,2010-07-31,0.023437969102810954,0.023533480799836456,0.027849896883703238,0.06606953765943917,0.04344210466083555,0.06710916976762525,-0.00043632326592357506,0.0955116970255013,0.8065674508328069,SPRING,0.034647075150997075,0.37104900457348305,0.23853339192296846,0.1527728421381344,0.23764476136541407,-0.2984749068166313,False,24,True
2010-07-31,2010-08-31,-0.004221189004362713,-0.004156689722658834,-0.006312729460030168,-0.04602379780585046,-0.022083589266141162,-0.021223365760926823,0.0,0.06449928170387917,0.8509120198550298,SPRING,0.0606016614578917,0.40213310556664045,0.18738942031567427,0.13047700902087409,0.28000046509681126,-0.4009761563975044,False,24,True
2010-08-31,2010-09-30,0.037790449147840036,0.03788727282331967,0.04498289716942179,0.0857690479650774,0.052366844748689065,0.06959770566412454,0.0,0.09682367547963636,0.9735470609452435,WINTER,0.06765905885208912,0.3380184249845043,0.136916583790717,0.15136829995327608,0.3736966912715026,-0.3103813009639375,False,24,True
2010-09-30,2010-10-31,0.015502194153035784,0.015536979977003852,0.020966753649716074,0.037490516591306436,0.02325775893228478,0.027606323834175106,0.00021808188885280566,0.034785823968068924,1.0,WINTER,0.0664980633223966,0.28846210634135133,0.1268366948983185,0.17857399860647868,0.4061272001538514,-0.2719015464059562,False,24,True
2010-10-31,2010-11-30,-0.00010113436613222055,-5.2609184823542786e-05,0.0022510903331144747,0.0,-0.003345486269867276,-0.022102430700228395,0.0,0.048525181308677764,1.0,WINTER,0.03556007899605662,0.24562119142707375,0.15182467621285184,0.23017621642292366,0.37237791593715086,-0.15456002285770404,False,24,True
2010-11-30,2010-12-31,0.027969952584283635,0.028092015174513273,0.027958726182879236,0.06471242835025899,0.036727147460766815,0.045046389851861754,-0.0002180818888528476,0.12206259022963938,1.0,SPRING,0.001484416200261296,0.2729873895823973,0.24659252461833578,0.22800727779640476,0.25241280800286214,-0.01780847567282287,False,24,True
2010-12-31,2011-01-31,0.005678536723761257,0.005813031170968369,0.0026101828313761827,0.023033113517108794,0.013547428532150631,0.011598786546243352,0.0,0.1344944472071124,0.8836533857159997,SUMMER,0.06921686196470411,0.29874107701028585,0.4040688132420249,0.17086449211735621,0.126325617630333,0.0642863815145577,False,24,True
2011-01-31,2011-02-28,0.023503251794312025,0.023552620237817803,0.02135741084321877,0.03414705763758843,0.021765425477773482,0.02050924762947516,0.0,0.04936844350577908,0.8955351843098912,SUMMER,0.10728660144291868,0.2738291398017555,0.4619177975417348,0.1659037727519166,0.09834928990459314,0.00782680416959151,False,24,True
2011-02-28,2011-03-31,0.01344779918332557,0.01357490641592221,0.008012103300974323,0.00012069754764069271,-0.0008197155660179824,-0.001349627245951369,0.0,0.12710723259663997,0.9922842613387127,SUMMER,0.15472214253090344,0.20625643813068048,0.5287123957433405,0.1906547003503772,0.0743764657756018,0.029773164689838608,False,24,True
2011-03-31,2011-04-30,0.02795206839552292,0.027985455521848005,0.026556722995513607,0.028549623921861594,0.023371357566780295,0.03627328520467455,0.0,0.033387126325085524,1.0,SUMMER,0.17367014066504805,0.16956045390690927,0.545322451211896,0.21749121702272162,0.06762587785847302,0.036035215490396365,False,24,True
2011-04-30,2011-05-31,-0.013950830655594744,-0.013941196734209918,-0.004624245807394387,-0.011277708920881193,-0.0017710784485607616,-0.010590359288583463,0.00021808188885280566,0.009633921384826816,1.0,SUMMER,0.1755442380238279,0.15977250190670467,0.5442771734548691,0.22878926276690537,0.06716106187152082,0.0513380853748447,False,24,True
2011-05-31,2011-06-30,-0.012623032284557136,-0.012558884585319525,-0.011676221290357822,-0.017013702797596408,-0.011973910309156588,-0.01099960135591606,0.0,0.06414769923761174,1.0,SUMMER,0.10691514734124319,0.1939885919958947,0.47402867884809374,0.23557674534879114,0.09640598380722044,-0.01080013758144106,False,24,True
2011-06-30,2011-07-31,0.008850353879185193,0.008936535199262303,0.009272212743016853,-0.020207218967725864,-0.005270321909671837,-0.007388941703812186,0.0,0.08618132007710924,1.0,SUMMER,0.03834242646362318,0.21246700076000405,0.3735680305341338,0.263881969185483,0.15008299952037915,-0.02428997586803993,False,24,True
2011-07-31,2011-08-31,-0.009176144312384163,-0.00910555920526707,-0.007710220045327149,-0.05654460024467936,-0.027271711534886438,-0.04427518112917446,0.0,0.07058510711709189,1.0,FALL,0.009518071985534227,0.207346984239268,0.28736612350569185,0.29350816303906274,0.21177872921597743,0.05199658625634779,False,24,True
2011-08-31,2011-09-30,-0.04263115022903881,-0.042547380383681076,-0.04646420805576396,-0.07194764223065603,-0.03933351888487604,-0.07722388569474159,-0.0002180818888528476,0.08376984535773102,1.0,WINTER,0.012363737216171788,0.22037768489305723,0.19326526163283486,0.2739620010487431,0.3123950524253649,0.2657325944068424,False,24,True
2011-09-30,2011-10-31,0.044959790953439716,0.04506753549680497,0.0557718088478675,0.10359083434554174,0.06390766180046324,0.0768958844752642,-0.00043589207223666555,0.1077445433652534,1.0,WINTER,0.08500986064742233,0.22787617504746896,0.10899045865478925,0.21455140554515753,0.4485819607525842,0.438651201539164,False,24,True
2011-10-31,2011-11-30,0.000528568877232111,0.0005821295786478662,0.0011561632953569422,-0.004072174762929502,-0.003768793507865937,-0.01058291255635323,0.00021776261329907955,0.05356070141575517,1.0,WINTER,0.045517552888041934,0.24764584671773657,0.1410319344864797,0.2218185841347011,0.3895036346610827,0.5067828043573409,False,24,True
2011-11-30,2011-12-31,-0.002629359869979146,-0.0025640597961152072,-0.004174482372161047,0.010394183589091919,0.011628234584192335,-0.0015935795766182604,-0.00017424773866480889,0.06530007386393857,1.0,WINTER,0.009666648038132775,0.2628792998702949,0.19722805510627,0.23142854638690896,0.3084640986365262,0.5365605576000338,False,24,True
2011-12-31,2012-01-31,0.035523170357544875,0.03556137328328716,0.032911691362851714,0.04533162759155101,0.03026465346928693,0.04195431471319675,-0.00021831870130406848,0.038202925742279126,1.0,SPRING,0.010209402104997545,0.2926652761261074,0.20854691563756525,0.20753816582010517,0.2912496424162222,0.5991093263006619,False,24,True
2012-01-31,2012-02-29,0.01723230627429749,0.017298887633212464,0.012145629528208843,0.04248970847149392,0.025657210548228376,0.03281713042161599,0.0002183187013040425,0.06658135891497535,1.0,SPRING,0.0333188957211874,0.3673392892824695,0.22587566029994605,0.15488962631150516,0.25189542410607924,0.5274258525876896,False,24,True
2012-02-29,2012-03-31,0.001671514361884525,0.0017673363866709494,5.58417329904242e-05,0.03165759172541297,0.016863637171096176,0.005271286137514022,-0.00021831870130406848,0.09582202478642438,0.9272388273061515,SPRING,0.054056537386725334,0.35619220885505865,0.3342929401372366,0.14984917446886156,0.15966567653884312,0.47146698977514806,False,24,True
2012-03-31,2012-04-30,-0.0007862045296300452,-0.0007049973336345754,0.0018613506827643098,-0.006698201694885169,-0.0003818216139513195,-0.0032778031803880675,0.0002183187013040425,0.08120719599546977,0.8853522856137243,SUMMER,0.12026223889278742,0.31735429282306477,0.45072933388592124,0.13609392104683235,0.09582245224418165,0.1748439975270663,False,24,True
2012-04-30,2012-05-31,-0.03783080866442028,-0.03773861187676329,-0.027430010276285208,-0.0619345175104408,-0.03223449439789539,-0.05975167716788919,0.0,0.09219678765698991,1.0,SUMMER,0.06617072502681753,0.33120404840541995,0.37725140165744653,0.1552470096738097,0.13629754026332383,-0.008446718588326364,False,24,True
2012-05-31,2012-06-30,0.019358421754949093,0.019485105709865655,0.017854171396308842,0.03977918206803439,0.023979851695820693,0.03555159922775407,-0.00043627047678715977,0.12668395491656126,1.0,SPRING,0.03248092459766283,0.3666528709797749,0.24451459732033334,0.15556330276885574,0.233269228931036,-0.16951718112374173,False,24,True
2012-06-30,2012-07-31,0.011169746730744737,0.011211947282205618,0.01167511063286761,0.011759937005146255,0.012467782750209875,0.010385220109293563,0.0,0.042200551460881655,1.0,SPRING,0.03553528016353091,0.36529291906355743,0.2069486116736262,0.15469695328043612,0.27306151598238027,-0.21616664760820897,False,24,True
2012-07-31,2012-08-31,0.014431586633444404,0.014463652559632837,0.014319964793659233,0.024743911311180422,0.014919734358814756,0.01750074837342087,0.0,0.032065926188433624,1.0,SPRING,0.02460855866673195,0.32873482691918604,0.19495792709434423,0.17731746835500212,0.29898977763146767,-0.11560812623641842,False,24,True
2012-08-31,2012-09-30,0.010841780637442594,0.010863950851033918,0.011419195638378917,0.025035220616428367,0.016145886757509737,0.023024767545292566,0.0,0.022170213591324133,1.0,SPRING,0.014342700272131026,0.31097444880356373,0.20972538466359011,0.19305059332569371,0.2862495732071524,-0.08295218614088659,False,24,True
2012-09-30,2012-10-31,-0.007941568037721017,-0.007903121372072124,-0.008089148122478358,-0.018366072666269294,-0.011169703390316315,-0.003399777288228298,0.00021795177548297365,0.038446665648893735,1.0,WINTER,0.002691182945733117,0.2708416559853908,0.22781516759869985,0.22904244834903897,0.27230072806687033,-0.035532488633276856,False,24,True
2012-10-31,2012-11-30,0.004395512287653818,0.004428993891270987,0.004298888267055892,0.005643838825754013,0.00446846066281547,0.011731465221523215,-0.00021795177548304556,0.033481603617168475,1.0,SPRING,0.001321098035764856,0.2699033475229212,0.24110214826654947,0.23071694223865558,0.2582775619718737,0.016635602677878978,False,25,True
2012-11-30,2012-12-31,0.0022366917857482606,0.00228846255435869,0.0013157677248624461,0.008894574361303054,0.004370115970408667,0.019749259306328034,0.0,0.05177076861042913,1.0,SUMMER,0.0037151339804933903,0.24523714291153198,0.2869573297592991,0.25223904392567487,0.21556648340349405,0.10585436929603137,False,26,True
2012-12-31,2013-01-31,0.019752381395914148,0.019794489950111366,0.017110801523873478,0.04992340426560065,0.027838328397245742,0.024380549915853995,0.0,0.04210855419721931,1.0,SUMMER,0.011781584033162873,0.261945033474399,0.31546044257216643,0.23088082999783222,0.19171369395560234,0.18101560687998988,False,26,True
2013-01-31,2013-02-28,-0.002437489866186541,-0.0023579471618369,-0.0010102339010715777,0.012677799830826727,0.00996865790751587,0.0008292665411100442,0.0,0.07954270434964081,1.0,SUMMER,0.04575076258417676,0.2891083469139481,0.37519057565065034,0.18960121145956535,0.1460998659758362,0.29628175596680456,False,26,True
2013-02-28,2013-03-31,0.01483013499147939,0.014892244152140266,0.012846130508806139,0.03726803480254651,0.02291237961650195,0.017364650623114715,0.0,0.06210916066087666,1.0,SUMMER,0.06996957462188003,0.35372348255746716,0.36277656967346444,0.14354100636006767,0.13995894140900073,0.3342981539328146,False,26,True
2013-03-31,2013-04-30,0.0005460887636172526,0.000557806667257253,0.0007980508680972108,0.01903012437326531,0.015284295864974685,0.02273745024934198,-0.0002188286683409034,0.011717903640000478,1.0,SUMMER,0.07590276841351074,0.34785966980851196,0.37658148098677274,0.1432419450753237,0.1323169041293916,0.3004992069445146,False,26,True
2013-04-30,2013-05-31,-0.0050354631824918745,-0.004972191371470915,-0.008601862296994974,0.02333540736660592,0.0061427673370551515,-0.012345980956508575,0.00021882866834080082,0.0632718110209594,1.0,SPRING,0.05361235170055667,0.37499973892010047,0.309533920358429,0.14264825675272302,0.17281808396874748,0.2464774297683568,False,26,True
2013-05-31,2013-06-30,-0.025520592492216675,-0.025483793503510516,-0.023268347619125992,-0.01343403571376907,-0.014371156453806594,-0.027281736285961627,-0.0002188286683409034,0.03679898870615887,1.0,SPRING,0.06881081308732451,0.4138045178539879,0.27906662839036017,0.12370180828508551,0.1834270454705664,0.20252110481917263,False,26,True
2013-06-30,2013-07-31,0.029360362405980583,0.029395037518789576,0.025721015678091864,0.05038563280922234,0.03157888942051846,0.036816788207865034,0.0,0.0346751128089943,1.0,SPRING,0.06794203988296876,0.42375268620872875,0.24466014295933922,0.12137134578969112,0.21021582504224087,0.12506266292040416,False,26,True
2013-07-31,2013-08-31,-0.00931702101137106,-0.00925976962660209,-0.007418385708330472,-0.0304513484558086,-0.021531403925112477,-0.020696997935989968,0.0,0.0572513847689695,1.0,SPRING,0.037877369193558885,0.36838472853518756,0.27571153758882383,0.15234798097969335,0.20355575289629527,0.013125167917758897,False,26,True
2013-08-31,2013-09-30,0.017058377393000847,0.01711598403700162,0.013824124546546477,0.031156132929574094,0.02319916551320731,0.04254768812685468,-0.0002182543939359534,0.057606644000774206,1.0,SUMMER,0.02355020810128261,0.30992096879924447,0.3170198683839325,0.18864167028420017,0.18441749253262288,0.008707889353577027,False,26,True
2013-09-30,2013-10-31,0.019938467226041045,0.01999362110320462,0.016828286609378157,0.04526692474122518,0.03064064456452359,0.02946395007829002,-0.00021892434602384603,0.055153877163576774,1.0,SPRING,0.04544200201296522,0.3555746324129349,0.3178589853988848,0.1541385166440046,0.1724278655441756,0.1432480262389414,False,26,True
2013-10-31,2013-11-30,0.005079772075477366,0.005131473653204564,0.0014473813981027007,0.02920651601925186,0.016640695272830967,0.009139939757092224,-0.00021814236048592277,0.0517015777271977,1.0,SPRING,0.06816566977291494,0.40780587805895147,0.2895327609487832,0.1256640240175118,0.1769973369747536,0.21867741476993663,False,26,True
2013-11-30,2013-12-31,0.008839766427601228,0.008856665414687548,0.004470349321719659,0.025596170747976252,0.013240817228460542,0.011671925221944929,0.0,0.01689898708632051,1.0,SPRING,0.06792585319043953,0.41651027896038406,0.26983458091168605,0.12331264971226197,0.19034249041566786,0.2952165077303418,False,26,True
2013-12-31,2014-01-31,-0.013067293516260941,-0.01301802569974589,-0.0073100415283452935,-0.035884414105208505,-0.015098706234149962,-0.02480679503378456,0.0,0.049267816515050356,1.0,SPRING,0.06789273662166595,0.38689159980832816,0.3218899677095177,0.1322555440548145,0.15896288842733958,0.25683678196762727,False,26,True
2014-01-31,2014-02-28,0.030815920459662225,0.03083826966535293,0.025932205773786098,0.044510093956951,0.028407360473515095,0.038114853749003454,0.00021814236048603097,0.022349205690705025,1.0,SPRING,0.05419604173434156,0.3691233419612246,0.3188866579649882,0.14460465466010144,0.16738534541368574,0.20049716039272392,False,26,True
2014-02-28,2014-03-31,-0.0007987815730821383,-0.0007709153564123446,-0.0009414086989381247,0.00826128007655727,0.004375737965352767,0.001999122331191652,-0.00021814236048592277,0.027866216669793685,1.0,SUMMER,0.059775425118473446,0.35007821942416895,0.35060872390537723,0.1497698363676938,0.14954322030276002,0.11270437887854214,False,26,True
2014-03-31,2014-04-30,0.004208856587222697,0.004234731654365346,0.004960588136368749,0.006927495428462631,0.0074299947783986785,0.008139825739219394,0.0,0.025875067142648905,1.0,SPRING,0.050876012437229945,0.36017556996863215,0.3235148124560728,0.1496742520276617,0.1666353655476334,0.08282023640302827,False,26,True
2014-04-30,2014-05-31,0.01235999189098697,0.012401733058147029,0.009826984952372908,0.022941150615433503,0.018468236216185038,0.018396090850767582,0.0,0.04174116716005745,1.0,SUMMER,0.05660245141392484,0.3415018615129353,0.35374901822620025,0.15505870648884085,0.14969041377202358,0.05153368439153251,False,27,True
2014-05-31,2014-06-30,0.019429096127625622,0.0194743134312253,0.016508718332428392,0.0204347890555639,0.012083462277300994,0.015271696860035884,-0.00021860500937379755,0.045217303599676135,1.0,SUMMER,0.047609239027356254,0.2962397546067744,0.3741350769915179,0.1839632574872895,0.14566191091441824,-0.020422642499510184,False,27,True
2014-06-30,2014-07-31,-0.016842047291657863,-0.016795812049043606,-0.014487064892789125,-0.013528558611143987,-0.009107250330008978,-0.01327901585019065,-0.00021875659379452702,0.046235242614255496,1.0,SUMMER,0.04818630950044833,0.24693550344156404,0.39396624054023055,0.22073990473033303,0.1383583512878724,0.035346253803747237,False,27,True
2014-07-31,2014-08-31,0.020616737095001957,0.020640381736281334,0.01914010035692607,0.03870466635617269,0.027884290156470565,0.02278446594421804,0.00021875659379441237,0.023644641279376072,1.0,SUMMER,0.04084339996266362,0.2689311523261102,0.37619317084866855,0.2069396569407889,0.14793601988443236,0.06714533524924177,False,27,True
2014-08-31,2014-09-30,-0.026409339456579802,-0.026345818368980083,-0.022668645742963216,-0.013892303324220302,-0.010795351822620383,-0.026632551995409544,0.0,0.06352108759972007,1.0,SPRING,0.034041758476891615,0.32783921082204037,0.32452920639856986,0.1729338801518393,0.17469770262755047,0.07822756076738169,False,27,True
2014-09-30,2014-10-31,0.01044353353968172,0.010525083928959438,0.008323231973942946,0.023277941340524553,0.018219965128819165,0.00990589886079759,-0.00021875659379452702,0.08155038927771742,1.0,SPRING,0.038558203607256814,0.3778538490955015,0.24538880828243498,0.1483403522259581,0.22841699039610544,-0.020121415085639558,False,27,True
2014-10-31,2014-11-30,0.007585779731107361,0.0076303634380957604,0.0028398868615872584,0.02710130964030984,0.01893088927500695,0.0113501702339835,0.0,0.04458370698839943,1.0,SPRING,0.05991946229929357,0.4097468884084903,0.20514778499205175,0.1284829876694291,0.25662233893002884,-0.11477375872562429,False,27,True
2014-11-30,2014-12-31,-0.002579779145710614,-0.002534112525881252,-0.004296472775557296,-0.002539862628047807,-0.0009320003963177492,-0.014022497524114417,-0.00021807779921062696,0.045666619829362196,1.0,SPRING,0.08740286989552237,0.4265390649607399,0.16119557627978695,0.11307033382473355,0.2991950249347396,-0.1538730705544932,False,27,True
2014-12-31,2015-01-31,0.006874672414701984,0.006918700171236292,0.003117045306111478,-0.03007721717260749,-0.009614522460341366,-0.0021661264048618858,-0.00021874835435486528,0.044027756534308196,1.0,SPRING,0.1413235028035874,0.47767859706983046,0.13120528658575167,0.08427961966275815,0.30683649668165974,-0.24546853654690828,False,27,True
2015-01-31,2015-02-28,0.01613147808693485,0.01616131121940386,0.015442241240865037,0.05468201626126279,0.029698150228533636,0.036750446984841194,0.0,0.029833132469010544,1.0,SPRING,0.18522539739291344,0.5105712118306633,0.10905185641637684,0.06694523278963459,0.31343169896332523,-0.25874716002417886,False,27,True
2015-02-28,2015-03-31,-0.0061646486018902685,-0.006157480105715629,-0.007877692263219925,-0.01583012934123356,-0.007955759343490784,-0.006716232600590586,0.0,0.007168496174639314,1.0,SPRING,0.17893161129089796,0.5122024205564686,0.11597117727099063,0.06864526899812573,0.3031811331744151,-0.2931025109374406,False,27,True
2015-03-31,2015-04-30,0.0015338389626676212,0.0015687590520172404,0.006281056777178335,0.00978574007968408,0.004598467389215375,0.01691521400265505,-0.00021848465403567852,0.03492008934961919,1.0,SPRING,0.1355976051473743,0.46226146526810885,0.12700422624210683,0.0885254203534901,0.3222088881362942,-0.14378455947674917,False,27,True
2015-04-30,2015-05-31,0.0025082654556687536,0.0026168661867476558,0.0002817619220313436,0.012774102838023008,0.0059464178657686875,0.0010158949485439737,-0.00021936341282820175,0.10860073107890207,1.0,SPRING,0.0395352201333139,0.34275946272669783,0.1740872110905549,0.16273842774892203,0.32041489843382526,-0.10645141227989979,False,27,True
2015-05-31,2015-06-30,-0.013871418934413599,-0.013817678769749044,-0.013600915022756272,-0.020521329404994106,-0.016631818742272472,-0.019783724035433957,0.0,0.053740164664554946,1.0,SPRING,0.008307842210918515,0.29766835640493805,0.22157662894389715,0.2051518618378467,0.27560315281331804,-0.12429233169610934,False,27,True
2015-06-30,2015-07-31,-0.009926595607157184,-0.009867798901291512,-0.009167051929989536,0.022338107726498673,0.016859364326396953,0.006285561234783409,0.0,0.05879670586567145,1.0,SUMMER,0.0026606479068093103,0.2605092505453415,0.2788895786237175,0.23814821149040896,0.22245295934053202,-0.15873377635529695,False,27,True
2015-07-31,2015-08-31,-0.023800670712078555,-0.023756294254389007,-0.02204091884085729,-0.06288661796803853,-0.038650611257405106,-0.04812691062320387,0.0,0.04437645768954738,1.0,SPRING,0.012255905180628246,0.3026141259440555,0.2885259769555653,0.19955794010623953,0.20930195699413964,-0.16255006941400146,False,27,True
2015-08-31,2015-09-30,-0.01593115582024703,-0.015905571643780012,-0.015587409555681535,-0.025847368615763717,-0.012137380713430927,-0.022970888138525665,-0.0004374163290241342,0.02558417646701499,1.0,SPRING,0.009454824664507422,0.30658955321473114,0.26610438937864866,0.19854936297924253,0.22875669442737767,-0.19849707900087607,False,27,True
2015-09-30,2015-10-31,0.0314982218295532,0.03154787708436719,0.03256000723153815,0.08163526375626082,0.05003719852297273,0.04992409685203317,-0.00021867599050761293,0.04965525481399002,1.0,SPRING,0.009117851655964682,0.3006361483639476,0.2209829335372162,0.20266516754795072,0.2757157505508855,-0.21822751933212317,False,27,True
2015-10-31,2015-11-30,-0.007720790514247292,-0.007697588404165761,-0.00852932804086201,0.0036483182997079605,0.0006364774999164928,-0.0017979441155068102,0.00021867599050765085,0.023202110081531852,1.0,SPRING,0.018315338227842037,0.32210906755643576,0.20741058092536843,0.18428514088597367,0.2861952106322221,-0.18971655331092613,False,27,True
2015-11-30,2015-12-31,-0.014121783892849474,-0.01410845584225067,-0.015403315418166882,-0.017433426537711343,-0.011198660374994056,-0.017234258486120084,-0.00021867599050761293,0.013328050598804347,1.0,SPRING,0.02193713684973031,0.3380173903182775,0.21560090041267949,0.17383872617194052,0.27254298309710245,-0.28260613035529114,False,27,True
2015-12-31,2016-01-31,-0.014694326182206698,-0.014681231898007444,-0.01642525393567983,-0.051068784060685934,-0.025224998556613455,-0.03622000859366754,0.00021867599050765085,0.013094284199254697,1.0,SPRING,0.021572891738925848,0.33378015433337305,0.2101961229076244,0.17621065933979585,0.27981306341920675,-0.32285283699499445,False,27,True
2016-01-31,2016-02-29,0.013619874504963226,0.013685781163374964,0.013300695692451887,-0.0008259851243631177,0.003048233227121495,-0.00438318169312715,0.0,0.06590665841173823,1.0,WINTER,0.014373531116888882,0.2848627237502016,0.19239019133277568,0.21072980071447223,0.3120172842025505,-0.4232865580279716,False,27,True
2016-02-29,2016-03-31,0.026662120942084606,0.026681643391413778,0.03187576369505101,0.06509986478875852,0.042923599072560874,0.05798902059366749,0.0,0.01952244932917252,1.0,WINTER,0.010974814480451678,0.26090543655124476,0.19348559459185966,0.23232737558299388,0.3132815932739017,-0.3561011242606629,False,27,True
2016-03-31,2016-04-30,0.013521460354838432,0.013583662100635836,0.014213778863700299,0.003933226609602944,0.003378835872541817,0.007895204816039189,0.0004374163290241474,0.0622017457974042,1.0,FALL,0.00010576995496780484,0.24468929686419127,0.25284987571843565,0.2553510653370037,0.2471097620803694,-0.305281791765861,False,27,True
2016-04-30,2016-05-31,-0.001169151147997346,-0.001132526362564336,0.00010159854768228591,0.01686867828670012,0.01020906345493717,0.003954650152606977,0.0,0.03662478543300998,1.0,FALL,0.006924225029112274,0.2056426063228763,0.26413044080738435,0.29812071945159313,0.23210623341814626,-0.22133561206496682,False,27,True
2016-05-31,2016-06-30,0.02009372231219213,0.02010496405978469,0.01950051218219505,0.0034699815498405386,0.009778022260521144,0.006586829988790257,-0.00021785305331583257,0.011241747592558525,1.0,FALL,0.008844358607843716,0.20156932537299044,0.2705062985392143,0.30250845765061657,0.22541591843717865,-0.15797767524805706,False,27,True
2016-06-30,2016-07-31,0.012891633824383046,0.012904125446883102,0.015229679340608612,0.03582170421178131,0.023775492480691638,0.030118801406046856,0.00043721646614403893,0.012491622500056082,1.0,FALL,0.009422280581490305,0.19657236345220946,0.25445528107786286,0.30971253471751026,0.23925982075241745,-0.10353409958427111,False,27,True
2016-07-31,2016-08-31,-0.001175432350149878,-0.0011072390342682717,-0.0012152390513654277,0.0011970788026779851,-0.00014267468220307162,0.0008818306255742902,0.0,0.06819331588160628,1.0,SUMMER,0.007386393206224362,0.23043869190089572,0.2992912918008731,0.26569710041626493,0.20457291588196624,-0.056440478991081997,False,27,True
2016-08-31,2016-09-30,0.007527540032926602,0.007552691879964283,0.006436304204287522,5.792936631952259e-05,0.00024080017596381071,0.005915602613895006,0.0002184846540356237,0.02515184703768167,1.0,SUMMER,0.014281754656807033,0.23500391874030133,0.32419278710534444,0.2555545249162519,0.18524876923810232,-0.059865445918182644,False,27,True
2016-09-30,2016-10-31,-0.014551751570245328,-0.014528687151135772,-0.01454784234519005,-0.017489153751184473,-0.013765148681937874,-0.016811707576935543,0.00021874835435487414,0.023064419109556138,1.0,SUMMER,0.02411442695770072,0.22834659096401716,0.34803105606562584,0.25579363744773426,0.16782871552262274,-0.04351342131093807,False,27,True
2016-10-31,2016-11-30,0.010369045941893796,0.010383466665515711,0.004849151328398756,0.03617605125363432,0.0117716663835081,-0.0015604452305722567,-0.0004372330083904597,0.01442072362191518,1.0,SUMMER,0.03304374397678056,0.22723909053929006,0.3670303858948289,0.250585696454166,0.15514482711171504,-0.08640915122431121,False,27,True
2016-11-30,2016-12-31,0.007748453833411147,0.00782204351884331,0.006995827184900428,0.020068872585141832,0.013093177487478319,0.011295113595147767,0.00021879614750609807,0.07358968543216252,1.0,SUMMER,0.08943354001796733,0.21350989464912679,0.4543578247666114,0.2259532781028179,0.10617900248144392,-0.1329776665677252,False,27,True
2016-12-31,2017-01-31,0.014180802616946308,0.014217438493653428,0.012656423569831729,0.017736665624487457,0.011522136924498157,0.021737100720682672,0.00043724116061814725,0.03663587670712083,1.0,SUMMER,0.12199706898751361,0.2011107648173021,0.4934344504505069,0.2170080658948746,0.08844671883731642,-0.091852145495893,False,27,True
2017-01-31,2017-02-28,0.014007906765051547,0.014042976526311266,0.01524415651507531,0.03853941574323899,0.025821651841385226,0.020839057574608612,0.0005035454509465559,0.0350697612597196,1.0,SUMMER,0.12670453929241143,0.17794585769631346,0.4941675099425002,0.24107677135865727,0.08680986100252903,-0.22501530530253097,False,27,True
2017-02-28,2017-03-31,-0.001577472390765,-0.001563719385845782,-0.0003414576064749661,0.0012491364248728852,0.0005288347516841755,0.010268406914648186,-0.00017563624482160316,0.013753004919217875,1.0,SUMMER,0.1143150861409934,0.18960961540964943,0.48231137241058025,0.23549828252405786,0.09258072965571246,-0.26266252200977835,False,27,True
2017-03-31,2017-04-30,0.003812094004112468,0.0038423002967418484,0.004931832490165747,0.009877144964648032,0.009538396277787325,0.014737739645472502,0.0007443490310599647,0.030206292629380363,1.0,SUMMER,0.09517716245558239,0.22105533163218657,0.461791845436267,0.214482233075408,0.10267058985613846,-0.2987486912581939,False,27,True
2017-04-30,2017-05-31,0.0035681544342836134,0.003623452424707872,0.004739801098282424,0.014014339426847095,0.011153467473810429,0.01598264073556576,0.00015290823457228778,0.05529799042425857,1.0,SUMMER,0.07338268691506111,0.2767434949804396,0.4208323398143886,0.18244592589297248,0.1199782393121993,-0.31908318666467106,False,27,True
2017-05-31,2017-06-30,-0.00020237886217661633,-9.853488192589263e-05,-0.00018329922535476514,0.006354489648225331,0.0037446487688609356,0.003717507472802906,0.00102797282199838,0.10384398025072371,1.0,SPRING,0.019869767003398597,0.3107874471386145,0.3059632684702217,0.19012576835916362,0.19312351603200018,-0.3374719048146295,False,27,True
2017-06-30,2017-07-31,0.011784987819722866,0.011862601042787491,0.012374796259488247,0.02034582514787497,0.013576093890048553,0.02026139248243402,0.0003283100340525132,0.07761322306462493,1.0,SPRING,0.0206869259554725,0.34061488317485616,0.23203955143780547,0.17316040408992034,0.254185161297418,-0.5244394177962727,False,27,True
2017-07-31,2017-08-31,0.007524271171761019,0.007542394916635997,0.0065429241858719405,0.002913624173435853,0.005500781697546264,0.006111290549118654,0.0011372249401766972,0.01812374487497741,1.0,SPRING,0.019015683584938325,0.3297728422843476,0.21504564604741963,0.17966497896438718,0.2755165327038455,-0.4541966854456014,False,27,True
2017-08-31,2017-09-30,0.006202793429205861,0.006213927816027375,0.008178244069908268,0.01994915238987249,0.009755706338282955,0.01199807268175923,0.0007216819740381472,0.01113438682151414,1.0,SPRING,0.019171300421987336,0.3297705487098761,0.21432093169158162,0.17958512898307732,0.27632339061546496,-0.39110981775039766,False,27,True
2017-09-30,2017-10-31,0.008813828679512673,0.00887138166521273,0.00886461170889088,0.02329043835744833,0.014425063093716581,0.01467899365095798,0.000699684994717371,0.05755298570005632,1.0,SPRING,0.008963107460873254,0.30269557060525176,0.27098363013501875,0.20137728130354118,0.2249435179561884,-0.4066850983073017,False,27,True
2017-10-31,2017-11-30,0.009929040198143332,0.0099872361625471,0.010108956944384163,0.030108188562925135,0.01759082698279074,0.012406226028496697,0.0005462691204869585,0.05819596440376849,1.0,SUMMER,0.017390141428826222,0.26421455205173083,0.3301962083714679,0.225305526045958,0.18028371353084327,-0.4511468737488258,False,27,True
2017-11-30,2017-12-31,0.011406905358244429,0.011447725883554898,0.009897928068872953,0.012055024953388985,0.00913556591135198,0.011804224225111092,0.0007436725126204373,0.040820525310469605,1.0,SUMMER,0.03934939857951847,0.2565151998665218,0.3773339371468082,0.2179716570593929,0.1481792059272771,-0.4773334009717242,False,27,True
2017-12-31,2018-01-31,0.018121715468976993,0.01815575854413377,0.017110403329341984,0.05482795978354454,0.028893542325306353,0.0331918842664985,0.0013125846499436999,0.034043075156776466,1.0,SUMMER,0.05973487333271732,0.23199129598390666,0.4132638395178424,0.22720194956338557,0.12754291493486536,-0.49348474056905994,False,27,True
2018-01-31,2018-02-28,-0.027010518406153882,-0.026962271544943125,-0.023794465179285303,-0.03703762581734556,-0.02619084785444855,-0.03476727555842577,0.000830746092726452,0.04824686121075751,1.0,SUMMER,0.09651309722989565,0.24846811134934657,0.459080207609169,0.18975209869171764,0.10269958234976681,-0.5662770960078202,False,27,True
2018-02-28,2018-03-31,-0.0004655792917596066,-0.0004300482483699461,-0.000570701669062505,-0.02779323038614306,-0.013857286493625243,-0.007390717877805568,0.0013001162351746827,0.03553104338966047,1.0,SUMMER,0.13681002346911242,0.23931870033898525,0.5049071848623282,0.1735255260957844,0.08224858870290211,-0.6867966410232279,False,27,True
2018-03-31,2018-04-30,0.0016434662576532118,0.001670942105976815,-7.951715128811014e-05,0.0051547107938753785,-0.0006635372856392385,-0.00016079262845578398,0.0010386309576737556,0.027475848323603058,1.0,SUMMER,0.12044506984115078,0.26247970159073086,0.4805358845380826,0.16620140268589512,0.0907830111852914,-0.8049358735866818,False,27,True
2018-04-30,2018-05-31,0.012596359349542098,0.012610900623889285,0.012160677672111049,0.024018571668102603,0.017086150058066726,0.006225337927264413,0.0014978075019399584,0.014541274347188021,1.0,SUMMER,0.12443695274815114,0.2473180298334714,0.4900092892270195,0.17456569200573036,0.08810698893377876,-0.8225802852860085,False,27,True
2018-05-31,2018-06-30,-0.003562468218729614,-0.0035096099776385343,-0.00192059715900992,0.005734547807321072,0.0038535400656729,-0.004113146121843248,0.0014851274145077672,0.05285824109107951,1.0,SUMMER,0.07498097241504453,0.24693705736789057,0.4328025723598497,0.20391559652667296,0.11634477374558677,-0.840023471314573,False,27,True
2018-06-30,2018-07-31,0.007348667951827498,0.007423710806734762,0.008982500609478222,0.036376692503834226,0.021870067403566815,0.020116508582417113,0.001388281595991364,0.07504285490726441,1.0,SUMMER,0.046670365952846016,0.19923702804465632,0.38361764186148156,0.2745526734304227,0.1425926566634394,-0.7940963991035176,False,27,True
2018-07-31,2018-08-31,0.00517840174799285,0.005223209515288658,0.007037592984247079,0.03142091259149453,0.021197766504902803,0.008275209043204177,0.001584557279362604,0.044807767295807335,1.0,SUMMER,0.020143572360944884,0.21593659769103532,0.33341997093013537,0.27350818825613904,0.17713524312269027,-0.7967890225595095,False,27,True
2018-08-31,2018-09-30,-0.00044111322738590625,-0.00041537778990931713,-0.00041341539724526146,0.00592778454042898,0.0010876502655439192,-0.001482846745939674,0.0013983286380026415,0.02573543747658914,1.0,SUMMER,0.02286445669189352,0.22980598050149295,0.345418946717721,0.2550747564803749,0.16970031630041113,-0.7527964978588987,False,27,True
2018-09-30,2018-10-31,-0.03490410982938819,-0.03484144891064371,-0.033394982241717816,-0.071607917612677,-0.04503789428485696,-0.05785881332855493,0.0017052868419052257,0.0626609187444823,1.0,SUMMER,0.03888382378569133,0.27238484830001264,0.3715157057088263,0.2054611324004424,0.15063831359071866,-0.6916438952207898,False,27,True
2018-10-31,2018-11-30,0.007693874988759342,0.007814838766618936,0.006868557853864244,0.01837932337082382,0.014115710447850873,0.013534831023690524,0.001857048496213899,0.12096377785959461,1.0,SPRING,0.002663781816993671,0.28107093353122203,0.245608394679614,0.2207254474211605,0.2525952243680034,-0.7462377629672687,False,27,True
2018-11-30,2018-12-31,-0.014595722514457784,-0.014482753178609916,-0.02792891887771991,-0.09216841188080306,-0.045943700243346625,-0.045679004264099876,0.0018259354797594174,0.11296933584786817,1.0,WINTER,0.037980153702929176,0.25993415596487524,0.1500525515915765,0.21594114729173552,0.37407214515181275,-0.7464611921548754,False,27,True
2018-12-31,2019-01-31,0.024690188832557254,0.024797657538260815,0.04163112608221019,0.0770216221816253,0.050391492216953666,0.05898747128587354,0.001748038763013662,0.10746870570356201,1.0,WINTER,0.16394666032077898,0.2586702091632757,0.07208895890965981,0.14586103573346224,0.5233797961936022,-0.7849972095957353,False,27,True
2019-01-31,2019-02-28,0.006894067697758723,0.006936055126827786,0.012563592939262642,0.03190164449555131,0.018816204941846992,0.019257000595751368,0.0018461914780274842,0.0419874290690638,1.0,WINTER,0.12489855294746832,0.26769512574010995,0.08895046908508235,0.16045810451213505,0.4828963006626727,-0.6445922967120695,False,27,True
2019-02-28,2019-03-31,0.013124753840914527,0.01321113326705486,0.01072488972019221,0.017938638092788665,0.019165874619488876,0.013963437510429343,0.001748225114276212,0.08637942614033414,1.0,WINTER,0.08669447479451176,0.32615773956539185,0.11816134374532825,0.14777669084207198,0.40790422584720787,-0.5242595020442321,False,27,True
2019-03-31,2019-04-30,0.009095714293773288,0.009139244246141098,0.010932038655182053,0.040040349793384215,0.02343345387451023,0.024341279282629386,0.0019234989043653667,0.04352995236781074,1.0,WINTER,0.05636288058533734,0.3165594259862505,0.14172199362281188,0.16752465605307512,0.3741939243378625,-0.35545449592215095,False,27,True
2019-04-30,2019-05-31,-0.019787051142038787,-0.019696813384863492,-0.022163584666776176,-0.06589574028480097,-0.0310982351473865,-0.0360584017278894,0.0021192457396514448,0.0902377571752947,1.0,SPRING,0.011913618653784042,0.3066796794908794,0.2148319931390652,0.19710891712989087,0.28137941024016455,-0.19758958718043473,False,27,True
2019-05-31,2019-06-30,0.034558432795078635,0.03465624331931385,0.03951997167905648,0.0672719845125571,0.04511329255828411,0.04801445186855442,0.0018141170085881663,0.09781052423521264,1.0,WINTER,0.025298385878078422,0.2272784706778627,0.16608140511867847,0.25613096410776826,0.3505091600956905,-0.1540613539541912,False,27,True
2019-06-30,2019-07-31,0.0025803093582237586,0.002637892800225307,0.0028092845258099637,0.015006346264736875,0.00975132744113408,0.00023626625680362644,0.0018028279622712435,0.057583442001548524,1.0,WINTER,0.012013784939222227,0.2049170454385753,0.20408859381653732,0.29489864310329245,0.29609571764159487,0.06771958139099656,False,27,True
2019-07-31,2019-08-31,0.008567226693120008,0.008606180649572652,0.005356215051649473,-0.016885215011831357,0.001084555473408927,-0.005419921258416225,0.0016933159567434374,0.03895395645264471,1.0,WINTER,0.02252828900627224,0.22288321201154668,0.1712018536568145,0.2632268232240494,0.34268811110758945,0.14163445294552973,False,27,True
2019-08-31,2019-09-30,0.0032005821288745005,0.003244224807484206,0.004668339255225586,0.019271074879639687,0.009183597653475465,0.013654226707072802,0.0016168631503885001,0.04364267860970573,1.0,WINTER,0.05954720236395672,0.22131266415962123,0.12781073725463715,0.23827969591853515,0.41259690266720656,0.4556934511107075,False,27,True
2019-09-30,2019-10-31,0.01038366495714067,0.010421187591061695,0.010196441361740945,0.02186391685167616,0.013997165553771793,0.020383142198199054,0.0016064875126608705,0.037522633921025034,1.0,WINTER,0.04997589073939146,0.25511599507050403,0.13717839020229344,0.2125038773807641,0.39520173734643843,0.4896223975220506,False,27,True
2019-10-31,2019-11-30,0.008241892450054156,0.008257133425701337,0.007885521685929701,0.03555829070368462,0.021351163994003285,0.01706037437276733,0.0010814276813384009,0.015240975647179932,1.0,WINTER,0.06719327078951454,0.25017892969040156,0.12223686738898502,0.2059899918033714,0.4215942111172419,0.6872393799552593,False,27,True
2019-11-30,2019-12-31,0.019758819075798847,0.019862317463126687,0.01831242059293684,0.028641598379334856,0.017099154911449616,0.023574684150636897,0.0011152281165967557,0.10349838732783904,1.0,WINTER,0.014073791429542681,0.21486177652927022,0.1910919602252221,0.27963153096113524,0.31441473228437244,0.9238582027381209,False,27,True
2019-12-31,2020-01-31,-0.011143955561700034,-0.01104708512820581,-0.0016571512703142635,-0.0004038875216726459,0.007842861764166967,-0.003362965416428683,0.001202396180323058,0.09687043349422324,1.0,FALL,0.03763623358044066,0.14922859176249806,0.2389029345751769,0.37661762576016417,0.23525084790216083,1.1247022635989423,False,27,True
2020-01-31,2020-02-29,-0.03529314881778215,-0.035258216194674084,-0.028825348637007614,-0.08247513223337002,-0.042031647212523726,-0.04583071279179184,0.0011806359252797426,0.034932623108064484,1.0,FALL,0.04217855869418552,0.14645549737095923,0.20629862882515784,0.3785240947238337,0.2687217790800492,1.0863061410482777,False,27,True
2020-02-29,2020-03-31,-0.07149392878628417,-0.07142445473484917,-0.06952075328090941,-0.13338442779979814,-0.08015859723687764,-0.11430040881049455,0.002042836099416109,0.06947405143500625,1.0,WINTER,0.03621881092881907,0.17390792941865962,0.1691361718844787,0.32390880758601176,0.33304709111084985,0.864180608292287,False,27,True
2020-03-31,2020-04-30,0.043963119666860874,0.04419673306897772,0.05855045684132703,0.11954523886075258,0.0797966081389801,0.07678885719615698,-0.00019653826642034795,0.23361340211685,1.0,WINTER,0.393940406134224,0.12214899365151807,0.022044398010300417,0.1308363807566064,0.724970227581575,0.8698038628848772,False,27,True
2020-04-30,2020-05-31,0.016118708760124393,0.016163074642014903,0.024698663541951216,0.04654435387683282,0.030797791213852316,0.03979978950984275,-0.00017471112855400192,0.04436588189050884,1.0,WINTER,0.6266074030345843,0.056966385291411854,0.005125515368667769,0.07742173015256791,0.8604863691873524,1.2899346209616258,False,27,True
2020-05-31,2020-06-30,0.006053200016093486,0.006074442507636279,0.01311460502581716,0.017578974369800833,0.013189750711182857,0.02448928972396931,0.0,0.021242491542792948,1.0,WINTER,0.6815344756600308,0.039628440397731404,0.003182340337312474,0.07115268188543074,0.8860365373795254,1.6556002861239751,False,27,True
2020-06-30,2020-07-31,0.030058631851085846,0.030105553333088432,0.03443212828606407,0.0572233334208556,0.03986291236793037,0.04015095970999812,0.00010932169264404103,0.04692148200258634,1.0,WINTER,0.5102090137003661,0.055600288125040934,0.010408312271764683,0.1472728415354046,0.7867185580677897,2.146220132159798,False,27,True
2020-07-31,2020-08-31,0.011237748566875361,0.011342691096399708,0.016587453780093648,0.0674689892572054,0.037858019533581956,0.039929448830621724,0.0,0.10494252952434646,1.0,WINTER,0.25652544603531513,0.08026511967116162,0.04508379469769439,0.3145826206414068,0.5600684649897373,1.6091569522022484,False,27,True
2020-08-31,2020-09-30,-0.018740860667546017,-0.018491067866371242,-0.016780199164393043,-0.038162959398185634,-0.023120890816243207,-0.020740283922838637,-0.00021855638794786793,0.2497928011747758,0.817279240447544,FALL,0.05969407180463071,0.14113739278277124,0.326256587273186,0.37177676616051886,0.1608292537835239,1.2540970562806482,False,27,True
2020-09-30,2020-10-31,-0.005956590551160408,-0.005776714436769309,-0.009067206944946926,-0.02524971401224719,-0.017342715051003748,-0.01648964892334428,0.00010923469530374617,0.179876114391099,0.6239843451334203,SUMMER,0.3085058572592966,0.08048248794402334,0.6270650776472977,0.25918640301921914,0.03326603138945984,1.2270669126016986,False,27,True
2020-10-31,2020-11-30,0.06256326703372402,0.06257982959714975,0.05144084799128078,0.10325745614052897,0.06774552103942448,0.08629158026996409,-0.00010923469530375856,0.016562563425733833,0.6344524724822139,SUMMER,0.31560418276034186,0.08645366046615842,0.6422325776887783,0.23912423140224748,0.03218953044281581,1.3215915843248849,False,27,True
2020-11-30,2020-12-31,0.02006317776624043,0.020157078850730963,0.02296955026861406,0.03637874963467386,0.02232103362712823,0.0345302961031751,3.275187216577106e-05,0.09390108449053336,0.551009453413944,SUMMER,0.32980746906106484,0.17014800883207848,0.6770569077437177,0.12210855328809866,0.030686530136105117,1.1884009445453878,False,27,True
2020-12-31,2021-01-31,0.005420059631219902,0.005447716111195499,-0.0007306112140243668,-0.010242818712266413,-0.009134115018311462,-0.0037922564102961472,0.0,0.027656479975597018,0.5804229273207305,SUMMER,0.3338220153885888,0.17224489025404363,0.679318856685789,0.11841221057368465,0.03002404248648275,1.019287333387782,False,27,True
2021-01-31,2021-02-28,0.028863427919199554,0.028903540421383746,0.010455141475063058,0.027426061049864815,0.010555002161198222,0.01310250869256014,-0.00010934200810618223,0.04011250218419235,0.6211245303337786,SUMMER,0.3206713849807965,0.14887038585994317,0.6729504921408349,0.14590250874410704,0.032276613255114876,0.8928397492718427,False,27,True
2021-02-28,2021-03-31,0.01289964842820002,0.012924581419575571,0.01146025954378242,0.04439887950168165,0.022401345422910404,0.015012711971587808,-0.00010915602855686275,0.024932991375550672,0.6356296950066052,SUMMER,0.33664949284936874,0.12062964461280429,0.6822044604136822,0.16754078102841546,0.02962511394509798,0.7055769231058535,False,27,True
2021-03-31,2021-04-30,0.018486895610989998,0.018509711626964482,0.021420076216278262,0.051558145270891156,0.03408671623905713,0.03125462448773285,0.0,0.022816015974483256,0.6216853682830167,SUMMER,0.3922015132228819,0.09075175186994791,0.716000971777847,0.1715088571823741,0.021738419169830964,0.7368026007929582,False,27,True
2021-04-30,2021-05-31,0.016543940224801088,0.016574907119556507,0.015232862964804769,0.006544592854324375,0.004743723015103574,0.012637702851330774,-0.00010906896584033816,0.030966894755418882,0.5903586599622016,SUMMER,0.4800069061375384,0.06810669489299652,0.7720011481862109,0.14692986114305776,0.012962295777734853,0.8060411579129446,False,27,True
2021-05-31,2021-06-30,-0.0010745850753157956,-0.0010309410936090583,0.0033340396151932085,0.02217965437796855,0.016629032699143197,0.010430093632545625,-0.00021896563178398516,0.04364398170673728,0.6535239882036213,SUMMER,0.38819652328419474,0.05982051375584779,0.6845148588704438,0.23511745210682594,0.020547175266882378,0.8420153238291795,False,27,True
2021-06-30,2021-07-31,-0.0010304147794464777,-0.0009757384209864892,0.008553806608944798,0.024119430718049315,0.018933626903071734,0.008632166187498553,-0.00010930277513207394,0.05467635845998853,0.721532970295385,SUMMER,0.3160937745789434,0.07193424120519243,0.622766431327209,0.2736864669505923,0.031612860517006285,0.6654127590253819,False,27,True
2021-07-31,2021-08-31,0.0018962639483508605,0.001938765415121501,0.005086011372717892,0.029325484983516534,0.016910607399427197,0.014959053811190203,-0.00010941374591147654,0.04250146677064052,0.7738185106588749,SUMMER,0.26661689126509025,0.07761948973861944,0.5688273022949548,0.3111017333269156,0.04245147463951015,0.5457253718522896,False,27,True
2021-08-31,2021-09-30,-0.011036108311621082,-0.010935294530685497,-0.016676598442388682,-0.047726560355323314,-0.03214345106208357,-0.03312799328163044,0.00010941374591145618,0.10081378093558564,0.8674681435167436,SUMMER,0.12358968907962442,0.13188497317271522,0.4498910034878002,0.32341525448153796,0.09480876885794662,0.5116549078129139,False,27,True
2021-09-30,2021-10-31,0.028570710918520793,0.028663334651787994,0.025614202057540423,0.0678114832486323,0.041202716303192756,0.03388785611695067,-0.00010941374591147654,0.09262373326720016,0.9621833210780103,SUMMER,0.059103760385744275,0.1558280742755994,0.3616419430954557,0.33722355820012584,0.14530642442881905,0.427090998431345,False,27,True
2021-10-31,2021-11-30,-0.012523050193196997,-0.01249040503890134,-0.006539599362044848,-0.008067085104124183,-0.0037444735515140565,-0.01747337700328782,-0.0002191605446904981,0.032645154295657675,0.9903676553007791,FALL,0.07833680673424781,0.13234088569351435,0.3548628987674177,0.3735035673511834,0.13929264818788453,0.35833231026583806,False,27,True
2021-11-30,2021-12-31,0.02596228757670974,0.02599281728934799,0.023420709647586174,0.04521001874684433,0.025973442821638236,0.025883251645381505,0.0,0.030529712638253333,0.9566969115144932,SUMMER,0.08787852756428882,0.1466908669660174,0.40849372065926903,0.32728628794388004,0.11752912443083352,0.13074450710185156,False,27,True
2021-12-31,2022-01-31,-0.006642870386912891,-0.006598110081285986,-0.017882639743973937,-0.05418292204891809,-0.04044611942933069,-0.03914851972825295,0.0,0.04476030562690551,0.9317384855221058,SUMMER,0.14329658068114337,0.12054846304171817,0.46406129994050727,0.3297353988577245,0.08565483816005005,-0.01477551930688562,False,27,True
2022-01-31,2022-02-28,0.008026427384461594,0.008089170131339009,0.0023096401572412807,-0.029961299904226673,-0.022545079679930684,-0.022234817270714958,-0.00021801979767526155,0.06274274687741598,1.0,SUMMER,0.11006765546164499,0.12612387300102054,0.41355123043866027,0.3527454317620682,0.107579464798251,-0.26814707091486756,False,27,True
2022-02-28,2022-03-31,0.012622091807396126,0.012697526494253406,0.00764585598581361,0.03690108343397126,0.011242103535775726,0.0030570996695100704,0.0004588660088292619,0.07543468685728102,1.0,FALL,0.1515473673931853,0.08966214620517518,0.3855776612279191,0.4257551757886894,0.09900501677821628,-0.48048452504500433,False,27,True
2022-03-31,2022-04-30,-0.021403909927146,-0.02136850043178977,-0.03521327988560162,-0.09186221044903009,-0.07029895669930082,-0.07088290029646098,-0.00010912625234935398,0.035409495356232175,1.0,SUMMER,0.18742948223641542,0.08298185767227788,0.44510174341280756,0.3977605278227127,0.07415587109220186,-0.9026700617553909,False,27,True
2022-04-30,2022-05-31,0.003790869468508893,0.003870894686937707,0.007470543973328711,0.0022548259704452643,0.004386740009145662,0.005959499635260609,0.00032823402519050615,0.08002521842881401,1.0,FALL,0.21892518786803383,0.06079534567057598,0.3928296252799861,0.47314921282678624,0.07322581622265169,-1.1155092691997983,False,27,True
2022-05-31,2022-06-30,-0.03189352398821655,-0.031849713175678473,-0.046467650910502166,-0.08605971737886282,-0.05729895003325071,-0.06360855728819728,0.0007761442765071612,0.043810812538078094,1.0,FALL,0.13977515990801725,0.0925883300212772,0.3664814834744605,0.4318316983132223,0.10909848819103996,-1.2593253447449515,False,27,True
2022-06-30,2022-07-31,0.019097214880848402,0.019253165469097243,0.03633435363658786,0.08809100559976914,0.06335495950332552,0.05640789203894846,0.00036080138651124337,0.15595058824884137,1.0,FALL,0.03679587947738283,0.15092668510256424,0.22117813967757255,0.3732192584433969,0.2546759167764663,-1.4481678366974815,False,27,True
2022-07-31,2022-08-31,-0.019807220593161926,-0.01975027537267033,-0.02360926238657274,-0.04165784594880672,-0.0373388057023793,-0.039611182038908906,0.0019355011739492132,0.056945220491597864,1.0,FALL,0.00912314201424358,0.20633859342933228,0.21496566607513876,0.2952728639790713,0.28342287651645764,-1.4737820089919773,False,27,True
2022-08-31,2022-09-30,-0.04022468476126049,-0.04019800364067859,-0.05442811779382696,-0.09700205041965848,-0.07477488222637205,-0.0829919555416838,0.002065522231211996,0.02668112058190263,1.0,WINTER,0.007770696499515228,0.22671123350462133,0.20462082904587484,0.2697719806050883,0.29889595684441556,-1.4002363052515612,False,27,True
2022-09-30,2022-10-31,0.010303801216043912,0.010422351292600524,0.0337735114155031,0.07814165618238159,0.042725585771728275,0.04162348108236981,0.0015840589697449657,0.11855007655661155,1.0,WINTER,0.07835269382004395,0.2402824809602286,0.11371222058273667,0.20751354942765185,0.438491749029383,-1.508370908744971,False,27,True
2022-10-31,2022-11-30,0.03757902847336578,0.0376699343083701,0.04261786885273345,0.05410119272865688,0.0474452342853864,0.06673151752955782,0.0031466903811085984,0.09090583500432353,1.0,WINTER,0.04689578913442194,0.3182623255937443,0.15253476380218184,0.17145781652132291,0.35774509408275096,-1.6304363944832614,False,27,True
2022-11-30,2022-12-31,-0.010656014005060364,-0.010623071473278026,-0.019145752391474258,-0.059355430550212064,-0.03880204244321724,-0.034314062286617375,0.003619436871594553,0.032942531782338504,1.0,WINTER,0.07062499953450152,0.3486043116703178,0.13749377953188496,0.14535814278659112,0.36854376601120603,-1.6222088696589314,False,27,True
2022-12-31,2023-01-31,0.032311195762623916,0.03237873135132342,0.03795722111103266,0.060989075713859815,0.04979281878645226,0.06174729632276525,0.0028385215627212503,0.06753558869950771,1.0,SPRING,0.039547535346665,0.35156553546974634,0.18028282530928338,0.15869128574224353,0.3094603534787267,-1.4868589146897346,False,27,True
2023-01-31,2023-02-28,-0.02445845426091565,-0.024383935105383357,-0.025039973280401997,-0.02546404946303293,-0.02608553000730947,-0.031695439227813205,0.003451959508696844,0.07451915553229481,1.0,SPRING,0.11957798284672805,0.4062483204899356,0.11532439959154853,0.10578455636291867,0.3726427235555972,-1.2388349214058338,False,27,True
2023-02-28,2023-03-31,0.028685157078760133,0.0287422555121876,0.023981146651829603,0.036406770092273145,0.03228467001107118,0.02970401695503391,0.003983055772618126,0.057098433427465865,1.0,SPRING,0.0508611650769184,0.36817661108878913,0.1722532836977984,0.14648053424878316,0.31308957096462936,-1.2750164779280106,False,27,True
2023-03-31,2023-04-30,0.004996387907467878,0.005055524006387058,0.0037910049681932666,0.015848816967144623,0.01181712712092562,0.012187320913691926,0.003623724512749256,0.05913609891917993,1.0,SPRING,0.019657245376741295,0.3336146401658258,0.2188449216466021,0.17728347719701268,0.27025696099055935,-1.0901710591689775,False,27,True
2023-04-30,2023-05-31,-0.01162631050743346,-0.011545307649922976,-0.014986600649390216,0.004605578571739573,-0.0018091342354751435,-0.012274561740165781,0.003744423583764345,0.08100285751048508,1.0,WINTER,0.06300624005337818,0.33051117870431235,0.13912666633361323,0.15711578474563923,0.37324637021643514,-1.0096555209179272,False,27,True
2023-05-31,2023-06-30,0.014347005430642445,0.014389121221361427,0.024943104843078736,0.06278671643464652,0.03672417158129812,0.03765435801145542,0.004595705443565556,0.042115790718982686,1.0,WINTER,0.11992673362389361,0.3456131275981907,0.10016340291453932,0.12453080159939472,0.42969266788787525,-0.9667255651767273,False,27,True
2023-06-30,2023-07-31,0.013958199273267975,0.014030767951946382,0.02214296270647841,0.03220893632524212,0.01938942581684017,0.025536041080480073,0.003852986985633298,0.07256867867840772,1.0,SPRING,0.10883967547435136,0.41265623494485704,0.12684735738511693,0.10827129462848062,0.35222511304154547,-1.0548290038395003,False,27,True
2023-07-31,2023-08-31,-0.011286273193650683,-0.011220815861082166,-0.01232954307556045,-0.016385454884679886,-0.012352411175119905,-0.021729286918172146,0.0049546077039040685,0.0654573325685178,1.0,SPRING,0.04236710685451106,0.367038708573202,0.18853304244245245,0.15081654129320465,0.293611707691141,-1.0810046632289052,False,27,True
2023-08-31,2023-09-30,-0.028647318477309235,-0.028613831655302138,-0.02627910445215331,-0.04859644926072987,-0.03959259283021949,-0.03807377166716396,0.003983000731650521,0.0334868220070971,1.0,SPRING,0.03386137130837763,0.36285650974483274,0.20919838547108097,0.15649796154142406,0.2714471432426623,-0.961318804371069,False,27,True
2023-09-30,2023-10-31,-0.01029186774838222,-0.010192809557170364,-0.01159746417779737,-0.02194768712566315,-0.01949675674473663,-0.025260058349883326,0.00430005582046979,0.09905819121185584,1.0,SUMMER,0.017027534180675485,0.3030079543850155,0.3051875331573901,0.19660430747363944,0.19520020498395496,-0.8270852106647779,False,27,True
2023-10-31,2023-11-30,0.040420416746026214,0.04052062127424643,0.04296132963821662,0.08740969266885293,0.07062433055332898,0.07424830054560899,0.004671294419879197,0.10020452822021457,1.0,SUMMER,0.053677168934310404,0.22802919239544314,0.40383355191518844,0.23528238829707201,0.13285486739229638,-0.7400181649926242,False,27,True
2023-11-30,2023-12-31,0.030481027331758028,0.030524432593475252,0.03204883847629298,0.04464393102385145,0.041318268642716593,0.0460234364502831,0.004265920919318326,0.04340526171722508,0.9631730276319962,SUMMER,0.04532089361470537,0.2549045648022359,0.3877930165481005,0.21559032859119506,0.14171209005846855,-0.6738156610364298,False,27,True
2023-12-31,2024-01-31,-0.0011547703119112014,-0.0010698671992709894,-0.001113161622893089,0.01580095851214745,0.008911656523809007,0.00011796014334004258,0.004258457735664393,0.08490311264021186,0.9531606621850872,SPRING,0.013141918941213304,0.30395297672844673,0.29053513893352356,0.19817965835053805,0.20733222598749174,-0.4818396504977641,False,27,True
2024-01-31,2024-02-29,0.014190730648844067,0.014237363770665321,0.015031380768180442,0.05087075440023259,0.02509617406359438,0.02626680622141398,0.004433528440218141,0.04663312182125329,0.9818714694413371,SPRING,0.008416580900253434,0.306215386892639,0.23963707308735452,0.1993772955501664,0.25477024446984003,-0.3649589758084731,False,27,True
2024-02-29,2024-03-31,0.029357734119991933,0.029420734481070708,0.030087433978972684,0.03217850812993136,0.02296547572382214,0.024630592600799115,0.004093138810319455,0.06300036107877544,0.9465287398768271,SUMMER,0.010670893688425775,0.2892475063228398,0.2963312907664254,0.20971724145400072,0.20470396145673408,-0.30141007623379523,False,27,True
2024-03-31,2024-04-30,-0.015505369857199452,-0.015475272842391719,-0.016439402622466823,-0.04115493667084401,-0.034699917880872774,-0.033198374151757803,0.0043124396209556016,0.030097014807732886,0.9076312996062382,SUMMER,0.021615355191910934,0.3072454362877304,0.31440911032445384,0.1913526701336504,0.18699278325416538,-0.36291097845274717,False,27,True
2024-04-30,2024-05-31,0.020921741199206253,0.02094856336657018,0.021128324097072108,0.04934207161014371,0.036356981986981715,0.03707624042900468,0.0045629050797725175,0.026822167363926813,0.9372837263848391,SUMMER,0.025177006918123634,0.30663761648156934,0.32398611196916677,0.18976891714321514,0.17960735440604875,-0.4385587653121593,False,27,True
2024-05-31,2024-06-30,0.005620316772445603,0.005640351469245724,0.006029067773214827,0.03467212975379629,0.02440983080892194,0.013949298694180174,0.003984809570637796,0.020034696800120776,0.9479616451788521,SUMMER,0.01828854995980078,0.28193112847679497,0.3246075588197725,0.21057274479218066,0.18288856791125188,-0.3833275732746455,False,27,True
2024-06-30,2024-07-31,0.023804194572892335,0.02384793989745685,0.023542474933027826,0.012036386180376404,0.01680023571172953,0.02147929542619011,0.0044981487002616225,0.04374532456451372,1.0,SUMMER,0.013066399745226387,0.25823333646147206,0.32022085114313037,0.23335946343489233,0.18818634896050523,-0.28382906417837483,False,27,True
2024-07-31,2024-08-31,0.011320194962926116,0.011389282252797147,0.011441090723924473,0.02309660361220907,0.019670193642940814,0.020605381635492123,0.0046061992563965716,0.06908728987102987,1.0,SPRING,0.013861598116215013,0.3196381032617347,0.26752341022644,0.18809809098053218,0.22474039553129313,-0.212968205645218,False,27,True
2024-08-31,2024-09-30,0.016307100804296638,0.016376484582543965,0.016353596627292393,0.020787112294044677,0.017775187561987333,0.019467492504331007,0.0042135782632211705,0.06938377824732586,1.0,SPRING,0.02221944142711929,0.31458030906869267,0.19006002686798207,0.18656469639201495,0.30879496767131026,-0.09787191886011404,False,27,True
2024-09-30,2024-10-31,-0.011941774574231541,-0.011915994322827894,-0.009603476399739297,-0.0089633738906859,-0.015549178811333593,-0.024129613548465784,0.003940127106820056,0.02578025140364814,1.0,WINTER,0.039163775860992955,0.32243860887743253,0.16410200371236155,0.17318125582658492,0.34027813158362086,0.06835415203725531,False,27,True
2024-10-31,2024-11-30,0.02019361971316246,0.020237860909944026,0.018660133091286907,0.05792290759451556,0.03943603700936533,0.03176450197193089,0.0037002987024598913,0.044241196781567245,1.0,SPRING,0.016587403749939722,0.31556342200524296,0.20640525525655234,0.18903083937528903,0.28900048336291567,0.07790633664816154,False,27,True
2024-11-30,2024-12-31,-0.029085029174785015,-0.02904925603159794,-0.02817399655197511,-0.024354450423701858,-0.02143798625170692,-0.02582453482727084,0.004023185632605216,0.035773143187075744,1.0,SPRING,0.01009920028482958,0.31251262663712776,0.24391056469662978,0.19444385419804514,0.2491329544681974,0.07807981430350265,False,27,True
2024-12-31,2025-01-31,0.022680128839806964,0.022734929417983503,0.02234647343877748,0.026502149660671458,0.018014633505781478,0.02297173815458939,0.0034938006024886822,0.05480057817653909,1.0,SUMMER,0.001814774341983183,0.26447373491417325,0.2705250966859635,0.23513039395659652,0.22987077444326676,-0.002424044648939758,False,27,True
2025-01-31,2025-02-28,0.007816741873369592,0.00786035234322661,0.008585719879585736,-0.012776107643038498,0.0013316674574462728,0.0037196172109468517,0.0032327847701839434,0.043610469857017435,1.0,SUMMER,0.009520144906857375,0.24288273093652893,0.31050892845275113,0.2505926407241805,0.1960156998865394,0.056984105131815024,False,27,True
2025-02-28,2025-03-31,0.00011422883583740826,0.00014296017656562193,-0.0011524744566439615,-0.057331712421024535,-0.03411184242404821,-0.0240743108962311,0.0032646772308160587,0.02873134072821368,1.0,SUMMER,0.013452645732306312,0.21473705720565642,0.312182854682507,0.28028451585931174,0.19279557225252483,0.07656336855925587,False,27,True
2025-03-31,2025-04-30,-0.011710760298961698,-0.01166718962820755,-0.008995626801152406,-0.008707860149291903,-0.0034838440114531417,0.006696885751835161,0.0033965356297355914,0.043570670754148104,1.0,FALL,0.015435479796919283,0.18654591378118354,0.27478008581217017,0.32085095612862946,0.21782304427801683,0.14232502579577824,False,27,True
2025-04-30,2025-05-31,0.012653696746435714,0.012791369720695807,0.015207977344883359,0.06094921198465032,0.034671313961292485,0.03849747365519978,0.003625574851157599,0.13767297426009337,1.0,WINTER,0.028315887406552998,0.24672261247029872,0.16114104670697757,0.23394452436847404,0.35819181645424963,0.13053121010201507,False,27,True
2025-05-31,2025-06-30,0.024259031967744562,0.024293599663140708,0.02485493742849654,0.05010951250058568,0.035997364268260605,0.03674086687531639,0.003341339393130386,0.034567695396146375,1.0,WINTER,0.036932106484018234,0.27760336008880404,0.15380425208104218,0.20271298994780054,0.36587939788235324,0.22883410342449642,False,27,True
2025-06-30,2025-07-31,0.004056986463640484,0.0041143799965964786,0.004106106190572446,0.022770226004130673,0.012682320609368445,0.006908568358960848,0.0035593305438888626,0.05739353295599486,1.0,WINTER,0.04367859401239149,0.33497053474888133,0.16334077452524293,0.1644478417178376,0.33724084900803813,0.2584394357775703,False,27,True
2025-07-31,2025-08-31,0.020551107672065912,0.020634666702159316,0.01992412470492419,0.02031179573066224,0.01692898656663486,0.02497396243305419,0.0037010341590891123,0.08355903009340478,1.0,SPRING,0.004591162452137643,0.2871471293306675,0.2321426507784468,0.21489609265622756,0.2658141272346582,0.29672679329932083,False,27,True
2025-08-31,2025-09-30,0.02416340488026036,0.024199059411857776,0.02296145012997823,0.035000700436092956,0.025550125045665475,0.02542453188863875,0.003296724789192417,0.03565453159741459,1.0,SPRING,0.007789231070010616,0.2958371470195348,0.2752824334523457,0.2067224616081546,0.22215795791996493,0.18962324690395524,False,27,True
2025-09-30,2025-10-31,0.012126381975604568,0.012174594523486838,0.010777982118279763,0.023557628444475624,0.016625278509361883,0.01563034621962552,0.0035045795479073834,0.0482125478822691,1.0,SPRING,0.03492897604799372,0.3367140780054692,0.3168927326858562,0.1679442174534425,0.17844897185523206,-0.04389140790565861,False,27,True
2025-10-31,2025-11-30,0.010857183017946536,0.010957332797003715,0.012637417953385806,0.0019481963492449564,0.0035864753062189885,0.004365903579416112,0.0028715807060486665,0.10014977905717953,1.0,SPRING,0.1315474932163022,0.40715837124142873,0.3849293144080719,0.10103874365160535,0.10687357069889404,-0.15346999857645965,False,27,True
2025-11-30,2025-12-31,0.0013114079055290486,0.0014202109993649303,0.0014062644618965587,0.0007971851219305044,-0.0006376046888192293,0.005297120630664391,0.0033463441423766806,0.10880309383588166,1.0,SPRING,0.08603897561790441,0.4419903977357066,0.26328940658707084,0.11002258246085905,0.18469761321636347,-0.14045391493996223,False,27,True
2025-12-31,2026-01-31,0.03356501511912766,0.033645525370394766,0.036191580094815566,0.014630183872004408,0.009795691127068518,0.02151354002752924,0.002950371241685537,0.08051025126710415,1.0,SPRING,0.04554501237832731,0.38413313619880635,0.20441688402230745,0.14290598913893987,0.26854399063994633,0.019506812714976892,False,27,True
2026-01-31,2026-02-28,0.02362227702586815,0.023673192703425588,0.026179269863715805,-0.00867951660338595,0.0012065455260435996,0.01690257804019765,0.00266675892663866,0.050915677557440656,1.0,SPRING,0.019236984132211865,0.3185709733647387,0.20083610632436166,0.18582806168154115,0.2947648586293584,0.16167382036114816,False,27,True
2026-02-28,2026-03-31,-0.024399322808853863,-0.024360071349668947,-0.02261330588082071,-0.05064041981280021,-0.03750032445557016,-0.05090030334258094,0.0028741491378842516,0.039251459184914725,1.0,WINTER,0.010289363880863323,0.2769952631435448,0.19975441831502094,0.21923782454058666,0.30401249400084757,0.16207683403394235,False,27,True
2026-03-31,2026-04-30,0.029024956371532934,0.029142050073633553,0.03525932936362803,0.0998930142547355,0.06175975989958829,0.06358881750986217,0.00288489430983788,0.11709370210062062,1.0,FALL,0.02085114808149091,0.17336854400343182,0.22772519719327072,0.34003533807170305,0.25887092073159435,0.03830143455355145,False,27,True
2026-04-30,2026-05-31,0.006675023971425736,0.006752371090452073,0.011690465008509074,0.05128775975786208,0.03222507281046451,0.031928421559922086,0.0031689246251123764,0.07734711902633647,1.0,FALL,0.06110321503324512,0.13322325648643274,0.2990643396804366,0.39275365910617077,0.17495874472695996,-0.07488382068144579,False,27,True
2026-05-31,2026-06-30,-0.01035912364207401,-0.010262608164912587,-0.005732207555853261,-0.010345901189075638,-0.005171936789553359,-0.0021547084746605075,0.0027208118630191805,0.09651547716142371,1.0,SUMMER,0.09684294897973666,0.13167108071377823,0.3981957929846294,0.3533057874128584,0.11682733888873394,0.0520883817088299,False,27,True
2026-06-30,2026-07-31,0.003179243155135348,0.0032395651318526853,-0.001117801418121181,0.0003481185697574513,-0.004989580667468755,-0.008370310869048374,0.00336515246590848,0.06032197671733727,1.0,SUMMER,0.05353222082621234,0.1860126403230572,0.3879406594994774,0.2879691394674908,0.13807756070997457,0.06460060094922243,False,27,True
