as_of,return_date,gross_return,net_return,nav_usd,turnover,traded_notional_usd,commission_usd,commission_cost,regulatory_fees_usd,regulatory_fee_cost,slippage_usd,slippage_cost,positive_cash_interest,short_proceeds_interest,margin_benchmark_cost,margin_spread_cost,short_borrow_cost,futures_roll_cost,total_explicit_cost,cash_weight,unencumbered_cash_weight,margin_debit_weight,short_collateral_weight,long_gross_exposure,gross_exposure,net_exposure,short_gross_exposure,borrow_weight,regt_reference_requirement,regt_reference_buffer,portfolio_margin_minimum_cushion,portfolio_margin_status,limit_scale,netted_bil_weight,clipped_assets
2006-12-31,2007-01-31,0.01624063347359957,0.0155433988050283,1015664.825741591,0.6970133869748346,1394026.7739496694,186.53276849541334,0.00018653276849541332,0.11182668376924293,1.1182668376924292e-07,139.40267739496696,0.00013940267739496695,0.0,0.0,0.0016897181489541823,0.00038235638867888187,0.0,0.0,0.0007084036612530314,-0.39402677394966923,0.0,0.39402677394966923,-0.0,1.3940267739496692,1.3940267739496692,1.3940267739496692,-0.0,0.39402677394966923,0.6970133869748346,0.3029866130251654,0.2,LIVE_IBKR_CHECK_REQUIRED,1.0,0.2067506581061289,HYG
2007-01-31,2007-02-28,-0.0015134818302401213,-0.0020040357938115477,1013631.4352504878,0.13538968595061945,275021.0835764893,52.39964969602823,5.1591478180578373e-05,2.7889085235682876,2.7458945637227877e-06,27.50210835764893,2.7077937190123892e-05,0.0,0.0,0.0017964413426444358,0.0003954344930107588,1.2842157684232155e-05,0.0,0.0004896919606294161,-0.44299934419005016,0.0,0.45918693790967025,0.01651134559401277,1.4591869379096702,1.4753745316292908,1.4429993441900502,0.016187593719620363,0.45918693790967025,0.7376872658146454,0.2623127341853546,0.2,LIVE_IBKR_CHECK_REQUIRED,1.0,0.1884341963245874,HYG
2007-02-28,2007-03-31,0.008704221612942348,0.008059440687786558,1021833.7463037897,0.3057419573971076,619819.3181854472,90.07077759302271,8.885949513864918e-05,7.612357512671181,7.509985629826113e-06,61.98193181854475,6.114839147942154e-05,0.0,0.0,0.0021269444444444205,0.00047303209491516586,1.965812708618144e-05,0.0,0.0006502080942492441,-0.47761883064191846,0.0,0.5,0.02282879274524296,1.5,1.522381169358081,1.4776188306419185,0.022381169358081335,0.5,0.7611905846790405,0.23880941532095945,0.2,LIVE_IBKR_CHECK_REQUIRED,0.8178786675591165,0.16006909977659894,HYG
2007-03-31,2007-04-30,0.030727963631398243,0.030180417153877617,1053143.204786022,0.19769056610971214,404013.7835536083,63.940240915839155,6.257401573115576e-05,5.030403954022775,4.922918206820744e-06,40.401378355360826,3.953811322194242e-05,0.0,0.0,0.0020291666666665633,0.00045744303250639816,0.0,0.0,0.0005644780796663171,-0.5,0.0,0.5,-0.0,1.5,1.5,1.5,-0.0,0.5,0.75,0.25,0.2,LIVE_IBKR_CHECK_REQUIRED,0.7979535459462355,0.1648553802595621,HYG
2007-04-30,2007-05-31,0.02133639439148679,0.020780268965364536,1075256.7710173805,0.16972141955331466,357481.91941842163,61.1935745993706,5.81056539331742e-05,4.709956369634255,4.472284821503668e-06,35.74819194184216,3.394428391066293e-05,0.0,0.0,0.0020365277777778593,0.0004714384624193981,0.0,0.0,0.0005679606850847389,-0.5,0.0,0.5,-0.0,1.5,1.5,1.5,-0.0,0.5,0.75,0.25,0.2,LIVE_IBKR_CHECK_REQUIRED,0.8192511821953341,0.1312376899232811,HYG
2007-05-31,2007-06-30,-0.015574538112175828,-0.016088015540250893,1058096.4314050695,0.0813023682515956,174841.84392455337,33.97000767118142,3.159246106308158e-05,2.303633170260014,2.1424028495820354e-06,17.484184392455337,1.626047365031912e-05,0.0,0.0,0.001920833333333205,0.0004554171007859912,0.0,0.0,0.000505412438348974,-0.5,0.0,0.5,-0.0,1.5,1.5,1.5,-0.0,0.5,0.75,0.25,0.2,LIVE_IBKR_CHECK_REQUIRED,0.8408724250494201,0.17509218508012236,HYG
2007-06-30,2007-07-31,-0.017411095434765773,-0.018039271082595034,1039180.2728677789,0.14011662178249945,296513.794977193,38.017374203643854,3.592997110212322e-05,4.842281575761736,4.57640856923746e-06,29.6513794977193,2.802332435649989e-05,0.0,0.0,0.0020752777777777493,0.00047124707882095486,7.73624469593738e-05,0.0,0.0006171392298081892,-0.4119213127597259,0.0,0.4999999999999998,0.08984026098507926,1.4999999999999998,1.5880786872402735,1.4119213127597259,0.08807868724027378,0.4999999999999998,0.7940393436201367,0.20596065637986327,0.2,LIVE_IBKR_CHECK_REQUIRED,0.8347914724186312,0.2606769267436859,HYG
2007-07-31,2007-08-31,0.011769037437219498,0.011013630305657336,1050688.6785462361,0.33322166154893484,692554.7543477535,102.78842328004743,9.891298551731246e-05,12.2874521583521,1.1824177651528134e-05,69.25547543477536,6.664433230978698e-05,0.0,0.0002993778640350805,0.0015157767965827901,0.0004023314667799275,0.00018434848070339853,0.0,0.0007640614429619536,-0.2092243734237602,0.0,0.4191087916818992,0.21408210662330152,1.4191087916818992,1.628993209940038,1.2092243734237602,0.20988441825813875,0.4191087916818992,0.814496604970019,0.18550339502998103,0.2,LIVE_IBKR_CHECK_REQUIRED,1.0,0.3463358632546684,
2007-08-31,2007-09-30,0.04975956617899885,0.049050493094203174,1103510.3507467944,0.3885753153252741,816543.3691495986,136.8319407630137,0.00013023071777297382,8.340737605696354,7.938352983147058e-06,81.65433691495983,7.77150630650548e-05,0.0,0.0,0.0016208333333332758,0.00045632319625287866,7.27773491161418e-05,0.0,0.0007449846791901961,-0.41437958927512764,0.0,0.5000000000000002,0.08733281893937014,1.5000000000000002,1.5856204107248728,1.4143795892751276,0.08562041072487268,0.5000000000000002,0.7928102053624364,0.2071897946375636,0.2,LIVE_IBKR_CHECK_REQUIRED,0.8433036313021482,0.3088213874459454,IEF
2007-09-30,2007-10-31,0.0385903681323655,0.03803784481012969,1146294.0475851172,0.20824358245540672,459597.89743226976,56.229460466742125,5.0955082051282214e-05,4.501910837385051,4.079627195466185e-06,45.959789743226985,4.1648716491081355e-05,0.0,0.0,0.0016791666666668163,0.00046957245786772504,7.847656713721978e-06,0.0,0.0005741035403192768,-0.4910652864739409,0.0,0.5,0.009113407796580363,1.5,1.5089347135260591,1.4910652864739409,0.00893471352605918,0.5,0.7544673567630296,0.24553264323697044,0.2,LIVE_IBKR_CHECK_REQUIRED,0.8446459688190018,0.2694953770206722,IEF
2007-10-31,2007-11-30,-0.004203126579260418,-0.0047354489457364516,1140878.6629045736,0.15563609302636125,356809.4540510429,48.375231154581854,4.2201415296967935e-05,4.131539072034944,3.604257634189765e-06,35.68094540510429,3.1127218605272246e-05,0.0,0.0,0.00136249999999999,0.0004530156878924558,0.0,0.0,0.0005299485794288858,-0.5000000000000004,0.0,0.5000000000000004,-0.0,1.5000000000000004,1.5000000000000004,1.5000000000000004,-0.0,0.5000000000000004,0.7500000000000002,0.24999999999999978,0.2,LIVE_IBKR_CHECK_REQUIRED,0.7817872914545552,0.31734583010362716,
2007-11-30,2007-12-31,0.01458891945762084,0.01404170086424925,1157011.541262567,0.13469368363225576,307338.2993681192,50.22268587261062,4.402105807180951e-05,4.005280968972079,3.510698463564037e-06,30.733829936811922,2.6938736726451155e-05,0.0,0.0,0.0012916666666667157,0.0004682944991921558,1.2343550482873978e-05,0.0,0.0005551085429368544,-0.48594662184113013,0.0,0.5,0.014334445722047198,1.5,1.5140533781588696,1.4859466218411301,0.014053378158869801,0.5,0.7570266890794348,0.24297331092056518,0.2,LIVE_IBKR_CHECK_REQUIRED,0.8589374894206303,0.40254642902622934,
2007-12-31,2008-01-31,0.002891684529892769,0.0022319023255907423,1159596.7619190782,0.1684578816326992,389815.42653135274,68.08351959553637,5.8844287345000476e-05,6.606697736585056,5.710139874124005e-06,38.98154265313527,3.3691576326539836e-05,0.0,3.1552299516454836e-05,0.0011840277777776856,0.00046776828336341473,9.546032196002461e-05,0.0,0.0006614746088691037,-0.39131652148763796,0.0,0.5,0.11085714808260923,1.5,1.608683478512362,1.391316521487638,0.10868347851236199,0.5,0.804341739256181,0.19565826074381898,0.2,LIVE_IBKR_CHECK_REQUIRED,0.9377786556061208,0.4370222321903272,
2008-01-31,2008-02-29,0.03565621982998092,0.035120730174672946,1201046.2546750014,0.28183493712810725,653629.7609788403,99.11927611004535,8.547736537829547e-05,15.420042816993949,1.32977629149934e-05,65.36297609788403,5.636698742562145e-05,0.0,9.650285566767627e-05,0.00032330026828440353,0.0001980033229731782,0.00020163368479409944,0.0,0.000554779123486188,0.04271717381358198,0.0,0.20267879145307077,0.2503038845719855,1.2026787914530708,1.4480747567197232,0.957282826186418,0.24539596526665244,0.20267879145307077,0.7240373783598616,0.2759626216401384,0.2,LIVE_IBKR_CHECK_REQUIRED,1.0,0.6516629718500433,
2008-02-29,2008-03-31,-0.007673169988989343,-0.008274433226665422,1191149.2800337907,0.1762650443576251,423404.94271169725,49.65773027695279,4.1345393721235144e-05,3.2316995814793454,2.690736987772241e-06,42.34049427116973,3.5253008871525025e-05,0.0,0.00020811694788284657,0.0007904237320106314,0.00031440798840256016,0.00020279082881535706,0.0,0.0005964879567984496,-0.09260718521755806,0.0,0.3234885842483253,0.2354990270113824,1.3234885842483253,1.5543699832790923,1.092607185217558,0.23088139903076704,0.3234885842483253,0.7771849916395461,0.22281500836045387,0.2,LIVE_IBKR_CHECK_REQUIRED,1.0,0.6184794053940076,GLD
2008-03-31,2008-04-30,-0.026868505340724293,-0.027589474587030798,1158735.295686207,0.176394759066148,420224.98052675236,89.17266470149929,7.48627113294898e-05,7.739447957777008,6.4974626501536855e-06,42.02249805267524,3.52789518132296e-05,0.0,0.0,0.0,0.0003052566090014155,0.00027970712268124843,0.0,0.000701602857475537,0.004735539171746406,0.0,0.32433166398266344,0.3356485472174981,1.3243316639826634,1.6533988671370734,0.9952644608282536,0.3290672031544099,0.32433166398266344,0.8266994335685367,0.1733005664314633,0.2,LIVE_IBKR_CHECK_REQUIRED,1.0,0.5741243529914961,
2008-04-30,2008-05-31,0.00510945573929629,0.004494964272126835,1163955.492951895,0.11326015486478277,262477.07807341934,50.22797906177402,4.334724181507636e-05,1.4191335933022582,1.2247263016717224e-06,26.247707807341936,2.2652030972956556e-05,0.0,0.0,0.0003553031319432399,0.00034366536884670226,0.00020656012283697922,0.0,0.0006174494907733861,-0.12077195803961227,0.0,0.35594477341378217,0.2398762716816533,1.3559447734137822,1.5911175887879518,1.1207719580396123,0.2351728153741699,0.35594477341378217,0.7955587943939759,0.20444120560602408,0.2,LIVE_IBKR_CHECK_REQUIRED,1.0,0.5123917408709981,
2008-05-31,2008-06-30,0.013014966887627993,0.012373135734568176,1178446.7384519402,0.22941972163723076,534068.6903822989,81.69294847623343,7.018562906477876e-05,4.817330618849892,4.1387584388065485e-06,53.40686903822989,4.588394432744615e-05,0.0,0.00011538612318941027,0.0009934831291225795,0.0003856460392105503,0.0001441761622688195,0.0,0.0006500305333104013,-0.2501992636429091,0.0,0.4198182780768145,0.17301139472258342,1.4198182780768145,1.5894372925107199,1.2501992636429091,0.1696190144339053,0.4198182780768145,0.7947186462553599,0.20528135374464007,0.2,LIVE_IBKR_CHECK_REQUIRED,1.0,0.4758035908802015,
2008-06-30,2008-07-31,-0.04083016965180634,-0.041399343778961414,1130655.897091564,0.15963056679200233,376232.2415865395,68.44959285199579,5.808458763432465e-05,7.066052292565834,5.9960726794051915e-06,37.62322415865396,3.192611335840048e-05,0.0,8.419868476193041e-05,0.0005877271346884626,0.00029496316932704227,0.00015527728249682828,0.0,0.0005462472254960009,-0.1233228628892169,0.0,0.30010914277175393,0.18032200548018773,1.300109142771754,1.476895422654291,1.123322862889217,0.17678627988253698,0.30010914277175393,0.7384477113271455,0.2615522886728545,0.2,LIVE_IBKR_CHECK_REQUIRED,1.0,0.5850674242984664,
2008-07-31,2008-08-31,-0.0197937524955256,-0.02034804962768891,1107881.74535524,0.22130537758389182,500440.46044660505,96.76161440914898,8.55800731752721e-05,7.367009019674684,6.5156950391583905e-06,50.04404604466051,4.426107551677837e-05,0.0,0.0,0.0002252585229841319,0.0002760995848054372,0.00013082637129028453,0.0,0.0005432827998269306,-0.12746122626364853,0.0,0.2764096565751679,0.15192739891774978,1.276409656575168,1.4253580868866873,1.1274612262636485,0.1489484303115194,0.2764096565751679,0.7126790434433437,0.28732095655665635,0.2,LIVE_IBKR_CHECK_REQUIRED,1.0,0.6292140757101758,
2008-08-31,2008-09-30,-0.007025431557688314,-0.007492994063169973,1099611.417468211,0.2423488389540337,536987.7093704217,92.95909168159172,8.390705241901479e-05,8.277006293068618,7.4710196532885496e-06,53.69877093704217,4.846976779080674e-05,0.0,0.0002557547063949814,0.0010072575516872385,0.00019819241434122846,0.00012614040939719237,0.0,0.0004641806636015309,-0.04429924501468818,0.0,0.19269972665844426,0.15136849127663082,1.1926997266584443,1.3411002083021997,1.0442992450146882,0.14840048164375572,0.19269972665844426,0.6705501041510998,0.32944989584890016,0.2,LIVE_IBKR_CHECK_REQUIRED,1.0,0.6060272935884482,
2008-09-30,2008-10-31,-0.03845067320533865,-0.038801333679344116,1057762.1813835388,0.17252320622461936,379416.9746856284,55.25486298555831,5.0249444583596e-05,5.920859156123084,5.384501344807337e-06,37.94169746856283,3.4504641244923867e-05,0.0,0.0,0.0,0.00013152142382937478,0.00011571410343507626,0.0,0.00033737411443777825,0.024478863813222063,0.0,0.10726394844682674,0.13437766850524985,1.1072639484468267,1.2390067607068755,0.9755211361867779,0.13174281226004886,0.10726394844682674,0.6195033803534378,0.38049661964656223,0.2,LIVE_IBKR_CHECK_REQUIRED,1.0,0.670353955361624,IEF
2008-10-31,2008-11-30,0.07077879677095049,0.07052234046169377,1135051.321770118,0.24752466868615447,523644.46699140884,92.19521090740918,8.716062318168633e-05,9.350087583456766,8.83949884767763e-06,52.36444669914089,4.950493373723089e-05,0.0,0.0,0.0,0.0,0.00012972543288582896,0.0,0.0002752304886524238,0.165704180529902,0.013086024193632584,0.0,0.15567051946299473,0.9869139758063674,1.1395321321426368,0.834295819470098,0.15261815633626935,0.0,0.5697660660713184,0.4302339339286816,0.2,LIVE_IBKR_CHECK_REQUIRED,1.0,0.6056314017191515,IEF|TLT
2008-11-30,2008-12-31,0.04749758863674828,0.04733233474403602,1190067.7069169218,0.06633541347442205,150588.19748862012,31.100950643145264,2.7400479649363503e-05,1.3579097674615825,1.1963421753863214e-06,15.058819748862009,1.326708269488441e-05,0.0,0.0,4.986124691670018e-06,2.0417887893957035e-05,0.00011099633869090699,0.0,0.00017327813110449826,0.11056414602240938,0.0,0.015807397079192542,0.1288989739636339,1.0158073970791925,1.1421789401807945,0.8894358539775906,0.12637154310160187,0.015807397079192542,0.5710894700903972,0.42891052990960277,0.2,LIVE_IBKR_CHECK_REQUIRED,1.0,0.5572681981282019,IEF
2008-12-31,2009-01-31,-0.03538490535512825,-0.035613789848773614,1148430.7120261411,0.10236884193687086,243651.70596710546,33.73499041673405,2.8347118588849398e-05,1.9872728018902868,1.669882133881831e-06,24.36517059671054,2.047376838737417e-05,0.0,1.6423603321322604e-05,0.0001328541245685039,8.357559444115441e-05,8.683540937663494e-05,0.0,0.00022090177292789475,0.03416015767360536,0.0,0.06470368601895826,0.10084112056641478,1.0647036860189583,1.1635675297115216,0.9658398423263946,0.09886384369256351,0.06470368601895826,0.5817837648557608,0.4182162351442392,0.2,LIVE_IBKR_CHECK_REQUIRED,1.0,0.44504467982225493,IEF
2009-01-31,2009-02-28,-0.009809598558518972,-0.009972278935274968,1137035.1549021658,0.18167462405152815,417281.4357131559,45.07452692720409,3.9248799649114646e-05,5.840407454609851,5.085554917201578e-06,41.72814357131559,3.633492481030563e-05,0.0,0.0,0.0,0.0,8.040996730906798e-05,0.0,0.00016107924668568984,0.10135710165008582,1.1102230246251565e-16,0.0,0.10338424368308739,0.9999999999999999,1.1013571016500856,0.8986428983499142,0.10135710165008567,0.0,0.5506785508250428,0.4493214491749572,0.2,LIVE_IBKR_CHECK_REQUIRED,1.0,0.3351461775242113,
2009-02-28,2009-03-31,0.007551662119867653,0.007425350308636649,1145509.4626559352,0.04161087775709093,94626.06167229793,26.19316349494692,2.303637084747891e-05,1.3087408805019811,1.151011800171288e-06,9.46260616722979,8.322175551418182e-06,0.0,0.0,0.0,0.0,9.475169039650571e-05,0.0,0.0001272612485955741,0.10787668735845057,0.0,0.0,0.11003422110561953,1.0,1.1078766873584507,0.8921233126415494,0.10787668735845052,0.0,0.5539383436792253,0.44606165632077466,0.2,LIVE_IBKR_CHECK_REQUIRED,1.0,0.30348944463214544,
2009-03-31,2009-04-30,-0.027704084727887587,-0.0278428319035598,1114055.1557166632,0.10993441532841566,251861.8260604957,34.015756864572836,2.969487199669672e-05,2.8159652316241335,2.4582644870476603e-06,25.186182606049567,2.1986883065683134e-05,0.0,0.0,0.0,0.0,8.080668770077623e-05,0.0,0.00013494670725020376,0.09506669141267787,0.0,0.0,0.09696802524093148,1.0,1.095066691412678,0.9049333085873221,0.09506669141267793,0.0,0.547533345706339,0.45246665429366095,0.2,LIVE_IBKR_CHECK_REQUIRED,1.0,0.23631390045462664,
2009-04-30,2009-05-31,0.01365025911346212,0.013497409288487973,1129193.951553567,0.25605017699470756,570508.0396062362,67.11077775687663,6.0240085432489e-05,6.189985409944762,5.556264766768025e-06,57.05080396062362,5.121003539894151e-05,0.0,0.0,0.0,0.0,3.793234284920997e-05,0.0,0.0001549387284474085,0.04318672810156732,1.1102230246251565e-16,0.0,0.044050462663598675,0.9999999999999999,1.0431867281015674,0.9568132718984327,0.043186728101567325,0.0,0.5215933640507837,0.4784066359492163,0.2,LIVE_IBKR_CHECK_REQUIRED,1.0,0.2804874049429533,
2009-05-31,2009-06-30,-0.013877244761272266,-0.01402414694222255,1113468.4954394032,0.20328156663420663,459088.63101135904,88.68065674221616,7.853447728816434e-05,5.46360878534791,4.838503410181192e-06,45.90886310113591,4.0656313326841325e-05,0.0,0.0,0.0,0.0,2.083772835607337e-05,0.0,0.00014486702238126022,0.024514974536557044,0.0,0.0,0.025005274027288044,1.0,1.0245149745365567,0.975485025463443,0.024514974536556905,0.0,0.5122574872682784,0.48774251273172164,0.2,LIVE_IBKR_CHECK_REQUIRED,1.0,0.3054544587284789,
2009-06-30,2009-07-31,0.029419321080818513,0.02927734971712995,1146549.8055489145,0.19450241277422667,433144.61782210384,85.40327596077418,7.670021766271157e-05,5.188803199066356,4.6600359330496565e-06,43.31446178221039,3.8900482554845336e-05,0.0,0.0,0.0,0.0,2.593899513731272e-05,0.0,0.00014619973128791929,0.029532062774929257,2.220446049250313e-16,0.0,0.030122704030427674,0.9999999999999998,1.0295320627749291,0.9704679372250707,0.02953206277492909,0.0,0.5147660313874646,0.4852339686125354,0.2,LIVE_IBKR_CHECK_REQUIRED,1.0,0.27703296837788294,
2009-07-31,2009-08-31,0.0070374640394838765,0.006952477842992781,1154548.9423574642,0.08195114972805696,187922.1495704274,45.019420777246694,3.926512442753719e-05,2.969536765367589,2.589976249610817e-06,18.792214957042734,1.639022994561139e-05,0.0,0.0,0.0,0.0,2.733742589644294e-05,0.0,8.558275651920234e-05,0.031124204056671267,0.0,0.0,0.03174668813780471,1.0,1.0311242040566715,0.9688757959433287,0.03112420405667128,0.0,0.5155621020283357,0.48443789797166426,0.2,LIVE_IBKR_CHECK_REQUIRED,1.0,0.28075979789078653,
2009-08-31,2009-09-30,0.027205560641423217,0.027085693304012916,1186248.0592528866,0.1519941177486235,350969.29578245827,65.00496322545447,5.630334136612811e-05,5.316395178486365,4.60473781876311e-06,35.096929578245835,3.0398823549724705e-05,0.0,0.0,0.0,0.0,3.185887535090486e-05,0.0,0.00012316577808552077,0.037481029824594,1.1102230246251565e-16,0.0,0.038230650421085824,0.9999999999999999,1.037481029824594,0.962518970175406,0.03748102982459395,0.0,0.518740514912297,0.481259485087703,0.2,LIVE_IBKR_CHECK_REQUIRED,1.0,0.27857180183279895,
2009-09-30,2009-10-31,-0.0033803626558858457,-0.0034992533608756734,1182104.3309505584,0.19316019182960625,458271.8053655714,59.19539956669666,4.990136683888751e-05,5.382746860334599,4.537623322835797e-06,45.82718053655714,3.863203836592125e-05,0.0,0.0,0.0,0.0,2.541141790102455e-05,0.0,0.00011848244642866912,0.028931405579913916,0.0,0.0,0.02951003369151238,1.0,1.0289314055799144,0.9710685944200861,0.028931405579914096,0.0,0.5144657027899572,0.4855342972100428,0.2,LIVE_IBKR_CHECK_REQUIRED,1.0,0.4475989322304137,
2009-10-31,2009-11-30,0.05705895088730584,0.05685649544953239,1251262.0437728013,0.09769689981416307,230975.85678152993,39.044975993744245,3.303005916774473e-05,1.1740398914722041,9.931778953285203e-07,23.097585678153,1.9539379962832618e-05,0.0,0.0,0.0,0.00013508570499488274,2.5673242862041058e-05,0.0,0.00021432156488282968,-0.08960157987496298,0.0,0.11980539500677612,0.03080789143444927,1.1198053950067761,1.150009210138589,1.089601579874963,0.030203815131813007,0.11980539500677612,0.5750046050692945,0.4249953949307055,0.2,LIVE_IBKR_CHECK_REQUIRED,1.0,0.46905645106574057,
2009-11-30,2009-12-31,-0.0031558596382875817,-0.0032573661902792366,1247192.8561113777,0.11525443558859243,288427.0012569257,41.6011970429748,3.3247389905266374e-05,5.74687514817584,4.592863003218639e-06,28.84270012569257,2.3050887117718485e-05,0.0,0.0,0.0,0.0,4.029044109481059e-05,0.0,0.00010118158112101408,0.04587146993716551,0.0,0.0,0.04678889933590906,1.0,1.0458714699371658,0.9541285300628345,0.045871469937165746,0.0,0.5229357349685829,0.4770642650314171,0.2,LIVE_IBKR_CHECK_REQUIRED,1.0,0.452730870799928,
2009-12-31,2010-01-31,-0.030582913914594282,-0.030779466417194472,1209389.6905491592,0.19653362717468156,490230.67159583955,54.335526690424366,4.356625875795752e-05,7.032274538213189,5.63848205492382e-06,49.02306715958395,3.930672543493631e-05,0.0,0.0,0.0,0.0,0.00010210214396428454,0.0,0.0001906136102121022,0.11624532519652886,0.0,0.0,0.11857023170045947,1.0,1.1162453251965287,0.8837546748034711,0.11624532519652889,0.0,0.5581226625982644,0.4418773374017356,0.2,LIVE_IBKR_CHECK_REQUIRED,1.0,0.3707116569202078,
2010-01-31,2010-02-28,0.018475612050408746,0.018351325766449152,1231788.4899692074,0.0727352243630937,175930.4609690111,40.71558061737669,3.3666221016725035e-05,2.0519101613273034,1.6966492912599353e-06,17.593046096901112,1.4547044872618741e-05,0.0,0.0,0.0,0.0,7.668611040236259e-05,0.0,0.0001265960255829663,0.09666316437272593,0.0,0.0,0.09859642766018045,1.0,1.0966631643727258,0.9033368356272741,0.09666316437272593,0.0,0.5483315821863629,0.4516684178136371,0.2,LIVE_IBKR_CHECK_REQUIRED,1.0,0.30574528019202973,
2010-02-28,2010-03-31,0.025689635149105636,0.025552979244506193,1263669.9541392163,0.21473522108643253,529016.7474505212,68.81280000224918,5.5864136223556834e-05,5.82828696571634,4.7315647233089804e-06,52.901674745052134,4.294704421728651e-05,0.0,0.0,0.0,0.0,3.665970197398224e-05,0.0,0.00014020244713813457,0.04173780110889813,0.0,0.0,0.04257255713107616,1.0,1.0417378011088982,0.9582621988911019,0.041737801108898194,0.0,0.5208689005544491,0.4791310994455509,0.2,LIVE_IBKR_CHECK_REQUIRED,1.0,0.41576047241642256,
2010-03-31,2010-04-30,0.020094285840364996,0.019990020533358778,1289184.9151223279,0.14584618893484175,368602.8937653419,50.4811675306126,3.9948063468043156e-05,4.768549223847422,3.773571737009171e-06,36.8602893765342,2.9169237786968357e-05,0.0,0.0,0.0,0.0,3.348521697889173e-05,0.0,0.0001063760899709124,0.03939437291634318,0.0,0.0,0.04018226037467007,1.0,1.0393943729163433,0.9606056270836568,0.03939437291634321,0.0,0.5196971864581716,0.48030281354182836,0.2,LIVE_IBKR_CHECK_REQUIRED,1.0,0.29868710114374575,
2010-04-30,2010-05-31,-0.04576278557407913,-0.045882272819528135,1231370.648226757,0.15763160230104342,406432.5676661344,50.53604413123601,3.919999647718556e-05,5.295026827629678,4.1072671309741815e-06,40.64325676661345,3.152632046020869e-05,0.0,0.0,0.0,0.0,3.9302003286967186e-05,0.0,0.00011413558735533562,0.04474611379920357,1.1102230246251565e-16,0.0,0.0456410360751877,0.9999999999999999,1.0447461137992038,0.9552538862007964,0.044746113799203624,0.0,0.5223730568996019,0.4776269431003981,0.2,LIVE_IBKR_CHECK_REQUIRED,1.0,0.4040919416998696,
2010-05-31,2010-06-30,-0.012116357299272868,-0.01230586749557485,1216310.4188379499,0.26648439139553604,656282.1155500681,127.03858673541949,0.00010316843829139681,9.311073364616066,7.561552143560133e-06,65.62821155500681,5.329687827910721e-05,0.0,0.0,0.0,0.0,2.3183269277860438e-05,0.0,0.00018721013799192463,0.027274434444541584,0.0,0.0,0.02781992313343253,1.0,1.027274434444542,0.9727255655554584,0.027274434444541695,0.0,0.513637217222271,0.48636278277772904,0.2,LIVE_IBKR_CHECK_REQUIRED,1.0,0.3162875883969627,
2010-06-30,2010-07-31,0.01593878988429614,0.015850039598021136,1235742.5805899552,0.16330003479624794,397247.0674385523,60.174968293407304,4.947336416874389e-05,5.291548927037511,4.3504921482897446e-06,39.72470674385522,3.2660006959249585e-05,0.0,0.0,0.0,0.0,3.6883271186349116e-06,0.0,9.017219039491812e-05,0.004199233911159284,0.0,0.0,0.004283218589382478,1.0,1.0041992339111592,0.9958007660888407,0.004199233911159292,0.0,0.5020996169555796,0.4979003830444204,0.2,LIVE_IBKR_CHECK_REQUIRED,1.0,0.33886897399521687,
2010-07-31,2010-08-31,0.002671216175264307,0.002451882740455884,1238776.1940073683,0.19458150188601034,480905.2945513753,71.53999402776223,5.78923111912259e-05,4.420146768864289,3.5769154824737596e-06,48.09052945513753,3.8916300377202066e-05,0.0,0.0,0.0,0.00011370265252251983,5.807809313681347e-06,0.0,0.00021989598888710288,-0.08496798213225087,0.0,0.09158028875124291,0.006744552751371888,1.091580288751243,1.098192595370235,1.0849679821322509,0.006612306618992047,0.09158028875124291,0.5490962976851175,0.4509037023148825,0.2,LIVE_IBKR_CHECK_REQUIRED,1.0,0.3071997742310206,
2010-08-31,2010-09-30,0.027133558333801242,0.027025776694457933,1272711.5824278463,0.14529954806547363,359987.2422870762,73.3695542888656,5.922744935186347e-05,6.931967091234445,5.595818780477156e-06,35.99872422870764,2.905990961309474e-05,0.0,0.0,0.0,1.7455402751345717e-06,1.511149006908212e-05,0.0,0.00011074020808965206,0.01638179139057716,0.0,0.0013964322201076573,0.018133788082898544,1.0013964322201077,1.0191746558307926,0.9836182086094228,0.017778223610684846,0.0013964322201076573,0.5095873279153963,0.4904126720846037,0.2,LIVE_IBKR_CHECK_REQUIRED,1.0,0.42541598511852496,
2010-09-30,2010-10-31,0.020516386613923087,0.020206908521094497,1298690.7442444162,0.14491219699586205,368862.86310339876,62.87876917849359,4.94053562854712e-05,0.6307313075607525,4.955807083625017e-07,36.886286310339884,2.8982439399172417e-05,0.0,0.0,5.3228652424190965e-05,0.00023696079350340446,0.0,0.0,0.00031584416989641055,-0.23589407771693316,0.0,0.23589407771693316,-0.0,1.2358940777169332,1.2358940777169332,1.2358940777169332,-0.0,0.23589407771693316,0.6179470388584666,0.3820529611415334,0.2,LIVE_IBKR_CHECK_REQUIRED,1.0,0.20540306494096844,
2010-10-31,2010-11-30,-0.008399201550944573,-0.008812317948293551,1287296.546871092,0.11763335008380148,305538.6859365922,69.94256249046187,5.385621080340782e-05,3.997184777215,3.0778572919918506e-06,30.553868593659224,2.35266700167603e-05,0.0,0.0,0.0,0.00029213407119118656,3.698166422041099e-05,0.0,0.0004095764735237575,-0.26855273228069976,0.0,0.31206057254000674,0.044377997064493184,1.3120605725400067,1.3555684127993137,1.2685527322806998,0.04350784025930704,0.31206057254000674,0.6777842063996569,0.32221579360034314,0.2,LIVE_IBKR_CHECK_REQUIRED,1.0,0.2451976466866146,
2010-11-30,2010-12-31,0.03906039628037684,0.03844928124261096,1337756.0229046827,0.2442536353105363,628853.7225919288,104.27633908154611,8.100413174804251e-05,4.723392539946869,3.669234219129668e-06,62.88537225919288,4.885072706210726e-05,0.0,0.0,0.0,0.000464002049030743,3.773748510125081e-05,0.0,0.0006352636271612732,-0.4570351213268493,0.0,0.4999999999999998,0.04382417624661384,1.4999999999999998,1.5429648786731507,1.4570351213268493,0.042964878673150825,0.4999999999999998,0.7714824393365753,0.22851756066342466,0.2,LIVE_IBKR_CHECK_REQUIRED,0.994380670872173,0.20214501632135812,
2010-12-31,2011-01-31,0.006336699507236446,0.005764125476570317,1345489.282806408,0.25589979491190945,684662.9838069599,113.62312274730708,8.493560918574381e-05,11.275584143068956,8.428729865544668e-06,68.466298380696,5.11799589823819e-05,0.0,0.0,0.0,0.0003802439118746427,5.1260639112400264e-05,0.0,0.0005760488490207133,-0.3458362930393828,0.0,0.40419755199088203,0.059528484130529344,1.404197551990882,1.4625588109423815,1.3458362930393828,0.05836125895149936,0.40419755199088203,0.7312794054711907,0.26872059452880925,0.2,LIVE_IBKR_CHECK_REQUIRED,1.0,0.3324901596005306,
2011-01-31,2011-02-28,0.04079462774988864,0.040342165681336674,1400878.9928240983,0.06629284018103308,178392.61198075602,36.74271229539454,2.7308067604044355e-05,1.2877580167249805,9.570927343538463e-07,17.8392611980756,1.3258568036206614e-05,0.0,0.0,0.0,0.0003859943424366804,4.367707874221764e-05,0.0,0.0004711951495535029,-0.40406209628102374,0.0,0.4591172375527266,0.05615624409713696,1.4591172375527266,1.5141723788244295,1.4040620962810237,0.0550551412717029,0.4591172375527266,0.7570861894122147,0.24291381058778527,0.2,LIVE_IBKR_CHECK_REQUIRED,1.0,0.3197054462517229,
2011-02-28,2011-03-31,0.019388915556319754,0.01884075503250431,1427522.8174940797,0.09040265396154568,253286.35766055115,48.12053673228369,3.435024508096536e-05,2.089633784464484,1.4916590192075709e-06,25.328635766055115,1.8080530792309133e-05,0.0,0.0,0.0,0.00046129022698406907,4.3526650796790295e-05,0.0,0.0005587393126733414,-0.45044404083856904,0.0,0.5,0.05054707834465969,1.5,1.5495559591614312,1.450444040838569,0.04955595916143107,0.5,0.7747779795807156,0.2252220204192844,0.2,LIVE_IBKR_CHECK_REQUIRED,0.9529619407182652,0.21209574009118332,
2011-03-31,2011-04-30,0.05128916889096134,0.050798796522654045,1501912.721068127,0.0416862957760966,119016.27679436993,26.843431116532173,1.880420458963592e-05,1.3813592315210599,9.676617526478093e-07,11.901627679436995,8.33725915521932e-06,0.0,0.0,0.0,0.000445854758202611,4.208888777205225e-05,0.0,0.0005160527714721663,-0.45048366144464413,0.0,0.4999999999999998,0.05050666532646269,1.4999999999999998,1.5495163385553554,1.4504836614446441,0.049516338555355574,0.4999999999999998,0.7747581692776777,0.2252418307223223,0.2,LIVE_IBKR_CHECK_REQUIRED,0.95515548561554,0.2111848795898936,
2011-04-30,2011-05-31,-0.02053591707153394,-0.02107173568361632,1470595.9216103312,0.026017378843453873,78151.66450766426,25.382532928748148,1.6900138451917934e-05,0.6311114603186011,4.2020515005010985e-07,7.815166450766427,5.203475768690776e-06,0.0,0.0,0.00011282320637159874,0.00045922270441952923,4.30401682157931e-05,0.0,0.0005247866920059811,-0.45099791094976127,0.0,0.5000000000000002,0.04998213083124361,1.5000000000000002,1.549002089050239,1.4509979109497613,0.04900208905023883,0.5000000000000002,0.7745010445251195,0.22549895547488052,0.2,LIVE_IBKR_CHECK_REQUIRED,0.9361093488673787,0.17133566728890548,
2011-05-31,2011-06-30,-0.01943515169183375,-0.019987385993240105,1441494.3542376205,0.09074734573617943,266905.3530731763,42.27525121781578,2.8747020576205295e-05,3.9807253036840806,2.706879058473866e-06,26.690535307317628,1.8149469147235886e-05,0.0,0.0,0.0,0.00044499985191108206,4.685242832718278e-05,0.0,0.0005414556490201799,-0.4448794960856677,0.0,0.5000000000000004,0.05622291399261935,1.5000000000000004,1.555120503914333,1.4448794960856677,0.055120503914332694,0.5000000000000004,0.7775602519571665,0.2224397480428335,0.2,LIVE_IBKR_CHECK_REQUIRED,0.9432603559931833,0.13875549351940009,
2011-06-30,2011-07-31,0.02172646901455911,0.021149941310374485,1472306.5648844058,0.11880255672785682,342506.4295844005,47.896419154665864,3.3226921086345417e-05,5.26849073315993,3.6548812818253016e-06,34.25064295844005,2.3760511345571364e-05,0.0,0.0,0.0,0.0004530700531570664,7.530850161709624e-05,0.0,0.0005890208684879047,-0.4057194119080825,0.0,0.49145964145316356,0.08745503413598271,1.4914596414531636,1.5771998709982449,1.4057194119080825,0.08574022954508109,0.49145964145316356,0.7885999354991224,0.21140006450087756,0.2,LIVE_IBKR_CHECK_REQUIRED,1.0,0.17512077743876558,
2011-07-31,2011-08-31,-0.010306218540365373,-0.010869823544422702,1456389.5167932247,0.1269258598727016,373747.5534883535,59.56837672395207,4.045922102414107e-05,4.812427217821685,3.268631229800649e-06,37.37475534883535,2.5385171974540323e-05,0.0,0.0,0.0,0.0004384063062447836,5.014969992350372e-05,0.0,0.0005576690303967693,-0.41806024966373423,0.0,0.47515668221421303,0.05823836120148819,1.475156682214213,1.5322531147646914,1.4180602496637342,0.05709643255047862,0.47515668221421303,0.7661265573823457,0.2338734426176543,0.2,LIVE_IBKR_CHECK_REQUIRED,1.0,0.2493619734217873,
2011-08-31,2011-09-30,-0.0645548019647761,-0.064999213816143,1364736.3031240983,0.162462114536411,473216.24097377824,68.87909775526924,4.7294420181581516e-05,9.827698323115296,6.747987547146436e-06,47.32162409737782,3.249242290728219e-05,0.0,0.0,0.0,0.00027754222705485255,5.245970604755057e-05,0.0,0.0004165367637384133,-0.23700189642981995,0.0,0.29871919766223254,0.06295164725706069,1.2987191976622325,1.3604364988946451,1.23700189642982,0.061717301232412446,0.29871919766223254,0.6802182494473226,0.31978175055267744,0.2,LIVE_IBKR_CHECK_REQUIRED,1.0,0.41645615505346384,
2011-09-30,2011-10-31,0.023940484854163238,0.023707943688265426,1397477.9798932516,0.23685984912683689,646502.4697117822,108.88083893698385,7.978159494089685e-05,15.403842583317305,1.1287046844181883e-05,64.65024697117823,4.737196982536739e-05,0.0,0.0,0.0,0.0,9.970718700234346e-05,0.0,0.00023814779861278958,0.11351861897800009,0.0,0.0,0.11578899135756014,1.0,1.113518618978,0.8864813810219999,0.11351861897800014,0.0,0.556759309489,0.443240690511,0.2,LIVE_IBKR_CHECK_REQUIRED,1.0,0.4747273697515646,
2011-10-31,2011-11-30,-0.0009282224967923078,-0.0012557259675489323,1395724.2318487512,0.16745617058876652,468032.6219900983,68.03011830569211,4.868063703650536e-05,3.4352408892544473,2.4581717484499134e-06,46.80326219900983,3.34912341177533e-05,0.0,0.0,3.128291351772871e-05,0.0001493726316409986,9.314336751173553e-05,0.0,0.00032714604205544273,-0.033887986531499825,0.0,0.14346841889824757,0.11177204101408265,1.1434684188982476,1.253048851264995,1.0338879865314998,0.1095804323667477,0.14346841889824757,0.6265244256324976,0.37347557436750245,0.2,LIVE_IBKR_CHECK_REQUIRED,1.0,0.41911518321412217,
2011-11-30,2011-12-31,-0.0007890062397845464,-0.0011227081391033049,1394158.1202013611,0.06713504452725577,187404.01690587154,33.661081282988164,2.4117286577736994e-05,1.3161191867950492,9.429650619820087e-07,18.740401690587152,1.3427008905451153e-05,0.0,0.0,0.0,0.00020336340746030651,9.153241389751545e-05,0.0,0.0003333830819029921,-0.09612878454420049,0.0,0.20034026146736772,0.10629570646163086,1.2003402614673677,1.3045517383905354,1.0961287845442005,0.10421147692316751,0.20034026146736772,0.6522758691952677,0.3477241308047323,0.2,LIVE_IBKR_CHECK_REQUIRED,1.0,0.49437344681631157,
2011-12-31,2012-01-31,0.027591297210868393,0.02723459790466889,1432649.2217410097,0.2225529463073779,620547.9945383368,75.97220609862178,5.4493249365178864e-05,10.989324754318792,7.882409172305062e-06,62.05479945383369,4.4510589261475585e-05,0.0,0.0,0.0,0.00010432651868562232,0.0001553999784991785,0.0,0.00036661274498376033,0.09163653291145502,0.0,0.08528943881436479,0.18046449116033633,1.0852894388143648,1.2622154105401848,0.908363467088545,0.17692597172581992,0.08528943881436479,0.6311077052700924,0.3688922947299076,0.2,LIVE_IBKR_CHECK_REQUIRED,1.0,0.4533610499392635,
2012-01-31,2012-02-29,0.012380604819814775,0.011797739050906761,1449651.3394796026,0.2444098585997648,700307.1874175665,84.31667369825809,5.885367640502625e-05,1.8058813958047735,1.2605188823613067e-06,70.03071874175666,4.8881971719952965e-05,0.0,0.0,9.21273659409078e-05,0.0003793084925723826,0.00010165024668635397,0.0,0.0005899549062660771,-0.3122530687123535,0.0,0.4359653364847924,0.12618651312788767,1.4359653364847924,1.5596776042572313,1.3122530687123535,0.12371226777243889,0.4359653364847924,0.7798388021286157,0.22016119787138433,0.2,LIVE_IBKR_CHECK_REQUIRED,1.0,0.21684539675920997,
2012-02-29,2012-03-31,0.0002883831257844676,-0.00025418063759083956,1449282.9130032714,0.1664328523386371,482539.2146522325,60.661653373077904,4.184568504234562e-05,6.308501019006213,4.351736757109365e-06,48.25392146522324,3.3286570467727425e-05,0.0,0.0,0.0,0.0003691702634990908,9.391879285873444e-05,0.0,0.0005425730486250076,-0.2872943852841079,0.0,0.39422280220107275,0.1090669852553045,1.3942228022010728,1.5011512191180385,1.287294385284108,0.1069284169169652,0.39422280220107275,0.7505756095590193,0.24942439044098075,0.2,LIVE_IBKR_CHECK_REQUIRED,1.0,0.18658399495889516,
2012-03-31,2012-04-30,0.009658416760779075,0.009118925316278607,1462559.2566429893,0.20153163426534448,584152.7079407768,106.77646122521189,7.367537439873954e-05,4.992392865475399,3.444733130213983e-06,58.415270794077685,4.0306326853068906e-05,0.0,0.0,9.636315238432804e-05,0.0003960911867377839,3.10627895878073e-05,0.0,0.0005445804107076137,-0.40426514548985004,0.0,0.440809603828447,0.03727534750536876,1.440809603828447,1.4773540621670436,1.40426514548985,0.036544458338596826,0.440809603828447,0.7386770310835218,0.2613229689164782,0.2,LIVE_IBKR_CHECK_REQUIRED,1.0,0.2328746886570809,
2012-04-30,2012-05-31,-0.019212342249151363,-0.019743429676833176,1433966.5090508354,0.13535079257051247,395917.1091359363,44.51465819004831,3.0436139929279004e-05,6.341326791568265,4.335774268813904e-06,39.59171091359362,2.707015851410249e-05,0.0,0.0,0.0,0.00037767506836372403,8.132592556238713e-05,0.0,0.0005208430666383066,-0.3118125663370581,0.0,0.4044037529356015,0.09444301033051408,1.4044037529356015,1.4969949395341446,1.3118125663370581,0.09259118659854322,0.4044037529356015,0.7484974697670723,0.2515025302329277,0.2,LIVE_IBKR_CHECK_REQUIRED,1.0,0.23851134009709973,
2012-05-31,2012-06-30,0.004665236949896878,0.004213088211622087,1440020.680870758,0.27987444772299475,802661.1695477467,116.16383391196703,8.100874963171745e-05,15.874965701673839,1.1070666993597866e-05,80.26611695477467,5.597488954459896e-05,0.0,0.0,0.0,0.000189325274191121,0.00011678078520055885,0.0,0.00045416036556159407,-0.05493285213648913,0.0,0.19232201119597003,0.1401369422406706,1.19232201119597,1.3297111702554512,1.0549328521364891,0.137389159059481,0.19232201119597003,0.6648555851277256,0.3351444148722744,0.2,LIVE_IBKR_CHECK_REQUIRED,1.0,0.3464025516212472,IEF
2012-06-30,2012-07-31,0.019833145816737237,0.019412107620269584,1468247.6029375398,0.08711788649964686,250903.11646648575,33.93561518688067,2.3566060986263292e-05,1.61486237435247,1.1214160989521262e-06,25.09031164664858,1.7423577299929373e-05,0.0,0.0,0.0,0.0002671988749917825,0.00012007173828755432,0.0,0.0004293816676644816,-0.1388696778121543,0.0,0.2755737441736963,0.13943814768877277,1.2755737441736963,1.412277810535238,1.1388696778121543,0.13670406636154192,0.2755737441736963,0.706138905267619,0.293861094732381,0.2,LIVE_IBKR_CHECK_REQUIRED,1.0,0.3942853377241473,
2012-07-31,2012-08-31,0.00964899741870432,0.00913971954021522,1481728.4861467497,0.2453319153879071,720415.9933847398,64.23445673762345,4.374906290267992e-05,10.268017254903286,6.993382610916542e-06,72.04159933847401,4.906638307758144e-05,0.0,0.0,0.0,0.00022870192931024756,0.00018557400853551142,0.0,0.0005140847664369369,-0.02025542946185821,0.0,0.23153513557439465,0.21550530023478745,1.2315351355743946,1.4428148416869315,1.0202554294618582,0.2112797061125367,0.23153513557439465,0.7214074208434658,0.27859257915653424,0.2,LIVE_IBKR_CHECK_REQUIRED,1.0,0.3620924031769537,
2012-08-31,2012-09-30,0.006583601066448776,0.006125970950185559,1490833.3714668055,0.07142595385288876,211667.74094805695,46.47010993096649,3.136209525930927e-05,1.2394178002594332,8.364675524883456e-07,21.166774094805692,1.4285190770577752e-05,0.0,0.0,0.0,0.00026065457464666004,0.00015340919342561675,0.0,0.00046054752165465215,-0.09855971168285005,0.0,0.2790411157129873,0.1840910321107401,1.2790411157129873,1.4595225197431247,1.09855971168285,0.18048140403013735,0.2790411157129873,0.7297612598715624,0.2702387401284376,0.2,LIVE_IBKR_CHECK_REQUIRED,1.0,0.2868144075239949,
2012-09-30,2012-10-31,-0.015037121718182138,-0.01579280974333803,1467473.86530187,0.3086789719937002,920377.8250365515,161.50054995810152,0.00010832904135973551,10.558365918818229,7.082190485466551e-06,92.03778250365515,6.173579439874004e-05,0.0,0.0,9.633889992937776e-05,0.00039674815842878446,0.00017023327734873818,0.0,0.0007441284620214647,-0.2333875301895172,0.0,0.4272015081956704,0.1976902575662766,1.4272015081956704,1.621015486201824,1.2333875301895172,0.19381397800615352,0.4272015081956704,0.810507743100912,0.189492256899088,0.2,LIVE_IBKR_CHECK_REQUIRED,1.0,0.31268152565699664,
2012-10-31,2012-11-30,0.011047455688370351,0.010461328933380374,1482906.1725876727,0.22254276233576836,653151.3752796508,131.17782957251,8.939023220391443e-05,8.725799689719178,5.946136347664507e-06,65.31513752796508,4.450855246715367e-05,0.0,0.0,0.0,0.00033125523371178715,0.00012136406245826813,0.0,0.0005924642171887879,-0.22065287345687712,0.0,0.3634341234077807,0.14563687494992175,1.3634341234077807,1.5062153733586845,1.2206528734568771,0.1427812499509037,0.3634341234077807,0.7531076866793422,0.24689231332065775,0.2,LIVE_IBKR_CHECK_REQUIRED,1.0,0.3226121643960548,
2012-11-30,2012-12-31,0.01139637273753716,0.010739725213252555,1498918.0048351865,0.18098747631262835,536774.8915701235,131.14799411004304,8.84398463870372e-05,9.02001539352246,6.082660899430019e-06,53.67748915701235,3.6197495262525665e-05,0.0,0.0,0.0,0.0003566081959799547,0.00017662751366233153,0.0,0.0006639557121912792,-0.17931412855805595,0.0,0.3804080720066305,0.2051158223175463,1.3804080720066305,1.5815020154552055,1.179314128558056,0.20109394344857479,0.3804080720066305,0.7907510077276028,0.20924899227239724,0.2,LIVE_IBKR_CHECK_REQUIRED,1.0,0.2820747875206928,
2012-12-31,2013-01-31,0.03406358931836892,0.03343999267181917,1549889.3021086808,0.13901422417750817,416741.8470957238,45.462342715552865,3.0330106496086607e-05,1.9443320709145389,1.2971570590536257e-06,41.67418470957239,2.780284483550164e-05,0.0,0.0,0.0,0.0004592799790508152,0.00012629329882089878,0.0,0.0006450033862623559,-0.3562125630122599,0.0,0.5,0.14666318572749534,1.5,1.6437874369877408,1.35621256301226,0.14378743698774052,0.5,0.8218937184938704,0.17810628150612962,0.2,LIVE_IBKR_CHECK_REQUIRED,0.9472596050859801,0.2682465836401099,
2013-01-31,2013-02-28,-0.002704427962479201,-0.0033466777113214468,1544710.9920269616,0.22895239225057673,709701.7268827187,73.27258278995889,4.7276010415885107e-05,10.020141601645152,6.4650692072087885e-06,70.97017268827184,4.5790478450115336e-05,0.0,0.0,0.0,0.00037696529591085056,0.0001638126819185835,0.0,0.0006403095359026433,-0.2459227238371946,0.0,0.4524092976841485,0.21061630532389308,1.4524092976841485,1.6588958715311029,1.2459227238371946,0.20648657384695399,0.4524092976841485,0.8294479357655514,0.17055206423444857,0.2,LIVE_IBKR_CHECK_REQUIRED,1.0,0.26870543682490877,
2013-02-28,2013-03-31,0.028835459559867074,0.028120759873646636,1588765.9654721313,0.35630754440647033,1100784.360773619,174.0691670908632,0.0001126872068557307,13.515961928690851,8.749832168252573e-06,110.0784360773619,7.126150888129407e-05,0.0,0.0,0.0,0.0004114236545224459,0.00013122337801636683,0.0,0.00073534558044409,-0.2960133636915627,0.0,0.44541379407072834,0.1523884389867486,1.4454137940707283,1.5948142244498935,1.2960133636915627,0.14940043037916528,0.44541379407072834,0.7974071122249468,0.20259288777505324,0.2,LIVE_IBKR_CHECK_REQUIRED,1.0,0.240309582816523,
2013-03-31,2013-04-30,0.021656283541167783,0.02105895819046195,1622578.5003035476,0.05924607491125087,188256.29481361542,40.622646803857634,2.556867889084335e-05,1.135985389926945,7.150111562147959e-07,18.825629481361535,1.184921498225017e-05,0.0,0.0,0.0,0.0004428924718338139,0.0001291946407427788,0.0,0.000610220017605901,-0.34800630500849583,0.0,0.5,0.1550335688913346,1.5,1.6519936949915046,1.3480063050084958,0.1519936949915045,0.5,0.8259968474957523,0.1740031525042477,0.2,LIVE_IBKR_CHECK_REQUIRED,0.9885816217204407,0.23836822933908897,
2013-04-30,2013-05-31,-0.0021224036933998242,-0.0027438727614943954,1618132.4538355411,0.059763071603771895,193940.55019276348,33.786480640978304,2.082270943110464e-05,2.3701004899007434,1.4607000459191043e-06,19.394055019276344,1.1952614320754377e-05,0.0,0.0,0.00011321005522241122,0.00045709082367817694,0.00012863194855621893,0.0,0.000619958796032174,-0.3535499636931094,0.0,0.5,0.14937903703302843,1.5,1.6464500363068906,1.3535499636931094,0.14645003630689063,0.5,0.8232250181534453,0.1767749818465547,0.2,LIVE_IBKR_CHECK_REQUIRED,0.9859186978814692,0.2509679998677359,
2013-05-31,2013-06-30,-0.01927528922014735,-0.019921692205528304,1586215.4926576915,0.4570108259650109,1479008.098496341,181.5304551959061,0.0001121851643019799,27.494211220802992,1.69913230252765e-05,147.9008098496341,9.140216519300217e-05,0.0,0.0,0.0,0.0001844694483530871,0.00022880970756118847,0.0,0.0006338578084345342,0.07872437226087825,0.0,0.19046351898757896,0.2745716490734262,1.190463518987579,1.459651410236036,0.9212756277391217,0.26918789124845705,0.19046351898757896,0.729825705118018,0.27017429488198197,0.2,LIVE_IBKR_CHECK_REQUIRED,1.0,0.43660766134199575,
2013-06-30,2013-07-31,0.04280790847500981,0.04237128970048863,1654869.7014246406,0.18729933580622538,594194.2164406604,135.11774147022592,8.51824623423878e-05,8.408029001224996,5.3006852096353e-06,59.41942164406603,3.745986716124507e-05,0.0,0.0,0.0,0.0001357843609108447,0.00019188848878122773,0.0,0.00045561586440534063,0.09230537170514841,0.0,0.1261634959774638,0.22283824503626445,1.1261634959774638,1.3446323636600759,0.9076946282948516,0.2184688676826122,0.1261634959774638,0.6723161818300379,0.32768381816996206,0.2,LIVE_IBKR_CHECK_REQUIRED,1.0,0.5299798743964506,
2013-07-31,2013-08-31,-0.021374269325593474,-0.021881182588107655,1619052.485898762,0.17851853620714261,590849.833423756,114.43306316364756,6.91492889531633e-05,11.784233615643068,7.120943483041766e-06,59.08498334237558,3.5703707241428514e-05,0.0,0.0,0.0,0.00010664305944542485,0.00027745059397699025,0.0,0.0004960675931000487,0.2222533353988806,0.0,0.09362969379693364,0.3222006897797306,1.0936296937969336,1.4095127229927482,0.7777466646011194,0.3158830291958143,0.09362969379693364,0.7047563614963741,0.2952436385036259,0.2,LIVE_IBKR_CHECK_REQUIRED,1.0,0.4529271543727142,
2013-08-31,2013-09-30,0.034896037727380515,0.03455213068085007,1675971.8794790844,0.1145681983070449,370983.85254792677,61.83960352702933,3.819493442345149e-05,7.2351374044531065,4.4687479050049235e-06,37.098385254792674,2.2913639661408977e-05,0.0,0.0,0.0,0.0,0.00029048133938380604,0.0,0.00035605866137367146,0.3417427522162426,1.1102230246251565e-16,0.0,0.34857760726056736,0.9999999999999999,1.3417427522162424,0.6582572477837574,0.3417427522162425,0.0,0.6708713761081212,0.3291286238918788,0.2,LIVE_IBKR_CHECK_REQUIRED,1.0,0.5029778247729342,
2013-09-30,2013-10-31,0.032499435426743946,0.03204545926377369,1730548.9716553492,0.11656439735895989,390717.3042440856,62.61491657954689,3.736036227469908e-05,3.795029646164634,2.2643754902046344e-06,39.071730424408564,2.3312879471791976e-05,0.0,0.0,0.0,9.851177929425417e-05,0.0003074166666666666,0.0,0.0004688660631976165,0.26543266016218636,0.0,0.08456733983781328,0.3569999999999999,1.0845673398378133,1.4345673398378134,0.7345673398378136,0.34999999999999987,0.08456733983781328,0.7172836699189067,0.2827163300810933,0.2,LIVE_IBKR_CHECK_REQUIRED,0.9534808922128621,0.38936364723744477,
2013-10-31,2013-11-30,0.025656133021976,0.025154187440539894,1774631.6322617554,0.07727811564239959,267467.12711283553,42.045536558228086,2.4296068615735045e-05,1.5491945530190865,8.952041105991997e-07,26.746712711283553,1.5455623128479917e-05,0.0,0.0,0.0,0.00017671406280714335,0.0002975,0.0,0.0005148609586619576,0.16683569041196866,0.0,0.18316430958803087,0.357,1.1831643095880309,1.5331643095880312,0.8331643095880313,0.35,0.18316430958803087,0.7665821547940156,0.2334178452059844,0.2,LIVE_IBKR_CHECK_REQUIRED,0.9738466794067454,0.3132667800788861,
2013-11-30,2013-12-31,0.028463963323612316,0.027958861741314622,1824948.4353106664,0.025623900238261364,90945.9678094763,30.111072327276247,1.6967505695195966e-05,1.1468314693444919,6.46236350404091e-07,9.094596780947631,5.124780047652274e-06,0.0,0.0,0.0,0.00018939893283392853,0.00030741666666666667,0.0,0.0005195541215938475,0.15822771343787811,0.0,0.19177228656212186,0.35699999999999993,1.1917722865621219,1.5417722865621215,0.8417722865621219,0.3499999999999999,0.19177228656212186,0.7708861432810608,0.22911385671893925,0.2,LIVE_IBKR_CHECK_REQUIRED,0.9723261981012503,0.3113765263589485,
2013-12-31,2014-01-31,-0.036095979949130094,-0.0366035474844784,1759356.6184637607,0.08612667219499517,314353.4713215422,54.288927057904175,2.9748197816154957e-05,5.766779297619482,3.1599683509072875e-06,31.435347132154217,1.722533443899903e-05,0.0,0.0,0.0,0.000131898712842662,0.0003074166666666667,0.0,0.00048944888011539,0.22422533561011382,0.0,0.12577466438988605,0.357,1.125774664389886,1.4757746643898861,0.7757746643898862,0.35,0.12577466438988605,0.7378873321949431,0.26211266780505693,0.2,LIVE_IBKR_CHECK_REQUIRED,0.9578018652184899,0.3027381203386388,
2014-01-31,2014-02-28,0.04154331023318451,0.04107416406000697,1833125.3443286293,0.19013402040685168,669027.0943958365,143.86539789664724,8.177159558604325e-05,2.029920653350357,1.1537857828521702e-06,66.90270943958366,3.802680408137034e-05,0.0,0.0,5.172031811831285e-05,0.00021942416448503786,0.00014855551100868825,0.0,0.0004889318609439918,-0.06644245723153097,0.0,0.25369730304080207,0.19099994272545634,1.253697303040802,1.440952148850073,1.066442457231531,0.18725484580927093,0.25369730304080207,0.7204760744250365,0.2795239255749635,0.2,LIVE_IBKR_CHECK_REQUIRED,1.0,0.3137066782304064,
2014-02-28,2014-03-31,-0.0019706212835758933,-0.0025834550056454213,1828395.6595763098,0.19479459860744106,714165.8312912451,150.0522244687325,8.185595433120161e-05,14.236634886174093,7.766318288173671e-06,71.4165831291245,3.895891972148821e-05,0.0,0.0,0.0,0.00022314368325463497,0.00025971499781714486,0.0,0.0006114398734126433,0.06383192136854632,0.0,0.23185877823351597,0.30160451359410373,1.231858778233516,1.5275494778355787,0.9361680786314537,0.29569069960206246,0.23185877823351597,0.7637747389177894,0.23622526108221065,0.2,LIVE_IBKR_CHECK_REQUIRED,1.0,0.1951633214639596,
2014-03-31,2014-04-30,0.001650311408323511,0.0012100503185167697,1830609.4494550056,0.052311181010387814,191291.07261340754,33.44464687019746,1.8291799532026626e-05,2.824582156361325,1.5448418626282778e-06,19.12910726134075,1.0462236202077561e-05,0.0,0.0,0.0,0.00017877935634673527,0.00023181296288312045,0.0,0.00044089119682658824,0.08553228382184297,0.0,0.18718884898182853,0.2781755554597445,1.1871888489818285,1.4599099817854992,0.914467716178157,0.27272113280367105,0.18718884898182853,0.7299549908927496,0.2700450091072504,0.2,LIVE_IBKR_CHECK_REQUIRED,1.0,0.21207794004305877,
2014-04-30,2014-05-31,0.01579729441205902,0.01520844928360515,1858662.9649365954,0.1087713796189895,398235.8307215595,80.36914082620939,4.3902942186896415e-05,3.0796029429134326,1.6822828833480933e-06,39.823583072155955,2.1754275923797898e-05,0.0,0.0,0.0,0.00027530311902124074,0.0002554024359676519,0.0,0.000598045055982935,-0.0016127777305419144,0.0,0.2923935397430486,0.29659637725275706,1.2923935397430486,1.5831743017555557,1.001612777730542,0.2907807620125069,0.2923935397430486,0.7915871508777779,0.20841284912222213,0.2,LIVE_IBKR_CHECK_REQUIRED,1.0,0.22267002173727407,
2014-05-31,2014-06-30,0.027834145052467885,0.02715957761263754,1909835.2289954594,0.2795630119061518,1039226.8331921856,97.44142993185213,5.2425550931002784e-05,5.1122353651743175,2.750490789140306e-06,103.92268331921858,5.591260238123037e-05,0.0,0.0,0.0,0.00043908421490037117,0.00014320044742462655,0.0,0.0006933733064263712,-0.33152888538279224,0.0,0.4999999999999998,0.17184053690955187,1.4999999999999998,1.6684711146172078,1.3315288853827922,0.1684711146172077,0.4999999999999998,0.8342355573086039,0.16576444269139612,0.2,LIVE_IBKR_CHECK_REQUIRED,0.923079694004847,0.24689910814867067,
2014-06-30,2014-07-31,-0.030600643049351412,-0.03125933655023118,1851058.4937348508,0.10092462286770124,385498.8004516331,38.906729560037334,2.037177289922629e-05,4.313624584102749,2.2586370376944203e-06,38.5498800451633,2.0184924573540238e-05,0.0,0.0,0.0,0.0004530996760649474,0.00014271696940368692,0.0,0.0006386319799790952,-0.33751388682692185,0.0,0.5,0.16573583543653966,1.5,1.6624861131730782,1.3375138868269218,0.1624861131730781,0.5,0.8312430565865391,0.16875694341346092,0.2,LIVE_IBKR_CHECK_REQUIRED,0.8723494202448825,0.2133907584670764,
2014-07-31,2014-08-31,0.03916899677218489,0.038493431259484116,1923701.2515113233,0.2227241101619741,824550.7117497176,100.53100596240243,5.431001035497406e-05,12.941541625240403,6.991427698823533e-06,82.45507117497172,4.45448220323948e-05,0.0,0.0,0.00010350579725323209,0.0004170385760942027,0.00017942970619965,0.0,0.0007023145423800452,-0.2530069949585403,0.0,0.457291290442013,0.20836998139314195,1.457291290442013,1.6615755859254855,1.2530069949585403,0.2042842954834725,0.457291290442013,0.8307877929627427,0.16921220703725726,0.2,LIVE_IBKR_CHECK_REQUIRED,1.0,0.3217699181737666,
2014-08-31,2014-09-30,-0.037628964280044114,-0.03830474670208053,1851407.7928401066,0.1012589170738602,389583.8110033323,44.7175197017658,2.3245563554441857e-05,3.656082705303753,1.900545993007705e-06,38.958381100333234,2.025178341477204e-05,0.0,0.0,0.0,0.0004383263015158576,0.00016688186448375218,0.0,0.0006506060589618314,-0.3036683947249976,0.0,0.5000000000000002,0.2002582373805026,1.5000000000000002,1.6963316052750026,1.3036683947249976,0.19633160527500254,0.5000000000000002,0.8481658026375013,0.1518341973624987,0.2,LIVE_IBKR_CHECK_REQUIRED,0.9418616785262699,0.2208637061606999,
2014-09-30,2014-10-31,0.032448637374506734,0.031637996202548896,1910919.0703806456,0.357296424146785,1323002.7680385234,191.28092660068853,0.00010331647481469154,17.08620667968117,9.228764589712834e-06,132.3002768038524,7.145928482935702e-05,0.0,0.0,0.0,0.0004538111320536467,0.00019922182418814194,0.0,0.0008370374804755501,-0.2731819838465175,0.0,0.4999999999999998,0.23135437647655194,1.4999999999999998,1.726818016153482,1.2731819838465175,0.2268180161534823,0.4999999999999998,0.863409008076741,0.13659099192325896,0.2,LIVE_IBKR_CHECK_REQUIRED,0.9863553796975749,0.38169530690174186,
2014-10-31,2014-11-30,0.029964284380640662,0.029324947591124424,1967786.412677084,0.09218363418695626,352310.9290896959,46.79486089673152,2.448814375347158e-05,3.8231398799978837,2.0006812110762667e-06,35.2310929089696,1.8436726837391256e-05,0.0,0.0,0.0,0.0004384711833060692,0.0001751766815351325,0.0,0.0006585734166431407,-0.29390978642925525,0.0,0.4999999999999998,0.21021201784215907,1.4999999999999998,1.7060902135707439,1.2939097864292552,0.20609021357074417,0.4999999999999998,0.8530451067853719,0.14695489321462807,0.2,LIVE_IBKR_CHECK_REQUIRED,0.8950582120581757,0.3006521843922665,
2014-11-30,2014-12-31,0.014272127372835706,0.013518291824395727,1994568.1373876396,0.18847159223838944,741743.6767646371,92.66891875022431,4.709297622608973e-05,13.131518217427772,6.673243667519249e-06,74.17436767646372,3.76943184476779e-05,0.0,0.0,0.0,0.0004072479035406696,0.00026567493994652245,0.0,0.0007643833818284789,-0.14504757507433208,0.0,0.44752378753716604,0.3085257367120906,1.447523787537166,1.7500000000000002,1.145047575074332,0.3024762124628339,0.44752378753716604,0.8750000000000001,0.12499999999999989,0.2,LIVE_IBKR_CHECK_REQUIRED,0.9557602014593842,0.3539468526983879,IEF
2014-12-31,2015-01-31,0.007292353369801389,0.006591661599049745,2007759.082948016,0.06513720086515752,259841.17080852357,36.41665579513368,1.8257915140883546e-05,3.297967808061305,1.6534746275355509e-06,25.984117080852354,1.3027440173031502e-05,0.0,0.0,0.0,0.00040670237450041624,0.00026593171107981787,0.0,0.0007055729155216847,-0.14446289697195147,0.0,0.44723144848597585,0.30882392254430463,1.4472314484859758,1.75,1.1444628969719515,0.30276855151402415,0.44723144848597585,0.875,0.125,0.2,LIVE_IBKR_CHECK_REQUIRED,0.9609827966988619,0.36072062828028983,IEF
2015-01-31,2015-02-28,0.02410755594766028,0.023459178162724907,2055416.274667815,0.1858537566887155,746299.1361835583,82.84377179822346,4.126180899980439e-05,6.074760227550118,3.025642010111331e-06,74.62991361835584,3.717075133774311e-05,0.0,0.0,0.0,0.00040788246930705495,0.00017464257119644027,0.0,0.000663983242851154,-0.2798623052145708,0.0,0.5000000000000002,0.2245404486811375,1.5000000000000002,1.7201376947854286,1.2798623052145708,0.22013769478542894,0.5000000000000002,0.8600688473927143,0.13993115260728572,0.2,LIVE_IBKR_CHECK_REQUIRED,0.897125633177505,0.31803307162797967,IEF
2015-02-28,2015-03-31,0.000965441238471887,0.0002476735843597899,2055925.4100310006,0.12281356010039078,504865.9803604741,52.013358460446774,2.5305510665401773e-05,6.196296093906646,3.0146185812934934e-06,50.486598036047404,2.4562712020078154e-05,0.0,0.0,0.0,0.00044860085848571005,0.00021671946913135915,0.0,0.0007182031688838426,-0.2532605664538605,0.0,0.5,0.25167422221706226,1.5,1.7467394335461393,1.2532605664538605,0.24673943354613947,0.5,0.8733697167730696,0.12663028322693037,0.2,LIVE_IBKR_CHECK_REQUIRED,0.9283873684315764,0.29510588986725106,IEF
2015-03-31,2015-04-30,-0.01120856488157767,-0.011880052905705197,2031645.4167557072,0.028020516964315796,115216.18565828312,29.082588972157055,1.4145741295020294e-05,1.4770039195056694,7.184131838145811e-07,11.521618565828312,5.6041033928631595e-06,0.0,0.0,0.0,0.0004340997422767539,0.00020921274455641244,0.0,0.0006637807447048644,-0.25386735934539684,0.0,0.49999999999999956,0.25105529346769495,1.4999999999999996,1.7461326406546025,1.2538673593453968,0.24613264065460289,0.49999999999999956,0.8730663203273012,0.12693367967269875,0.2,LIVE_IBKR_CHECK_REQUIRED,0.9381751340576874,0.31491187849464825,IEF
2015-04-30,2015-05-31,0.013447489391938034,0.012770065312720085,2057756.0236674107,0.179684279825509,730109.4871410907,80.5461857054205,3.9645789093474317e-05,7.114470963998476,3.501827093115209e-06,73.01094871410908,3.5936855965101807e-05,0.0,0.0,0.0,0.0004500714010522859,0.0001572068800218589,0.0,0.0006863627532258361,-0.32101683488972377,0.0,0.49999999999999956,0.18256282841248128,1.4999999999999996,1.6789831651102753,1.3210168348897238,0.17898316511027576,0.49999999999999956,0.8394915825551377,0.16050841744486233,0.2,LIVE_IBKR_CHECK_REQUIRED,0.9511136398558527,0.3833190718926288,
2015-05-31,2015-06-30,-0.026166343472119935,-0.026908478045295132,2003123.2793200389,0.2021622972758021,832001.369955447,103.07885049961372,5.0092843521800356e-05,15.604974468298437,7.583491088747567e-06,83.20013699554471,4.043245945516042e-05,0.0,0.0,0.0,0.0003695285986549542,0.000255061888980015,0.0,0.0007226992817006776,-0.11906319479240679,0.0,0.41913600535713025,0.306074266776018,1.4191360053571302,1.7192088159218537,1.1190631947924068,0.3000728105647235,0.41913600535713025,0.8596044079609269,0.14039559203907315,0.2,LIVE_IBKR_CHECK_REQUIRED,1.0,0.4712666926103285,
2015-06-30,2015-07-31,0.019628770981928487,0.019180225247944167,2041914.457580842,0.30500061157803426,1221907.6505176187,129.35724197121914,6.457777377293e-05,26.46208659536347,1.321041339220322e-05,122.19076505176183,6.100012231560683e-05,0.0,0.0,0.0,1.1129561876665464e-05,0.0003074166666666666,0.0,0.0004573345380240721,0.3413835649987106,0.0,0.008616435001289391,0.35699999999999993,1.0086164350012894,1.3586164350012895,0.6586164350012894,0.3499999999999999,0.008616435001289391,0.6793082175006447,0.32069178249935526,0.2,LIVE_IBKR_CHECK_REQUIRED,0.916824106371368,0.623220200998528,
2015-07-31,2015-08-31,-0.036457067877839894,-0.03710000153834835,1967547.4655831647,0.2421469388321848,988886.670520764,107.78529194062547,5.27863895279551e-05,1.9533193324485598,9.566117352255562e-07,98.8886670520764,4.842938776643696e-05,0.0,0.0,0.0,0.00029936157892304123,0.00021818309858783938,0.0,0.0006197170665404983,-0.07475307568542466,0.0,0.32315888052926445,0.25337392094071665,1.3231588805292644,1.5715646853731042,1.0747530756854247,0.24840580484383984,0.32315888052926445,0.7857823426865521,0.21421765731344788,0.2,LIVE_IBKR_CHECK_REQUIRED,1.0,0.5982923807420932,
2015-08-31,2015-09-30,-0.002464589420342025,-0.0028584145780590577,1961931.4295280178,0.23348411801748686,918782.1693184535,100.71157065641243,5.118634869962965e-05,21.277891080208096,1.081442326165255e-05,91.87821693184539,4.669682360349739e-05,0.0,0.0,0.0,0.0,0.0002840807918578586,0.0,0.0003927783874226382,0.33421269630336325,0.0,0.0,0.34089695022943034,1.0,1.334212696303363,0.6657873036966367,0.3342126963033631,0.0,0.6671063481516815,0.33289365184831854,0.2,LIVE_IBKR_CHECK_REQUIRED,1.0,0.7397332857184269,
2015-09-30,2015-10-31,0.01373341521175033,0.013361766736686353,1988322.220798414,0.1704636286353904,668875.9012223294,60.304099486254,3.073710863623882e-05,8.772144512150545,4.471177932177202e-06,66.88759012223296,3.40927257270781e-05,0.0,0.0,0.0,0.0,0.0003074166666666667,0.0,0.00037671767896216085,0.37028843999159644,0.020288439991596463,0.0,0.3570000000000001,0.9797115600084035,1.3297115600084037,0.6297115600084036,0.3500000000000001,0.0,0.6648557800042019,0.33514421999579813,0.2,LIVE_IBKR_CHECK_REQUIRED,0.9808602553614696,0.6358758513175682,IEF
2015-10-31,2015-11-30,0.01342231024111997,0.013005726594266468,2014350.6886621974,0.21262161114687084,845520.548130566,79.64466840718852,4.005621803854663e-05,7.655379101378389,3.85017026983904e-06,84.55205481305659,4.252432222937416e-05,0.0,0.0,1.1973291234735511e-05,6.65238263371547e-05,0.0002691703876352495,0.0,0.000422124924510164,0.2619892822337987,0.0,0.054681762042965376,0.32300446516229936,1.0546817620429654,1.3713528063197296,0.7380107177662013,0.31667104427676407,0.054681762042965376,0.6856764031598648,0.3143235968401352,0.2,LIVE_IBKR_CHECK_REQUIRED,1.0,0.6649084553251798,IEF
2015-11-30,2015-12-31,-0.012913975616189224,-0.013254758583383987,1987827.126610466,0.05825385071800073,234687.36862205924,42.22921987920698,2.0964184695790442e-05,3.6627059063589287,1.818305981661745e-06,23.468736862205926,1.1650770143600147e-05,0.0,0.0,0.0,3.105265580475903e-05,0.00027086716707372914,0.0,0.0003363530836995405,0.28434690071327484,0.0,0.024040765784329565,0.31455541982755636,1.0240407657843296,1.3324284322819335,0.7156530992867252,0.3083876664976043,0.024040765784329565,0.6662142161409668,0.33378578385903324,0.2,LIVE_IBKR_CHECK_REQUIRED,1.0,0.7169181214377374,IEF
2015-12-31,2016-01-31,-0.005426236995525534,-0.005858438238283443,1976215.610047328,0.320729570649344,1275109.8816857878,98.96227794754365,4.978414703309171e-05,16.742990403036284,8.42275979581057e-06,127.51098816857878,6.41459141298688e-05,0.0,0.0,0.0,0.0,0.00030741666666666667,0.0,0.00042976948762543773,0.37018512707156637,0.02018512707156639,0.0,0.357,0.9798148729284336,1.3298148729284336,0.6298148729284336,0.35,0.0,0.6649074364642168,0.3350925635357832,0.2,LIVE_IBKR_CHECK_REQUIRED,0.9798148729284336,0.60153342901536,
2016-01-31,2016-02-29,-0.0010961986679254114,-0.0014793453335999174,1973294.2660774728,0.24687198145438627,975744.5268669452,78.15330787603996,3.954695402601758e-05,12.15154500522157,6.148896377217946e-06,97.57445268669453,4.9374396290877255e-05,0.0,0.0,0.0,0.0,0.0002875833333333333,0.0,0.0003826535800274461,0.4015479816526426,0.05154798165264274,0.0,0.35699999999999993,0.9484520183473573,1.2984520183473571,0.5984520183473574,0.3499999999999999,0.0,0.6492260091736786,0.35077399082632144,0.2,LIVE_IBKR_CHECK_REQUIRED,0.948452018347357,0.4816396683580111,
2016-02-29,2016-03-31,-0.004898550551940829,-0.005399892243811912,1962667.4074433034,0.3816078553689401,1506049.1857793021,105.13712517263842,5.328000338319063e-05,12.262698225715502,6.214328210708975e-06,150.60491857793022,7.632157107378802e-05,0.0,0.0,0.0,0.00011467055252286516,0.00024828035755062103,0.0,0.0004987668127411738,0.1748446703799882,0.0,0.10782746345373595,0.2883255765103986,1.107827463453736,1.39049959728746,0.8251553296200118,0.2826721338337241,0.10782746345373595,0.69524979864373,0.30475020135626996,0.2,LIVE_IBKR_CHECK_REQUIRED,1.0,0.6168127636832933,
2016-03-31,2016-04-30,0.01279570579440647,0.012321552563310856,1987000.1176021348,0.49394179916403297,1938886.9407863067,210.43176515846952,0.00010721723118263396,18.556848356782343,9.45491237405103e-06,193.88869407863066,9.878835983280658e-05,0.0,0.0,8.546930382496759e-05,0.00018363245370959792,8.105254164534129e-05,0.0,0.0004801454987444308,-0.09952747924112271,0.0,0.19488341058858283,0.09726304997440954,1.1948834105885828,1.2902393419360432,1.0995274792411227,0.09535593134746033,0.19488341058858283,0.6451196709680216,0.3548803290319784,0.2,LIVE_IBKR_CHECK_REQUIRED,1.0,0.5543493087880503,
2016-04-30,2016-05-31,-0.009674625425920774,-0.010096212865123399,1967039.872444978,0.20761044568151904,825043.95996922,100.45356257691776,5.0555388339957806e-05,10.564800772333433,5.316960315575012e-06,82.50439599692196,4.152208913630379e-05,0.0,0.0,0.0,0.00019002911188319708,0.00013001685544751013,0.0,0.0004174404051225438,-0.04748862657168562,0.0,0.19551540696733283,0.15098731600356016,1.1955154069673328,1.3435421873629798,1.0474886265716856,0.1480267803956472,0.19551540696733283,0.6717710936814899,0.3282289063185101,0.2,LIVE_IBKR_CHECK_REQUIRED,1.0,0.4482965288198433,
2016-05-31,2016-06-30,0.040468233048263136,0.04007035675488907,2047460.3401046277,0.08037559853872793,316204.01419461635,44.12788668682914,2.2433651348398628e-05,1.5512580108667118,7.88625605712069e-07,31.620401419461622,1.6075119707745582e-05,0.0,0.0,0.0,0.0002601500781959367,0.00011477799460179101,0.0,0.000414225469459584,-0.15172825383099164,0.0,0.2867611886566279,0.13773359352214923,1.286761188656628,1.4217941234822646,1.1517282538309916,0.1350329348256365,0.2867611886566279,0.7108970617411323,0.2891029382588677,0.2,LIVE_IBKR_CHECK_REQUIRED,1.0,0.42246298592816833,
2016-06-30,2016-07-31,0.024683495424955487,0.02417881897420287,2097568.85421087,0.09814677516230633,401903.25930797623,59.207109136544155,2.8917341145430245e-05,1.5877332198537588,7.754647007094769e-07,40.19032593079762,1.9629355032461263e-05,0.0,0.0,0.00018042803995007537,0.0003640227381805068,0.00010381323699177136,0.0,0.0005171581360508792,-0.28012214690510406,0.0,0.398315585605413,0.12055730747431512,1.398315585605413,1.516509024305722,1.280122146905104,0.11819343870030893,0.398315585605413,0.758254512152861,0.241745487847139,0.2,LIVE_IBKR_CHECK_REQUIRED,1.0,0.42113260583270606,
2016-07-31,2016-08-31,-0.0047763186520620275,-0.005362019274315181,2086351.7496263501,0.08068996096904868,338505.49795233447,47.97230950070553,2.287043374256874e-05,2.013742250493159,9.600363041482861e-07,33.850549795233455,1.613799219380974e-05,0.0,0.0,0.0,0.0004346481778063952,0.00010812248764055502,0.0,0.000582739127687477,-0.3592070655838595,0.0,0.48230667200574384,0.12556159855032198,1.4823066720057438,1.6054062784276282,1.3592070655838595,0.12309960642188428,0.48230667200574384,0.8027031392138141,0.1972968607861859,0.2,LIVE_IBKR_CHECK_REQUIRED,1.0,0.3551714791302789,
2016-08-31,2016-09-30,0.011956763171962514,0.011388758814361485,2110248.5255219406,0.15064578574078183,628600.197308233,74.9615281143719,3.5929477437252345e-05,6.365471434571013,3.0510058697968938e-06,62.86001973082331,3.0129157148156378e-05,0.0,0.0,0.00010938565888584298,0.00043232639075351187,7.323736047939013e-05,0.0,0.0005746733916881077,-0.41383839943601197,0.0,0.5000000000000002,0.08788483257526816,1.5000000000000002,1.5861616005639887,1.413838399436012,0.08616160056398839,0.5000000000000002,0.7930808002819943,0.20691919971800565,0.2,LIVE_IBKR_CHECK_REQUIRED,0.9105103528565666,0.34969711063351017,
2016-09-30,2016-10-31,-0.031055804492223348,-0.03161790717605902,2044570.6533361373,0.054856019506664244,231519.66855988206,42.01327028039061,1.99091575102507e-05,2.355349543188689,1.1161479393078244e-06,23.15196685598821,1.097120390133285e-05,0.0,0.0,0.00011316845057486092,0.0004453351070583915,6.74296753737032e-05,0.0,0.0005447612917829861,-0.42322997111153327,0.0,0.4999999999999998,0.07830542946623598,1.4999999999999998,1.5767700288884667,1.4232299711115333,0.07677002888846664,0.4999999999999998,0.7883850144442334,0.21161498555576663,0.2,LIVE_IBKR_CHECK_REQUIRED,0.8887773172617529,0.33384552814789087,
2016-10-31,2016-11-30,0.01403092523730368,0.013450253854415341,2072256.4205622629,0.1714229271831743,700972.5724553916,114.09529480772018,5.58040362271415e-05,8.724195474639929,4.267006112214616e-06,70.09725724553915,3.428458543663486e-05,0.0,0.0,0.0,0.00043477506033703136,5.957453859664081e-05,0.0,0.0005887052267096631,-0.42991230753336396,0.0,0.4999999999999998,0.07148944631596894,1.4999999999999998,1.5700876924666363,1.429912307533364,0.07008769246663622,0.4999999999999998,0.7850438462333181,0.21495615376668187,0.2,LIVE_IBKR_CHECK_REQUIRED,0.9072963420918028,0.3955170844078578,
2016-11-30,2016-12-31,0.01460941409731351,0.0140045962566027,2101481.7015445344,0.1955955243548532,810648.162355174,125.86688364974748,6.073904870112366e-05,10.215388390903572,4.929596689647048e-06,81.0648162355174,3.911910487097064e-05,0.0,0.0,0.00010946112881973135,0.00043693264174339113,7.181278649830054e-05,0.0,0.0006135331785034329,-0.4017542713406017,0.0,0.4835145595739607,0.08339549399802643,1.4835145595739607,1.56527484780732,1.4017542713406017,0.08176028823335924,0.4835145595739607,0.78263742390366,0.21736257609634002,0.2,LIVE_IBKR_CHECK_REQUIRED,1.0,0.6073708738231216,
2016-12-31,2017-01-31,0.021713145909455767,0.021185635798748683,2146477.880883725,0.0983734527581313,413460.0217779372,66.4830897632645,3.1636292485631045e-05,3.650328733811893,1.737026180684322e-06,41.34600217779372,1.967469055162626e-05,0.0,0.0,0.00022650162836496945,0.00044584580430486967,4.005329372723706e-05,0.0,0.0005389471072500484,-0.454398527065764,0.0,0.4999999999999998,0.046513502392920465,1.4999999999999998,1.5456014729342356,1.454398527065764,0.04560147293423575,0.4999999999999998,0.7728007364671178,0.22719926353288222,0.2,LIVE_IBKR_CHECK_REQUIRED,0.9236319624008619,0.5174622661309541,
2017-01-31,2017-02-28,0.022066504599771476,0.021478778943760858,2193080.2946587172,0.27656305509066786,1187272.9608434914,146.22560865204102,6.812351059114505e-05,18.70616058292993,8.714816374081819e-06,118.72729608434913,5.531261101813358e-05,0.0,0.0,0.00020895854342213105,0.00036288591406135316,0.00010562547438485646,0.0,0.0006006623264295701,-0.31013227550272693,0.0,0.4432736297693529,0.1358041813519583,1.443273629769353,1.5764149840359785,1.310132275502727,0.13314135426662577,0.4432736297693529,0.7882074920179892,0.21179250798201077,0.2,LIVE_IBKR_CHECK_REQUIRED,1.0,0.5187193887154945,
2017-02-28,2017-03-31,-0.0008181074952268643,-0.0015180198530626533,2189753.6808038186,0.2301763690422122,1009590.5184851367,126.37718155636509,5.762542386804477e-05,11.309995142773575,5.157127703130274e-06,100.95905184851365,4.6035273808442433e-05,0.0,0.0,0.0,0.0004407114113290069,0.00014956607048133551,0.0,0.0006990953071899599,-0.32971604878785365,0.0,0.5000000000000002,0.17368963023638964,1.5000000000000002,1.670283951212147,1.3297160487878537,0.1702839512121467,0.5000000000000002,0.8351419756060735,0.1648580243939265,0.2,LIVE_IBKR_CHECK_REQUIRED,0.9623169459019593,0.39989855537849295,
2017-03-31,2017-04-30,0.006194493580183301,0.005600628007156029,2202052.083840528,0.11019651066075321,482606.4296622432,72.6996825943722,3.319993624474031e-05,5.837414868989728,2.6657860745537915e-06,48.260642966224324,2.2039302132150645e-05,0.0,0.0,0.00037384164196898234,0.0004266680921427791,0.00011280517154987042,0.0,0.0005973782881440943,-0.3672880334707409,0.0,0.5,0.13536620585984452,1.5,1.6327119665292595,1.367288033470741,0.13271196652925932,0.5,0.8163559832646298,0.18364401673537023,0.2,LIVE_IBKR_CHECK_REQUIRED,0.9793536026571794,0.4672399571436022,
2017-04-30,2017-05-31,0.008213012667841971,0.007556241593336722,2218754.3450772893,0.16464454878860219,725111.7435058499,101.92809863574146,4.628777828813747e-05,11.738309029394035,5.330622792954847e-06,72.51117435058498,3.292890975772043e-05,0.0,0.0,7.600594737619366e-05,0.000427698021950617,0.00014972461726335578,0.0,0.0006619699500527855,-0.3101288924657293,0.0,0.48059335234810807,0.17387374908002606,1.480593352348108,1.6510578122304862,1.3101288924657293,0.1704644598823785,0.48059335234810807,0.8255289061152431,0.1744710938847569,0.2,LIVE_IBKR_CHECK_REQUIRED,1.0,0.4139906645164629,
2017-05-31,2017-06-30,0.001414349780339771,0.0008244740230167184,2220584.4047129108,0.26419651214554135,1172374.3185543695,138.96697938073234,6.26328821345436e-05,12.528427892800115,5.646604330306649e-06,117.23743185543697,5.283930242910828e-05,0.0,0.0,0.000517169671120634,0.0004251758356799034,4.424182497366853e-05,0.0,0.0005905364495475305,-0.44795079414862515,0.0,0.5000000000000002,0.053090189968402236,1.5000000000000002,1.5520492058513746,1.4479507941486252,0.05204920585137474,0.5000000000000002,0.7760246029256873,0.2239753970743127,0.2,LIVE_IBKR_CHECK_REQUIRED,0.9953221520334553,0.3713626117903238,
2017-06-30,2017-07-31,0.022640864956358694,0.02216339158926906,2270349.5313239847,0.22077923452894124,980517.8501588424,133.84771292432094,6.027589522841196e-05,20.157626995080275,9.077622517882342e-06,98.05178501588425,4.415584690578826e-05,0.0,0.0,0.00010434053302435296,0.00028371041185331735,9.107072583025017e-05,0.0,0.00048829050233565,-0.2032677247075676,0.0,0.30695356056743495,0.10575955257706471,1.306953560567435,1.4106393964273023,1.2032677247075676,0.10368583585986736,0.30695356056743495,0.7053196982136511,0.29468030178634885,0.2,LIVE_IBKR_CHECK_REQUIRED,1.0,0.4499213017858794,
2017-07-31,2017-08-31,0.008810942378346167,0.008313365354095168,2289302.448566048,0.15903192301611802,722116.1037703911,102.62259002478828,4.5201229418160355e-05,9.025194623638853,3.9752445599756134e-06,72.21161037703911,3.1806384603223604e-05,0.0,1.0792392111418109e-05,0.0003805516186570101,0.00029592568056603,0.00012494711229371503,0.0,0.0005018556514411047,-0.1793778115973863,0.0,0.3216325884023752,0.1450998723410884,1.3216325884023752,1.4638873652073638,1.1793778115973863,0.14225477680498863,0.3216325884023752,0.7319436826036819,0.2680563173963181,0.2,LIVE_IBKR_CHECK_REQUIRED,1.0,0.37836452226907424,
2017-08-31,2017-09-30,0.014666782510617007,0.014121570459547964,2321860.3376060664,0.12208041393487645,558957.9810861388,68.48639787082541,2.9915836552624706e-05,0.39829312265693645,1.739801234679217e-07,55.895798108613874,2.441608278697529e-05,0.0,0.0,0.00036240798185532846,0.00042170356991562787,7.690722088131122e-05,0.0,0.000553116690260007,-0.4095209166102225,0.0,0.5000000000000002,0.09228866505757347,1.5000000000000002,1.5904790833897784,1.4095209166102225,0.0904790833897779,0.5000000000000002,0.7952395416948892,0.2047604583051108,0.2,LIVE_IBKR_CHECK_REQUIRED,0.9950927223905734,0.35025056256244147,
2017-09-30,2017-10-31,0.022645974623853943,0.022058292569275665,2373645.660397555,0.16854053192505372,782655.1527116224,78.89657445162491,3.397989671203503e-05,11.767578502037903,5.068168102725232e-06,78.26551527116224,3.370810638501074e-05,0.0,0.0,0.000323219268391039,0.00039876953950693673,0.00012944020851147217,0.0,0.0006009659192181799,-0.29780370270278267,0.0,0.4451739590725803,0.15031766149719347,1.4451739590725803,1.5925442154423775,1.2978037027027827,0.14737025636979753,0.4451739590725803,0.7962721077211887,0.20372789227881127,0.2,LIVE_IBKR_CHECK_REQUIRED,1.0,0.3121753327924258,
2017-10-31,2017-11-30,0.018686362596773348,0.018135020984309528,2417084.4655772555,0.10501993094524813,498560.20668687834,59.69540435835195,2.514924841324199e-05,5.719896952382572,2.409751820928724e-06,49.85602066868783,2.1003986189049628e-05,0.0,0.0,0.00024578468312609793,0.000385610862425391,0.00012741236690931405,0.0,0.0005615862157579254,-0.2985633283927278,0.0,0.44846023063897955,0.15289484029117686,1.4484602306389796,1.5983571328852315,1.2985633283927278,0.14989690224625182,0.44846023063897955,0.7991785664426158,0.20082143355738424,0.2,LIVE_IBKR_CHECK_REQUIRED,1.0,0.33699729876856716,
2017-11-30,2017-12-31,0.019450064623619225,0.018878720689233925,2463149.383299473,0.31336024234033844,1514836.3477807122,105.17331194597674,4.351246861406597e-05,13.619011843976306,5.634479075071864e-06,151.4836347780712,6.267204846806768e-05,0.0,0.0,0.0003859503608455749,0.00042979474106264674,4.0785257923354546e-05,0.0,0.0005823989951432068,-0.4535651712447579,0.0,0.5000000000000002,0.04736352533034721,1.5000000000000002,1.5464348287552427,1.453565171244758,0.046434828755242366,0.5000000000000002,0.7732174143776214,0.22678258562237863,0.2,LIVE_IBKR_CHECK_REQUIRED,0.8200695818334767,0.36441042782091243,
2017-12-31,2018-01-31,0.03901875878265676,0.03854670109627393,2559949.3402975225,0.048307658185120575,237977.95693464298,34.19886738969234,1.3884203541029972e-05,2.6193962252464207,1.0634337661395304e-06,23.7977956934643,9.661531637024115e-06,0.0,1.1342903939075194e-06,0.0006835378114657083,0.00042779594645573363,3.831990659973782e-05,0.0,0.0004907250219996651,-0.45637202284659817,0.0,0.5,0.04450053669646972,1.5,1.5436279771534016,1.4563720228465982,0.043627977153401686,0.5,0.7718139885767008,0.2281860114232992,0.2,LIVE_IBKR_CHECK_REQUIRED,0.8146089155613105,0.3581705379213554,
2018-01-31,2018-02-28,-0.04806916225164821,-0.048598709179588785,2438513.811707572,0.14106206231081564,722223.466707161,67.98300725314839,2.6556387731191298e-05,8.978362253867274,3.507242160043601e-06,72.22234667071609,2.8212412462163125e-05,0.0,0.0,0.0003896203366717713,0.0003828143037156933,6.347020976555164e-05,0.0,0.000504560555834643,-0.4199955339089687,0.0,0.5000000000000002,0.0816045554128521,1.5000000000000002,1.5800044660910317,1.4199955339089687,0.08000446609103147,0.5000000000000002,0.7900022330455159,0.20999776695448413,0.2,LIVE_IBKR_CHECK_REQUIRED,0.8453751379787375,0.31359841028604607,
2018-02-28,2018-03-31,-0.010461456817022062,-0.011146010959516475,2411485.021456518,0.22110051449181836,1078313.3167278985,105.50314409331304,4.326534612466859e-05,16.407466530685856,6.728469796608004e-06,107.83133167278986,4.422010289836367e-05,0.0,3.830304383250844e-05,0.0006769940151298602,0.0004288555102742143,0.00015412879315844543,0.0,0.0006771982222523,-0.32452129811182706,0.0,0.5,0.17898827592593664,1.5,1.6754787018881734,1.324521298111827,0.17547870188817316,0.5,0.8377393509440867,0.1622606490559133,0.2,LIVE_IBKR_CHECK_REQUIRED,0.9777146633419302,0.4835722897452165,
2018-03-31,2018-04-30,-0.001707137670203622,-0.0023423016693596447,2405843.2060613614,0.19879279829646554,958771.710930707,109.68086710468677,4.54827071820004e-05,12.082461160501923,5.01038200652153e-06,95.87717109307069,3.97585596592931e-05,0.0,3.8614432429528125e-07,0.0005225652287647505,0.00041617055891933426,0.0001274570740474953,0.0,0.0006338792818146446,-0.3500505011205939,0.0,0.5,0.15294848885699436,1.5,1.6499494988794063,1.3500505011205939,0.14994949887940623,0.5,0.8249747494397032,0.17502525056029683,0.2,LIVE_IBKR_CHECK_REQUIRED,0.8932222511150039,0.37353827212771384,
2018-04-30,2018-05-31,0.015014938760016668,0.01428224377974493,2440450.5925180865,0.22009401693380934,1059023.3906699189,81.26497555155765,3.3778167815265753e-05,17.010363156398636,7.070437139686477e-06,105.90233906699189,4.401880338676187e-05,0.0,0.0001222444369417112,0.0007220078993311034,0.00040595503221120413,0.00025268450219310517,0.0,0.0007435069427460235,-0.17462731948439036,0.0,0.46231365974219507,0.2934400670629609,1.462313659742195,1.7499999999999998,1.1746273194843904,0.28768634025780476,0.46231365974219507,0.8749999999999999,0.1250000000000001,0.2,LIVE_IBKR_CHECK_REQUIRED,0.9752071260421639,0.3980026412451112,
2018-05-31,2018-06-30,-0.009912562973633727,-0.010561607190438487,2414811.14720157,0.09380449150942666,457850.45377007616,46.559268928757135,1.9078144450659302e-05,6.991000205471296,2.8646350091676705e-06,45.78504537700761,1.8760898301885327e-05,0.0,0.00011529224826923291,0.0006116726001739986,0.00035724523953805466,0.00024448488339543883,0.0,0.0006424338006952059,-0.12057699308755909,0.0,0.40820626767042834,0.29338186007452666,1.4082062676704283,1.6958355422532976,1.120576993087559,0.28762927458286924,0.40820626767042834,0.8479177711266488,0.1520822288733512,0.2,LIVE_IBKR_CHECK_REQUIRED,1.0,0.47878523185828337,
2018-06-30,2018-07-31,0.01942164470388491,0.018839331368362047,2460735.811286047,0.21173057478648385,1022578.7043955938,77.41643627924284,3.205900236503286e-05,16.94465194069642,7.016967749355022e-06,102.25787043955938,4.234611495729677e-05,0.0,0.00010398024354438704,0.00036415665698223546,0.00023460362656630796,0.0002775348095508801,0.0,0.0005935605211888728,0.06424154205075294,0.0,0.25173736825385484,0.32229848851069953,1.2517373682538548,1.567716278558462,0.9357584579492471,0.3159789103046074,0.25173736825385484,0.783858139279231,0.21614186072076902,0.2,LIVE_IBKR_CHECK_REQUIRED,1.0,0.48337493349822597,
2018-07-31,2018-08-31,0.011113504382438057,0.010418661614378977,2486507.4046596154,0.16936695108674307,833534.6435749619,157.21515673478171,6.388949029543192e-05,2.7903304946083463,1.1339415153023046e-06,83.35346435749616,3.38733902173486e-05,0.0,0.00012299346385210617,0.0007162280152740192,0.0003848080103298049,0.00021865909875216032,0.0,0.000702363931110048,-0.1843310126735478,0.0,0.4332787531883415,0.25392669532508944,1.4332787531883415,1.6822264937031348,1.1843310126735478,0.24894774051479357,0.4332787531883415,0.8411132468515674,0.1588867531484326,0.2,LIVE_IBKR_CHECK_REQUIRED,1.0,0.43887214084319337,
2018-08-31,2018-09-30,0.007660258889242794,0.007074686110060911,2504161.037380988,0.09638148386555163,479306.54660755076,60.20308063133849,2.4211904826231494e-05,5.336081005248187,2.146014524327812e-06,47.930654660755074,1.9276296773110325e-05,0.0,6.45666283000284e-05,0.0005960517675584104,0.00036472627976663835,0.00017954241451071436,0.0,0.0005899029104010224,-0.21146746573963537,0.0,0.4226938357522405,0.21545089741285722,1.4226938357522405,1.6339202057648454,1.2114674657396354,0.2112263700126051,0.4226938357522405,0.8169601028824227,0.1830398971175773,0.2,LIVE_IBKR_CHECK_REQUIRED,1.0,0.3544325804543057,
2018-09-30,2018-10-31,-0.06629898399059754,-0.06697279406058673,2341943.099428595,0.14852190979888413,743845.5594315584,62.933608017468934,2.5131613773245563e-05,11.866437181743265,4.738687729984788e-06,74.38455594315586,2.9704381959776835e-05,0.0,0.00016124790715543104,0.0006656175079573204,0.0003391483959311889,0.0002316503606989697,0.0,0.0006303734400931657,-0.11014443201878765,0.0,0.37388298309920853,0.2690133221020294,1.3738829830992085,1.6376215341796294,1.1101444320187877,0.26373855108042094,0.37388298309920853,0.8188107670898147,0.1811892329101853,0.2,LIVE_IBKR_CHECK_REQUIRED,1.0,0.4813998376576747,
2018-10-31,2018-11-30,0.0014190693869970486,0.0008882192808139455,2344024.1825363273,0.5214401338380408,2442366.2464142446,253.65240603451718,0.00010830852640971731,50.03871704741596,2.1366324852053316e-05,244.2366246414246,0.00010428802676760819,0.00027962030909132747,0.00026282685933314964,0.0,0.0,0.00029749999999999997,0.0,0.0005314628780293788,0.5456297444138439,0.19562974441384395,0.0,0.35699999999999993,0.804370255586156,1.1543702555861561,0.45437025558615607,0.3499999999999999,0.0,0.5771851277930781,0.42281487220692193,0.2,LIVE_IBKR_CHECK_REQUIRED,0.804370255586156,0.5207594615986715,
2018-11-30,2018-12-31,-0.02070282772509746,-0.021129115254715444,2295016.5921664764,0.22507547330204294,1055164.7046315963,136.83070773534996,5.837427307908304e-05,15.60623058245717,6.657879512817402e-06,105.5164704631596,4.5015094660408576e-05,0.0003317025767025742,0.00026128869112881383,0.0,0.0,0.00030741666666666667,0.0,0.0004174639139189757,0.5788345249916917,0.22883452499169177,0.0,0.357,0.7711654750083082,1.1211654750083082,0.4211654750083083,0.35,0.0,0.5605827375041541,0.4394172624958459,0.2,LIVE_IBKR_CHECK_REQUIRED,0.771165475008308,0.35112920747241283,
2018-12-31,2019-01-31,-0.009685021118472742,-0.01010337237310617,2271945.926944713,0.30364132729319326,1393723.7684106603,90.05781764754742,3.924059545144011e-05,15.713726984709774,6.846890361640544e-06,139.372376841066,6.0728265458638644e-05,0.0003061852601819615,0.0002347558046328022,0.0,0.0,0.00030741666666666667,0.0,0.000414232417938386,0.5738717704965008,0.22387177049650098,0.0,0.357,0.776128229503499,1.1261282295034993,0.42612822950349916,0.35,0.0,0.5630641147517497,0.43693588524825033,0.2,LIVE_IBKR_CHECK_REQUIRED,0.7761282295034991,0.26518699449935457,
2019-01-31,2019-02-28,0.002207920454706054,0.001563105836409608,2275499.995852416,0.6370074768898443,2894493.0851064203,214.97329100547995,9.462077792255099e-05,17.835892370396422,7.850491580308836e-06,289.4493085106419,0.0001274014953779688,0.0,0.0001582847387649322,0.0004591168350613787,0.00022206590149485996,0.00019409291648236977,0.0,0.0006460315828580584,-0.0188507991511635,0.0,0.26350573589364656,0.24954803547733256,1.2635057358936466,1.5081606726361294,1.0188507991511635,0.2446549367424829,0.26350573589364656,0.7540803363180647,0.2459196636819353,0.2,LIVE_IBKR_CHECK_REQUIRED,1.0,0.4495204213628242,IEF
2019-02-28,2019-03-31,0.027581641193550017,0.02690475391749111,2337552.777579242,0.2622273612256937,1193396.7187629119,67.9138931744454,2.984570129564182e-05,6.551360105633695,2.879085966853415e-06,119.33967187629113,5.2445472245138716e-05,0.0,0.00011843158071982587,0.0009127907478278719,0.0004364448291822461,0.0001739662612247586,0.0,0.0006955813499146387,-0.3019359454746582,0.0,0.5,0.2020253356158487,1.5,1.6980640545253418,1.3019359454746582,0.19806405452534187,0.5,0.8490320272626709,0.1509679727373291,0.2,LIVE_IBKR_CHECK_REQUIRED,0.9764610675391555,0.35802337671977347,IEF
2019-03-31,2019-04-30,0.015896283664330945,0.015297116005336207,2373585.489231113,0.06747949841717567,315473.7779094461,37.898435563037715,1.6212868400894522e-05,3.1241560720410106,1.336507180503694e-06,31.54737779094461,1.3495899683435133e-05,0.0,0.0001328542867689389,0.0009729348912149253,0.0004194494568840917,0.00015809123031099975,0.0,0.0006085859624599248,-0.314010317281177,0.0,0.5,0.18970947637319974,1.5,1.6859896827188234,1.314010317281177,0.18598968271882327,0.5,0.8429948413594117,0.15700515864058828,0.2,LIVE_IBKR_CHECK_REQUIRED,0.9669262364331155,0.3518460953472286,IEF
2019-04-30,2019-05-31,-0.025249061672731325,-0.02590726190919385,2312882.112669918,0.12595812597076458,597944.7601099027,58.15757533570394,2.450199312372069e-05,6.667987279605833,2.8092467323626193e-06,59.79447601099028,2.5191625194152917e-05,0.0,0.00016046758016417863,0.0011089851368350234,0.00043175341786243514,0.00015732190015399706,0.0,0.0006415781830666684,-0.32088588217761216,0.0,0.4999999999999998,0.1826964001788353,1.4999999999999998,1.6791141178223872,1.3208858821776122,0.17911411782238754,0.4999999999999998,0.8395570589111936,0.1604429410888064,0.2,LIVE_IBKR_CHECK_REQUIRED,0.9376180998793266,0.32398859008848135,
2019-05-31,2019-06-30,0.0320269051596228,0.031479472100233434,2386848.524375747,0.18351393349931022,848892.1884325029,74.57151411246352,3.2241813667874544e-05,15.293949607185352,6.61250719325703e-06,84.8892188432503,3.670278669986205e-05,0.0,0.00013764004025978497,0.0006398443353110116,0.00030874651284037665,0.00018079111444009577,0.0,0.000565094734841466,-0.13618233715512296,0.0,0.34887776590817654,0.21694933732811494,1.3488777659081765,1.5615731946612306,1.136182337155123,0.21269542875305386,0.34887776590817654,0.7807865973306153,0.21921340266938472,0.2,LIVE_IBKR_CHECK_REQUIRED,1.0,0.4976501004927276,
2019-06-30,2019-07-31,0.010272141069733853,0.009637772836140007,2409963.6384335975,0.2837533849026426,1354552.6960829918,87.55682579503708,3.668302571397428e-05,9.10742505784757,3.815669475812049e-06,135.45526960829912,5.67506769805285e-05,0.0,7.143375815399235e-05,0.0009416097515524307,0.0004311486431390311,0.00011231687536780998,0.0,0.0006407148906771559,-0.372124999581241,0.0,0.5000000000000002,0.13043250042713417,1.5000000000000002,1.627875000418759,1.372124999581241,0.127875000418759,0.5000000000000002,0.8139375002093795,0.1860624997906205,0.2,LIVE_IBKR_CHECK_REQUIRED,0.9119239150891352,0.3341189483985957,
2019-07-31,2019-08-31,0.03380131553350259,0.03323042088363605,2491393.220948772,0.09375391105698139,451887.0332165255,44.85451187611881,1.8612111469562615e-05,5.761864592650406,2.3908512563266066e-06,45.18870332165253,1.875078221139627e-05,0.0,6.804020079098157e-05,0.0008838291121862513,0.00043011053848011937,0.00012048866359334298,0.0,0.0005903529470107479,-0.3628212558709569,0.0,0.4999999999999998,0.1399223190116241,1.4999999999999998,1.6371787441290435,1.362821255870957,0.13717874412904324,0.4999999999999998,0.8185893720645218,0.18141062793547824,0.2,LIVE_IBKR_CHECK_REQUIRED,0.9076416843046258,0.33650911265304445,
2019-08-31,2019-09-30,-0.003956673575008923,-0.0045294704881659945,2480134.047177251,0.11957692520307132,595826.2816656604,46.42301651419567,1.8633355876482986e-05,6.3119263242725925,2.5334926141722764e-06,59.58262816656605,2.3915385040614265e-05,0.0,5.6022061616455326e-05,0.0008163252840725233,0.0004128454604828683,0.00011244395731380842,0.0,0.0005703716513279463,-0.36771299139551994,0.0,0.5000000000000007,0.1349327487765701,1.5000000000000007,1.632287008604481,1.36771299139552,0.1322870086044805,0.5000000000000007,0.8161435043022405,0.18385649569775953,0.2,LIVE_IBKR_CHECK_REQUIRED,0.9941178666642716,0.38128337291481007,
2019-09-30,2019-10-31,0.009311512772015884,0.008733227229251812,2501888.476290594,0.11036023868490694,547416.3708340913,43.44598596329115,1.751759587863363e-05,6.595871572548456,2.6594818856890036e-06,54.74163708340913,2.207204773698139e-05,0.0,5.53564141074172e-05,0.0008380706942636731,0.00042707770329585774,0.00011419983631283961,0.0,0.0005835266651100014,-0.36998121102902504,0.0,0.5,0.13261916475039437,1.5,1.630018788970975,1.369981211029025,0.13001878897097488,0.5,0.8150093944854875,0.18499060551451252,0.2,LIVE_IBKR_CHECK_REQUIRED,0.925327240727,0.33730491769319504,
2019-10-31,2019-11-30,0.012550181308431652,0.012029034054786444,2532165.5146520976,0.1600413102977343,800811.0199286973,73.38585805443323,2.933218596667355e-05,7.246842751557235,2.8965490749218815e-06,80.08110199286973,3.200826205954686e-05,0.0,9.89816654356888e-07,0.0005442375240964546,0.00041242451796678843,5.092995715377707e-05,0.0,0.0005275914722217078,-0.4400824033484978,0.0,0.5000000000000002,0.06111594858453249,1.5000000000000002,1.5599175966515026,1.4400824033484978,0.05991759665150244,0.5000000000000002,0.7799587983257513,0.22004120167424868,0.2,LIVE_IBKR_CHECK_REQUIRED,0.8416020006750166,0.31723521161104135,
2019-11-30,2019-12-31,0.022288917493409038,0.02177052632787072,2587896.536340056,0.12056668370343324,610589.5973796013,63.76557597354823,2.5182230626148144e-05,6.951579536521365,2.7453100898408156e-06,61.058959737960144,2.411333674068665e-05,0.0,1.8435085330313275e-06,0.0005800740252853381,0.00042493738049383014,5.2959645411934386e-05,0.0,0.0005299379033624402,-0.439704388525312,0.0,0.5000000000000002,0.061501523704181875,1.5000000000000002,1.5602956114746882,1.439704388525312,0.060295611474688114,0.5000000000000002,0.7801478057373441,0.2198521942626559,0.2,LIVE_IBKR_CHECK_REQUIRED,0.830358506511762,0.33955763608189005,
2019-12-31,2020-01-31,-0.009508445318213033,-0.010172935730497167,2561703.4871913022,0.2548180339120713,1318885.4147160645,196.8505795721446,7.606586152417878e-05,16.54928890919748,6.394880427716938e-06,131.88854147160646,5.0963606782414265e-05,0.0,1.3937443479814582e-05,0.0006257415056769435,0.00042274033801740867,0.00010181876221066646,0.0,0.0006579834489623852,-0.3840773105760915,0.0,0.5,0.11824114321238686,1.5,1.615922689423909,1.3840773105760915,0.1159226894239087,0.5,0.8079613447119545,0.19203865528804553,0.2,LIVE_IBKR_CHECK_REQUIRED,0.80298495410944,0.2652176743364504,
2020-01-31,2020-02-29,-0.04440157848642597,-0.04502115806278173,2448930.267789449,0.23021974270124615,1179509.435396133,197.28059057101206,7.701148534849131e-05,17.172693548160332,6.70362266125842e-06,117.95094353961335,4.604394854024924e-05,0.0,6.165013424282547e-06,0.0005747021684728855,0.00039642159998871213,6.630685374186773e-05,0.0,0.0005924875102805788,-0.41930200355959335,0.0,0.5000000000000002,0.08231195636921512,1.5000000000000002,1.580697996440407,1.4193020035595934,0.08069799644040698,0.5000000000000002,0.7903489982202035,0.20965100177979645,0.2,LIVE_IBKR_CHECK_REQUIRED,0.8719013586988507,0.391804355985453,
2020-02-29,2020-03-31,-0.029418943051077912,-0.03008627526764127,2376348.4114084835,0.3751990074228667,1837672.4114448328,149.1192666520235,6.0891593612678676e-05,23.268752071074672,9.50159846408303e-06,183.76724114448325,7.503980148457333e-05,0.0,4.775188274526895e-05,0.001068508536500102,0.00042840490237969133,7.393191753048886e-05,0.0,0.0006477698134715152,-0.41582703886471895,0.0,0.5000000000000004,0.08585642035798707,1.5000000000000004,1.5841729611352817,1.415827038864719,0.08417296113528144,0.5000000000000004,0.7920864805676409,0.20791351943235914,0.2,LIVE_IBKR_CHECK_REQUIRED,0.9507758412054873,0.5717610968730067,
2020-03-31,2020-04-30,0.021517102411387993,0.021007381563479987,2426797.313596462,0.3311371651900929,1573794.5529155717,152.35409950540324,6.411269440708889e-05,30.769334142720698,1.2948157768028397e-05,157.37945529155718,6.622743303801859e-05,0.0,0.0,0.0,0.00021564175615394873,0.0001617446591973349,0.0,0.0005206747005644195,-0.047441587350982806,0.0,0.23772942170078837,0.19409359103680188,1.2377294217007884,1.4280172560505944,1.0474415873509828,0.19028783434980576,0.23772942170078837,0.7140086280252972,0.2859913719747028,0.2,LIVE_IBKR_CHECK_REQUIRED,1.0,0.6407198572711167,IEF
2020-04-30,2020-05-31,0.00028907116747049977,-0.00019823233204916565,2426316.29158421,0.0916086396894825,444631.2014013247,40.664255559886165,1.6756346041780723e-05,3.3495821093243636,1.380247987979002e-06,44.46312014013247,1.8321727937896497e-05,0.0,0.0,0.0,0.00028294578673692175,0.00016792152918070308,0.0,0.00048732563788528104,-0.11679691093096589,0.0,0.30797891758831275,0.19500564679049393,1.3079789175883128,1.4991609242456596,1.116796910930966,0.19118200665734697,0.30797891758831275,0.7495804621228298,0.2504195378771702,0.2,LIVE_IBKR_CHECK_REQUIRED,1.0,0.5310163163604167,IEF
2020-05-31,2020-06-30,0.004122627228239979,0.0036003636329421137,2435067.657118166,0.24930808329120338,1209800.52822616,91.60093412103646,3.775308867964104e-05,13.11946824119044,5.407154989106705e-06,120.980052822616,4.986161665824068e-05,0.0,0.0,0.0,0.0002819631834799296,0.0001492991747276118,0.0,0.0005242842185345299,-0.14210236125449205,0.0,0.3177484491693294,0.17915900967313417,1.3177484491693294,1.4933945370841668,1.142102361254492,0.1756460879148374,0.3177484491693294,0.7466972685420834,0.2533027314579166,0.2,LIVE_IBKR_CHECK_REQUIRED,1.0,0.5120307208504213,IEF
2020-06-30,2020-07-31,0.03344708916354005,0.03297294764552307,2516697.4065922834,0.149581719042293,728483.2122720483,67.36657666378491,2.7665176557562824e-05,12.68890313449887,5.210903728858126e-06,72.8483212272048,2.991634380845859e-05,0.0,0.0,2.645135978044598e-05,0.00021918167552006536,0.00020817805676339715,0.0,0.0004901521563783421,0.0030146170968472497,0.0,0.2340002482884247,0.24175516269297734,1.2340002482884247,1.4710151136736964,0.9969853829031528,0.2370148653852719,0.2340002482884247,0.7355075568368482,0.2644924431631518,0.2,LIVE_IBKR_CHECK_REQUIRED,1.0,0.5367589441383294,IEF
2020-07-31,2020-08-31,0.012745411873473953,0.012012377196278755,2547111.230573716,0.45955103025367633,2313101.772072478,273.71877995640665,0.00010876110065493875,22.222202194428178,8.82990626374825e-06,231.31017720724788,9.191020605073528e-05,0.0,0.0,0.0,0.0003869441414891825,0.00014571989480934,0.0,0.0007421652492679448,-0.2742958562853537,0.0,0.4402008598633498,0.16922310364955614,1.4402008598633498,1.606105863441346,1.2742958562853537,0.16590500357799623,0.4402008598633498,0.803052931720673,0.19694706827932695,0.2,LIVE_IBKR_CHECK_REQUIRED,1.0,0.41619835112194836,
2020-08-31,2020-09-30,-0.030140158542561996,-0.030950274711674795,2469484.912745157,0.5354428981787734,2727665.2385641853,258.3249764969776,0.00010141880472129677,32.610549445948074,1.2802954599906818e-05,272.76652385641853,0.00010708857963575469,0.0,0.0,0.0,0.00037822913978974055,0.0001862056426106091,0.0,0.0007857451213573079,-0.22906051305318487,0.0,0.44812597494801887,0.22344677113273093,1.4481259749480189,1.6671914368428533,1.2290605130531849,0.21906546189483422,0.44812597494801887,0.8335957184214267,0.16640428157857334,0.2,LIVE_IBKR_CHECK_REQUIRED,1.0,0.36227448061593837,
2020-09-30,2020-10-31,-0.0074427598922982025,-0.008081299862706578,2449608.685706207,0.3684689635091127,1819857.092401199,145.7762289237508,5.903102633727022e-05,20.899419050399345,8.463068125071838e-06,181.98570924011995,7.369379270182256e-05,0.0,0.0,4.45520041247457e-05,0.00035709215748520293,0.0001353227562536737,0.0,0.0006336028009030413,-0.2403728753141443,0.0,0.39444052949289987,0.15714900726233078,1.3944405294928999,1.5485081836716554,1.2403728753141443,0.15406765417875565,0.39444052949289987,0.7742540918358277,0.22574590816417228,0.2,LIVE_IBKR_CHECK_REQUIRED,1.0,0.4419310507555361,
2020-10-31,2020-11-30,0.047399744595201694,0.04678389114080118,2566933.980001182,0.24344686899917467,1192699.129616719,161.38596643236443,6.58823457697848e-05,15.537624364298257,6.342900584473906e-06,119.26991296167188,4.868937379983493e-05,0.0,0.0,0.0,0.0003884096856267544,0.00013622453454196506,0.0,0.0006455488403228131,-0.29789995167577366,0.0,0.45816410996043855,0.16346944145035808,1.4581641099604385,1.6184282682451032,1.2978999516757737,0.16026415828466478,0.45816410996043855,0.8092141341225516,0.1907858658774484,0.2,LIVE_IBKR_CHECK_REQUIRED,1.0,0.41626862204605697,TIP
2020-11-30,2020-12-31,0.042286742177583825,0.04176787962635265,2676419.951353653,0.3518263459935873,1806230.0051811838,166.7004638364864,6.494146913603506e-05,23.248282288056302,9.056829068913412e-06,180.62300051811837,7.036526919871746e-05,0.0,0.0,1.0785463243149951e-05,0.0002911428018496242,0.00010562730537313811,0.0,0.0005411336746264282,-0.1983640357471752,0.0,0.3186228274433476,0.12266396753009585,1.3186228274433476,1.43888161913952,1.1983640357471752,0.1202587916961724,0.3186228274433476,0.71944080956976,0.28055919043024,0.2,LIVE_IBKR_CHECK_REQUIRED,1.0,0.6217151157943887,
2020-12-31,2021-01-31,-0.0010670385897203686,-0.0014902604575964147,2672434.359055155,0.047876618727882604,256275.87513331388,31.638354574031442,1.1821147334531605e-05,1.7935193487939214,6.70118808480266e-07,25.627587513331395,9.575323745576522e-06,0.0,0.0,0.0,0.0003055530139300863,9.506146059690476e-05,0.0,0.0004226810644155795,-0.22792471908386047,0.0,0.3361540859873573,0.11039395424156682,1.3361540859873573,1.4443834528908541,1.2279247190838605,0.10822936690349688,0.3361540859873573,0.7221917264454271,0.27780827355457294,0.2,LIVE_IBKR_CHECK_REQUIRED,1.0,0.5756529781308698,
2021-01-31,2021-02-28,0.0264601535233525,0.025904665644365513,2742567.341451903,0.14551762821769765,777772.6189943784,129.14015180724465,4.832303976697203e-05,5.674592904694457,2.1233797138803144e-06,77.77726189943783,2.910352564353953e-05,0.0,0.0,0.0,0.00037897782270786826,0.00011169620091356719,0.0,0.0005702239687458274,-0.3592064694366801,0.0,0.5,0.14360940117458637,1.5,1.64079353056332,1.35920646943668,0.14079353056331997,0.5,0.82039676528166,0.17960323471834005,0.2,LIVE_IBKR_CHECK_REQUIRED,0.9962698056561322,0.5206436963491361,
2021-02-28,2021-03-31,0.011142674301730188,0.010479998309275582,2771460.5786461183,0.2518979171153295,1381694.001720522,95.98202776003991,3.49971453059116e-05,28.13471981647932,1.0258533816560699e-05,138.1694001720522,5.03795834230659e-05,0.0,0.0,0.0,0.0002777726466730342,0.000296471376895193,0.0,0.0006698792861137655,0.03319497596605281,0.0,0.3043435935540908,0.3442893409105467,1.3043435935540908,1.6418821630742348,0.9668050240339472,0.3375385695201438,0.3043435935540908,0.8209410815371174,0.17905891846288258,0.2,LIVE_IBKR_CHECK_REQUIRED,1.0,0.5040446854649879,
2021-03-31,2021-04-30,0.02509574105572953,0.0246602979863358,2840655.2969779777,0.3673624475294789,2036261.0828058075,167.2374002414065,6.034269494213891e-05,41.83997930265204,1.5096725396358054e-05,203.6261082805807,7.347248950589576e-05,0.0,0.0,0.0,0.0,0.00029749999999999997,0.0,0.0004464119098443927,0.5857740654075312,0.2357740654075312,0.0,0.357,0.7642259345924688,1.1142259345924688,0.41422593459246887,0.35,0.0,0.5571129672962344,0.4428870327037656,0.2,LIVE_IBKR_CHECK_REQUIRED,0.7365248788940403,0.597082892903059,
2021-04-30,2021-05-31,0.020668391219826523,0.02034218230678672,2899032.168343205,0.048659451092888495,276449.45499010914,41.68461723879457,1.4674296203112226e-05,3.2500502674919445,1.1441199046394332e-06,27.64494549901091,9.7318902185777e-06,0.0,0.0,0.0,0.0,0.00030741666666666667,0.0,0.00033296697299299604,0.5640440891447884,0.21404408914478845,0.0,0.357,0.7859559108552115,1.1359559108552115,0.4359559108552115,0.35,0.0,0.5679779554276058,0.43202204457239424,0.2,LIVE_IBKR_CHECK_REQUIRED,0.7271230834283274,0.5608581239662632,
2021-05-31,2021-06-30,-0.0060183804286036814,-0.006341061700522571,2880707.3871777668,0.04445111821532212,257730.44325009084,40.72167177520291,1.4046643641928028e-05,0.7435279113257001,2.5647452948085974e-07,25.773044325009078,8.890223643064421e-06,0.0,0.0,0.0,0.0,0.0002975,0.0,0.00032069334181447336,0.48255170381041834,0.13255170381041848,0.0,0.357,0.8674482961895815,1.2174482961895814,0.5174482961895817,0.35,0.0,0.6087241480947907,0.3912758519052093,0.2,LIVE_IBKR_CHECK_REQUIRED,0.7493734427302686,0.5022321771975539,
2021-06-30,2021-07-31,-0.005995297191010858,-0.0063416334900643,2862496.800200474,0.08486887806553552,488964.8079697546,49.06337162457613,1.7031709587360618e-05,8.020929198915143,2.7843609644689596e-06,48.89648079697545,1.69737756131071e-05,0.0,0.0,0.0,0.0,0.00030741666666666667,0.0,0.00034420651283160336,0.5608638405795511,0.2108638405795512,0.0,0.35699999999999993,0.7891361594204488,1.1391361594204488,0.4391361594204489,0.3499999999999999,0.0,0.5695680797102244,0.4304319202897756,0.2,LIVE_IBKR_CHECK_REQUIRED,0.7266232124489215,0.4996381465739772,
2021-07-31,2021-08-31,0.004938627747064291,0.004557790506766071,2875573.238137531,0.18383784209700998,1052470.4695169022,91.47236796069672,3.195544810889936e-05,18.63529545154579,6.510154159907069e-06,105.2470469516902,3.676756841940199e-05,0.0,0.0,0.0,0.0,0.0003074166666666666,0.0,0.00038264983735487504,0.7495052294687685,0.39950522946876843,0.0,0.357,0.6004947705312316,0.9504947705312315,0.2504947705312314,0.35,0.0,0.4752473852656158,0.5247526147343842,0.2,LIVE_IBKR_CHECK_REQUIRED,0.6004947705312317,0.4470789306185414,
2021-08-31,2021-09-30,-0.00353489281404953,-0.0039582652822137444,2864213.453774536,0.25535241793152086,1468569.1585951832,204.1701992664005,7.10015646823305e-05,6.375698923402922,2.217192328418098e-06,146.85691585951827,5.1070483586304156e-05,0.0,0.0,0.0,0.0,0.0002975,0.0,0.0004217892405970528,0.4272003280860983,0.07720032808609834,0.0,0.35699999999999993,0.9227996719139017,1.2727996719139019,0.5727996719139017,0.3499999999999999,0.0,0.6363998359569509,0.36360016404304907,0.2,LIVE_IBKR_CHECK_REQUIRED,0.7742658772883728,0.31936015007284024,
2021-09-30,2021-10-31,0.022962234245710745,0.022504078068648084,2929400.675042133,0.31101550447042814,1781629.5844733492,247.3988855945776,8.637585486813101e-05,36.36171567257832,1.269518360255584e-05,178.16295844733492,6.220310089408562e-05,0.0,0.0,0.0,0.0,0.00030741666666666667,0.0,0.00046869080603143914,0.75,0.4,0.0,0.357,0.6,0.95,0.24999999999999997,0.35,0.0,0.475,0.525,0.2,LIVE_IBKR_CHECK_REQUIRED,0.5624714178416804,0.3585369283970927,
2021-10-31,2021-11-30,-0.016438676119121576,-0.016768282566577346,2880689.2020108877,0.053108311312562564,311151.046018737,42.710123754591976,1.4579816314809064e-05,4.328301739458531,1.4775383157158172e-06,31.115104601873714,1.0621662262512517e-05,0.0,0.0,0.0,0.0,0.0002975,0.0,0.00032417901689303744,0.75,0.4,0.0,0.357,0.6,0.9500000000000001,0.25,0.35,0.0,0.47500000000000003,0.5249999999999999,0.2,LIVE_IBKR_CHECK_REQUIRED,0.5538980658398783,0.34981037119175995,
2021-11-30,2021-12-31,0.026327374722363173,0.02589987242041901,2956273.2685424974,0.25878726688246184,1490971.3706524353,219.3544348505204,7.614651198657541e-05,10.060363494304283,3.4923460286106423e-06,149.09713706524352,5.175745337649237e-05,0.0,0.0,0.0,0.0,0.00030741666666666667,0.0,0.0004388129780583451,0.545539223649878,0.19553922364987797,0.0,0.35699999999999993,0.804460776350122,1.1544607763501218,0.45446077635012205,0.3499999999999999,0.0,0.5772303881750609,0.4227696118249391,0.2,LIVE_IBKR_CHECK_REQUIRED,0.7394175958358696,0.4244975688016209,
2021-12-31,2022-01-31,-0.0014102507426252474,-0.001766508213537707,2951055.597418437,0.1163745297666238,688069.8229765461,65.76725582827405,2.22466767629701e-05,8.140986884060718,2.75380052672681e-06,68.80698229765461,2.3274905953324757e-05,0.0,0.0,0.0,0.0,0.00030741666666666667,0.0,0.0003556920499096883,0.522335952169952,0.172335952169952,0.0,0.35700000000000004,0.827664047830048,1.177664047830048,0.47766404783004796,0.35000000000000003,0.0,0.588832023915024,0.411167976084976,0.2,LIVE_IBKR_CHECK_REQUIRED,0.7096886105537341,0.27648854920119614,
2022-01-31,2022-02-28,0.0018972384037427756,0.0015613842720636332,2955666.928307154,0.13319642191630948,786140.0929044657,78.35969527738861,2.6553107080035067e-05,16.456189607611496,5.5763739666603565e-06,78.61400929044657,2.6639284383261897e-05,0.0,0.0,0.0,0.0,0.0002776666666666666,0.0,0.00033643543209662394,0.7167591488762584,0.3667591488762584,0.0,0.357,0.6332408511237416,0.9832408511237416,0.28324085112374164,0.35,0.0,0.4916204255618708,0.5083795744381292,0.2,LIVE_IBKR_CHECK_REQUIRED,0.6332408511237417,0.4455513581233903,
2022-02-28,2022-03-31,0.030642107014473854,0.030296128244437136,3046582.432670718,0.13418454245362163,793209.6288403935,61.58606233768793,2.0836604337201513e-05,4.706903755528273,1.5925014115931299e-06,79.32096288403935,2.6836908490724322e-05,1.0320433676180787e-05,8.384015795748074e-07,0.0,0.0,0.00030741666666666656,0.0,0.00035668268090618553,0.583166228676423,0.233166228676423,0.0,0.35699999999999993,0.766833771323577,1.116833771323577,0.4168337713235771,0.3499999999999999,0.0,0.5584168856617885,0.4415831143382115,0.2,LIVE_IBKR_CHECK_REQUIRED,0.7008243296734028,0.491037726806108,
2022-03-31,2022-04-30,-0.0034234988486014813,-0.004034207727099676,3034316.6442840355,0.3831357796121785,2334509.470988126,186.46033289473007,6.120311431431507e-05,12.209655959068147,4.007656522973129e-06,233.45094709881255,7.662715592243569e-05,0.0,0.0,0.0,0.00017975795444224736,0.0002868400034236287,0.0,0.0006084358846255999,0.1381611145353372,0.0,0.19929771302187316,0.34420800410835445,1.1992977130218732,1.5367565405790835,0.8618388854646628,0.33745882755721024,0.19929771302187316,0.7683782702895418,0.23162172971045825,0.2,LIVE_IBKR_CHECK_REQUIRED,1.0,0.5495553931820172,
2022-04-30,2022-05-31,0.0025015842792747898,0.0020269525486655924,3040473.297653842,0.42238523143183343,2563301.0760667534,206.69672448831037,6.811969504820142e-05,47.621288569882914,1.5694238325321327e-05,256.3301076066753,8.447704628636669e-05,0.0,0.0,0.0,0.0,0.00030741666666666656,0.0,0.000475707646326556,0.6072865551374798,0.2572865551374801,0.0,0.35699999999999993,0.7427134448625199,1.0927134448625198,0.3927134448625202,0.3499999999999999,0.0,0.5463567224312599,0.4536432775687401,0.2,LIVE_IBKR_CHECK_REQUIRED,0.7427134448625199,0.573506430212954,
2022-05-31,2022-06-30,-0.002682611220166622,-0.0030518032951079577,3031208.5155622624,0.19033076010567307,1157391.187646916,83.72452295606513,2.7536674313394078e-05,15.300320178691734,5.032216592889703e-06,115.73911876469165,3.8066152021134624e-05,0.00011202251904470501,1.0204594899563021e-05,0.0,0.0,0.00029749999999999986,0.0,0.00036813504292741825,0.6618031843390997,0.3118031843390996,0.0,0.357,0.6881968156609004,1.0381968156609,0.33819681566090026,0.35,0.0,0.51909840783045,0.48090159216955,0.2,LIVE_IBKR_CHECK_REQUIRED,0.6881968156609003,0.42598158691783894,
2022-06-30,2022-07-31,-0.006260985872770638,-0.006628240061065701,3011183.376873804,0.1511053488640322,916063.6404473217,74.12646161915369,2.4454425104240604e-05,8.495955893929096,2.802827931602446e-06,91.60636404473217,3.0221069772806443e-05,0.0,0.0,0.0,0.0,0.0003074166666666667,0.0,0.0003648949894753162,0.5879048743640436,0.2379048743640435,0.0,0.35700000000000004,0.7620951256359565,1.1120951256359564,0.4120951256359564,0.35000000000000003,0.0,0.5560475628179782,0.4439524371820218,0.2,LIVE_IBKR_CHECK_REQUIRED,0.7620951256359564,0.4734565530209547,
2022-07-31,2022-08-31,0.007620477902038936,0.007263025131007784,3033133.2923169634,0.19208339774582242,1156796.6685313191,86.54380930862912,2.874079671576777e-05,4.18792726187692,1.3907911733442174e-06,115.67966685313196,3.8416679549164504e-05,0.0,0.00029342092596532706,0.0,0.0,0.0002915745026165799,0.0,0.00036012277005485635,0.3319633805881367,1.1102230246251565e-16,0.0,0.3386026481998992,0.9999999999999999,1.3319633805881361,0.6680366194118633,0.33196338058813646,0.0,0.6659816902940681,0.33401830970593194,0.2,LIVE_IBKR_CHECK_REQUIRED,1.0,0.42539115155269025,
2022-08-31,2022-09-30,0.0003555454451188239,6.287441422674203e-05,3033324.004791394,0.12402113950921886,752345.2943929968,69.99814608088377,2.3077833822269405e-05,7.423511103733426,2.4474727578037695e-06,75.2345294392997,2.4804227901843778e-05,0.0,0.00027072380607644025,0.0,0.0,0.00024240273354609644,0.0,0.0002927322680280134,0.2851796865248194,0.0,0.0,0.29088328025531573,1.0,1.285179686524819,0.7148203134751806,0.28517968652481934,0.0,0.6425898432624095,0.35741015673759047,0.2,LIVE_IBKR_CHECK_REQUIRED,1.0,0.40949477460162664,
2022-09-30,2022-10-31,0.006363467984883846,0.006087434432798427,3051845.4827296557,0.1577939049843432,957280.0795975613,104.37436444505931,3.440923695595693e-05,10.715855082610117,3.532710342081331e-06,95.72800795975613,3.155878099686864e-05,0.0,0.00012034127379771122,0.0,0.0,0.00020825661821181568,0.0,0.00027775734650672257,0.2371043091595626,3.3306690738754696e-16,0.0,0.24184639534275368,0.9999999999999997,1.2371043091595622,0.7628956908404374,0.23710430915956243,0.0,0.6185521545797811,0.3814478454202189,0.2,LIVE_IBKR_CHECK_REQUIRED,1.0,0.3938660100064495,
2022-10-31,2022-11-30,-0.006035826110000223,-0.006259655797119849,3032801.6465747724,0.09541550866907748,582386.7782281528,47.47578843142309,1.555641945179984e-05,6.203458418563958,2.0326908598974717e-06,58.23867782281529,1.9083101733815498e-05,0.0,0.00041176629711054937,0.0,0.0,0.0001857856497398305,0.0,0.00022245786178534332,0.21857135263509486,1.1102230246251565e-16,0.0,0.22294277968779663,0.9999999999999999,1.2185713526350945,0.7814286473649051,0.21857135263509472,0.0,0.6092856763175473,0.39071432368245274,0.2,LIVE_IBKR_CHECK_REQUIRED,1.0,0.3850160109839733,
2022-11-30,2022-12-31,-0.01410467622323721,-0.014300807082215164,2989738.786046259,0.36741578034292055,2228598.3672031285,156.59718843102277,5.163449729984243e-05,21.02466530435127,6.9324234666307305e-06,222.85983672031276,7.348315606858407e-05,0.0,0.00010498793716699501,0.0,0.0,6.131487476306887e-05,0.0,0.0001933649515981261,0.06980820656136899,1.1102230246251565e-16,0.0,0.07120437069259611,0.9999999999999999,1.0698082065613685,0.930191793438631,0.06980820656136873,0.0,0.5349041032806843,0.4650958967193157,0.2,LIVE_IBKR_CHECK_REQUIRED,1.0,0.5016133024917364,
2022-12-31,2023-01-31,0.012595459654503016,0.012489728563758429,3027313.9754635193,0.12230048359600279,731292.9987183677,53.89050467080366,1.8025154880527356e-05,8.5666266001163,2.865342831988718e-06,73.12929987183674,2.446009671920055e-05,0.0,7.289856473601612e-05,0.0,0.0,6.171499003007365e-05,0.0,0.00010706558446179028,0.07026374576478978,0.0,0.0,0.07166902068008553,1.0,1.0702637457647897,0.9297362542352102,0.07026374576478973,0.0,0.5351318728823948,0.46486812711760517,0.2,LIVE_IBKR_CHECK_REQUIRED,1.0,0.49138873084732215,
2023-01-31,2023-02-28,-0.02800420543653469,-0.028272089565640094,2942924.0445243414,0.48457355341607095,2933912.5807929793,182.17989245198984,6.0178724086290336e-05,31.26599233475101,1.0327964852064543e-05,293.39125807929787,9.691471068321416e-05,0.0,2.4398556570651718e-05,0.00019583036289902615,5.914878143532838e-05,3.388124731533837e-05,0.0,0.00026045142837223577,-0.01682468720151098,0.0,0.05953214180067712,0.043561603691149337,1.0595321418006771,1.102239596399843,1.016824687201511,0.042707454599166014,0.05953214180067712,0.5511197981999215,0.4488802018000785,0.2,LIVE_IBKR_CHECK_REQUIRED,1.0,0.4329424831505856,
2023-02-28,2023-03-31,0.018405159867382274,0.018181159877387554,2996919.1767977756,0.4707078574292643,2770514.9431502353,202.23456622315535,6.87189214412233e-05,35.16136602835653,1.1947765384491801e-05,277.05149431502355,9.414157148585287e-05,0.0,8.774086875028377e-05,0.0,0.0,5.332710902240453e-05,0.0,0.0002281353673339725,0.06071397611658991,3.3306690738754696e-16,0.0,0.061928255638921396,0.9999999999999997,1.0607139761165894,0.9392860238834101,0.0607139761165896,0.0,0.5303569880582947,0.4696430119417053,0.2,LIVE_IBKR_CHECK_REQUIRED,1.0,0.43441934022667295,
2023-03-31,2023-04-30,0.007125276819701353,0.006873521313760411,3017589.5222839257,0.4365098129743035,2616369.2587262015,172.99848998643418,5.772544395784607e-05,28.744649169268275,9.591399525155726e-06,261.63692587262017,8.730196259486071e-05,0.0,6.297845509028764e-05,0.00016657727716042038,5.138342196339607e-05,4.752159718698603e-05,0.0,0.00025352382522824464,0.01093145498637027,0.0,0.044976306410083655,0.05702591662438323,1.0449763064100837,1.100884067806538,0.9890685450136297,0.05590776139645415,0.044976306410083655,0.550442033903269,0.44955796609673104,0.2,LIVE_IBKR_CHECK_REQUIRED,1.0,0.36656829392769574,
2023-04-30,2023-05-31,-0.0181574814453495,-0.01848617176673302,2962318.294773035,0.2591294026872781,1563892.340929645,143.99448260317598,4.7718379700029827e-05,15.364831333978865,5.091756589328846e-06,156.38923409296453,5.1825880537455625e-05,0.0,7.488316231395001e-05,0.0007027004220426443,0.00016716920956271473,5.091772289406454e-05,0.0,0.0003227229492835936,-0.11959162658845068,0.0,0.17756246859307856,0.059130258844720125,1.1775624685930786,1.2355333105977058,1.1195916265884507,0.05797084200462757,0.17756246859307856,0.6177666552988529,0.3822333447011471,0.2,LIVE_IBKR_CHECK_REQUIRED,1.0,0.3437152455866874,
2023-05-31,2023-06-30,0.013167556726085241,0.012999973329221532,3001079.756696542,0.2057205250581681,1218819.3499802519,133.1984020684867,4.4964243816578796e-05,19.49376113535355,6.5805761554219174e-06,121.88193499802519,4.1144105011633616e-05,0.0,5.94862699520318e-05,0.00013422631696522152,3.551118220253779e-05,4.159031829990232e-05,0.0,0.00016979042548607445,0.02052084047314895,0.0,0.028408945762030235,0.049908381959882786,1.0284089457620302,1.0773387319972094,0.979479159526851,0.0489297862351792,0.028408945762030235,0.5386693659986047,0.4613306340013953,0.2,LIVE_IBKR_CHECK_REQUIRED,1.0,0.5654856027473555,
2023-06-30,2023-07-31,0.020643312674589354,0.02015793566337888,3062189.179999403,0.27175858567220595,1631138.3803386802,137.9158004233206,4.5955393259902e-05,9.736796549115542,3.2444311176299375e-06,163.11383803386803,5.4351717134441195e-05,0.0,0.00013710818965165407,0.0014996522618462543,0.0003237610783238979,6.806808401397117e-05,0.0,0.0004953807038498423,-0.290525244856473,0.0,0.3680221147016014,0.07904680724203103,1.3680221147016014,1.4455189845467298,1.290525244856473,0.07749686984512846,0.3680221147016014,0.7227594922733649,0.2772405077266351,0.2,LIVE_IBKR_CHECK_REQUIRED,1.0,0.292765589677408,
2023-07-31,2023-08-31,-0.021403706583909724,-0.021736449719728206,2996346.247054999,0.2560246749191533,1567991.978700592,131.93013972950104,4.308360195091759e-05,24.212537865800964,7.906937306141773e-06,156.79919787005912,5.1204934983830647e-05,0.0,0.0001416853362635757,0.0009323966598896282,0.00016626775045262832,5.717947102202994e-05,0.0,0.0003256426957155483,-0.1116569747532048,0.0,0.17675694176120826,0.0664019663481638,1.1767569417612083,1.2418569087692122,1.1116569747532048,0.06509996700800372,0.17675694176120826,0.6209284543846061,0.3790715456153939,0.2,LIVE_IBKR_CHECK_REQUIRED,1.0,0.4246016407538967,
2023-08-31,2023-09-30,-0.03760748347053721,-0.037820260853294596,2885139.8334013047,0.17487605533196182,1047978.4241874124,100.82824138788203,3.365039720859446e-05,16.225930889783616,5.415238945008942e-06,104.79784241874121,3.4975211066392354e-05,0.0,9.721193166821326e-05,0.0003058751453939916,7.638459160409626e-05,5.4476721297133666e-05,0.0,0.00020490216012122568,-0.010884259529004625,0.0,0.07497451987857384,0.0653720655565604,1.0749745198785738,1.1390647802281428,1.0108842595290046,0.06409026034956902,0.07497451987857384,0.5695323901140714,0.4304676098859286,0.2,LIVE_IBKR_CHECK_REQUIRED,1.0,0.5500344314278603,
2023-09-30,2023-10-31,-0.011556321745873184,-0.011715962092149644,2851534.8860216904,0.2660198700233304,1535009.0469610963,129.303141772223,4.481694102839616e-05,19.68051954270951,6.821339927745567e-06,153.50090469610967,5.320397400466609e-05,0.0,9.347102633760911e-05,0.0,0.0,5.2951259595252495e-05,0.0,0.00015779351455606032,0.060286064055316,0.0,0.0,0.06149178533642225,1.0,1.060286064055316,0.939713935944684,0.06028606405531593,0.0,0.530143032027658,0.469856967972342,0.2,LIVE_IBKR_CHECK_REQUIRED,1.0,0.6636025658019409,
2023-10-31,2023-11-30,0.029501990209397286,0.029333178719578402,2936418.3328098888,0.27994545760093764,1596548.4770647595,112.6428024809356,3.9502516007471624e-05,19.226855601962377,6.7426338342248595e-06,159.65484770647592,5.598909152018752e-05,0.0,0.00019143165919859704,0.0,0.0,7.161704073283724e-05,0.0,0.00017385128209472124,0.08425534203863216,0.0,0.0,0.08594044887940469,1.0,1.0842553420386323,0.9157446579613678,0.08425534203863205,0.0,0.5421276710193161,0.45787232898068386,0.2,LIVE_IBKR_CHECK_REQUIRED,1.0,0.5975697659203083,
2023-11-30,2023-12-31,0.038300726037830204,0.03799879070991982,3050145.746573414,0.35773544858277556,2100921.859028863,144.35324348151937,4.91596316058231e-05,19.939789632886615,6.7905139434972896e-06,210.09218590288643,7.154708971655516e-05,0.0,0.00013719320665663248,0.0005668059858675323,0.0001225764049781762,6.36029885417271e-05,0.0,0.00031367662878577885,-0.052905976590570614,0.0,0.12531924627754654,0.07386153508071534,1.1253192462775465,1.1977325159645225,1.0529059765905706,0.07241326968697583,0.12531924627754654,0.5988662579822612,0.40113374201773877,0.2,LIVE_IBKR_CHECK_REQUIRED,1.0,0.45947960241653746,
2023-12-31,2024-01-31,-0.00612183981704566,-0.006552987905161564,3030223.5247176103,0.23692304568062328,1445299.6400959438,132.58525133234642,4.346849703208279e-05,10.318721075187497,3.3830255773120757e-06,144.52996400959435,4.738460913612465e-05,0.0,4.7674325572501634e-05,0.0014675124314594155,0.00029401686891050537,4.017136670773539e-05,0.0,0.0004284243673637603,-0.2793103838789621,0.0,0.3250462852539928,0.04665061940253142,1.3250462852539928,1.3707821866290235,1.2793103838789621,0.04573590137503081,0.3250462852539928,0.6853910933145118,0.31460890668548824,0.2,LIVE_IBKR_CHECK_REQUIRED,1.0,0.2878757830658345,
2024-01-31,2024-02-29,0.0245586265185835,0.02419577461277256,3104436.327743512,0.1641116796236746,994590.1445531569,119.78887798072053,3.953136691191247e-05,12.615020617025179,4.163066029328904e-06,99.45901445531565,3.2822335924734906e-05,0.0,3.224043677506508e-05,0.0013538511059939975,0.00026105487193948035,3.4234274138208605e-05,0.0,0.0003718059149436652,-0.2659032529712704,0.0,0.30756768397111833,0.04249771961984517,1.3075676839711183,1.3492321149709667,1.2659032529712704,0.041664430999848207,0.30756768397111833,0.6746160574854834,0.32538394251451663,0.2,LIVE_IBKR_CHECK_REQUIRED,1.0,0.27705876295639986,
2024-02-29,2024-03-31,0.04388781180210466,0.043501340214293284,3242463.894810581,0.18363609224716024,1140173.1117138858,121.38820520446637,3.910152839008249e-05,14.711816473434776,4.738965441796706e-06,114.01731117138858,3.672721844943204e-05,0.0,6.64813885943873e-05,0.001329032387831336,0.0002778596176925773,4.53053339934261e-05,0.0,0.00040373266396731463,-0.25498867623032306,0.0,0.30656970164978325,0.052612645927849665,1.3065697016497833,1.358150727069244,1.254988676230323,0.051581025419460455,0.30656970164978325,0.679075363534622,0.32092463646537805,0.2,LIVE_IBKR_CHECK_REQUIRED,1.0,0.2978396066242264,
2024-03-31,2024-04-30,-0.020556503141271665,-0.020957669965821657,3175216.5419103308,0.1730086298619539,1121948.4716360664,135.64578435196708,4.183416955515283e-05,14.808544663807798,4.56706539971292e-06,112.1948471636066,3.460172597239076e-05,0.0,0.000178691792919413,0.0012182308264498101,0.00024222190808140874,6.970073150105362e-05,0.0,0.0003929256005097189,-0.19324505693999394,0.0,0.27524591752946903,0.08364087780126434,1.275245917529469,1.3572467781189437,1.193245056939994,0.08200086058947484,0.27524591752946903,0.6786233890594718,0.32137661094052816,0.2,LIVE_IBKR_CHECK_REQUIRED,1.0,0.316498965748349,
2024-04-30,2024-05-31,0.030814027825446046,0.03041917695885882,3273288.0813056584,0.07333362662492451,465700.2886754724,40.92142410306362,1.2887758539593568e-05,5.582703121931204,1.7582117780768546e-06,46.570028867547244,1.4666725324984905e-05,0.0,0.0003235411425451951,0.0014815337908837822,0.0002767955649290708,0.00010101856577811148,0.0,0.0004071268263498376,-0.19068140352383334,0.0,0.3056930533660853,0.1173118828390972,1.3056930533660853,1.4207047032083373,1.1906814035238333,0.11501164984225215,0.3056930533660853,0.7103523516041687,0.28964764839583135,0.2,LIVE_IBKR_CHECK_REQUIRED,1.0,0.3094637169520347,
2024-05-31,2024-06-30,0.008555584197756596,0.008124224316962797,3299989.32451351,0.0909230114965714,595234.419696289,83.19645082965324,2.5416782380018202e-05,3.754435663115281,1.146992128360942e-06,59.52344196962891,1.8184602299314282e-05,0.0,0.00021826494970167336,0.0014926140320413283,0.0003049331056832302,8.529094497523373e-05,0.0,0.00043497242746615736,-0.2653493988536719,0.0,0.36569168705982924,0.10234913397028046,1.3656916870598292,1.4660339752659866,1.265349398853672,0.10034228820615732,0.36569168705982924,0.7330169876329933,0.2669830123670067,0.2,LIVE_IBKR_CHECK_REQUIRED,1.0,0.2688990237664656,
2024-06-30,2024-07-31,0.028268686321097348,0.027795510110611182,3393000.874647021,0.07178198262124463,473759.5526850432,49.99923157506639,1.5151331309969423e-05,1.6245958136785486,4.923033543201081e-07,47.37595526850431,1.4356396524248926e-05,0.0,0.00024105005619131498,0.0021899146057378716,0.0003744247645024573,8.220320132327024e-05,0.0,0.00048662799701426596,-0.364951978202978,0.0,0.4585419607342154,0.09546178218186221,1.4585419607342154,1.552131943265453,1.364951978202978,0.09358998253123746,0.4585419607342154,0.7760659716327265,0.2239340283672735,0.2,LIVE_IBKR_CHECK_REQUIRED,1.0,0.19332996957307363,
2024-07-31,2024-08-31,0.011810179453467145,0.011361949094156831,3431771.8175106854,0.18336706441565398,1244329.2198875411,162.0984438294084,4.77743595766894e-05,23.830098406115376,7.02331042239842e-06,124.43292198875409,3.667341288313079e-05,0.0,0.00029036096397251973,0.0014773481951978332,0.0002711046131952459,9.08780938293485e-05,0.0,0.000453453789906813,-0.19841862178606884,0.0,0.3018851422748905,0.10553585089859827,1.3018851422748905,1.4053516627637124,1.1984186217860688,0.10346652048882182,0.3018851422748905,0.7026758313818562,0.2973241686181438,0.2,LIVE_IBKR_CHECK_REQUIRED,1.0,0.19252378679300627,
2024-08-31,2024-09-30,0.02703240792972133,0.026460195226020562,3523789.2000195147,0.24733947153546607,1697625.2555467975,201.5542212938482,5.873182484494269e-05,22.38857165260162,6.5239103422796e-06,169.7625255546797,4.9467894307093196e-05,0.0,0.0005149699822431774,0.0016944902741954648,0.0003178915912305256,0.0001551085718955697,0.0,0.0005877237926204108,-0.209588007047949,0.0,0.39206867986626626,0.18613028627468367,1.3920686798662663,1.5745493526845835,1.209588007047949,0.1824806728183173,0.39206867986626626,0.7872746763422918,0.21272532365770824,0.2,LIVE_IBKR_CHECK_REQUIRED,1.0,0.20229262784672922,
2024-09-30,2024-10-31,-0.027899597849821135,-0.02850711695807794,3424754.4336658795,0.17623597938488078,1242036.8816226094,90.50417541443258,2.5683765480049537e-05,9.031689342320297,2.563061758141003e-06,124.20368816226095,3.5247195876976155e-05,0.0,0.0003823930959616267,0.002084626149092602,0.0003962279003045649,0.00013090247908486126,0.0,0.0005906244025045929,-0.3509649194479758,0.0,0.5,0.15201578216306472,1.5,1.6490350805520242,1.3509649194479758,0.14903508055202422,0.5,0.8245175402760121,0.1754824597239879,0.2,LIVE_IBKR_CHECK_REQUIRED,0.9413191475394759,0.22642895394390444,
2024-10-31,2024-11-30,0.03160023758299921,0.031015728358928733,3532640.1148921927,0.15902919365098112,1089271.8720770148,73.00133101434467,2.131578553391449e-05,17.460426280002473,5.098300219240163e-06,108.9271872077015,3.1805838730196235e-05,0.0,0.0005417935643638571,0.0017125852591013447,0.0003558879644152853,0.00018899062667329544,0.0,0.0006030985155719317,-0.23028213405049702,0.0,0.45262404778378573,0.22678875200795448,1.4526240477837857,1.6749659615170742,1.230282134050497,0.2223419137332887,0.45262404778378573,0.8374829807585371,0.1625170192414629,0.2,LIVE_IBKR_CHECK_REQUIRED,1.0,0.2455303584426082,
2024-11-30,2024-12-31,-0.0390387010397981,-0.03973042527670231,3395038.4079051265,0.22093495577763636,1560967.3751240217,196.01468239592862,5.5486739668048663e-05,14.617931671518232,4.137962316029561e-06,156.09673751240211,4.418699115552726e-05,0.0,0.000520354864912708,0.002129639901374335,0.00039604422139388165,0.00016515458638750695,0.0,0.0006650105009209941,-0.3119682128415482,0.0,0.5000000000000002,0.191792422901621,1.5000000000000002,1.688031787158452,1.3119682128415482,0.18803178715845195,0.5000000000000002,0.844015893579226,0.15598410642077398,0.2,LIVE_IBKR_CHECK_REQUIRED,0.9566062141217382,0.17145982492484552,
2024-12-31,2025-01-31,0.023147544150402412,0.02269264792899788,3472961.61728741,0.3320431175391797,2254598.2742521428,148.29494959614104,4.3679903370414274e-05,51.465068521696615,1.515890612661805e-05,225.4598274252143,6.640862350783594e-05,0.0,0.0008954306825719275,9.356575287264586e-05,3.277879445518771e-05,0.00030741666666666667,0.0,0.0004654428941267227,0.3246228688088869,0.0,0.025377131191113067,0.35700000000000004,1.025377131191113,1.375377131191113,0.6753771311911131,0.35000000000000003,0.025377131191113067,0.6876885655955565,0.31231143440444353,0.2,LIVE_IBKR_CHECK_REQUIRED,0.9421426073676255,0.36025386753984673,
2025-01-31,2025-02-28,-0.005982229573569283,-0.006504611712323392,3450444.661891974,0.17096011090509428,1187475.8065211824,105.20097748353281,3.0291431082875324e-05,6.248657096219977,1.7992301052553958e-06,118.74758065211824,3.4192022181018856e-05,0.0,0.0007201087624707685,0.0006610491048232584,0.00017831613062340335,0.00027453203938643006,0.0,0.000519130853378983,0.13118212686038244,0.0,0.21486666228217666,0.3529697649254101,1.2148666622821767,1.5609154514247356,0.8688178731396176,0.34604878914255893,0.21486666228217666,0.7804577257123678,0.21954227428763218,0.2,LIVE_IBKR_CHECK_REQUIRED,1.0,0.2153298826664285,
2025-02-28,2025-03-31,-0.004718961293061681,-0.005358645436719676,3432004.403878205,0.1498938882107905,1034401.1328543087,170.09381027971855,4.929620004004105e-05,4.320290364526744,1.2520966970552164e-06,103.44011328543088,2.9978777642158102e-05,0.0,0.0006399951514493004,0.0011976671998631776,0.0002996927968758007,0.0002562491476596867,0.0,0.0006364690189147417,-0.056368612102348115,0.0,0.34811337224620376,0.29757965534673286,1.3481133722462038,1.6398581323900596,1.0563686121023481,0.29174476014385575,0.34811337224620376,0.8199290661950298,0.1800709338049702,0.2,LIVE_IBKR_CHECK_REQUIRED,1.0,0.1976886255122603,
2025-03-31,2025-04-30,-0.010207144098141576,-0.010623236539942236,3395738.3816167163,0.24277401360744594,1666402.9676958835,185.03781786254027,5.391537891194003e-05,40.53564796356546,1.1811071080724635e-05,166.64029676958833,4.855480272148918e-05,0.00015929265137983959,0.0008360946409233264,0.0,0.0,0.00029749999999999997,0.0,0.0004117812527141538,0.40514020131562156,0.055140201315621584,0.0,0.35699999999999993,0.9448597986843784,1.2948597986843784,0.5948597986843784,0.3499999999999999,0.0,0.6474298993421892,0.3525701006578108,0.2,LIVE_IBKR_CHECK_REQUIRED,0.8956603452826177,0.2524180116295772,
2025-04-30,2025-05-31,0.012901463480747983,0.012117399760068894,3437136.2115541943,0.6597901774268137,4480949.658603869,410.1199899185919,0.00012077490778996147,35.31099108108163,1.0398619420224598e-05,448.0949658603868,0.00013195803548536272,0.0,0.0005675343969837195,0.0014930968886158744,0.00032790691347701683,0.0002028950604025676,0.0,0.0007939335365751333,-0.15893206027218287,0.0,0.3899321290417097,0.23562007014491726,1.3899321290417097,1.6209321978112363,1.1589320602721829,0.23100006876952672,0.3899321290417097,0.8104660989056182,0.18953390109438184,0.2,LIVE_IBKR_CHECK_REQUIRED,1.0,0.28103282044199485,
2025-05-31,2025-06-30,0.032502661785735514,0.03194453720672281,3548706.4799156995,0.1384559373644067,951783.8320397632,58.80905215862598,1.7109898630416477e-05,14.37326567060681,4.181756202238941e-06,95.17838320397632,2.7691187472881338e-05,0.0,0.0006020026736382621,0.0011921239451390246,0.0002912820432506856,0.0002361373887451938,0.0,0.0005764022743014162,-0.07186662420279455,0.0,0.34967531684419906,0.2833648664942326,1.349675316844199,1.6274840094856038,1.0718666242027945,0.2778086926414045,0.34967531684419906,0.8137420047428019,0.1862579952571981,0.2,LIVE_IBKR_CHECK_REQUIRED,1.0,0.24710034703938327,
2025-06-30,2025-07-31,-0.010065476609704136,-0.010699928881938228,3510937.9933551736,0.11763708024180058,834918.9378648817,56.50219718338803,1.5921913379753588e-05,2.282249781481035,6.431215977984323e-07,83.49189378648818,2.352741604836012e-05,0.0,0.0005557661110534048,0.001816795912113264,0.00038505193923575457,0.000202754642249488,0.0,0.0006278990325111547,-0.2526521271092248,0.0,0.48349232701376543,0.23545700390263122,1.4834923270137654,1.7143325269183056,1.2526521271092248,0.2308401999045404,0.48349232701376543,0.8571662634591528,0.1428337365408472,0.2,LIVE_IBKR_CHECK_REQUIRED,1.0,0.20422990103594216,
2025-07-31,2025-08-31,0.024400867538963138,0.023724268328764973,3595228.3383083474,0.4312358070864014,3028084.358389658,305.67650414974577,8.706405659350045e-05,46.802440311435404,1.3330466217294079e-05,302.80843583896586,8.62471614172803e-05,0.0,0.0008217250555708866,0.001023395462414827,0.0002376142282818226,0.00026882148387187684,0.0,0.0006930773963817743,0.04436072010447767,0.0,0.26169789530942356,0.3121797877221796,1.2616978953094236,1.5677565107233253,0.9556392798955223,0.30605861541390156,0.26169789530942356,0.7838782553616627,0.21612174463833733,0.2,LIVE_IBKR_CHECK_REQUIRED,1.0,0.21860033009995244,
2025-08-31,2025-09-30,0.04279454321984294,0.042187956971690865,3750148.5842031906,0.09984333635176548,717919.1844862384,51.80185901799087,1.4408503200207043e-05,2.1787280073696187,6.060054612260787e-07,71.79191844862385,1.9968667270353097e-05,0.0,0.0007021067182338772,0.0014116640858176108,0.000331904013507399,0.0002660291131802993,0.0,0.0006329163026194845,-0.1068124142563267,0.0,0.4197878415272669,0.3192349358163592,1.419787841527267,1.7327632687982075,1.1068124142563267,0.3129754272709404,0.4197878415272669,0.8663816343991038,0.13361836560089624,0.2,LIVE_IBKR_CHECK_REQUIRED,1.0,0.17822295589703618,
2025-09-30,2025-10-31,0.020568236461307378,0.019932818028295572,3825649.587587621,0.08518256771203936,638894.5714081937,44.215220851632836,1.1790258401462092e-05,3.610756869552742,9.628303488460136e-07,63.88945714081937,1.7036513542407872e-05,0.0,0.0006950417471251344,0.0017341163784729543,0.00037168779328288534,0.0002469397779875371,0.0,0.0006484171735631383,-0.18770828541737283,0.0,0.4688541427086863,0.2867687744371399,1.4688541427086863,1.75,1.1877082854173728,0.2811458572913136,0.4688541427086863,0.875,0.125,0.2,LIVE_IBKR_CHECK_REQUIRED,0.9738723851419926,0.1512830605862331,
2025-10-31,2025-11-30,0.01345673039896811,0.012846649661200174,3875113.409485535,0.19243940950148658,1472411.495189935,104.17040591510911,2.7229468755604695e-05,12.140917302800014,3.1735570717693035e-06,147.2411495189935,3.8487881900297316e-05,0.0,0.00033757051075916595,0.0014608148929245168,0.0003778483792167293,0.00017141804713420486,0.0,0.0006181573340786055,-0.29833170925387664,0.0,0.5,0.2057016565610459,1.5,1.7016682907461234,1.2983317092538766,0.2016682907461234,0.5,0.8508341453730617,0.14916585462693832,0.2,LIVE_IBKR_CHECK_REQUIRED,0.8544727222034518,0.11171711522700406,HYG
2025-11-30,2025-12-31,0.008543242501975717,0.0079175244578175,3905916.4958637557,0.15952168875033648,1236329.2703604135,70.05737930501644,1.807879458018684e-05,14.641711573695526,3.7783956303976605e-06,123.6329270360414,3.1904337750067306e-05,0.0,0.0004707338508550887,0.0017641276933424628,0.00038958138225950124,0.00018754629476897425,0.0,0.0006308892049891273,-0.2864748067146403,0.0,0.4999999999999998,0.2177956971510669,1.4999999999999998,1.7135251932853597,1.2864748067146403,0.21352519328535968,0.4999999999999998,0.8567625966426798,0.14323740335732016,0.2,LIVE_IBKR_CHECK_REQUIRED,0.9051101325086488,0.1379043925585449,HYG
2025-12-31,2026-01-31,0.05425359833009444,0.05369236215721918,4121366.63530151,0.181312671372369,1416384.3080449207,84.91105330252327,2.1739085664642714e-05,14.01475434590422,3.5880834525636713e-06,141.63843080449203,3.6262534274473796e-05,0.0,0.00028168346848476,0.0015516643117390154,0.00038905564675159696,0.00014171479063068926,0.0,0.0005923601407739664,-0.33865488732748883,0.0,0.5000000000000002,0.16457201492596174,1.5000000000000002,1.6613451126725118,1.3386548873274888,0.1613451126725115,0.5000000000000002,0.8306725563362559,0.16932744366374408,0.2,LIVE_IBKR_CHECK_REQUIRED,0.8352022122625429,0.19716194080618465,HYG
2026-01-31,2026-02-28,0.03403338946355287,0.033523058682624764,4261869.3331843335,0.10691812398342283,881297.577788618,65.63990785269698,1.592673345061302e-05,10.236212834165837,2.4836938180863832e-06,88.1297577788618,2.1383624796684566e-05,0.0,0.00024205590994758638,0.0012646141054627332,0.0003482821910742066,0.0001397870525235762,0.0,0.0005278632956631667,-0.3237978329534754,0.0,0.5,0.1797262103874551,1.5,1.6762021670465246,1.3237978329534754,0.1762021670465246,0.5,0.8381010835232623,0.1618989164767377,0.2,LIVE_IBKR_CHECK_REQUIRED,0.8712219346524002,0.21870308797746763,HYG
2026-02-28,2026-03-31,-0.04816383065572455,-0.04874630001745048,4059101.219589147,0.04199575180551697,357960.81348790677,33.83135174429552,7.938148521089877e-06,3.522370805288536,8.264849365188614e-07,35.79608134879068,8.399150361103395e-06,0.0,0.00030276659835236353,0.0015108822918142425,0.00038353169569204385,0.00015422317522511436,0.0,0.0005549186547358703,-0.3244138422484466,0.0,0.5,0.17909788090658435,1.5,1.6755861577515532,1.3244138422484466,0.17558615775155328,0.5,0.8377930788757766,0.1622069211242234,0.2,LIVE_IBKR_CHECK_REQUIRED,0.8689993840560679,0.2342487724374642,HYG
2026-03-31,2026-04-30,0.06894080391743924,0.06835645838081408,4346270.117369389,0.2710545414662314,2200475.639681514,118.97233463097618,2.9310019187700445e-05,33.111420430048994,8.157328097721214e-06,220.0475639681514,5.4210908293246284e-05,0.0,0.0004454535547690723,0.0012156950239909335,0.0003204325576210712,0.00021375821278244616,0.0,0.0006258690259821853,-0.1626678592502966,0.0,0.4141481095825863,0.2565098553389354,1.4141481095825863,1.6656283599148758,1.1626678592502966,0.2514802503322896,0.4141481095825863,0.8328141799574379,0.1671858200425621,0.2,LIVE_IBKR_CHECK_REQUIRED,1.0,0.3571821961876921,
2026-04-30,2026-05-31,0.01787907038746923,0.017289526278874333,4422068.439141273,0.1190182710799116,1034571.1100311782,77.18391637052771,1.7758656108848527e-05,6.272876378288183,1.4432780772689033e-06,103.45711100311782,2.3803654215982317e-05,0.0,0.00044480291138895384,0.0015935692776940485,0.000367796073059278,0.0001892008576543168,0.0,0.0006000025191156945,-0.2620488115698021,0.0,0.47745775766579857,0.21971712501791626,1.4774577576657986,1.6928667037617948,1.262048811569802,0.21540894609599634,0.47745775766579857,0.8464333518808974,0.1535666481191026,0.2,LIVE_IBKR_CHECK_REQUIRED,1.0,0.31630454665683394,
2026-05-31,2026-06-30,-0.01907644374573191,-0.01962621134336753,4336126.109191685,0.33057330024851617,2923635.51570347,246.12017613863566,5.565725169699772e-05,23.191540789834523,5.244500646927599e-06,292.363551570347,6.611466004970323e-05,0.0,5.034616734394513e-05,0.001382858068979919,0.00036903462931219287,4.3180105879403176e-05,0.0,0.0005392311475852247,-0.44919987543599604,0.0,0.4999999999999998,0.05181612705528381,1.4999999999999998,1.5508001245640035,1.449199875435996,0.050800124564003735,0.4999999999999998,0.7754000622820018,0.22459993771799824,0.2,LIVE_IBKR_CHECK_REQUIRED,0.7955839337901517,0.2783479713232345,
2026-06-30,2026-07-31,0.0032755158949827547,0.002568696125948643,4347278.617099714,0.3295826660656462,2858224.0069285054,160.120199275387,3.692701624520687e-05,42.32324540802501,9.760612201362995e-06,285.8224006928505,6.591653321312923e-05,0.0,0.0005681436587156303,0.0017742446322331338,0.0003824936547034583,0.0002137903903265706,0.0,0.000708888206689728,-0.25659538103236734,0.0,0.4999999999999998,0.2482727113469852,1.4999999999999998,1.7434046189676324,1.2565953810323673,0.24340461896763255,0.4999999999999998,0.8717023094838162,0.12829769051618378,0.2,LIVE_IBKR_CHECK_REQUIRED,0.9810651888051942,0.29359320100889236,
